project_name,address,city,zip,units,sources,owner_operator,contact_email,multi_program_overlap
Clemens Place,17 OWEN ST,Hartford,06105,585,Section8_Multifamily,Clemens Place CT Limited Partnership,david@optimumpmc.com,No
BELLA VISTA E,315 EASTERN ST,NEW HAVEN,06513,468,Section8_Multifamily,BELLA VISTA REALTY COMPANY - Phase III,jcarabetta@carabetta.com,No
Branford Manor Apts,37 Mather Ave.,Groton,06340,442,Section8_Multifamily,Branford Manor Preservation LP,mfinkle@related.com,No
RIPPOWAM PARK APTS,405 OAKWOOD PL,STAMFORD,,431,LIHTC,,,No
SUMMERFIELD TOWNHOUSES,90-144 SMITH DR,EAST HARTFORD,06118,396,Section8_Multifamily,Summerfield Housing Partners Limited Partnership,Marlene.Campos@vitus.com,No
SQUIRE VILLAGE,48 SPENCER STREET,MANCHESTER,06040,379,LIHTC,,,No
SQUIRE VILLAGE,68 Imperial Drive,MANCHESTER,06040,379,Section8_Multifamily,RAHF Squire Preservation LLC,nathan@rosecompanies.com,No
SHEPHERD PARK,170 SISSON AVE,HARTFORD,06105,372,LIHTC;Section8_Multifamily,Shepherd Park RHF Partners Limited Partnership,perry.glenn@rhf.org,Yes
MILLPOND LP,59 MILL POND RD,BROAD BROOK,06016,360,LIHTC,,,No
Windham Heights Apartments,112-116 SCOTT RD,WILLIMANTIC,06226,350,Section8_Multifamily,Vesta Windham LLC,JGreenblatt@vestacorp.com,No
Davenport-Dunbar Residence,125-135 PUTNAM AVE,HAMDEN,06517,344,Section8_Multifamily,"Davenport Residence, Inc.",mwolak@newhavenct.gov,No
RESIDENCES AT NINTH SQUARE,44 ORANGE ST,NEW HAVEN,06510,335,LIHTC,,,No
"The Towers, formerly Tower I-Tower East",18 Tower Ln,New Haven,06519,328,Section8_Multifamily,NEW HAVENJEWISH COMM. COUNCIL HSN. CORP.,jackie@towerone.org,No
BELLA VISTA A aka VILLAGE PARK I,339 EASTERN ST,NEW HAVEN,06513,328,Section8_Multifamily,VILLAGE PARK I REALTY CO.,JCarabetta@carabetta.com,No
AUGUSTANA HOMES,525 PALISADE AVE,BRIDGEPORT,06610,325,LIHTC;Section8_Multifamily,Augustana Homes Preservation LP,mfinkle@related.com,Yes
RIVER RUN APTS,50 GRAND AVE,NEW HAVEN,06513,325,LIHTC,,,No
SUNSET RIDGE,1 MOUNTAIN RIDGE TER,NEW HAVEN,06513,312,LIHTC,,,No
HUNTINGTON WOODS APTS LP,200 BLAKESLEE ST,BRISTOL,06010,296,LIHTC,,,No
WINTHROP SQUARES PHASES I & II,59 FEDERAL ST,NEW LONDON,06320,295,LIHTC,,,No
Winthrop Square Apts I & II,47 Federal Street,NEW LONDON,06320,295,Section8_Multifamily,Vesta Winthrop LLC,arthur@vestacorp.com,No
WINTHROP SQUARE APARTMENTS,162 F 3 HUNTINGTON STREET,NEW LONDON,06320,294,LIHTC,,,No
VILLAGE PARK II,321 EASTERN STREET,NEW HAVEN,06513,292,Section8_Multifamily,VILLAGE PARK II REALTY COMPANY,jcarabetta@carabetta.com,No
LAUREL ESTATES,2 FARMCREST DR,WATERBURY,06704,277,Section8_Multifamily,Laurel Estates Preservation LLC,jsanchez@lmdp.com,No
DEERFIELD GARDENS,1710 MERIDEN RD,WATERBURY,06705,266,Section8_Multifamily,Deerfield Realty Company,jcarabetta@carabetta.com,No
SANA APARTMENTS,1630 MAIN ST,HARTFORD,06120,256,Section8_Multifamily,"SOC Group II, LP",scarabetta@carabetta.com,No
Bridgeport Towers,199 Yacht St,Bridgeport,06605,252,Section8_Multifamily,"Bridgeport Towers, LLC",Mike@sharpmgmt.com,No
East Farm Village,65 Messina Dr,East Haven,06512,240,Section8_Multifamily,65 Messina Drive LLC,frank@jfamanagement.com,No
Executive Square Apts,100 Executive Sq,Wethersfield,06109,240,Section8_Multifamily,Executive Square Limited Partnership,Gwinn@winnco.com,No
ELM HAVEN RENTAL I,69 WEBSTER ST,NEW HAVEN,06511,236,LIHTC,,,No
HARBOR VIEW TOWERS,376 E Washington Ave,Bridgeport,06608,232,Public_Housing,Housing Authority of the City of Bridgeport,,No
Sunset Gardens,75 Midfield Dr.,Waterbury,06705,231,Section8_Multifamily,SUNSET REALTY  COMPANY,jcarabetta@carabetta.com,No
MEADOW LANDING I,397 MEADOWBROOK CT,WEST HAVEN,06516,230,LIHTC,,,No
COUNTRY VILLAGE APTS,134 DORCHESTER AVE,WATERBURY,06704,229,LIHTC,,,No
Country Village,283 COLONIAL AV,Waterbury,06704,229,Section8_Multifamily,Country Village Apartments LLC,michelle@thecapitalrealty.com,No
"School Apartments, The",50 Bassett Street,New Britain,06051,224,Section8_Multifamily,"School Housing Partners, Limited Partnership",Scott.Langan@vitusgroup.com,No
STONEGATE APARTMENTS,151 Long Swamp Rd,New Britain,06053,216,Section8_Multifamily,CR STONEGATE LIMITED PARTNERSHIP,ssattler@carabetta.com,No
NSA II/Schoolhouse Apts,42  Pine Street,WATERBURY,06704,213,Section8_Multifamily,Schoolhouse Redevelopment Limited Partnership,gwinn@winnco.com,No
SOUTHFORD PARK APTS,NATIONAL DR,WATERBURY,,212,LIHTC,,,No
CHURCH STREET SOUTH APTS,34 Cinque Green,NEW HAVEN,06519,204,Section8_Multifamily,Church Street New Haven LLC,pstandish@northland.com,No
HARBOR TOWERS,60 HANOVER ST,MERIDEN,06451,202,LIHTC;Section8_Multifamily,Harbor L.P.,aan@facboston.com,Yes
Wesley Heights,580 Long Hill Ave.,Shelton,06484,202,Section8_Multifamily,Wesley Heights Inc,jvenoit@masonicare.org,No
SURFSIDE 200 HIGHRISE,200 Oak St,West Haven,06516,201,Public_Housing,West Haven Housing Authority,,No
BAYVIEW TOWERS,300 TRESSER BLVD,STAMFORD,06901,200,LIHTC;Section8_Multifamily,"Bayview Preservation Partners, Limited Partners",fmitchell@nhpfoundation.org,Yes
COLONIAL VILLAGE,24 Monroe St,Norwalk,06854,200,Section8_Multifamily,Norwalk Housing Authority,Kcarlu@norwalkha.org,No
PERCIVAL C. SMITH TOWERS,80 Charter Oak Ave,Hartford,06106,200,Public_Housing,Housing Authority of the City of Hartford,,No
PERCIVAL C. SMITH TOWERS,141 Woodland St,Hartford,06105,193,Public_Housing,Housing Authority of the City of Hartford,,No
STRATFIELD APTS,45 CHAPEL ST,BRIDGEPORT,06604,191,LIHTC,,,No
NEW MEADOWS,1 PLAZA DR,MIDDLETOWN,06457,191,Section8_Multifamily,NEW MEADOWS REALTY,ssattler@carabetta.com,No
Stratfield Apartments,1241 Main St,Bridgeport,06604,191,Section8_Multifamily,Stratfield Apartments LLC,sam@thecapitalrealty.com,No
Eastgate Apartments,2171 E Main St,Waterbury,06705,190,Section8_Multifamily,Eastgate Apartments LLC,tony.nikc@gmail.com,No
Immanuel House,15 Woodland St,Hartford,06105,190,Section8_Multifamily,IMMANUEL CHURCH HOUSING  CORPORATION,jeanneomurphy@immanuelhousect.org,No
PARK WEST APTS,167-177 TERRACE DR,VERNON,06066,189,Section8_Multifamily,New Park West Limited Partnership,iris.santiago@tcbinc.org,No
Danbury Commons,51 1st St,Danbury,06810,188,Section8_Multifamily,DANBURY COMMONS LIMITED PARTNERSHIP,fred@transconbuilders.com,No
ENTERPRISE ABBOT APARTMENTS,245 N. MAIN STREET + 13 CHERRY AVENUE,WATERBURY,06702,187,LIHTC,,,No
NSA I Enterprise/Abbott Apts,13 CHERRY Ave.,WATERBURY,06702,187,Section8_Multifamily,Enterprise Abbott Limited Partnership,pappleby@winnco.com,No
Mohegan Commons,90 NORTH ST,NORWICH,06360,183,Section8_Multifamily,Mohegan Commons Ventures LLC,david@genesismgmtusa.com,No
Northwood Apts,212 Nortridge Drive,WATERBURY,06708,182,Section8_Multifamily,Northwood Apartments Ventures LLC,steve@srkmgmt.com,No
SPRINGHAVEN LP,15 RIDGE CT E,WEST HAVEN,06516,180,LIHTC,,,No
ROLLING RIDGE APTS,16 RIDGE CT W,WEST HAVEN,06516,180,LIHTC,,,No
SUMMER BROOK APTS,248 DARLING ST,SOUTHINGTON,06489,180,LIHTC,,,No
SUMMER BROOK APTS,24 - 36 Darling St,Southington,06489,180,Section8_Multifamily,Flanders East Rehab Associates LP,mfranzman@belfonti.com,No
CHAPPELLE GARDENS,367 BARBOUR ST,HARTFORD,06120,179,Section8_Multifamily,"Chappelle Gardens, inc",michael@housingconsultantsllc.com,No
WOODLAND HILLS APTS,330 HIGHLAND AVE,TORRINGTON,06790,176,LIHTC;Section8_Multifamily,Woodland Hills Community Partners LP,MSnowdon@cpp-housing.com,Yes
Coppermine Village Apts,150 Shawn Drive,Bristol,06010,176,Section8_Multifamily,Coppermine Housing Associates LLC,dkovel@beaconcommunitiesllc.com,No
WOODSIDE VILLAGE,6 DOROTHY DR,BLOOMFIELD,06002,176,Section8_Multifamily,Woodside Village Preservation LP,david.pearson@related.com,No
MERIDIAN TOWER,52 Sheila Court,BRISTOL,06010,173,Section8_Multifamily,"MERIDIANTOWER ASSOCIATES, A LIMITED PARTNERSHIP",gcarr@beacon-nc.com,No
TUSCAN HOMES I & II,71 - 79 Montville Streef,Hartford,06120,169,Section8_Multifamily,"TUSCAN BROTHERHOOD HOMES II, INC.",jnnngsjs2@comcast.net,No
SOUTHWOOD APTS,933 RUBBER AVENUE,NAUGATUCK,06770,168,Section8_Multifamily,Southwood Gardens LLC,tony.nikc@gmail.com,No
Nottingham Towers,31 Nottingham Ter,Waterbury,06704,165,Section8_Multifamily,Nottingham Towers Preservation LP,sfernandes@related.com,No
PARKSIDE APTS,160 PRATT ST,MERIDEN,06450,164,Section8_Multifamily,CR Parkside Limited Partnership,joseph.carabetta@carabetta.com,No
VILLAGEWOOD APARTMENTS,109 Village Wood Drive,WATERBURY,06705,164,Section8_Multifamily,Villagewood Apartments Ventures LLC,steve@srkmgmt.com,No
SILVER POND APTS,656 CTR ST,WALLINGFORD,06492,160,LIHTC,,,No
GREENS,,HARTFORD,,160,LIHTC;Public_Housing,Housing Authority of the City of Hartford,,Yes
BROOKSIDE VILLAGE,110 Brookside Lane,PAWCATUCK,06379,160,Section8_Multifamily,BROOKSIDE ASSOCIATES LIMITED,rgagliardi@gilbaneco.com,No
SILVER POND,650 EAST CENTER STREET,WALLINGFORD,06492,160,Section8_Multifamily,"FAH Silver Pond, L.P.",ssattler@carabetta.com,No
NEW PARK WEST APTS,NEW PARK W APTS PARK W DR,VERNON ROCKVILLE,,159,LIHTC,,,No
Plaza on the Green,2 N Main St,Waterbury,06702,157,Section8_Multifamily,Plaza on the Green Preservation LP,david.pearson@related.com,No
ST MARY'S RESIDENCE,41 BEAVER ST,NEW BRITAIN,06051,156,LIHTC,,,No
MLK Apartments,85 Van Block Ave,Hartford,06106,155,Section8_Multifamily,MLK Apartments LLC,aaron@vestacorp.com,No
STAMFORD MANOR,26 W Main St,Stamford,06902,155,Public_Housing,Housing Authority of the City of Stamford,,No
BAYBERRY CREST,192 PLAZA DR,MIDDLETOWN,06457,152,Section8_Multifamily,Bayberry Crest Realty Co,jcarabetta@carabetta.com,No
WILLOWCREST APTS,STONEYCREST DR,MIDDLETOWN,,151,LIHTC,,,No
PROSPECT TOWERS,34 PROSPECT ST,WATERBURY,06702,151,Section8_Multifamily,Southwood Gardens LLC,tony.nikc@gmail.com,No
CLAY ARSENAL RENAISSANCE APARTMENTS,17 Beldon Street,Hartford,06120,150,Section8_Multifamily,Clay Arsenal Apartments Limited Partnership,DL_NREImpactAMTeam@nuveen.com,No
Exchange Place Towers,44 Center St,Waterbury,06702,150,Section8_Multifamily,Exchange Place Preservation Partners LLC,dkovel@beaconcommunitiesllc.com,No
AGNES MORLEY HEIGHTS,249 Milbank Ave Apt 313,Greenwich,06830,150,Public_Housing,Greenwich Housing Authority,,No
SOUTHWOOD SQUARE I,14 SOUTHWOOD DR,STAMFORD,06902,149,LIHTC;Section8_Multifamily,Southfield Village Limited Partnership,DKovel@BeaconCommunitiesLLC.com,Yes
CHARLES T. MCQUEENEY TWR,358 Orange St Apt 1011,New Haven,06511,149,Public_Housing,Housing Authority of the City of New Haven,,No
CENTRAL YMCA,52 HOWE ST,NEW HAVEN,06511,148,LIHTC,,,No
SANA APTS - HIGH RISE,1620 MAIN ST,HARTFORD,06120,148,LIHTC,,,No
SHIPPAN PLACE,521 SHIPPAN AVE.,STAMFORD,06902,148,Section8_Multifamily,Shippan Place Preservation LLC,vderamus@rosecompanies.com,No
MOHICAN,281 CAPTAINS WALK,NEW LONDON,06320,146,LIHTC,,,No
MOHICAN HISTORIC APTS.,281 STATE ST.,NEW LONDON,06320,146,LIHTC;Section8_Multifamily,Mohican Historic Preservation LP,mfichpelberg@related.com,Yes
Flanders West Apts,3 DARLING,Southington,06489,145,Section8_Multifamily,New Flanders West LLC,compliance@sbgpartners.com,No
CAPITOL TOWERS APARTMENTS,470 BROAD STREET,HARTFORD,06106,144,LIHTC;Section8_Multifamily,Capitol Towers RHF Partners LP,peter.lewis@schochet.com,Yes
BERGER APARTMENTS,135 DERBY AVENUE,NEW HAVEN,06511,144,LIHTC;Section8_Multifamily,Steele Berger LIHTC LLC,mciano@monroegroup.com,Yes
Robin Ridge Apts,990 W Main St,Waterbury,06708,144,Section8_Multifamily,"Waterbury First Church Housing, Inc.",a.conquest@countymgmt.com,No
PARK SQUARE WEST,101 SUMMER ST,STAMFORD,06901,143,LIHTC,,,No
Village Heights,108B Cameo Dr,Willimantic,06226,142,Section8_Multifamily,CALEB VILLALGE HEIGHTS FOUNDATION,jwest@thecalebgroup.org,No
RIVER RUN APARTMENTS,50 GRAND AVE. AND 47 EXC.,NEW HAVEN,06501,140,Section8_Multifamily,"River Run Preservation, L.P.",mfinkle@related.com,No
ALFRED E. PLANT ELDERLY HOUSING,759 FARMINGTON AVENUE,WEST HARTFORD,06119,137,LIHTC,,,No
SOUTHFIELD VILLAGE SOUTHWOOD SQUARE I,15 SOUTHWOOD DR,STAMFORD,06902,136,LIHTC,,,No
TOWER II APARTMENTS,1491 CENTRAL AVE,BRIDGEPORT,06610,136,Section8_Multifamily,"Duhallow Trails, LLC",wsantos@snet.net,No
Underwood Elderly Apts,25 Laurel St,Hartford,06106,136,Section8_Multifamily,25 Laurel Street Associates Limited Partnership,frances.mariani@sandalwoodmgt.com,No
REDSTONE GARDEN APTS,SURREY DR & BIANCA RD,BRISTOL,,132,LIHTC,,,No
RHA MODERNIZATION,51 PROSPECT RDG,RIDGEFIELD,06877,132,LIHTC,,,No
FLORENCE VIRTUE HOMES,37 ORCHARD PL,NEW HAVEN,06511,129,LIHTC,,,No
GRISWOLD HILLS OF NEWINGTON,10 GRISWOLD HILLS DR,NEWINGTON,06111,128,LIHTC,,,No
THE HOMES AT PRIDE POINT,27 BOULDER DR,NEW LONDON,06320,126,LIHTC,,,No
Josephine Towers,24 Union St,Waterbury,06706,125,Section8_Multifamily,Josephine Towers Preservation LP,david.pearson@related.com,No
South Green Apts,65 CHURCH ST,MIDDLETOWN,06457,125,Section8_Multifamily,South Green Preservation LP,david.pearson@related.com,No
CHAMBERLAIN HEIGHTS,141 143 ANDREWS ST,MERIDEN,,124,LIHTC,,,No
SBONA TOWERS,40 Broad St,Middletown,06457,124,Public_Housing,Middletown Housing Authority,,No
Kingsway Apts,152 Westport Ave,Norwalk,06851,123,Section8_Multifamily,KINGSWAY APTS,jamie@kingswaygroup.org,No
Ulbrich Heights,45 Tremper Dr,Wallingford,06492,122,Section8_Multifamily,Wallingford Housing Authority,kmcdermott@wallingfordha.com,No
FRIENDSHIP HOUSE,28 PERRY ST,STAMFORD,06902,121,LIHTC;Section8_Multifamily,Friendship House Apartments Limited Partnership,jhealey@newneighborhoods.org,Yes
FAIRBANK APARTMENTS,355 FERRY STREET,NEW HAVEN,06513,121,LIHTC;Section8_Multifamily,Fairbanks Community Partners Limited Partnership,akannan@cpp-housing.com,Yes
Woodview Apts East Haven,1270 N High St,East Haven,06512,121,Section8_Multifamily,Woodview Associates,bnic45404@yahoo.com,No
KENSINGTON SQUARE I,392 ORCHARD ST,NEW HAVEN,06511,120,LIHTC;Section8_Multifamily,New Kensington II Limited Partnership,iris.santiago@tcbinc.org,Yes
SARANOR APTS,119 PLATT ST,MILFORD,06460,120,LIHTC,,,No
ORCHARD RIDGE ASSOC,235 WEBSTER ST,BERLIN,,120,LIHTC,,,No
HAMILTON PARK,281 Hamilton Avenue,NORWICH,06360,120,Section8_Multifamily,Hamilton Park Associates Limited Partnership,Pbarkan@barkanco.com,No
Hartford East Apts,886 MAIN ST,EAST HARTFORD,06108,120,Section8_Multifamily,Hartford East Elderly Apartments LP,wollawoff@msn.com,No
HUNTINGTON TOWERS,149 HUNTINGTON ST,NEW LONDON,06320,120,Section8_Multifamily,Huntington Senior Associates LLC,tlamberto@lnwa.com,No
Kensington Square I,37-39 KENSINGTON ST,NEW HAVEN,06511,120,Section8_Multifamily,New Kensington I Limited Partnership,sgarner@tcbinc.org,No
ROSE GARDENS,172-182 ROSE CIR,MIDDLETOWN,06457,120,Section8_Multifamily,CR Rose Gardens Limited Partnership,ssattler@carabetta.com,No
SARA NOR,119-153  PLATT ST,MILFORD,06460,120,Section8_Multifamily,Richard Woline,DKWoline@Pantheon.Yale.edu,No
Washington Heights,115 Washington Ave,Bridgeport,06604,120,Section8_Multifamily,WH Bridgeport LLC,james.carmichael@st-residential.com,No
MEADOW HILL APARTMENTS,101 Connecticut Blvd,East Hartford,06108,120,Public_Housing,East Hartford Housing Authority,,No
GAYLORD TOWER,55 Gaylord St,Bristol,06010,120,Public_Housing,Bristol Housing Authority,,No
SUMMITWOODS,30 MOPSIC CT,NORWICH,06360,119,LIHTC,,,No
SYCAMORE PLACE APTS,285 MAPLEWOOD AVE,BRIDGEPORT,06605,118,LIHTC;Section8_Multifamily,Sycamore Housing Associates LP,peter@tngrm.com,Yes
KIMBERLY PLACE APTS,19 MAIN ST,DANBURY,06810,116,LIHTC;Section8_Multifamily,Kimberly Place Preservation LLC,dmccarthy@heritagehousinginc.com,Yes
VILLAGE AT KILLINGLY,501 LINDENWOOD DR,DAYVILLE,06241,116,LIHTC,,,No
LOFTS AT PONEMAH MILLS (THE),607 NORWICH AVENUE,NORWICH,06380,116,LIHTC,,,No
Marshall Apartments,10 MARSHALL ST,HARTFORD,06105,115,Section8_Multifamily,Marshall Holdings LLC,ben@bluerisegroup.com,No
FLORENCE MILL,121 WEST MAIN STREET,ROCKVILLE,06066,113,Section8_Multifamily,FLORENCE MILL ASSOCIATES,pbarkan@barkanco.com,No
Poquonnock Village,1039 Poquonnock Rd,Groton,06340,113,Section8_Multifamily,Poquonnock Village Preservation LP,david.pearson@related.com,No
Billings Forge,140 RUSS ST-South,Hartford,06106,112,Section8_Multifamily,Billings Forge Preservation Associates Limited Par,assetmanager@poah.org,No
Countryside I/II aka New Countryside/Lakeside,12 Wolf Hill Rd,Wolcott,06716,112,Section8_Multifamily,New Countryside LLC,Eli.Mizrahie@sbgpartners.com,No
NAUBUC GREEN,193 WELLES STREET,GLASTONBURY,06033,111,Section8_Multifamily,"GLASTONBURY INTERFAITH HOUSING ENTERPRISES, L.P.",pbarkan@barkanco.com,No
Presidential Village,200 Shelton Avenue,New Haven,06511,111,Section8_Multifamily,Presidential Village LLC,wmharp@abacusproperty.net,No
KINGSWOOD APTS,466 ASH ST,WILLIMANTIC,06226,110,LIHTC;Section8_Multifamily,FAH Kingswood Limited Partnership,joseph.carabetta@carabetta.com,Yes
SOUTHFIELD VILLAGE SQUARE II,117 SOUTHWOOD DR,STAMFORD,06902,110,LIHTC,,,No
STONEBRIDGE BERLIN,714 WETHERSFIELD RD,BERLIN,,110,LIHTC,,,No
Burritt School Apts,75 North St,New Britain,06051,110,Section8_Multifamily,"BURRITT SCHOOL ASSOCIATES, LLC",ewernecke@picernefl.com,No
COMMUNITY TOWERS,55 Willow St,Meriden,06450,110,Public_Housing,Housing Authority of the City of Meriden,,No
Island View Park,100 Viscount Dr,Milford,06460,110,Public_Housing,Milford Redevelopment and Housing Partnership,,No
Crawford Manor,90 Park St,New Haven,06511,109,Public_Housing,Housing Authority of the City of New Haven,,No
SANA APTS - LOW RISE,61 NEW DONALD ST,HARTFORD,06120,108,LIHTC,,,No
WATERTOWN CROSSING VILLAGE,100 FULKERSON DR,WATERBURY,06708,108,LIHTC,,,No
ALLEN O NEILL HOMES,24 ALLEN ONEILL DR,DARIEN,06820,106,LIHTC,,,No
SLEEPING GIANT APTS,1238 HARTFORD TPKE,VERNON,06066,106,LIHTC,,,No
THE HEIGHTS AT DARIEN (FKA ALLEN ONEILL HOMES),"ELM STREET, NOROTON AVENUE, WEST AVENUE",DARIEN,06820,106,LIHTC,,,No
Oakland Heights Apts,360  OAKLAND ST,MANCHESTER,06042,106,Section8_Multifamily,Oakland Heights Owner LLC,cpgoakland@camberpg.com,No
AUGUSTUS MANOR,101 Main St,Stamford,06901,105,Section8_Multifamily,Augustus Manor Preservation LP,david.pearson@related.com,No
Avery Heights,300 Brandegee Ave,Groton,06340,105,Section8_Multifamily,Avery Heights Preservation LP,david.pearson@related.com,No
CASA OTONAL,135 SYLVAN AVE,NEW HAVEN,06519,105,Section8_Multifamily,Casa Otonal Housing Corporation,casaotonalnewhaven@gmail.com,No
THE HOMES AT PROGRESS POINT,58 70 FERN ST,NEW LONDON,,104,LIHTC,,,No
BREWERY SQUARE APARTMENTS,ONE BREWERY SQ,NEW HAVEN,06513,104,Section8_Multifamily,Brewery Square Master Tenant LLC,akannan@cpp.housing.com,No
Austin Heights,270 AUSTIN RD,Waterbury,06705,104,Section8_Multifamily,Austin Heights CT LLC,Sol@eatonspringsllc.com,No
Elderly and Bond Street,67 Martin Luther King Dr,New Britain,06051,104,Public_Housing,Housing Authority of the CIty of New Britain,,No
THE HEIGHTS AT DARIEN,1 ALLEN ONEILL DR,DARIEN,06820,103,LIHTC,,,No
PARNELL BROOK,67 SACKETT POINT RD,NORTH HAVEN,06473,103,LIHTC,,,No
PEACHTREE VILLAGE,60 DARLING DR,AVON,06001,103,LIHTC,,,No
MATTHEW RUOPPOLO MANOR,480 Ferry St,New Haven,06513,103,Public_Housing,Housing Authority of the City of New Haven,,No
MORRISSEY MANOR,1187 Campbell Ave,West Haven,06516,103,Public_Housing,West Haven Housing Authority,,No
HARRISON APTS BRIDGEPORT YMCA,651 STATE ST,BRIDGEPORT,06604,102,LIHTC,,,No
BERRY PATCH ASSOC I,205 OAKLAND RD,SOUTH WINDSOR,06074,102,LIHTC,,,No
EASTVIEW TERRACE,145 EASTERN ST,NEW HAVEN,06513,102,LIHTC,,,No
LAURELWOOD PLACE APARTMENTS,585 NORMAN STREET,BRIDGEPORT,06605,102,LIHTC;Section8_Multifamily,Laurelwood Housing Associates LP,acelella@vestacorp.com,Yes
BUTTER BROOK HILL APTS,1 Hillside Ave,New Milford,06776,102,Section8_Multifamily,"NEW MILFORD INTERFAITH HOUSING, INC.",bfairbairn@ehmchm.org,No
BROOKSIDE PHASE II RENTAL,120 BROOKSIDE AVENUE,NEW HAVEN,06513,101,LIHTC,,,No
MAPLEVIEW TOWERS,51 GROVE STREET,STAMFORD,06901,101,LIHTC;Section8_Multifamily,Mapleview Tower Preservation LP,David.Pearson@Related.com,Yes
CLIFFORD HOUSE,1450 MAIN STREET,BRIDGEPORT,06604,101,LIHTC;Section8_Multifamily,Clifford House Preservation LP,david.pearson@related.com,Yes
Simeon Village,4 Simeon Rd,Bethel,06801,101,Section8_Multifamily,"RMS Durant, LLC",Randy@rms-companies.com,No
FEDERATION HOMES,156 WINTONBURY AVE,BLOOMFIELD,06002,101,Section8_Multifamily,Federation Homes Inc.,jonathan@federationhomes.org,No
BROOKSIDE ESTATES,1 AUSTIN ST,NEW HAVEN,06515,100,LIHTC;Public_Housing,Housing Authority of the City of New Haven,,Yes
HEDGEWOOD APTS,101 SANDY LN,NORWICH,06360,100,LIHTC,,,No
THE RETREAT,90 RETREAT AVE,HARTFORD,06106,100,LIHTC,,,No
BIRCH MEADOW APTS,850 PARKER ST,MANCHESTER,06042,100,LIHTC,,,No
CANAAN PARISH,186 Lakeview Ave,New Canaan,06840,100,Section8_Multifamily,Canaan Parish Redevelopment Limited Partnership,dmccarthy@heritagehousinginc.com,No
CRESTWOOD PARK I,96 Stoddard Dr,Meriden,06451,100,Section8_Multifamily,IGP CRESTWOOD I LIMITED PARTNERSHIP,jcarabetta@carabetta.com,No
HANOVER TOWERS,70 BUTLER ST,MERIDEN,06450,100,Section8_Multifamily,Butler St./Hanover Towers L.P.,aan@fac-llc.com,No
HILLSIDE GARDENS,122 Hall Ave,MERIDEN,06450,100,Section8_Multifamily,CR Hillside Limited Partnership,ssattler@carabetta.com,No
JUNIPER HILL VILLAGE,1 Silo Circ,STORRS,06268,100,Section8_Multifamily,"MANSFIELD RETIREMENT COMMUNITY, INC.",dpelletier@ehmchm.org,No
MEADOWAY GARDENS,120 Rose Circle,MIDDLETOWN,06457,100,Section8_Multifamily,CR Meadoway Limited Partnership,JCarabetta@carabetta.com,No
Nathan Hale Apts,55 Tremont St,New Britain,06051,100,Section8_Multifamily,"Nathan Hale Apartments, LLC",jcummings@picerneri.com,No
NEWFIELD TOWERS,220 NEWFIELD STREET,MIDDLETOWN,06457,100,Section8_Multifamily,NEWFIELD TOWERS REALTY COMPANY,jcarabetta@carabetta.com,No
PARISH COURT,175 Warde Ter,Fairfield,06825,100,Section8_Multifamily,"CHURCH HOUSING FOR FAIRFIELD, INC.",dpelletier@ehmchm.org,No
STONEYCREST TOWERS,352 NEWFIELD ST,MIDDLETOWN,06457,100,Section8_Multifamily,STONEYCREST TOWERS REALTY COMPANY,jcarabetta@carabetta.com,No
Welles Country Village,46 Welles Rd,Talcottville,06066,100,Section8_Multifamily,"WELLES COUNTRY VILLAGE, Ltd.",jeanneomurphy@immanuelhousect.org,No
JOHN J. ASHTON TOWER,621 Valley St,Willimantic,06226,100,Public_Housing,Willimantic Housing Authority,,No
Elderly and Bond Street,107 Martin Luther King Dr,New Britain,06051,100,Public_Housing,Housing Authority of the CIty of New Britain,,No
HANOVER TOWERS,76 BUTLER ST,MERIDEN,06451,99,LIHTC,,,No
West Hartford Fellowship Hsg I,20 Starkel Rd,W Hartford,06117,99,Section8_Multifamily,20 Starkel LLC,markg@whfh.org,No
THAMES RIVER APARTMENTS,127 Hempstead St Apt 111,New London,06320,99,Public_Housing,New London Housing Authority,,No
BOULDER RIDGE ASSOC,400 COMMERCE DR,CANTON,06019,98,LIHTC,,,No
Park Apartments,365 Garden St,Hartford,06112,98,Section8_Multifamily,The Hartford Communities LLC,ssattler@carabetta.com,No
WOOSTER MANOR,36 W Wooster St Apt 311,Danbury,06810,98,Public_Housing,Housing Authority of the City of Danbury,,No
IVES MANOR,198 MAIN ST,DANBURY,06810,97,Section8_Multifamily,Danbury Housing Authority,jdelaney@hacdct.org,No
WEQUONNOC VILLAGE,24 NORTH FIFTH AVE,TAFTVILLE,06380,97,Section8_Multifamily,Wequonnoc Village Preservation LP,david.pearson@related.com,No
WHARFSIDE COMMONS,30 FERRY ST,MIDDLETOWN,06457,96,LIHTC,,,No
Salem Village I & II,70 Proulx St,Brooklyn,06234,96,Section8_Multifamily,BROOKLYN ELDERLY LIMITED PARTNERSHIP,richard@ghmco.com,No
Willow Arms Apartments,442 Main St,East Hartford,06118,96,Section8_Multifamily,Willow Arms Preservation LP,david.pearson@related.com,No
CRESCENT CROSSING PHASE 1-A,252 HALLETT STREET,BRIDGEPORT,06608,93,LIHTC,,,No
NORTHSIDE TERRACES,4 TER DR,TORRINGTON,06790,92,LIHTC;Section8_Multifamily,Northside Terraces LLC,rcrowley@tcbinc.org,Yes
Grant Street Senior Apts,430 Grant St,Bridgeport,06610,92,Section8_Multifamily,Grant Street Senior Apartments LLC,james.carmichael@ahm-llc.com,No
ELTON HFA,30 W MAIN ST,WATERBURY,06702,91,LIHTC,,,No
YORKSHIRE VILLAGE ASSOC,465 MIDDLE RD,FARMINGTON,06032,91,LIHTC,,,No
FAIRGATE,90 FAIRFIELD AVE,STAMFORD,06902,90,LIHTC,,,No
ZBIKOWSKI PARK,"10 SALLADIN ROAD, ALSO LILLIAN, ARMAND, + ROLLINSON RDS. AND LAKE AVE.",BRISTOL,06010,90,LIHTC,,,No
VICTORIA GARDENS,105 BOSTON POST ROAD,WATERFORD,06385,90,LIHTC,,,No
DELORENZO TOWERS,284 N Main St,Bristol,06010,90,Section8_Multifamily,EHDOC Anthony DeLorenzo Towers Limited Partnership,sprotulis@ehdoc.org,No
HEVRIN TERRACE,71-73 Keating Street,WILLIMANTIC,06226,90,Section8_Multifamily,The Housing Authority of the City of Willimantic,hacowkim@yahoo.com,No
M. D. Fox Manor,461 Washington St,Hartford,06106,90,Section8_Multifamily,461 Washington Street Limited Partnership,pdimeo@dimeoproperties.com,No
Stamford Green Apts,482 W. Main St,Stamford,06902,90,Section8_Multifamily,STAMFORD GREEN COMPANY,RKargman@bostonland.com,No
Fairgate Apts,19-49 Fairgate Drive,Stamford,06902,90,Section8_Multifamily,Fairfield Court Limited Partnership,cwarren@rippowamcorp.org,No
ROBERT T. WOLFE APARTMENT,49 Union Ave,New Haven,06519,90,Public_Housing,Housing Authority of the City of New Haven,,No
332 DEMING ROAD ASSOC LP,332 DEMING RD,BERLIN,06037,88,LIHTC,,,No
SIGOURNEY MEWS,206 COLLINS ST,HARTFORD,06105,88,LIHTC,,,No
HORACE BUSHNELL APTS,40 VINE ST,HARTFORD,06112,88,LIHTC,,,No
PARK RIDGE II,25 HARD ST,NEW HAVEN,06515,88,LIHTC;Section8_Multifamily,PARK RIDGE ASSOCIATES II,jsm@giordanomail.com,Yes
KELLY ROAD,25 GERBER RD E,SOUTH WINDSOR,,88,LIHTC,,,No
CLINTON MANOR,22 CLINTON AVENUE,STAMFORD,06901,88,LIHTC,,,No
LITTLE BROOK (FKA DEMING RIDGE),833 DEMING ROAD,BERLIN,06037,88,LIHTC,,,No
Federation Square Apts,2 STARKEL ROAD,WEST HARTFORD,06117,88,Section8_Multifamily,"Starkel Road Associates, L.P.",gkonover@simonkonover.com,No
MOOSUP GARDENS,10 Gorman Street,MOOSUP,06354,88,Section8_Multifamily,"Vesta Moosup 2017,LLC",emily@vestacorp.com,No
SEABURY COOPERATIVE,400 Elm St,New Haven,06511,88,Section8_Multifamily,SEABURY CO-OP Inc.,p2taylor1@yahoo.com,No
MARTIN LUTHER KING APARTMENTS,40 Stillwater Ave,Stamford,06902,88,Section8_Multifamily,MLK LLC,lchen@newneighborhoods.org,No
WOODCREST ELDERLY,63 BATTLE ST,SOMERS,06071,86,LIHTC,,,No
SAINT PAULS FLAX HILL CO-OP,28 Dr Martin Luther King Jr Dr,Norwalk,06854,86,Section8_Multifamily,"ST.PAULS FLAX HILL CO-OP, INC.",R.A.Carrnza@gmail.com,No
MEADOW HILL APARTMENTS,452 Main St,East Hartford,06118,86,Public_Housing,East Hartford Housing Authority,,No
BRIDGEPORT ELDERLY APTS,2400 N AVE,BRIDGEPORT,06604,85,LIHTC,,,No
BRIDGEPORT ELDERLY APARTMENTS,2400 NORTH AVE,BRIDGEPORT,06604,85,Section8_Multifamily,Holmstead Housing Associates Limited Partnership,melinda.whittaker@wishrockgroup.com,No
Ogden House,100 River Rd,Wilton,06897,85,Section8_Multifamily,OGDEN HOUSE INC.,rsanders@rsarchct.com,No
SEYMOUR HOLLANDER,4190 PARK AVE,BRIDGEPORT,06604,85,Section8_Multifamily,The Greater Bridgeport Jewish Housing Corporation,arthur@hollanderhouse.org,No
COUNTRY PLACE,1 BIRCH CIR,COLCHESTER,06415,84,LIHTC,,,No
SAGE POND PLACE,1725 BERLIN TPKE,BERLIN,06037,84,LIHTC,,,No
STONEBRIDGE BERLIN II,78 STONEBRIDGE WAY,BERLIN,06037,84,LIHTC,,,No
BARNUM HOUSE,140 FAIRFIELD AVE,BRIDGEPORT,06604,84,LIHTC;Section8_Multifamily,Barnum House Preservation LP,dpearson@related.com,Yes
Dobbs Crossing Apts,1170 Hartford Turnpike,Vernon,06066,84,Section8_Multifamily,Dobbs Crossing Owner LLC,rgropper@camberpg.com,No
TALCOTT GARDENS,34 Talcott St,New Britain,06051,84,Section8_Multifamily,Talcott Gardens Limited Partnership,MFinkle@related.com,No
INTERFAITH VILLAGE,3 Bestor Lane,BLOOMFIELD,06002,84,Section8_Multifamily,Interfaith Homes Inc,ezra@stratfordmgt.comcastbiz.net,No
OLD TALCOTT MILL (THE),47 MAIN STREET,VERNON,06066,83,LIHTC,,,No
COUNTY PLACE PHASE II,1 COBBLE WAY,COLCHESTER,06415,82,LIHTC,,,No
BEECHWOOD GARDENS,600 WHALLEY AVENUE,NEW HAVEN,06511,82,LIHTC,,,No
BEECHWOOD GARDENS,572 Whalley Ave,New Haven,06511,82,Section8_Multifamily,Vesta Beechwood Gardens LLC,alund@vestacorp.com,No
TRINITY NEW HAVEN HOUSING,2 JOHN WILLIAMSON DR,NEW HAVEN,06513,81,LIHTC;Public_Housing,Housing Authority of the City of New Haven,,Yes
RENAISSANCE PLAZA,210 WASHINGTON AVE,BRIDGEPORT,06604,81,LIHTC,,,No
QUINNIPIAC TERRACE PHASE I,378 FRONT ST,NEW HAVEN,06513,81,LIHTC,,,No
Danbury Tower,40 William St,Danbury,06810,81,Section8_Multifamily,Danbury Tower Preservation LP,david.pearson@related.com,No
RIPPOWAM MANOR,11 NORTH ST,STAMFORD,06902,81,Section8_Multifamily,NORTH STREET LIMITED PARTNERSHIP,JGottlieb@charteroakcommunities.org,No
Willow Arms Tariffville,55 Elm St,Tariffville,06081,81,Section8_Multifamily,Willow Arms Mutual Housing LLC,cmackinnon@mutualhousing.org,No
BRISTOL COMMUNITIES LP,47 49 NORRIS DR,BRISTOL,,80,LIHTC,,,No
BROOKSIDE PHASE II RENTAL,2 BOSLEY ST,NEW HAVEN,,80,LIHTC,,,No
DIAMOND COURT,150 MANHAN ST,WATERBURY,06710,80,LIHTC,,,No
CHARLES STREET PLACE,122 CHARLES ST,MERIDEN,06450,80,LIHTC,,,No
WASHINGTON VILLAGE PHASE 1,13 + 20 DAY STREET,NORWALK,06854,80,LIHTC,,,No
COLUMBUS COMMONS PHASE I,125 COLUMBUS BOULEVARD,NEW BRITAIN,06051,80,LIHTC,,,No
OAKLAND GARDENS,300 BRITTANNIA ST,MERIDEN,06450,80,Section8_Multifamily,"CR Oakland, Limited Partnership",ssattler@carabetta.com,No
CATHEDRAL MANORS,1132 Albany Ave.,HARTFORD,06112,80,Section8_Multifamily,FIRST HOUSING CORPORATION,lpaymar@yahoo.com,No
WOODVIEW APARTMENTS OAKVILLE,88 Cobb St,Oakville,06779,80,Section8_Multifamily,Woodview Preservation LP,david.pearson@related.com,No
REV ALBERT A. CALLAHAN,32 Smith St,Seymour,06483,80,Public_Housing,Housing Authority of the Town of Seymour,,No
CHESTNUT GROVE APTS,80 Chestnut St,Winsted,06098,80,Public_Housing,Winchester Housing Authority,,No
GAYLORD TOWER,70 Gaylord St,Bristol,06010,80,Public_Housing,Bristol Housing Authority,,No
SUMNER HOUSE,57 SUMNER ST,HARTFORD,06105,79,LIHTC,,,No
TRINITY NEW HAVEN HOUSING II,381 FRONT ST,NEW HAVEN,06513,79,LIHTC,,,No
QUINNIPIAC TERRACE PHASE II,1435 QUINNIPIAC AVE,NEW HAVEN,06513,79,LIHTC,,,No
TORRINGFORD WEST APARTMENTS,356 TORRINGFORD WEST STREET,TORRINGTON,06790,79,LIHTC;Section8_Multifamily,POAH Torringford West LLC,aanthony@poah.org,Yes
AVERY PARK REVITALIZATION (AKA WOODLAND SPRINGS PHASE I),55 WOODLAND SPRINGS DRIVE,STAFFORD SPRINGS,06076,79,LIHTC,,,No
CASA NUEVA,605-7 Broad ST,HARTFORD,06106,79,Section8_Multifamily,Steele Casa Nueva LIHTC LLC,compliance@monroegroup.com,No
HALES COURT HOUSING LLC,HALES CT,WESTPORT,,78,LIHTC,,,No
WILLIAM T ROWE,33 SYLVAN AVE,NEW HAVEN,06519,78,LIHTC;Public_Housing,Housing Authority of the City of New Haven,,Yes
CITYSCAPE APTS,1642 BROAD ST,HARTFORD,06106,77,LIHTC,,,No
ROCKVIEW PHASE I RENTAL,300 WILMOT ROAD,NEW HAVEN,06515,77,LIHTC,,,No
HAMDEN SPECIALTY HOUSING,415 MATHER STREET,HAMDEN,06514,77,LIHTC;Section8_Multifamily,"Hamden Specialty Housing, LLC",Ken@Regandevelopment.com,Yes
HARBOURSITE APTS.,511 SHIPPAN AVE,STAMFORD,06902,77,Section8_Multifamily,National Church Residences of Stamford CT Inc,cturner@nationalchurchresidences.org,No
ASYLUM HILL VENTURES,221 MAIN ST,HARTFORD,06106,76,LIHTC,,,No
PALMERS SQUARE,26 PALMERS HILL,STAMFORD,06902,76,LIHTC,,,No
MARKET SQUARE APARTMENTS,65 CONSTANCE LEIGH DRIVE,NEWINGTON,06111,76,LIHTC;Section8_Multifamily,Market Square Preservation LP,mfinkle@related.com,Yes
STONINGTON ARMS,133 SOUTH BROAD ST,PAWCATUCK,06379,76,Section8_Multifamily,Sr. Citizens Housing Develop. Corp. of Stonington,sprotulis@ehdoc.org,No
TRUMAN APTS,70 Lakewood Rd,Waterbury,06704,76,Public_Housing,Waterbury Housing Authority,,No
THE WAUREGAN,25 BROADWAY,NORWICH,06360,75,LIHTC,,,No
NINTH SQUARE BLOCK 236,85 ORANGE ST,NEW HAVEN,06510,75,LIHTC,,,No
117 WELLS,117 Wells Rd,Wethersfield,06109,75,Section8_Multifamily,"FIRST CHURCH HOUSING, INC",firstchurch@imagineersllc.com,No
Fresh Water Pond Apts,1 Thistle Ln,Enfield,06082,75,Section8_Multifamily,Fresh Water Pond Preservation LP,david.pearson@related.com,No
Village Court,70 Mechanic St,Norwich,06360,75,Section8_Multifamily,Village Court Preservation LP,david.pearson@related.com,No
Inner City Homes,169 North Elm St.,Waterbury,06702,75,Section8_Multifamily,Inner City Homes LLC,afaks@finance36.com,No
URBAN PRESERVATION ASSOC,400 WASHINGTON ST,HARTFORD,06106,74,LIHTC,,,No
BRADLEY ESTATES PHASE I,435 BRADLEY AVE,MERIDEN,06451,74,LIHTC;Section8_Multifamily,Bradley Phase I L.P.,aan@fac-llc.com,Yes
VICTORY GARDENS,555 WILLARD AVENUE,NEWINGTON,06111,74,LIHTC,,,No
HORACE BUSHNELL APARTMENTS,4-40 VINE STREET AND 117-123 MAGNOLIA STREET,HARTFORD,06103,74,LIHTC,,,No
BARBOUR GARDENS APTS,888 Garden Street,Hartford,06120,74,Section8_Multifamily,Hartford Preservation A LLC,dmcarthy@heritagehousinginc.com,No
DUTCH POINT RENTAL PHASE II,137 WYLLYS ST,HARTFORD,06106,73,LIHTC,,,No
WATSON FARM ASSOC,700 DEMING ST,SOUTH WINDSOR,06074,72,LIHTC,,,No
THE RESIDENCES AT LAUREL HILL,40-64 LAUREL ROAD,BROOKFIELD,06804,72,LIHTC,,,No
CENTER VILLAGE,75 NEW LONDON TURNPIKE,GLASTONBURY,06033,72,LIHTC,,,No
OAK TREE VILLAGE,89 + 97 PRESTON RODE,GRISWOLD,06351,72,LIHTC,,,No
ELLA GRASSO GARDENS,65 BALLOU ST,PUTNAM,06260,72,Section8_Multifamily,VALLEY VILLAGE ASSOCIATES LIMITED PARTNERSHIP,bob@resman.net,No
MAIN & PAVILION,17-19 Barbour St.,HARTFORD,06120,72,Section8_Multifamily,PAVILION ASSOCIATES,marchitto6@aol.com,No
Augustana Homes - Jewett,280 JEWETT AVENUE,BRIDGEPORT,06606,72,Section8_Multifamily,AH Jewett Acquisition LLC,zack.simmons@related.com,No
Pilgrim Towers Apts.,25 Washington Ct,Stamford,06902,72,Section8_Multifamily,"Pilgrim Towers, Inc.",fourbears@aol.com,No
Cedar Pointe,550 Cedar St,Newington,06111,72,Section8_Multifamily,Cedar Point Owner LLC,mhermsnstyne@dakotapartners.net,No
COURT TOWERS,21 Court St,Rockville,06066,72,Public_Housing,Vernon Housing Authority,,No
PARK RIDGE TOWER I,10 HARD ST,NEW HAVEN,06515,71,Section8_Multifamily,Park Ridge Apartments LLC,sam@thecapitalrealty.com,No
Woodside Heights,500 Woodside Ave,Middlebury,06762,71,Section8_Multifamily,"Middlebury Senior Housing Associates,  Inc.",georgestrobel@sbcglobal.net,No
NEW LONDON COMMUNITIES PHASE II LP,418 424 JEFFERSON AVE,HARTFORD,,70,LIHTC,,,No
PALACE VIEW SENIOR HOUSING,132 MAIN ST,DANBURY,06810,70,LIHTC,,,No
WAUREGAN HOTEL,192 MAIN ST,NORWICH,06360,70,LIHTC,,,No
HOLLANDER BUILDING,410 ASYLUM ST,HARTFORD,06103,70,LIHTC,,,No
JEFFERSON HEIGHTS,2380 CORBIN AVENUE,NEW BRITAIN,06053,70,LIHTC,,,No
THE TYLER (FKA EAST HAVEN HIGH SCHOOL APARTMENTS),200 TYLER STREET,EAST HAVEN,06512,70,LIHTC,,,No
BEAVER STREET COOPERATIVE,5-8 Ashe Place,DANBURY,06810,70,Section8_Multifamily,"Beaver Street Apartments Cooperative , Inc.",curranka@ct-institute.org,No
Elderly and Bond Street,300 E Main St,New Britain,06051,70,Public_Housing,Housing Authority of the CIty of New Britain,,No
Casa Verde Sur Apts,60 Wadsworth St,Hartford,06106,69,Section8_Multifamily,Hartford Preservation A LLC,dmcarthy@heritagehousinginc.com,No
HERITAGE GLEN,300 COLT HWY,FARMINGTON,06032,68,LIHTC,,,No
LOOM CITY LOFTS,215 EAST MAIN STREET,VERNON,06066,68,LIHTC,,,No
Vine Associates,68 -70 VINE ST,HARTFORD,06112,68,Section8_Multifamily,The Hartford Communities IV LLC,JCarabetta@Carabetta.com,No
NORTHEAST HARTFORD AFFORDABLE HOUSING (NHAH),150 Nelson Street,HARTFORD,06120,68,Section8_Multifamily,NHAH II LLC,ewolfe@sheldonoak.org,No
THE FAXON (FORMERLY THE ELMS),1078 NEW BRITAIN AVE,WEST HARTFORD,06610,67,LIHTC,,,No
PINNACLE HEIGHTS EXTENSION,619 SLATER RD,NEW BRITAIN,06053,66,LIHTC,,,No
OLD MIDDLETOWN,251 CT ST,MIDDLETOWN,06457,65,LIHTC;Section8_Multifamily,Old Middletown Preservation Associates Limited Par,ywaters@poahcommunities.com,Yes
PARK TERRACE MUTUAL HOUSING II,459 SUMMIT ST,HARTFORD,06106,65,LIHTC,,,No
HOME I,,NEW HAVEN,,65,LIHTC;Public_Housing,Housing Authority of the City of New Haven,,Yes
HILL HOUSING REHABILITATION - HILL HOUSING DEVELOPMENT,210 DAVENPORT AVE,NEW HAVEN,06519,65,LIHTC,,,No
DILLON PLACE,100 HENDRICXSEN AVE,HARTFORD,06106,65,LIHTC,,,No
WESTBROOK VILLAGE PHASE III,MULTIPLE ADDRESSES NEAR 144 MARK TWAIN DRIVE,HARTFORD,06112,65,LIHTC,,,No
Burritt House,67 W Main St,New Britain,06051,65,Section8_Multifamily,Burritt House Preservation LP,david.pearson@related.com,No
DeMaio Gardens,75 De Maio Dr,Milford,06460,65,Public_Housing,Milford Redevelopment and Housing Partnership,,No
Hill Central Phase I,145 - 151 Dewitt St,New Haven,06519,64,Section8_Multifamily,"HC1, LLC",rick@westmountmgmt.com,No
Columbus Commons,145 Columbus Blvd,New Britain,06051,64,Section8_Multifamily,"CC1 Owner, LLC",lbajda@dakotapartners.net,No
THAMES RIVER APARTMENTS,48 Crystal Ave,New London,06320,64,Public_Housing,New London Housing Authority,,No
TRUMBULL GARDENS TOWNHOUSES,555 Trumbull Ave,Bridgeport,06606,64,Public_Housing,Housing Authority of the City of Bridgeport,,No
TRUMBULL GARDENS TOWNHOUSES,455 Trumbull Ave,Bridgeport,06606,64,Public_Housing,Housing Authority of the City of Bridgeport,,No
24 COLONY STREET,24 COLONY ST,MERIDEN,06451,63,LIHTC,,,No
FAIR HAVEN,47 CLAY ST,NEW HAVEN,06513,63,LIHTC,,,No
FROST HOMESTEAD,16 MORTIMER STREET (AKA 37 ENOCH STREET),WATERBURY,06705,63,LIHTC,,,No
SAINT MARTIN TOWNHOUSES,200 GOFFE ST,NEW HAVEN,06511,63,Section8_Multifamily,St Martins Preservation II Limited Partnership,Owner@fairstead.com,No
Laurel Hill,50 Laurel Hill Rd,Brookfield,06804,63,Section8_Multifamily,Laurel Hill Residences LLC,lbajda@dakotapartners.net,No
RIVER RIDGE APTS,2364 STATE ST,HAMDEN,06517,62,LIHTC,,,No
ELEANOR,695 PARK AVE,BRIDGEPORT,06604,62,LIHTC;Public_Housing,Housing Authority of the City of Bridgeport,,Yes
ROCKVIEW TERRACE,6 ROCK VIEW CIR,NEW HAVEN,06515,61,LIHTC;Public_Housing,Housing Authority of the City of New Haven,,Yes
STERLING MARKET ARTIST LOFTS,1042 BROAD ST,BRIDGEPORT,06604,61,LIHTC,,,No
WOODCREST ELDERY HOUSING,71 BATTLE ST,SOMERS,06071,61,LIHTC,,,No
WASHINGTON COURT,4 VERNON ST,HARTFORD,06106,61,LIHTC,,,No
Fair Haven Elderly,25 Saltonstall Ave,New Haven,06513,61,Section8_Multifamily,FAIRHAVEN BSD LLC,Jesse@greyhillgroup.com,No
CEDARWOODS,200 CAMEO DR,WILLIMANTIC,06226,60,LIHTC,,,No
LAWNHILL TERRACE,22-238 CUSTARD ST,STAMFORD,,60,LIHTC,,,No
CORBIN HEIGHTS,2296 CORBIN AVE,NEW BRITAIN,06053,60,LIHTC,,,No
PARK HOUSING,316 PARK TER,HARTFORD,06106,60,LIHTC,,,No
POST HOUSE APTS HOPE VI,40 CLINTON AVE,STAMFORD,06901,60,LIHTC;Public_Housing,Housing Authority of the City of Stamford,,Yes
QUINTARD MANOR,18 QUINTARD TERRACE,STAMFORD,06902,60,LIHTC,,,No
TORRINGTON RIVERFRONT,100 FRANKLIN STREET,TORRINGTON,06790,60,LIHTC,,,No
Horace Bushnell Congregate Homes,51 Vine St,Hartford,06112,60,Section8_Multifamily,Horace Bushnell Congregate Homes Inc,patriciawrice@gmail.com,No
MANSFIELD-EDGEWOOD-VINE,47-49 MANSFIELD ST,HARTFORD,06112,60,Section8_Multifamily,MANSFIELD ASSOCIATES,Marchitto6@aol.com,No
ST. ELIZABETH MANOR,41 APPLEGATE LANE,EAST HARTFORD,06118,60,Section8_Multifamily,St. Elizabeth Manor Limited Partnership,jhealy@newneighborhoods.org,No
Saint Monicas Apts,3545 Main St,Hartford,06120,60,Section8_Multifamily,S.T.M. Elderly Housing Corporation,pmr.brian@gmail.com,No
Stevens Woods,165 Clintonville Rd,North Haven,06473,60,Section8_Multifamily,"North Haven Interfaith Housing, Inc.",Shawnclark1970@yahoo.com,No
KING GEORGE APTS,730 GEORGE ST,NEW HAVEN,06511,59,LIHTC,,,No
NORTHEAST AFFORDABLE,717 GARDEN ST,HARTFORD,06112,59,LIHTC,,,No
ARTSPACE NORWICH,35 CHESTNUT ST,NORWICH,06360,58,LIHTC,,,No
FAIRFIELD RIDGE APARTMENTS,1-87 FAIRFIELD RIDGE RD,DANBURY,06810,58,LIHTC,,,No
Elderly and Bond Street,40 Chestnut St,New Britain,06051,58,Public_Housing,Housing Authority of the CIty of New Britain,,No
WESTWOOD 58 PROGRESS DRIVE LP,11 WESTWOOD DR,STAMFORD,06902,57,LIHTC,,,No
HISTORIC ASYLUM HILL APT,234 ASHLEY ST,HARTFORD,06105,57,LIHTC,,,No
ANNAWAN APTS,29 ANNAWAN ST,HARTFORD,06114,57,LIHTC,,,No
NORTH END GATEWAY,1450 MAIN ST,HARTFORD,06120,57,LIHTC,,,No
FAIR STREET APTS,80 FAIR ST,NORWALK,06851,57,LIHTC,,,No
DYE HOUSE,190 PINE ST,MANCHESTER,06040,57,LIHTC,,,No
FRANKLIN SQUARE MANOR,20 Whiting St,New Britain,06051,57,Section8_Multifamily,White Mule LLC,dkovel@beaconcommunitiesllc.com,No
QUEBEC SQUARE VILLAGE,3 Quebec Sq,Brooklyn,06234,57,Section8_Multifamily,"QUEBEC SQUARE HOUSING, INC.",sandy.brodeur@gmail.com,No
WARNER GARDENS,154 WARNER ST,WATERBURY,06704,56,LIHTC,,,No
DEVCON FRANKLIN SQUARE MANOR,120 WHITING ST,NEW BRITAIN,06051,56,LIHTC,,,No
THE BETTY RUTH & MILTON B HOLLANDER FOUNDATION CENTER,15 HIGH ST,HARTFORD,06103,56,LIHTC,,,No
SMITHFIELD GARDENS ASSISTED LIVING,26 SMITH ST,SEYMOUR,06483,56,LIHTC,,,No
CEDARWOODS APARTMENTS,CAMEO DRIVE + 87 ROANOKE AVE.,WILLIMANTIC,06226,56,LIHTC,,,No
ST PAULS COMMONS,1475 B NOBLE AVENUE + 1768 BOSTON AVENUE,BRIDGEPORT,06610,56,LIHTC,,,No
Saint Mary's Elderly,1451 Main St,E Hartford,06108,56,Section8_Multifamily,St. Mary's Housing Partnership,richard@gardenhomesmanagement.com,No
Orchard Crossing,80 Glenbrook Avenue,WATERBURY,06705,56,Section8_Multifamily,Orchard Crossing LLC,scarabetta@carabetta.com,No
RIBICOFF COTTAGES (9% PHASE),200 BROOKSIDE AVE,NEW HAVEN,06515,55,LIHTC,,,No
THE ROYLE AT DARIEN (FKA OLD TOWN HALL HOMES),719 BOSTON POST ROAD,DARIEN,06820,55,LIHTC,,,No
MAIN & NELSON STS,2357-59  Main St,HARTFORD,06120,55,Section8_Multifamily,Nelson Associates,hrclauri@aol.com,No
DEERFIELD VILLAGE II,10 KING ARTHUR DR,NIANTIC,06357,54,LIHTC,,,No
WHISPERING PINES II,100 WHISPERING PINES RD,AVON,06001,54,LIHTC,,,No
DUTCH POINT COLONY HOPE VI,36 NORWICH ST,HARTFORD,06106,54,LIHTC,,,No
SASCO CREEK VILLAGE,1655 POST ROAD EAST,WESTPORT,06880,54,LIHTC,,,No
AHEPA 250 I - NIANTIC,267 ROXBURY RD,NIANTIC,06357,54,Section8_Multifamily,"AHEPA 250, INC.",mitchellterm@yahoo.com,No
WILLARD MANOR,36 VINE RD,STAMFORD,06905,54,Section8_Multifamily,Willard Manor Senior Apartments Limited Partnershi,sam@thecapitalrealty.com,No
AHEPA 250 II - WATERFORD,95 Clark Lane,WATERFORD,06385,54,Section8_Multifamily,"AHEPA 250-II, Inc.",mitchellterm@yahoo.com,No
Veterans Terrace Apartments Phase I,70 Columbus Circle,East Hartford,06108,54,Section8_Multifamily,Veterans Terrace Communities I LLC,william.stetson@carabetta.com,No
CHARLES F. GREENE HOMES,68 Highland Ave,Bridgeport,06604,54,Public_Housing,Housing Authority of the City of Bridgeport,,No
WOOSTER MANOR,25 Beaver St,Danbury,06810,54,Public_Housing,Housing Authority of the City of Danbury,,No
MEADOW HILL APARTMENTS,1403 Main St,East Hartford,06108,54,Public_Housing,East Hartford Housing Authority,,No
CHARLES F. GREENE HOMES,98 Highland Ave,Bridgeport,06604,54,Public_Housing,Housing Authority of the City of Bridgeport,,No
CHARLES F. GREENE HOMES,508 Harral Ave,Bridgeport,06604,54,Public_Housing,Housing Authority of the City of Bridgeport,,No
CHARLES F. GREENE HOMES,48 Highland Ave,Bridgeport,06604,54,Public_Housing,Housing Authority of the City of Bridgeport,,No
20 WEST AVENUE,20 West Ave,Norwalk,06854,54,Public_Housing,Housing Authority Of The City Of Norwalk,,No
RIVER MILL VILLAGE PREVIOUSLY THREE ROWS,8 CENTRAL ST,NORTH GROSVENORDALE,06255,53,LIHTC,,,No
Chase Manor II,85 Norman Rd,Norwich,06360,53,Section8_Multifamily,CHASE II ASSOCIATES,gkonover@simonkonover.com,No
CHARLES F. GREENE HOMES,629 Washington Ave,Bridgeport,06604,53,Public_Housing,Housing Authority of the City of Bridgeport,,No
SURFSIDE 200 HIGHRISE,204 Oak St,West Haven,06516,53,Public_Housing,West Haven Housing Authority,,No
NORWALK ELDERLY APTS,100 Leonard Street,NORWALK,06850,52,Section8_Multifamily,Leonard Street Preservation LLC,dmccarthy@heritagehousinginc.com,No
Pondview Apts,335 Butternut St,Middletown,06457,52,Section8_Multifamily,Pondview Apartments LLC,sam@thecapitalrealty.com,No
AHEPA 250-V,269 Roxbury Rd,Niantic,06357,52,Section8_Multifamily,"AHEPA 250 V, Inc.",mitchellterm@yahoo.com,No
HUNTERS RIDGE ASSOC,20 HUNTERS RDG,UNIONVILLE,06085,51,LIHTC,,,No
LOWER GARDEN STREET,353 GARDEN ST,HARTFORD,06112,51,Section8_Multifamily,The Hartford Communities III LLC,jcarabetta@carabetta.com,No
Veterans Terrace Phase III,148 COLUMBUS CIRCLE,EAST HARTFORD,06108,51,Section8_Multifamily,Veterans Terrace Communities III LLC,eric.polinsky@carabetta.com,No
Glen Ayre Apts.,1 Glen Ayre Dr,New Milford,06776,51,Section8_Multifamily,HILLSIDE ELDERLY HOUSING INC.,dpelletier@ehmchm.org,No
ENO FARMS,1602 HOPMEADOW ST,SIMSBURY,06070,50,LIHTC,,,No
EASTON PLACE,32 JAIDEE DR,EAST HARTFORD,06118,50,LIHTC,,,No
PARK CITY RESIDENTIAL CARE HOME,752 PARK AVE,BRIDGEPORT,06604,50,LIHTC,,,No
WESTLAND PLACE LP,275 WESTLAND ST,HARTFORD,06112,50,LIHTC,,,No
ARTSPACE WINDHAM,480 MAIN ST,WILLIMANTIC,06226,50,LIHTC,,,No
BRICK HOLLOW,555 ZION ST,HARTFORD,06106,50,LIHTC,,,No
STAMFORD METRO GREEN APTS LLC,84 HENRY ST,STAMFORD,06902,50,LIHTC,,,No
MARSHALL COMMONS (FKA LUDLOW PLACE),192 LUDLOW STREET,STAMFORD,06902,50,LIHTC,,,No
STONINGTON ACRES,134-186 STONINGTON STREET,HARTFORD,06106,50,LIHTC,,,No
PINE TREE APARTMENTS,15 PINE TREE LN,FAIRFIELD,06825,50,LIHTC;Section8_Multifamily,"Trefoil, LLC",cmartin14@snet.net,Yes
AHEPA 110 - BLDG 1,110 PUKALLUS AVE,NORWICH,06360,50,Section8_Multifamily,"AHEPA 110, Inc.",yianni7@yahoo.com,No
Canal Park/ Westport Elderly Hsg,1 Canal St,Westport,06880,50,Section8_Multifamily,Canal Park LLC,cmartin@westport.org,No
Chase Manor I,55 Norman Rd,Norwich,06360,50,Section8_Multifamily,Chase Manor Associates,gkonover@simonkonover.com,No
CHESHIRE ELDERLY VILLAGE,135 E Mitchell Ave,Cheshire,06410,50,Section8_Multifamily,Cheshire Village Associates,jfcgib@aol.com,No
CHESHIRE HILLSIDE VILLAGE II,233-247 E MITCHELL AVE,CHESHIRE,06410,50,Section8_Multifamily,CHESHIRE VILLAGE ASSOCIATES-SECTION II,jfcgib@aol.com,No
Miss Laura Raymond Homes,306 Main Ave,Norwalk,06851,50,Section8_Multifamily,"Miss Laura M. Raymond Homes, Inc.",dshockley108@gmail.com,No
AHEPA 250-IV,265 Roxbury Rd.,Niantic,06357,50,Section8_Multifamily,"AHEPA 250-IV, Inc.",mitchellterm@yahoo.com,No
OAKWOOD KNOLL,,Norwich,06360,50,Public_Housing,Norwich Housing Authority,,No
JOHN J. ASHTON TOWER,645 Valley St,Willimantic,06226,50,Public_Housing,Willimantic Housing Authority,,No
THE MARVIN,60 GREGORY BLVD,NORWALK,06855,49,LIHTC,,,No
BROAD RIVER HOMES,108 New Canaan Ave,Norwalk,06850,49,Section8_Multifamily,"NORWALK CONGREGATE HOMES FOR THE ELDERLY, INC",cjarboe@lovejoyrimer.com,No
GEORGIAN MANOR III,510 Stafford Ave,Bristol,06010,49,Section8_Multifamily,Georgian Manor Phase III,angelo.william.del@snet.net,No
GEORGIAN MANOR PHASE II,490 STAFFORD AVE,BRISTOL,06010,49,Section8_Multifamily,"DELFINO, A & WDBA  TRI-D REALTY CO.",industriald@comcast.net,No
20 WEST AVENUE,26 Monroe St,Norwalk,06854,49,Public_Housing,Housing Authority Of The City Of Norwalk,,No
MATTHEW RUOPPOLO MANOR,72 Fairmont Ave,New Haven,06513,49,Public_Housing,Housing Authority of the City of New Haven,,No
SIMSBURY SPECIALTY HOUSING,100 CASTERBRIDGE XING,SIMSBURY,06070,48,LIHTC,,,No
SOROMUNDI COMMONS,135 BROAD ST,HARTFORD,06105,48,LIHTC,,,No
GLEN,130 WILLOW ST,WINSTED,06098,48,LIHTC,,,No
DEER MEADOW,1 DEER MEADOW DR,BLOOMFIELD,06002,48,LIHTC,,,No
TRINITY PARK,80 SPRUCE ST,STAMFORD,06902,48,LIHTC,,,No
OJAKIAN COMMONS,"100 CASTERBRIDGE CROSSING LOT C, DORSET CROSSING",SIMSBURY,06070,48,LIHTC,,,No
SUMMER PLACE,992 SUMMER STREET,STAMFORD,06905,48,LIHTC,,,No
Beachport Apartments,39-40 RUMBERG RD,CHESHIRE,06410,48,Section8_Multifamily,CHESHIRE HOUSING AUTHORITY,chbaalou@sbcglobal.net,No
Bishop Curtis/Augustana Homes - E. Bridgeport,264 Union Avenue,BRIDGEPORT,06607,48,Section8_Multifamily,AH East Bridgeport Acquisition LLC,mfinkle@related.com,No
Oakview Sr Hsg,520 Pool Rd,North Haven,06473,48,Section8_Multifamily,Oak View Housing Inc.,pastorscott@northhavenucc.org,No
122 WILMONT RD,122 WILMOT RD,NEW HAVEN,06515,47,LIHTC,,,No
MATTHEW RUOPPOLO MANOR,70 Fairmont Ave,New Haven,06513,47,Public_Housing,Housing Authority of the City of New Haven,,No
PALMER SQUARE,15 STONERIDGE CIR,STAMFORD,06902,46,LIHTC,,,No
ARTSPACE HARTFORD,555 ASYLUM AVE,HARTFORD,06105,46,LIHTC,,,No
BYAM VILLAGE,1782 MERIDEN RD,WATERBURY,06705,46,LIHTC,,,No
LASCANA HOMES OF ORANGE,329 SMITH FARM ROAD,ORANGE,06477,46,LIHTC,,,No
BYAM VILLAGE,1822 BYAM  Road,WATERBURY,06705,46,Section8_Multifamily,Byam Limited Partnership,aan@fac-llc.com,No
INTERFAITH HOMES,3-9 MOUNTAIN AVE,BLOOMFIELD,06002,46,Section8_Multifamily,Interfaith Homes Inc,beanibabs@aol.com,No
Zion Park,606 ZION ST,Hartford,06106,46,Section8_Multifamily,Zion Park MF II LLC,dbanik@IREImpact.com,No
AHEPA 110 - BLDG III,370 HAMILTON AVENUE,NORWICH,06360,46,Section8_Multifamily,"AHEPA 110 III, Inc.",cdixson@ahepahousing.org,No
OLD FARMS CROSSING ASSOC,35 SANDSCREEN RD,AVON,06001,45,LIHTC,,,No
HUNTINGTON PLACE,32 HUNTINGTON ST,HARTFORD,06105,45,LIHTC,,,No
MILL RIVER CROSSING (FKA FARNAM COURTS PHASE IIA 4%),210 HAMILTON STREET,NEW HAVEN,06512,45,LIHTC;Public_Housing,Housing Authority of the City of New Haven,,Yes
Cedar Court Senior Housing Project,92 Cedar St,Norwalk,06854,45,Section8_Multifamily,"Cedar Court Senior Housing, LLC",emily@vestacorp.com,No
WEST HARTFORD FELLOWSHIP III,60 Starkel Rd,West Hartford,06117,45,Section8_Multifamily,60 Starkel Limited Partnership,mgarilli@whfhdevelopmentcorp.org,No
LUTHER RIDGE at MIDDLETOWN,628 Congdon Street W.,MIDDLETOWN,06457,45,Section8_Multifamily,"Lutheran Housing Corporation of Middletown, Inc.",splaza@ascentria.org,No
MEADOW HILL APARTMENTS,163 School St,East Hartford,06108,45,Public_Housing,East Hartford Housing Authority,,No
HUDSON PARK PROJECT,142 SEYMOUR ST,HARTFORD,06106,44,LIHTC,,,No
NEW CITY HOTEL,40 S MAIN ST,NORWALK,06854,44,LIHTC,,,No
YALE STREET COMMONS,140 YALE ST,BRIDGEPORT,06605,44,LIHTC,,,No
LAUREL COMMONS LP,75 GAY ST,WINSTED,06098,44,LIHTC,,,No
FAIR HAVEN MUTUAL HOUSING,"WOLCOTT ST. MURRAY PLACE, SALTONSTALL CT, SALTONSTALL AVENUE",NEW HAVEN,06513,44,LIHTC,,,No
BRANFORD II Elderly,14 RICE TER,BRANFORD,06405,44,Section8_Multifamily,Branford Group Limited Partnership,wmharp@abacusproperty.net,No
Eastgate II,84 Maybury Cir,Waterbury,06705,44,Section8_Multifamily,EASTGATE II ASSOCIATES,sdmc1@alltel.net,No
Glenbrook Manor,10 Glenbrook Rd,Stamford,06902,44,Section8_Multifamily,Glenbrook Road Elderly Housing Corporation,rfox@stamfordhousing.org,No
Torrant House Apts,118 BROAD ST,PLAINVILLE,06062,44,Section8_Multifamily,TORRANT HOUSE ASSOCIATES LIMITED PARTNERSHIP,cpmi@carrproperty.com,No
RENAISSANCE HILL,25-33 Ward St,NEW HAVEN,06510,43,Section8_Multifamily,ASPIC Renaissance LLC,rgc@mcapadvisersllc.com,No
Westfield Village,1-8 WESTFIELD VILLAGE,Danielson,06239,43,Section8_Multifamily,Eastern Connecticut Housing Corporation,wsvecho@gmail.com,No
Foran Towers,264 High St,Milford,06460,43,Public_Housing,Milford Redevelopment and Housing Partnership,,No
CONGRESS STREET HISTORIC,10 CONGRESS ST,HARTFORD,06114,42,LIHTC,,,No
OAK KNOLL APTS,544 CONNECTICUT AVE,NORWALK,06854,42,LIHTC,,,No
BRADLEY ESTATES PHASE II,50 NUTMEG DR,MERIDEN,06451,42,LIHTC,,,No
Y HOUSE,259 PROSPECT ST,TORRINGTON,06790,42,LIHTC,,,No
SUMMIT PARK,"439-441, 443-445, 447-449,459-461 ZION ST. AND 887-891 + 897-901 PARK ST.",HARTFORD,06106,42,LIHTC,,,No
ROBINWOOD APTS,202 - 216 Robinwood Blvd,DAYVILLE,06239,42,Section8_Multifamily,Dayville Affordable Housing Limited Partnership,ssmitley@thecalebfoundation.org,No
Sigourney Square,280-6 SIGOURNEY ST,HARTFORD,06105,42,Section8_Multifamily,Hartford Preservation A LLC,dmccarthy@heritagehousinginc.com,No
VINE ST. APARTMENTS,56 VINE ST,HARTFORD,06112,42,Section8_Multifamily,Vine Rehoboth LLC,ewolfe@sheldonoak.org,No
AHEPA 110 - BLDG II,380 Hamilton Ave.,NORWICH,06360,42,Section8_Multifamily,"AHEPA 110 II, Inc.",tptony16@aol.com,No
VICTORY GARDENS,309 Dixwell Ave,NEW HAVEN,06511,42,Section8_Multifamily,VICTORY GARDENS INC,lisa.wilcox-enhardt@tcbinc.org,No
AHEPA 58 II,1534 Berlin Turnpike,Wethersfield,06109,42,Section8_Multifamily,"AHEPA 58, Inc.",amp1@aol.com,No
MARIAN HEIGHTS,314 Osgood Ave.,New Britain,06053,42,Section8_Multifamily,"Marian Heights, Inc.",smjenniferc@yahoo.com,No
Hearth Homes,5 Abbott Ter,Waterbury,06702,42,Section8_Multifamily,"Hearth Homes of Waterbury, Inc.",revlgreensr@hotmail.com,No
ELEANOR ROOSEVELT HOMES,18 KNAPP ST,STAMFORD,06907,41,Section8_Multifamily,Knapp Street Investors,richard@gardenhomesmanagment.com,No
AHEPA 58 - NATHAN HALE,1532 Berlin Tpke,Wethersfield,06109,41,Section8_Multifamily,"AHEPA 58, Inc.",anp1@aol.com,No
Schoolhouse Apts. New Canaan,156 South Ave,New Canaan,06840,41,Section8_Multifamily,Schoolhouse Apts Inc.,bchollstein@optionline.net,No
Sullivan-McKinney Apts,224 Meadowbrook Rd,Fairfield,06824,41,Section8_Multifamily,Sullivan McKinney Elderly Housing Incorporated,sullivanmckinney@ehmchm.org,No
Mountain Valley Place,120 Valley St,New Haven,06515,41,Section8_Multifamily,MOUNTAIN VALLEY PLACE INC.,scaron@tcbinc.org,No
SHILOH MANOR,330 Butternut Street,MIDDLETOWN,06457,41,Section8_Multifamily,"Shiloh Manor,Inc.",shilohbaptistmdtn@sbcglobal.net,No
Hall Commons,55 George E Pipkins Way,Bridgeport,06608,41,Section8_Multifamily,"Hall Commons, Inc.",dwgoodson@yahoo.com,No
CEDAR ASSOC,106 W CEDAR ST,NORWALK,06854,40,LIHTC,,,No
HUNTINGTON PLACE,1235 HUNTINGTON TPKE,TRUMBULL,06611,40,LIHTC,,,No
TWIN ACRES,134 STONINGTON ST,HARTFORD,06106,40,LIHTC,,,No
FITCH COURT,156 BLOOMFIELD AVE,WINDSOR,06095,40,LIHTC,,,No
LIBERTY COMMONS,8 LIBERTY ST,MIDDLETOWN,06457,40,LIHTC,,,No
HUNTINGTON SENIOR HOUSING,80 WHITE PLAINS RD,TRUMBULL,06611,40,LIHTC,,,No
HARTFORD GRANDFAMILY HOUSING,35 CLARK ST,HARTFORD,06120,40,LIHTC,,,No
INDIAN FIELD APTS,11 FT HILL RD,NEW MILFORD,06776,40,LIHTC,,,No
MILL APTS,57 MILLPORT AVE,NEW CANAAN,06840,40,LIHTC;Section8_Multifamily,Millport Phase II Limited Partnership,shobbs@hobbsinc.com,Yes
MILLPORT PHASE II,59 AND 61 MILLPORT AVENUE,NEW CANAAN,06840,40,LIHTC,,,No
CANTON SPECIALTY HOUSING,300 + 350 COMMERCE DRIVE,CANTON,06019,40,LIHTC,,,No
ORCHARD HILL ESTATES,1630 Main Street,COVENTRY,06238,40,Section8_Multifamily,HOUSING AUTHORITY OF THE TOWN OF COVENTRY,lbradleybh@gmail.com,No
Westerleigh I,300 Plainville Ave,Unionville,06085,40,Section8_Multifamily,FARMINGTON ECUMENICAL & ELDERLY HOUSING CORP.,donna.beaulieu@bofa.com,No
Hill Central   Phase II,130 Button St,New Haven,06519,40,Section8_Multifamily,"Hill Central, LLC",rick@westmountmgmt.com,No
Marjorie Moore Village,250 Kensington Rd,Berlin,06037,40,Section8_Multifamily,BERLIN HOUSING AUTHORITY,mary@berlinhousing.org,No
MOUNTAIN LAUREL MANOR,31 QUAKER LA,BRISTOL,06010,40,Section8_Multifamily,HOUSING AUTHORITY OF THE CITY OF BRISTOL,mshackford@bristolhousing.org,No
Quarry Knoll II,52-99 Quarry Knoll,GREENWICH,06830,40,Section8_Multifamily,QUARRY KNOLL II CORPORATION,ajohnson@greenwichcommunity.org,No
Reynolds Ridge,25 Reynolds Rdg Rd,Bethel,06801,40,Section8_Multifamily,BETHEL HOUSING AUTHORITY,office@bethelhousingauthority.org,No
Canton Twenty One/21 Dowd Ave. Apts,21 Dowd Ave,Canton,06019,40,Section8_Multifamily,CANTON HOUSINGAUTHORITY,lindaspiers@aol.com,No
North Street Townhouses,235 North St,New Britain,06051,40,Section8_Multifamily,FBH New Britain LLC,1stbornholdings@gmail.com,No
Augustana Homes - Danbury,88 Main Street,DANBURY,06810,40,Section8_Multifamily,AH Danbury Acquisition LLC,zack.simmons@related.com,No
AHEPA 250 III - GROTON,251 DROZDYK DR,GROTON,06340,40,Section8_Multifamily,"AHEPA 250-III, Inc.",mitchellterm@yahoo.com,No
Chestnut Hill Apts,40 Edgemont Ln,Wolcott,06716,40,Section8_Multifamily,"Chestnut Hill Housing, Inc.",chestnuthill@ehmchm.org,No
Orford Village Commons,370 W Center St,Manchester,06040,40,Section8_Multifamily,"Orford Senior Housing, Inc",dpelletier@ehmchm.org,No
FOUNTAIN HEIGHTS,345 FOUNTAIN STREET,NEW HAVEN,06515,40,Section8_Multifamily,"B'nai B'rith Housing of New Haven, Inc.",HMiller936@aol.com,No
Grace House,25 Abbott Ter,Waterbury,06702,40,Section8_Multifamily,Grace Congregate Housing Corp.,srosa@ehmchm.org,No
NUESTRA CASA,180 Oak,HARTFORD,06106,40,Section8_Multifamily,"LA CASA ELDERLY HOUSING, INC.",fernandob@sanjuancenter.org,No
WOODS EDGE HOUSING,522 Pool Rd,North Haven,06473,40,Section8_Multifamily,"Woods Edge Housing, Inc.",woodsedge@ehmchm.org,No
Ida B. Wells Apts,100 Coventry St,Hartford,06112,40,Section8_Multifamily,"IDA B. WELLS, INC.",ptyson196@yahoo.com,No
Seasons of Hartford,397 Hudson St,Hartford,06106,40,Section8_Multifamily,"Immanuel Hudson House, Inc.",jeanneomurphy@immanuelhousect.org,No
Winter Grove,491 Darling Street,Southington,06489,40,Section8_Multifamily,"Winter Grove, Inc.",Tom@nwnh.net,No
Norman Ray House,133 Walnut St,Seymour,06483,40,Public_Housing,Housing Authority of the Town of Seymour,,No
FAIR HAVEN MUTUAL HOUSING LP,257 GRAND AVE,NEW HAVEN,06513,39,LIHTC,,,No
HIDDEN BROOK,1655 POST RD E,WESTPORT,06880,39,LIHTC,,,No
River Park Apts,38 W River St,Milford,06460,39,Section8_Multifamily,RIVER PARK ELDERLY HOUSING INC.,riverpark@ehmchm.org,No
CRESCENT BUILDING,431 WASHINGTON AVE,BRIDGEPORT,06604,38,LIHTC,,,No
BARTON COMMONS (FKA EAST STREET APTS.),34 EAST STREET,NEW MILFORD,06776,38,LIHTC,,,No
BLOOMFIELD SPECIALTY HOUSING,458 + 470 COTTAGE GROVE RD,BLOOMFIELD,06002,38,LIHTC,,,No
BRANFORD I/ BRANFORD ELDERLY,21 RICE TERRACE,BRANFORD,06405,38,Section8_Multifamily,21 Rice Terrace LLC,frank@jfaManagement.com,No
CLEARVIEW APTS,496 GARDEN ST,HARTFORD,06112,37,LIHTC,,,No
Clearview Apts,496-515 Garden St,Hartford,06112,37,Section8_Multifamily,Garden Street Ventures LLC,steve@srkmgmt.com,No
STATION PLACE APTS,103-2 WHITFORD CT,CANAAN,06018,37,Section8_Multifamily,107 Whitford Court LLC,Greg@pkcontractingct.com,No
WALL STREET PLACE PHASE I,WALL & ISAACS STREETS TO W AVE,NORWALK,,36,LIHTC,,,No
PARSONGE COTTAGE HOME FOR THE AGED,88 PARSONAGE RD,GREENWICH,06830,36,LIHTC,,,No
HARRISON SQUARE,52 MAIN ST,DANBURY,06810,36,LIHTC,,,No
FOREST COURT,1 BARI COURT,FARMINGTON,06085,36,LIHTC,,,No
BARBOUR-KENSINGTON APTS.,398-300 Barbour Street,HARTFORD,06120,36,Section8_Multifamily,The Hartford Communities I LLC,JCarabetta@Carabetta.com,No
CASA EDAD DE ORO,25 BELDEN ST,HARTFORD,06120,36,Section8_Multifamily,SAN JUAN CENTER ELDERLY HOUSING INC.,fernandob@sanjuancenter.org,No
FOREST COURT,BARI LANE,UNIONVILLE,06085,36,Section8_Multifamily,"Forest Court, LLC",rick@westmountmgmt.com,No
Saye Brook Village East,55 Sheffield St,Old Saybrook,06475,36,Section8_Multifamily,"Old Saybrook Senior Housing, Inc.",dpelletier@ehmchm.org,No
"RIPTON, THE",423 Howe Ave,Shelton,06484,36,Section8_Multifamily,Shelton Senior Housing Inc.,dpelletier@ehmchm.org,No
ALBION STREET APTS,36 ALBION ST,BRIDGEPORT,06605,35,LIHTC;Public_Housing,Housing Authority of the City of Bridgeport,,Yes
CARROLL APTS,25 STEWART AVE,WATERBURY,06705,35,LIHTC,,,No
WASHINGTON PARK REVITALIZATION PROJECT LP,480 E WASHINGTON AVE,BRIDGEPORT,06608,35,LIHTC,,,No
CARROLL BUILDING,44 WILLOW STREET,WATERBURY,06710,35,LIHTC,,,No
PERCIVAL C. SMITH TOWERS,188 Sigourney St,Hartford,06105,35,Public_Housing,Housing Authority of the City of Hartford,,No
ROUTE 6 WESTWOODS ASSOC,312 SCOTT SWAMP RD,FARMINGTON,06032,34,LIHTC,,,No
ARMORY,232 ARCH ST,NEW BRITAIN,06051,34,LIHTC,,,No
FAIRFIELD APTS,1062 FAIRFIELD AVE,BRIDGEPORT,06605,34,LIHTC,,,No
WESTWOODS APTS,308 SCOTT SWAMP RD,FARMINGTON,06032,34,LIHTC,,,No
RIVER COMMONS APARTMENTS,15 SCHOOL STREET,NORWALK,06851,34,LIHTC,,,No
LAWNHILL TERRACE 4,31-97 CUSTER STREET (ODD),STAMFORD,06902,34,LIHTC,,,No
Hallocks Landing,187 Minerva St,Derby,06418,34,Section8_Multifamily,"Lincoln Senior Housing, Inc.",mheltke@ehmchm.org,No
MORRISSEY MANOR,174 Center St,West Haven,06516,34,Public_Housing,West Haven Housing Authority,,No
SOUTH MAIN - EAST LIBERTY APTS,SOUTH MAIN & E LIBERTY,WATERBURY,,33,LIHTC,,,No
LIBERTY SAFE HAVEN,210 STATE ST,NEW HAVEN,06510,33,LIHTC,,,No
QUINNIPIAC TERRACE PHASE III,42 PECK ST,NEW HAVEN,06513,33,LIHTC,,,No
CLINTON COMMONS,75-101 CLINTON AVENUE,BRIDGEPORT,06605,33,LIHTC,,,No
LIBERTY COMMONS,619-629 SOUTH MAIN ST. 24-30 EAST LIBERTY ST.,WATERBURY,06903,33,LIHTC,,,No
MILLPORT PHASE I,33-35 MILLPORT AVENUE,NEW CANAAN,06840,33,LIHTC,,,No
Wellington at Madison,131 Cottage Rd,Madison,06443,33,Section8_Multifamily,The Caleb Foundation,sdecavele@thecalebgroup.org,No
BOSTON COMMONS,1260 Boston Ave,Bridgeport,06610,33,Public_Housing,Housing Authority of the City of Bridgeport,,No
CLINTON COMMONS APTS,91 CLINTON AVE,BRIDGEPORT,06605,32,LIHTC,,,No
134-138 JEFFERSON,134 JEFFERSON ST,HARTFORD,06106,32,LIHTC,,,No
SALMON BROOK ELDERLY HOUSING,,GRANBY,,32,LIHTC,,,No
MAPLEWOOD COURT,434 MAPLEWOOD AVE,BRIDGEPORT,06605,32,LIHTC;Public_Housing,Housing Authority of the City of Bridgeport,,Yes
MAPLE HILL APTS,14 S BROAD ST,MERIDEN,06450,32,LIHTC,,,No
AMSTON VILLAGE LP,500 AMSTON RD,COLCHESTER,06415,32,LIHTC,,,No
SHEPHERD HOME,112 BOW LANE,MIDDLETOWN,06457,32,LIHTC,,,No
CLOVER GARDENS,"834, 846, 852 ASYLUM AVE, 1 HUNTINGTON ST",HARTFORD,06105,32,LIHTC,,,No
MAPLE HILL APTS,20 S Broad St,Meriden,06450,32,Section8_Multifamily,Maple L.P.,aan@facboston.com,No
Porter Street Apts,10 Porter St,Waterbury,06708,32,Section8_Multifamily,"WTBR Associates, LLC",worldwide6527@outlook.com,No
Tunxis Apts,4 PLATNER,UNIONVILLE,06085,32,Section8_Multifamily,Tunxis Apartments,MAnderson@imagineersllc.com,No
Zbikowski Park,61 - 63 Rollison Road,Bristol,06010,32,Section8_Multifamily,HOUSING AUTHORITY OF THE CITY OF BRISTOL,mrowe@bristolhousing.org,No
Winding River Village,1127 Tolland Stage Rd,Tolland,06084,32,Section8_Multifamily,"Tolland Senior Housing, Inc.",rjf2@mac.com,No
Willington Woods,25 Senior Way,Willington,06279,32,Section8_Multifamily,"Access Senior Housing of Willington, Inc.",peter.debiasi@accessagency.org,No
MEADOW VIEW ELDERLY HOUSING,50 Mill Street Ext,Newington,06111,32,Section8_Multifamily,"New Meadow Elderly Housing, Inc.",kmcdermott@ehmchm.org,No
Cherry Apartments,145 Cherry St,Waterbury,06702,32,Section8_Multifamily,"CHERRY AVENUE PARTNERS LIMITED
PARTNERSHIP",haroldfoleyiii@gmail.com,No
THAMES RIVER APARTMENTS,46 Crystal Ave,New London,06320,32,Public_Housing,New London Housing Authority,,No
WINSLOW CELENTANO APTS,60 Warren St,New Haven,06511,32,Public_Housing,Housing Authority of the City of New Haven,,No
MORRISSEY MANOR,18A Bayshore Dr,West Haven,06516,32,Public_Housing,West Haven Housing Authority,,No
MORRISSEY MANOR,34A Bayshore Dr,West Haven,06516,32,Public_Housing,West Haven Housing Authority,,No
270-278 FARMINGTON AVE,270 FARMINGTON AVE,HARTFORD,06105,31,LIHTC,,,No
Antillean Estates,206 DAY  ST,NEW HAVEN,06511,31,Section8_Multifamily,Antillean Estates LLC,wstetson@carabetta.com,No
Bishop Curtis/Augustana Homes - Greenwich,1040 E Putnam Ave,Greenwich,06878,31,Section8_Multifamily,AH Greenwich Acquisition LLC,mfinkle@related.com,No
ROSE COMMONS,540 HARTFORD TURNPIKE,VERNON,06066,31,Section8_Multifamily,"SACRED HEART RETIREMENT COMMUNITY, INC.",fr.rick@cath-comm.org,No
MORRISSEY MANOR,10A Bayshore Dr,West Haven,06516,31,Public_Housing,West Haven Housing Authority,,No
JEFFERSON/SEYMOUR,94 SEYMOUR ST,HARTFORD,06106,30,LIHTC,,,No
MSP HOUSING,2197 MAIN ST,HARTFORD,06120,30,LIHTC,,,No
WEBSTER STREET MUTUAL HOUSING,63 WEBSTER ST,HARTFORD,06114,30,LIHTC,,,No
ST MAURICE ELDERLLY,235 GLENBROOK RD,STAMFORD,06906,30,LIHTC,,,No
WOODBRIDGE ELDERLY HOUSING,15 LUCY ST,WOODBRIDGE,06525,30,LIHTC,,,No
BRICK ROW APTS,25 VERMONT DR,WILLIMANTIC,06226,30,LIHTC,,,No
MONTEREY PLACE - ELM HAVEN HOMES BLOCK C,14 FOOTE ST,NEW HAVEN,06511,30,LIHTC,,,No
CASA FAMILIA,130 SYLVAN AVE,NEW HAVEN,06519,30,LIHTC,,,No
WILLOW CREEK APARTMENTS PHASE III,421 GRANBY STREET,HARTFORD,06112,30,LIHTC,,,No
ASYLUM GARDENS,944 Asylum Ave,Hartford,06105,30,Section8_Multifamily,944 Asylum Ave LLC,office@sternspropertiesgroup.com,No
FAIRFIELD/MILL RIDGE,42-44 High Ridge Rd,DANBURY,06811,30,Section8_Multifamily,FAIRFIELD RIDGE/MILL RIDGE LIMITED PARTNERSHI,dmarra@hacdct.org,No
McKenna Court,1 Washington St,Wallingford,06492,30,Section8_Multifamily,"McKenna Court, LLC",rcanalia@wallingfordha.com,No
SUGARLOAF TERRACE,1 SUGARLOAF TER,MIDDLEFIELD,06481,30,Section8_Multifamily,MIDDLEFIELD HOUSING AUTHORITY,middlehousingauthority@comcast.net,No
Kingsway at Truman Park,71 TRUMAN ST,BRIDGEPORT,06606,30,Section8_Multifamily,"Kingsway at Truman Park, LLC.",Michael@kingswaygroup.org,No
Coventry Place,160 Coventry Street,Bloomfield,06002,30,Section8_Multifamily,"Coventry Place, Inc.",MontyA@crtct.org,No
KING KENNEDY HOMES,1 Emerson St,Norwalk,06855,30,Public_Housing,Housing Authority Of The City Of Norwalk,,No
KILLINGLY ELDERLY HOUSING,,DANIELSON,,29,LIHTC,,,No
COLONY APTS,41 LUDLOW ST,STAMFORD,06902,29,LIHTC,,,No
COUNTRY PLACE OF COLCHESTER LP,7 MEADOW DR,COLCHESTER,06415,28,LIHTC,,,No
PRIMROSE VILLAGE,VALLEY RD,DAYVILLE,,28,LIHTC,,,No
SHEFFIELD OAKS,141 SHEFFIELD AVE,NEW HAVEN,06511,28,LIHTC,,,No
CARRIAGE SQUARE,110 MAIN ST,NORTH GROSVENORDALE,06255,28,LIHTC,,,No
HISTORIC TOWNLEY STREET LP,28 TOWNLEY ST,HARTFORD,06105,28,LIHTC,,,No
HUDSON VIEW COMMONS,519 HUDSON ST,HARTFORD,06106,28,LIHTC,,,No
THE ATLANTIC,50 BELL ST,STAMFORD,06901,28,LIHTC,,,No
SAMUELS COURT APTS,5 SCUPPO RD,DANBURY,06811,28,LIHTC,,,No
Norfolk Senior Housing: Meadowbrook,9 Shepard Road,Norfolk,06058,28,Section8_Multifamily,Norfolk Senior Housing Corporation,lbarbagallo@snet.net,No
Henry Place Apartments,67 - 71 Henry St,Stamford,06902,28,Section8_Multifamily,Henry Place Apartments LLC,sam@thecapitalrealty.com,No
THAMES RIVER APARTMENTS,40 Crystal Ave,New London,06320,28,Public_Housing,New London Housing Authority,,No
BOSTON COMMONS,1150 Pembroke St,Bridgeport,06608,28,Public_Housing,Housing Authority of the City of Bridgeport,,No
NUTMEG PARK APTS,228 DR FOOTE RD,COLCHESTER,06415,27,LIHTC,,,No
379-395 EAST MAIN STREET APTS,379 E MAIN ST,BRIDGEPORT,06608,27,LIHTC,,,No
RIVERBEND APTS,20 GREENWAY DR,BROOKLYN,06234,27,LIHTC,,,No
LEDGEWOOD APTS,35 PLEASANT VIEW ST,JEWETT CITY,06351,27,LIHTC,,,No
ATLANTIC PARK APTS,660 ATLANTIC ST,STAMFORD,06902,27,LIHTC,,,No
Belltown School Elderly Housing,21 BURDICK STREET,STAMFORD,06905,27,Section8_Multifamily,NNI Belltown Elderly Housing Inc,jhealy@newneighborhoods.org,No
LEGION AVENUE COURT,"46-54 AUBURN ST.,",NEW HAVEN,06511,27,Section8_Multifamily,LEG WH LLC,wmharp@abacusproperty.net,No
BULGER APARTMENTS,218 WOODSTOCK - Units 34 - 47,PUTNAM,06260,27,Section8_Multifamily,PUTNAM HOUSING AUTHORITY,putnamhousing@gmail.com,No
Elisha Brook/Access Senior Housing,56 New Park Ave,North Franklin,06254,27,Section8_Multifamily,"Access Senior Housing of Franklin, Inc.",peter.debiasi@accessagency.org,No
ARMORY COURT,10 GRAND ST,NEW BRITAIN,06052,26,LIHTC,,,No
FROG HOLLOW HOMES,180 AFFLECK ST,HARTFORD,06106,26,LIHTC,,,No
Hillside Apts Phase II,29 MOPSIC ST,Norwich,06360,26,Section8_Multifamily,"Eastern Connecticut Housing Opportunities, Inc.",julie@echohomes.org,No
SAINT LUKES,144 BROAD ST,MIDDLETOWN,06457,26,Section8_Multifamily,Broad Street Affordable Housing LLC,billv40@hotmail.com,No
HERBERT T CLARK ASSISTED LIVING,43 CANIONE RD,GLASTONBURY,06033,25,LIHTC,,,No
HALPIN COURT,17 HALPIN LN,RIDGEFIELD,06877,25,LIHTC,,,No
CEDAR HILL APTS,1465 STATE ST,NEW HAVEN,06511,25,LIHTC,,,No
JORDAN BROOK TERRACE,55 YORKSHIRE DR,WATERFORD,06385,25,LIHTC,,,No
UNION STREET COOPERATIVE,305 JENNIFERS WAY,MANCHESTER,,25,LIHTC,,,No
OLDE SCHOOL COMMONS APTS,1059 PEMBROKE ST,BRIDGEPORT,06608,25,LIHTC,,,No
Fairfield Ridge Apts,3-5 FAIRFIELD RIDGE RD,Danbury,06811,25,Section8_Multifamily,Housing Authority of the City of danbury,dmarra@hacdct.org,No
Underwood Family Apts,110 Laurel St.,Hartford,06105,25,Section8_Multifamily,100-110 Laurel Street Associates Limited Partnersh,frances.mariani@sandalwoodmgt.com,No
CHESTNUT HILL / OAK GROVE TERRACE APTS,22 Grove St,Windsor Locks,06096,25,Public_Housing,Windsor Locks Housing Authority,,No
HIGHWOOD SQUARE LP,953 DIXWELL AVE,HAMDEN,06514,24,LIHTC,,,No
BUCKINGHAM STREET,213 BUCKINGHAM ST,HARTFORD,06106,24,LIHTC,,,No
SOUTH COMMON,22 S COMMONS,KENT,06757,24,LIHTC,,,No
ZION STREET MUTUAL HOUSING,511 ZION ST,HARTFORD,06106,24,LIHTC,,,No
FERRY MUTUAL HOUSING LP,309 POPLAR ST,NEW HAVEN,06513,24,LIHTC,,,No
North Purchase,11 Jackson Ln,Bethlehem,06751,24,Section8_Multifamily,BETHLEHEM HOMES INC.,jbshup@aol.com,No
Hill Top Homes,212 Rowayton Ave,Norwalk,06853,24,Section8_Multifamily,ROWAYTON SENIOR HOUSING CORPORATION,dpelletier@ehmchm.org,No
Hop River Homes,25 Riverside Dr,Andover,06232,24,Section8_Multifamily,Eastern Connecticut Housing Corporation,matt@wildwoodmgt.com,No
Lymewood Elderly,249 Boston Post Rd,Old Lyme,06371,24,Section8_Multifamily,"LYMES ELDERLY HOUSING, INC.",vivian.senft@cbmoves.com,No
Stamford Cross Road,6 Cross Rd,Stamford,06905,24,Section8_Multifamily,STAMFORD CROSS RD. RESIDENCES,jlc1953@optonline.net,No
Templeton Farms,16 Swifts Ln,Kent,06757,24,Section8_Multifamily,"KENT VILLAGE HOUSING FOR THE ELDERLY, INC",dpelletier@ehmchm.org,No
Beckley House,85 S Canaan Rd,Canaan,06018,24,Section8_Multifamily,"Geer Village, A Housing & Development Company",lleifert@conquestsolutions.com,No
Ledgewood Acres,Canterbury Road,Plainfield,06374,24,Section8_Multifamily,"P.B.H. Housing of Plainfield, Inc.",rcm550@aol.com,No
Park City - Supportive,12 Garden St,Bridgeport,06605,24,Public_Housing,Housing Authority of the City of Bridgeport,,No
Elderly and Bond Street,150 Bond St,New Britain,06053,24,Public_Housing,Housing Authority of the CIty of New Britain,,No
FIRESIDE APTS. EXT 2,725 Palisade Ave,Bridgeport,06610,24,Public_Housing,Housing Authority of the City of Bridgeport,,No
MASTER CONTRACT - CREATIVE CHOICE,1810 Stratford Ave,Bridgeport,06607,24,Public_Housing,Housing Authority of the City of Bridgeport,,No
CHESTER ELDERLY HOUSING,222 MIDDLESEX AVE,CHESTER,06412,23,LIHTC,,,No
HUNTINGTON PLACE II,46 HUNTINGTON ST,HARTFORD,06105,23,LIHTC,,,No
BERKELEY HEIGHTS,9 Harris Cir,Waterbury,06704,23,Public_Housing,Waterbury Housing Authority,,No
SAMUEL ROODNER COURT,261 Ely Ave,Norwalk,06854,23,Public_Housing,Housing Authority Of The City Of Norwalk,,No
BERKELEY HEIGHTS,23 Harris Cir,Waterbury,06704,23,Public_Housing,Waterbury Housing Authority,,No
BERKELEY HEIGHTS,73 Harris Cir,Waterbury,06704,23,Public_Housing,Waterbury Housing Authority,,No
ANVIL PLACE,55 W MAIN ST,NEW BRITAIN,06051,22,LIHTC,,,No
30 WEST AVE APTS,24 W AVE,NORWALK,06854,22,LIHTC,,,No
MONICA APTS,90 WEBSTER ST,HARTFORD,06114,22,LIHTC,,,No
WHALLEY TERRACE,560 WHALLEY AVE,NEW HAVEN,06511,22,LIHTC,,,No
SUMMITWOODS II,15 MOPSIC CT,NORWICH,06360,22,LIHTC,,,No
High Meadow Apartments,25 HIGH MEADOW PL,Haddam,06438,22,Section8_Multifamily,Haddam Elderly Housing Corporation,jrwoickelman@att.net,No
Lawton House,21 Babcock Ave,Plainfield,06374,22,Section8_Multifamily,"Lawton House, LLC",rheo_brouillard@banksi.com,No
ROBESON ELDERLY HOUSING,91 ROSETTE ST,NEW HAVEN,06519,22,Section8_Multifamily,ROB WH LLC,wmharp@abacusproperty.net,No
Village Apts,6 Evansville Ave,Meriden,06451,22,Section8_Multifamily,Village Apartments Associates,carrprop@aol.com,No
GRACE MEADOWS III,273 Roxbury Rd,Southbury,06488,22,Section8_Multifamily,Pomperaug Senior Housing Inc.,fcmcgee41@gmail.com,No
VICTORY CATHEDRAL,218-220-224-226 Bellevue St.,Hartford,06120,22,Section8_Multifamily,"Victory Housing, Inc",bfairbairn@ehmchm.org,No
New Samaritan Parkville 202,126 and 130 New Park Avenue,Hartford,06106,22,Section8_Multifamily,"New Samaritan Parkville, Inc",kmcdermott@ehmchm.org,No
Berkowitz II,608 Main St,New Britain,06051,22,Section8_Multifamily,Chrysalis Center Housing Development Corporation,scastelli@chrysaliscenterct.org,No
BOSTON COMMONS,855 Norman St,Bridgeport,06605,22,Public_Housing,Housing Authority of the City of Bridgeport,,No
ST MARY'S SCHOOL,55 GROVE ST,WINDSOR LOCKS,06096,21,LIHTC,,,No
GUILFORD INTERFAITH MHLP,2 ROCKY BROOK LN,GUILFORD,06437,21,LIHTC,,,No
WILLOW MUTUAL HOUSING LP,203 WILLOW ST,WATERBURY,06710,21,LIHTC,,,No
LIBERTY PLACE,8 LIBERTY PLACE,CLINTON,06413,21,LIHTC,,,No
GEORGE B. LEWIS II,71 Osborn Rd,Naugatuck,06770,21,Public_Housing,Naugatuck Housing Authority,,No
WILBUR PECK COURT,1C Wilbur Peck Ct,Greenwich,06830,21,Public_Housing,Greenwich Housing Authority,,No
WILBUR PECK COURT,3C Wilbur Peck Ct,Greenwich,06830,21,Public_Housing,Greenwich Housing Authority,,No
29 COOKE ST,29 COOKE ST,WATERBURY,06710,20,LIHTC,,,No
HART GARDENS APTS,439 ARCH ST,NEW BRITAIN,06051,20,LIHTC,,,No
RICHARD STREET COOPERATIVE,72 WOLCOTT ST,NEW HAVEN,06513,20,LIHTC,,,No
CARTER COURT COOPERATIVE,1 FULL CIR,GLASTONBURY,06033,20,LIHTC,,,No
EAST MAIN MEWS,588 E MAIN ST,BRIDGEPORT,06608,20,LIHTC,,,No
AREYTO APTS,665 ARCTIC ST,BRIDGEPORT,06608,20,LIHTC,,,No
ST. MARY PLACE,16 HUNTINGTON STREET,NEW LONDON,06320,20,LIHTC;Section8_Multifamily,ST. MARY PLACE - THE CONNECTION FUND LIMITED PARTN,bhogan@theconnectioninc.org,Yes
CAPITAL APARTMENTS,290 MAIN STREET,ANSONIA,06401,20,Section8_Multifamily,Capitol Plaza,harp.wm@gmail.com,No
Oak Grove Apartments,48 William Palmer Road,MOODUS,06469,20,Section8_Multifamily,"SENIOR HOUSINGCORP. OF EAST HADDAM, INC.",matt@westfordmgt.com,No
Legion Woods,442-448 Legion Ave.,New Haven,06511,20,Section8_Multifamily,"The Connection Fund Realty, Inc.",skabshire@theconnectioninc.org,No
Susan M.B. Perry Senior Hsg,115 Spencer Street,Winsted,06098,20,Section8_Multifamily,Northwest Senior Housing Corporation,MFontaine@demarcomc.com,No
ENFIELD MAGNOLIA,"60 Wadsworth Street, L6",Hartford,06106,20,Section8_Multifamily,Hartford Preservation A LLC,dmcarthy@heritagehousinginc.com,No
BERKELEY HEIGHTS,141 Harris Cir,Waterbury,06704,20,Public_Housing,Waterbury Housing Authority,,No
BERKELEY HEIGHTS,82 Harris Cir,Waterbury,06704,20,Public_Housing,Waterbury Housing Authority,,No
P.T. BARNUM APTS.,209 Anthony St,Bridgeport,06605,20,Public_Housing,Housing Authority of the City of Bridgeport,,No
P.T. BARNUM APTS.,201 Anthony St,Bridgeport,06605,20,Public_Housing,Housing Authority of the City of Bridgeport,,No
BERKELEY HEIGHTS,159 Harris Cir,Waterbury,06704,20,Public_Housing,Waterbury Housing Authority,,No
BERKELEY HEIGHTS,45 Harris Cir,Waterbury,06704,20,Public_Housing,Waterbury Housing Authority,,No
Windermere Court,29 Windermere Ave,Rockville,06066,20,Public_Housing,Vernon Housing Authority,,No
P.T. BARNUM APTS.,144 Saint Stephens Rd,Bridgeport,06605,20,Public_Housing,Housing Authority of the City of Bridgeport,,No
BERKELEY HEIGHTS,171 Harris Cir,Waterbury,06704,20,Public_Housing,Waterbury Housing Authority,,No
Elderly and Bond Street,70 Bond St,New Britain,06053,20,Public_Housing,Housing Authority of the CIty of New Britain,,No
P.T. BARNUM APTS.,471 Bird St,Bridgeport,06605,20,Public_Housing,Housing Authority of the City of Bridgeport,,No
BERKELEY HEIGHTS,32 Harris Cir,Waterbury,06704,20,Public_Housing,Waterbury Housing Authority,,No
P.T. BARNUM APTS.,156 Saint Stephens Rd,Bridgeport,06605,20,Public_Housing,Housing Authority of the City of Bridgeport,,No
P.T. BARNUM APTS.,221 Anthony St,Bridgeport,06605,20,Public_Housing,Housing Authority of the City of Bridgeport,,No
P.T. BARNUM APTS.,148 Saint Stephens Rd,Bridgeport,06605,20,Public_Housing,Housing Authority of the City of Bridgeport,,No
P.T. BARNUM APTS.,160 Saint Stephens Rd,Bridgeport,06605,20,Public_Housing,Housing Authority of the City of Bridgeport,,No
CHESTNUT HILL / OAK GROVE TERRACE APTS,13 Grove St,Windsor Locks,06096,20,Public_Housing,Windsor Locks Housing Authority,,No
P.T. BARNUM APTS.,455 Bird St,Bridgeport,06605,20,Public_Housing,Housing Authority of the City of Bridgeport,,No
P.T. BARNUM APTS.,140 Saint Stephens Rd,Bridgeport,06605,20,Public_Housing,Housing Authority of the City of Bridgeport,,No
P.T. BARNUM APTS.,136 Saint Stephens Rd,Bridgeport,06605,20,Public_Housing,Housing Authority of the City of Bridgeport,,No
P.T. BARNUM APTS.,467 Bird St,Bridgeport,06605,20,Public_Housing,Housing Authority of the City of Bridgeport,,No
P.T. BARNUM APTS.,217 Anthony St,Bridgeport,06605,20,Public_Housing,Housing Authority of the City of Bridgeport,,No
P.T. BARNUM APTS.,451 Bird St,Bridgeport,06605,20,Public_Housing,Housing Authority of the City of Bridgeport,,No
BERKELEY HEIGHTS,70 Harris Cir,Waterbury,06704,20,Public_Housing,Waterbury Housing Authority,,No
P.T. BARNUM APTS.,205 Anthony St,Bridgeport,06605,20,Public_Housing,Housing Authority of the City of Bridgeport,,No
BERKELEY HEIGHTS,127 Harris Cir,Waterbury,06704,20,Public_Housing,Waterbury Housing Authority,,No
P.T. BARNUM APTS.,213 Anthony St,Bridgeport,06605,20,Public_Housing,Housing Authority of the City of Bridgeport,,No
BERKELEY HEIGHTS,46 Harris Cir,Waterbury,06704,20,Public_Housing,Waterbury Housing Authority,,No
P.T. BARNUM APTS.,152 Saint Stephens Rd,Bridgeport,06605,20,Public_Housing,Housing Authority of the City of Bridgeport,,No
Pembroke Commons,1055 Pembroke St,Bridgeport,06608,19,Section8_Multifamily,"NNI Pembroke, LLC",jfloyd@newneighborhoods.org,No
Elderly and Bond Street,110 Bond St,New Britain,06053,19,Public_Housing,Housing Authority of the CIty of New Britain,,No
P.T. BARNUM APTS.,225 Anthony St,Bridgeport,06605,19,Public_Housing,Housing Authority of the City of Bridgeport,,No
PUTNAM PARK ASSOC,753 PARK ST,HARTFORD,06106,18,LIHTC,,,No
PUTNAM SQUARE,1428 MAIN ST,BRIDGEPORT,06604,18,LIHTC,,,No
TRINITY GATE APTS,1668 BROAD ST,HARTFORD,06106,18,LIHTC,,,No
UNION SCHOOL SENIOR APTS,564 THOMPSON AVE,EAST HAVEN,06512,18,LIHTC,,,No
ELMCREST TERRACE SUPPORTIVE HOUSING,4 ELMCREST TERRACE,NORWALK,06850,18,LIHTC,,,No
ARMSTRONG COURT PHASE 1,31-36 ARMSTRONG COURT,GREENWICH,06833,18,LIHTC,,,No
BURLINGTON GP HOME,8 Carriage Dr,BURLINGTON,06013,18,Section8_Multifamily,BURLINGTON GROUP HOMES INC.,james.jones@oakhillct.org,No
FIELDSTONE COURT AKA PARKWOOD APTS.,Fieldstream Drive and Greystone Road,WATERBURY,06720,18,Section8_Multifamily,Fieldstone Court of Waterbury LLC,Astueck@rei-pm.net,No
University Row Cooperative,127-141  HENRY ST,NEW HAVEN,06511,18,Section8_Multifamily,"UNIVERSITYROW HOMES, INC., c/o PRES Mike Maynard",michael.maynard@snet.net,No
Wolcott Place I & II,42  Wolcott St,Hartford,06106,18,Section8_Multifamily,WOLCOTT PLACE ASSOCIATES LLC,cvalinho@pbihartford.com,No
Bernhardt Meadow,19 Bernhardt Meadow Ln,Roxbury,06783,18,Section8_Multifamily,"Roxbury Senior Housing, Inc.",mtemple8861@sbcglobal.net,No
"Zezzo, Rev. Joseph, House",184-186 Homestead Ave,Hartford,06112,18,Section8_Multifamily,Zezzo House Corporation,smanns@betterquality.org,No
Saint Lukes Senior Housing,120 Goffe Street,New Haven,06511,18,Section8_Multifamily,St. Luke's Senior Housing Inc.,jeffandrus@aol.com,No
MEADOW GARDENS,49 Meadow St,Norwalk,06854,18,Public_Housing,Housing Authority Of The City Of Norwalk,,No
WILBUR PECK COURT,3A Wilbur Peck Ct,Greenwich,06830,18,Public_Housing,Greenwich Housing Authority,,No
BOSTON COMMONS,408 Poplar St,Bridgeport,06605,18,Public_Housing,Housing Authority of the City of Bridgeport,,No
PERCIVAL C. SMITH TOWERS,75 Vine St,Hartford,06112,18,Public_Housing,Housing Authority of the City of Hartford,,No
WILBUR PECK COURT,1A Wilbur Peck Ct,Greenwich,06830,18,Public_Housing,Greenwich Housing Authority,,No
RIVERSIDE APARTMENTS,75 Central St Apt 15,Ansonia,06401,18,Public_Housing,Housing Authority of the City of Ansonia,,No
KIRKHAM MUTUAL HOUSING,235 GRAND AVE,BRANFORD,,17,LIHTC,,,No
LOCUST STREET,128 LOCUST ST,WATERBURY,06704,17,LIHTC,,,No
ROSE HEIGHTS,371 E MAIN ST,BRIDGEPORT,06608,17,LIHTC,,,No
ROSENTHAL GARDENS,63 KIRKHAM ST,BRANFORD,06405,17,LIHTC,,,No
Crescent Crossings Phase I,160 Church St,Bridgeport,06608,17,Section8_Multifamily,"Crescent Crossings 1C, LLC",,No
Val Macri,109 Frank St,New Haven,06519,17,Public_Housing,Housing Authority of the City of New Haven,,No
WILBUR PECK COURT,2A Wilbur Peck Ct,Greenwich,06830,17,Public_Housing,Greenwich Housing Authority,,No
2450 MAIN ST,2450 MAIN ST,BRIDGEPORT,06606,16,LIHTC,,,No
TAYLOR STREET,25 TAYLOR ST,STAMFORD,06902,16,LIHTC;Public_Housing,Housing Authority of the City of Stamford,,Yes
MURRAY ON MAIN,699 MAIN STREET,WINDHAM,06226,16,LIHTC,,,No
HIGHWOOD GARDENS,324 GOODRICH ST,HAMDEN,06517,16,Section8_Multifamily,Highwood Gardens Apartments LLC,wmharp@abacusproperty.net,No
SENIOR COURT,9 Union Ave,Norwalk,06851,16,Public_Housing,Housing Authority Of The City Of Norwalk,,No
RAYMOND E. BALDWIN,701 Birch Dr,Stratford,06615,16,Public_Housing,Housing Authority of the Town of Stratford,,No
RAYMOND E. BALDWIN,201 Birch Dr,Stratford,06615,16,Public_Housing,Housing Authority of the Town of Stratford,,No
FARNUM COURTS,201 Franklin St,New Haven,06511,16,Public_Housing,Housing Authority of the City of New Haven,,No
HOCKANUM PARK,43 Elms Village Dr,East Hartford,06118,16,Public_Housing,East Hartford Housing Authority,,No
RIVERSIDE APARTMENTS,75 Central St Apt 1,Ansonia,06401,16,Public_Housing,Housing Authority of the City of Ansonia,,No
SBONA TOWERS,1325 Randolph Rd,Middletown,06457,16,Public_Housing,Middletown Housing Authority,,No
CHESTNUT HILL / OAK GROVE TERRACE APTS,50 Chestnut St,Windsor Locks,06096,16,Public_Housing,Windsor Locks Housing Authority,,No
FARNUM COURTS,204 Hamilton St,New Haven,06511,16,Public_Housing,Housing Authority of the City of New Haven,,No
MORRISSEY MANOR,17A Bayshore Dr,West Haven,06516,16,Public_Housing,West Haven Housing Authority,,No
RAYMOND E. BALDWIN,301 Birch Dr,Stratford,06615,16,Public_Housing,Housing Authority of the Town of Stratford,,No
RAYMOND E. BALDWIN,320 Everett St,Stratford,06615,16,Public_Housing,Housing Authority of the Town of Stratford,,No
FARNUM COURTS,211 Franklin St,New Haven,06511,16,Public_Housing,Housing Authority of the City of New Haven,,No
CHATHAM COURT,1 Chatham Ct,Portland,06480,16,Public_Housing,Portland Housing Authority,,No
RIVERSIDE APARTMENTS,72 Olson Dr,Ansonia,06401,16,Public_Housing,Housing Authority of the City of Ansonia,,No
RAYMOND E. BALDWIN,601 Birch Dr,Stratford,06615,16,Public_Housing,Housing Authority of the Town of Stratford,,No
HOCKANUM PARK,23 Elms Village Dr,East Hartford,06118,16,Public_Housing,East Hartford Housing Authority,,No
RAYMOND E. BALDWIN,72 Watkins St,Stratford,06615,16,Public_Housing,Housing Authority of the Town of Stratford,,No
HOCKANUM PARK,35 Elms Village Dr,East Hartford,06118,16,Public_Housing,East Hartford Housing Authority,,No
HOCKANUM PARK,11 Elms Village Dr,East Hartford,06118,16,Public_Housing,East Hartford Housing Authority,,No
PERCIVAL C. SMITH TOWERS,79 Vine St,Hartford,06112,16,Public_Housing,Housing Authority of the City of Hartford,,No
RAYMOND E. BALDWIN,80 Griffen St,Stratford,06615,16,Public_Housing,Housing Authority of the Town of Stratford,,No
RAYMOND E. BALDWIN,50 Griffen St,Stratford,06615,16,Public_Housing,Housing Authority of the Town of Stratford,,No
887-901 PARK STREET LTD,887 PARK ST,HARTFORD,06106,15,LIHTC,,,No
PARK STREET APTS,867 PARK ST,HARTFORD,06106,15,LIHTC,,,No
BISHOP PLACE APTS,20 BISHOP AVE,BRIDGEPORT,06607,15,LIHTC,,,No
STILLWATER HEIGHTS,53 STILLWATER AVE,STAMFORD,06902,15,LIHTC,,,No
Bishop Curtis/Augustana Homes - Fairfield,1677 Post Rd,Fairfield,06824,15,Section8_Multifamily,AH Fairfield Acquisition LLC,mfinkle@related.com,No
ABILITY BEYOND DISABILITY,20 Farview AVE,DANBURY,06810,15,Section8_Multifamily,ABILITY BEYOND DISABILITY,Jane.Davis@abilitybeyond.org,No
WILBUR PECK COURT,2C Wilbur Peck Ct,Greenwich,06830,15,Public_Housing,Greenwich Housing Authority,,No
HOCKANUM PARK,72 Cannon Rd,East Hartford,06108,15,Public_Housing,East Hartford Housing Authority,,No
CHESTNUT HILL / OAK GROVE TERRACE APTS,11 Grove St,Windsor Locks,06096,15,Public_Housing,Windsor Locks Housing Authority,,No
99-115 WILLIAM STREET,99 WILLIAM ST,BRIDGEPORT,06608,14,LIHTC,,,No
NELSON STREET APTS,53 NELSON ST,HARTFORD,06120,14,LIHTC,,,No
"KENNEDY CENTER, THE",755 Palisade Avenue,BRIDGEPORT,06610,14,Section8_Multifamily,"Kenn Homes, Inc.",sgordon@kennedyctr.org,No
PLAZA TERRACE APARTMENTS,17 - 19 MARTIN ST,HARTFORD,06120,14,Section8_Multifamily,Plaza Terrace Mutual Housing Association,cmackinnon@mutualhousing.org,No
North Square Gateway Terrace,15 Bishop St,Waterbury,06704,14,Section8_Multifamily,"North Square Gateway Terrace, Inc.",wrybczyk@newoppinc.org,No
Fellowship Place,992-1000 Whalley Ave.,New Haven,06515,14,Section8_Multifamily,"Fellowship Commons Whalley, Inc.",mguerrera@fellowshipplace.org,No
MOUNT PLEASANT,36 Armistice St,New Britain,06053,14,Public_Housing,Housing Authority of the CIty of New Britain,,No
MORRISSEY MANOR,1B Bayshore Dr,West Haven,06516,14,Public_Housing,West Haven Housing Authority,,No
MARINA VILLAGE,200 South Ave,Bridgeport,06604,14,Public_Housing,Housing Authority of the City of Bridgeport,,No
MARINA VILLAGE,362 Iranistan Ave,Bridgeport,06604,14,Public_Housing,Housing Authority of the City of Bridgeport,,No
MARINA VILLAGE,201 South Ave,Bridgeport,06604,14,Public_Housing,Housing Authority of the City of Bridgeport,,No
BOSTON COMMONS,557 Atlantic St,Bridgeport,06604,14,Public_Housing,Housing Authority of the City of Bridgeport,,No
MARINA VILLAGE,334 Iranistan Ave,Bridgeport,06604,14,Public_Housing,Housing Authority of the City of Bridgeport,,No
HOCKANUM PARK,64 Cannon Rd,East Hartford,06108,14,Public_Housing,East Hartford Housing Authority,,No
WETHERSFIELD AVE APTS,277 WETHERSFIELD AVE,HARTFORD,06114,13,LIHTC,,,No
HUBBARD WOODS MHLP,43 APPLE TREE LN,GUILFORD,06437,13,LIHTC,,,No
HOWARD APTS,672 -674 HOWARD AVE,NEW HAVEN,06519,13,Section8_Multifamily,HOW WH LLC,wmharp@abacusproperty.net,No
INDIAN RIDGE 1/GRISWOLD FAMILY HOUSING,404 EAST MAIN ST,JEWETT CITY,06351,13,Section8_Multifamily,Renee Goldstein,bruceg@paradiseagency.com,No
FIRESIDE APTS. EXT 2,655 Palisade Ave,Bridgeport,06610,13,Public_Housing,Housing Authority of the City of Bridgeport,,No
EDEN DRIVE,148 Eden Dr,Danbury,06810,13,Public_Housing,Housing Authority of the City of Danbury,,No
MARINA VILLAGE,300 South Ave,Bridgeport,06604,13,Public_Housing,Housing Authority of the City of Bridgeport,,No
MARINA VILLAGE,127 Ridge Ave,Bridgeport,06604,13,Public_Housing,Housing Authority of the City of Bridgeport,,No
80 LENOX ST,80 LENOX ST,HARTFORD,06112,12,LIHTC,,,No
STEARNS STREET,57 STEARNS ST,BRISTOL,06010,12,LIHTC,,,No
WETHERSFIELD COMMONS,32 WETHERSFIELD AVE,HARTFORD,06114,12,LIHTC;Section8_Multifamily,32-36 South LP,dunbarj@crtct.org,Yes
BARKHAMSTED-GRANBY GP. HOME,1 HICKORY HILL WAY,WEST GRANBY,06090,12,Section8_Multifamily,"Barkhamsted-Granby Group Homes, Inc.",james.jones@oakhillct.org,No
LASHER COURT,333 MAPLE ST,WETHERSFIELD,06109,12,Section8_Multifamily,Cerebral-Palsy Housing Inc,eg.spielberg@gmail.com,No
GLASTONBURY GP HOMES,2716 HEBRON AVE,GLASTONBURY,06033,12,Section8_Multifamily,GLASTONBURY GROUP HOMES INC,james.jones@oakhillct.org,No
GRANBY GROUP HOMES,25 North Church Road,GRANBY,06035,12,Section8_Multifamily,"Granby Group Homes, Inc.",james.jones@oakhillct.org,No
HARTLAND GROUP HOMES,47 OLD TOWN RD,EAST HARTLAND,06027,12,Section8_Multifamily,"HARTLAND GROUP HOMES, INC.",Christine.Leiby@oakhillct.org,No
LEBANON GROUP HOMES,158 Bascom RD,LEBANON,06249,12,Section8_Multifamily,LEBANON-CANTERBURY GROUP HOMES INC.,christine.leiby@oakhillct.org,No
NEW ALGIERS,2 Rose Park Avenue,STAMFORD,06902,12,Section8_Multifamily,"MAIN STREET INVESTMENTS, LLC",prakash@sraam.com,No
"Hart Residences, Inc.",640 MIDDLETOWN AVE,NEW HAVEN,06513,12,Section8_Multifamily,"Hart Residences, Inc.",juliez@hartinc.org,No
Number One Norton Apts,1 Norton St,New Haven,06511,12,Section8_Multifamily,Norton Street Apartments LLC,wmharp@abacusproperty.net,No
PATHWAYS FUTURES,50 BROOKSIDE DR.,GREENWICH,06830,12,Section8_Multifamily,PATHWAYS  INC,ptesei@pways.org,No
S.A.R.A.H.,197 Alps Rd,BRANFORD,06405,12,Section8_Multifamily,SARAH TUXIS RESIDENTIAL SERVICES,andrew.lucibello@snet.net,No
VERNON GP HOMES,100 VALLEY FALLS RD,VERNON,06066,12,Section8_Multifamily,VERNON GP HOMES INC.,johnsonp@ciboakhill.org,No
LIBERTY HOUSING,40 LIBERTY ST,STAMFORD,06902,12,Section8_Multifamily,LIBERTY HOUSING CO,kmarchand@hallkeen.com,No
Spruce Bank III Apts,825 Main St S,Woodbury,06798,12,Section8_Multifamily,"Woodbury Senior Housing, Inc.",debfuller64@outlook.com,No
Walter S. Brooks at Ormont Court,810 Orchard Ave.,NEW HAVEN,06511,12,Section8_Multifamily,"WALTER S. BROOKS ELDERLY HOMES at ORMONT COURT,INC",iris.santiago@tcbinc.org,No
130 HOWE STREET APTS,130 Howe St,New Haven,06511,12,Section8_Multifamily,130 Howe Street Inc.,rcoote@wmmhotchkiss.com,No
Jefferson Commons Apts,432 Jefferson Avenue,New London,06320,12,Section8_Multifamily,"The Connection Fund - Jefferson, Inc.",ldematteis@theconnectioninc.org,No
BONNIE ACRES,154D Vance Dr,Bristol,06010,12,Public_Housing,Bristol Housing Authority,,No
IRVING FREESE,65 Ward St,Norwalk,06851,12,Public_Housing,Housing Authority Of The City Of Norwalk,,No
HOCKANUM PARK,68 Silver Ln Apt 27,East Hartford,06118,12,Public_Housing,East Hartford Housing Authority,,No
IRVING FREESE,57 Ward St,Norwalk,06851,12,Public_Housing,Housing Authority Of The City Of Norwalk,,No
RIVERSIDE APARTMENTS,70 Woodlawn Ave,Ansonia,06401,12,Public_Housing,Housing Authority of the City of Ansonia,,No
MEADOW GARDENS,11 Fort Point St,Norwalk,06855,12,Public_Housing,Housing Authority Of The City Of Norwalk,,No
MASTER CONTRACT - CREATIVE CHOICE,416 Harral Ave,Bridgeport,06604,12,Public_Housing,Housing Authority of the City of Bridgeport,,No
BONNIE ACRES,153D Vance Dr,Bristol,06010,12,Public_Housing,Bristol Housing Authority,,No
William Kelly Apartments,125 Fairmount St,Waterbury,06706,12,Public_Housing,Waterbury Housing Authority,,No
NELTON COURT,124 Wooster St,Hartford,06120,12,Public_Housing,Housing Authority of the City of Hartford,,No
WESTHILL GARDENS ANNEX,87A Bluefield Dr,Manchester,06040,12,Public_Housing,Manchester Housing Authority,,No
WESTHILL GARDENS ANNEX,42A Bluefield Dr,Manchester,06040,12,Public_Housing,Manchester Housing Authority,,No
MARINA VILLAGE,101 South Ave,Bridgeport,06604,12,Public_Housing,Housing Authority of the City of Bridgeport,,No
NELTON COURT,123 Martin St,Hartford,06120,12,Public_Housing,Housing Authority of the City of Hartford,,No
BONNIE ACRES,136D Vance Dr,Bristol,06010,12,Public_Housing,Bristol Housing Authority,,No
MOUNT PLEASANT,108 Armistice St,New Britain,06053,12,Public_Housing,Housing Authority of the CIty of New Britain,,No
MOUNT PLEASANT,86 Richard St,New Britain,06053,12,Public_Housing,Housing Authority of the CIty of New Britain,,No
MOUNT PLEASANT,103 Richard St,New Britain,06053,12,Public_Housing,Housing Authority of the CIty of New Britain,,No
MOUNT PLEASANT,186 Richard St,New Britain,06053,12,Public_Housing,Housing Authority of the CIty of New Britain,,No
MOUNT PLEASANT,110 Richard St,New Britain,06053,12,Public_Housing,Housing Authority of the CIty of New Britain,,No
MARINA VILLAGE,100 Iranistan Ave,Bridgeport,06604,12,Public_Housing,Housing Authority of the City of Bridgeport,,No
WESTHILL GARDENS ANNEX,27A Bluefield Dr,Manchester,06040,12,Public_Housing,Manchester Housing Authority,,No
HOCKANUM PARK,68 Silver Ln Apt 30,East Hartford,06118,12,Public_Housing,East Hartford Housing Authority,,No
HOCKANUM PARK,68 Silver Ln Apt 1,East Hartford,06118,12,Public_Housing,East Hartford Housing Authority,,No
NELTON COURT,32 Sanford St,Hartford,06120,12,Public_Housing,Housing Authority of the City of Hartford,,No
WESTHILL GARDENS ANNEX,12A Bluefield Dr,Manchester,06040,12,Public_Housing,Manchester Housing Authority,,No
SBONA TOWERS,17 Maplewood Ter,Middletown,06457,12,Public_Housing,Middletown Housing Authority,,No
TRUMBULL GARDENS TOWNHOUSES,70 Yaremich Dr,Bridgeport,06606,12,Public_Housing,Housing Authority of the City of Bridgeport,,No
HOCKANUM PARK,68 Silver Ln Apt 10,East Hartford,06118,12,Public_Housing,East Hartford Housing Authority,,No
WESTHILL GARDENS ANNEX,71A Bluefield Dr,Manchester,06040,12,Public_Housing,Manchester Housing Authority,,No
BONNIE ACRES,171D Vance Dr,Bristol,06010,12,Public_Housing,Bristol Housing Authority,,No
BONNIE ACRES,143D Vance Dr,Bristol,06010,12,Public_Housing,Bristol Housing Authority,,No
The Ellis Block,321 Ellis St,New Britain,06051,11,Section8_Multifamily,ELLIS STREET MILL LLC,astein@winnco.com,No
85 Tremont Section A,85 Tremont St,Meriden,06450,11,Section8_Multifamily,Trinity Tremont Four Limited Partnership,drazend@trinityfincial.com,No
SPRING HEIGHTS,32C Glade St,West Haven,06516,11,Public_Housing,West Haven Housing Authority,,No
FARNUM COURTS,202 Hamilton St,New Haven,06511,11,Public_Housing,Housing Authority of the City of New Haven,,No
EDEN DRIVE,125 Eden Dr,Danbury,06810,11,Public_Housing,Housing Authority of the City of Danbury,,No
HARTFORD SCATTERED SITE I,182 Seymour St,Hartford,06106,11,Public_Housing,Housing Authority of the City of Hartford,,No
MARINA VILLAGE,126 Iranistan Ave,Bridgeport,06604,11,Public_Housing,Housing Authority of the City of Bridgeport,,No
SBONA TOWERS,40 Maplewood Ter,Middletown,06457,11,Public_Housing,Middletown Housing Authority,,No
BOSTON COMMONS,200 Bond St Apt 1,Bridgeport,06610,11,Public_Housing,Housing Authority of the City of Bridgeport,,No
FARNUM COURTS,199 Franklin St,New Haven,06511,11,Public_Housing,Housing Authority of the City of New Haven,,No
EDEN DRIVE,135 Eden Dr,Danbury,06810,11,Public_Housing,Housing Authority of the City of Danbury,,No
Continuum Supportive Housing of West Hartford,100 Beverly Road,West Hartford,06117,10,Section8_Multifamily,"Continuum Supportive Housing of West Hartford, Inc",awestwood@continuumct.org,No
233 ALLEN STREET,233 ALLEN STREET,NEW BRITAIN,06053,10,Section8_Multifamily,233 Allen Street Mutual Housing LLC,cmackinnon@mutualhousing.org,No
364 PUTNAM AVENUE,364 Putnam Ave,Hamden,06517,10,Section8_Multifamily,364 Putnam Limited Partnership,Horowitzharry@gmail.com,No
Pathways Vision,509 East Putnam,GREENWICH,06830,10,Section8_Multifamily,Pathways Vision,ptesei@pways.org,No
GREENFIELD COMMONS,580 Villa Avenue,Fairfield,06825,10,Section8_Multifamily,"Greenfield Commons, Inc.",cmartin14@snet.net,No
Margaret B. Mack Supportive Housing,34-40 Batter Terrace,New Haven,06510,10,Section8_Multifamily,Margaret B. Mack Supportive Housing Corporation,awestwood@continuumct.org,No
SHELDON TERRACE SUPPORTIVE HSG,24 Sheldon Terrace,New Haven,06511,10,Section8_Multifamily,Sheldon Terrace Supportive Housing Corporation,awestwood@continuumct.org,No
Leeway Welton Apartments,34 Welton St,New Haven,06511,10,Section8_Multifamily,Leeway-Welton Housing Corp.,jkatz@leeway.net,No
Bonney Brook,33 Kent Road South,Cornwall Bridge,06754,10,Section8_Multifamily,Cornwall Elderly Housing Corporation,will@greenviewco.com,No
Beckley House Expansion at Geer,85 South Canaan Road,Canaan,06018,10,Section8_Multifamily,"Geer Village, A Housing & Development Company",lleifert@conquestsolutions.com,No
Crosby Manor,84 W Wooster St,Danbury,06810,10,Public_Housing,Housing Authority of the City of Danbury,,No
MEADOW GARDENS,25 Chapel St,Norwalk,06850,10,Public_Housing,Housing Authority Of The City Of Norwalk,,No
MOUNT PLEASANT,627 Myrtle St,New Britain,06053,10,Public_Housing,Housing Authority of the CIty of New Britain,,No
MOUNT PLEASANT,689 Myrtle St,New Britain,06053,10,Public_Housing,Housing Authority of the CIty of New Britain,,No
SPRING HEIGHTS,26A Glade St,West Haven,06516,10,Public_Housing,West Haven Housing Authority,,No
TRUMAN APTS,163 Hamden Ave,Waterbury,06704,10,Public_Housing,Waterbury Housing Authority,,No
HEARTHSTONE APARTMENTS,24 Gregory Cir,Stratford,06615,10,Public_Housing,Housing Authority of the Town of Stratford,,No
SBONA TOWERS,8 Traverse Sq,Middletown,06457,10,Public_Housing,Middletown Housing Authority,,No
HEARTHSTONE APARTMENTS,100 Gregory Cir,Stratford,06615,10,Public_Housing,Housing Authority of the Town of Stratford,,No
HEARTHSTONE APARTMENTS,386 Woodend Rd,Stratford,06615,10,Public_Housing,Housing Authority of the Town of Stratford,,No
HEARTHSTONE APARTMENTS,102 Birch Dr,Stratford,06615,10,Public_Housing,Housing Authority of the Town of Stratford,,No
MOUNT PLEASANT,667 Myrtle St,New Britain,06053,10,Public_Housing,Housing Authority of the CIty of New Britain,,No
HEARTHSTONE APARTMENTS,12 Birch Dr,Stratford,06615,10,Public_Housing,Housing Authority of the Town of Stratford,,No
MOUNT PLEASANT,66 Richard St,New Britain,06053,10,Public_Housing,Housing Authority of the CIty of New Britain,,No
MOUNT PLEASANT,587 Myrtle St,New Britain,06053,10,Public_Housing,Housing Authority of the CIty of New Britain,,No
HARTFORD SCATTERED SITE I,231 Park St,Hartford,06106,10,Public_Housing,Housing Authority of the City of Hartford,,No
SBONA TOWERS,35 Traverse Sq,Middletown,06457,10,Public_Housing,Middletown Housing Authority,,No
BOSTON COMMONS,1441 Park Ave,Bridgeport,06604,10,Public_Housing,Housing Authority of the City of Bridgeport,,No
HEARTHSTONE APARTMENTS,112 Gregory Cir,Stratford,06615,10,Public_Housing,Housing Authority of the Town of Stratford,,No
HEARTHSTONE APARTMENTS,101 Birch Dr,Stratford,06615,10,Public_Housing,Housing Authority of the Town of Stratford,,No
HEARTHSTONE APARTMENTS,113 Gregory Cir,Stratford,06615,10,Public_Housing,Housing Authority of the Town of Stratford,,No
HEARTHSTONE APARTMENTS,23 Gregory Cir,Stratford,06615,10,Public_Housing,Housing Authority of the Town of Stratford,,No
MOUNT PLEASANT,607 Myrtle St,New Britain,06053,10,Public_Housing,Housing Authority of the CIty of New Britain,,No
TRUMBULL GARDENS TOWNHOUSES,414A Trumbull Ave,Bridgeport,06606,10,Public_Housing,Housing Authority of the City of Bridgeport,,No
MOUNT PLEASANT,88 Armistice St,New Britain,06053,10,Public_Housing,Housing Authority of the CIty of New Britain,,No
HEARTHSTONE APARTMENTS,442 Woodend Rd,Stratford,06615,10,Public_Housing,Housing Authority of the Town of Stratford,,No
BOSTON COMMONS,235 Pequonnock St,Bridgeport,06604,10,Public_Housing,Housing Authority of the City of Bridgeport,,No
RAYMOND E. BALDWIN,105 Leeward Dr,Stratford,06615,10,Public_Housing,Housing Authority of the Town of Stratford,,No
TAINO HOUSING & DEVELOPMENT,529 ANN ST,HARTFORD,06103,9,LIHTC,,,No
BLAKE STREET HOMES,204 BLAKE ST,NEW HAVEN,06515,9,LIHTC,,,No
MONTEREY PLACE IB,232 ASHMUN ST,NEW HAVEN,06511,9,LIHTC,,,No
"GODFREY, THE",317 MAIN ST,DANBURY,06810,9,Section8_Multifamily,THE GODFREY,mark@nolanrealestate.org,No
Hospital for Special Care,1224 Corbin Ave,New Britain,06053,9,Section8_Multifamily,CSI Residential Inc.,lwhelan@hfsc.org,No
Oxoboxo Lofts,175 Powder Forest Dr,Weatogue,06089,9,Section8_Multifamily,"OX Master Tenant, LLC",,No
ESSEX TOWNHOUSES,1134 Quinnipiac Ave,New Haven,06513,9,Public_Housing,Housing Authority of the City of New Haven,,No
URSULA PARK TOWNHOUSES,1 Lawn Ave Apt A1,Stamford,06902,9,Public_Housing,Housing Authority of the City of Stamford,,No
HOCKANUM PARK,26 Mill Rd,East Hartford,06118,9,Public_Housing,East Hartford Housing Authority,,No
TRUMBULL GARDENS TOWNHOUSES,472A Trumbull Ave,Bridgeport,06606,9,Public_Housing,Housing Authority of the City of Bridgeport,,No
SPRING HEIGHTS,10A Glade St,West Haven,06516,9,Public_Housing,West Haven Housing Authority,,No
WESTVILLE MANOR,2 Lodge St,New Haven,06515,9,Public_Housing,Housing Authority of the City of New Haven,,No
TRUMBULL GARDENS TOWNHOUSES,340A Trumbull Ave,Bridgeport,06606,9,Public_Housing,Housing Authority of the City of Bridgeport,,No
50-60 EAST CLAY STREET,50 E CLAY ST,WATERBURY,06706,8,LIHTC,,,No
CONGERS HOUSE,616 KOSSUTH ST,BRIDGEPORT,06608,8,LIHTC,,,No
51 CATHERINE AVE,51 CATHERINE AVE,WATERBURY,06704,8,LIHTC,,,No
55 CATHERINE AVE,55 CATHERINE AVE,WATERBURY,06704,8,LIHTC,,,No
Homes with Hope,655 Post Rd E,Westport,06880,8,Section8_Multifamily,"IHA, INC.",jhogan@hwhct.org,No
Continuum Supportive Housing of Wethersfield,337 Hartford Ave.,WETHERSFIELD,06117,8,Section8_Multifamily,"Continuum Supportive Housing of Wethersfield, Inc.",johnsonp@CIBoakhill.org,No
EDEN DRIVE,109 Eden Dr,Danbury,06810,8,Public_Housing,Housing Authority of the City of Danbury,,No
BERKELEY HEIGHTS,91 Harris Cir,Waterbury,06704,8,Public_Housing,Waterbury Housing Authority,,No
Elderly and Bond Street,8 Upton St,New Britain,06051,8,Public_Housing,Housing Authority of the CIty of New Britain,,No
RAYMOND E. BALDWIN,102 Leeward Dr,Stratford,06615,8,Public_Housing,Housing Authority of the Town of Stratford,,No
SPRING HEIGHTS,39A Coleman St,West Haven,06516,8,Public_Housing,West Haven Housing Authority,,No
HOCKANUM PARK,98 Mill Rd,East Hartford,06118,8,Public_Housing,East Hartford Housing Authority,,No
Elderly and Bond Street,18 Halsey Rd,New Britain,06051,8,Public_Housing,Housing Authority of the CIty of New Britain,,No
Willow Gardens,52 Willow St,Torrington,06790,8,Public_Housing,Torrington Housing Authority,,No
SPRING HEIGHTS,2A Glade St,West Haven,06516,8,Public_Housing,West Haven Housing Authority,,No
EDEN DRIVE,101 Eden Dr,Danbury,06810,8,Public_Housing,Housing Authority of the City of Danbury,,No
RAYMOND E. BALDWIN,300 Everett St,Stratford,06615,8,Public_Housing,Housing Authority of the Town of Stratford,,No
NELTON COURT,130 Wooster St,Hartford,06120,8,Public_Housing,Housing Authority of the City of Hartford,,No
RAYMOND E. BALDWIN,10 Leeward Dr,Stratford,06615,8,Public_Housing,Housing Authority of the Town of Stratford,,No
SPRING HEIGHTS,6A Glade St,West Haven,06516,8,Public_Housing,West Haven Housing Authority,,No
WESTHILL GARDENS ANNEX,105A Bluefield Dr,Manchester,06040,8,Public_Housing,Manchester Housing Authority,,No
HOCKANUM PARK,53 Hamilton Rd,East Hartford,06118,8,Public_Housing,East Hartford Housing Authority,,No
HOCKANUM PARK,65 Hamilton Rd,East Hartford,06118,8,Public_Housing,East Hartford Housing Authority,,No
MARINA VILLAGE,18 Ridge Ave,Bridgeport,06604,8,Public_Housing,Housing Authority of the City of Bridgeport,,No
Franklin D. Roosevelt Apartments,81 Kearney Dr,Waterbury,06704,8,Public_Housing,Waterbury Housing Authority,,No
Catherine McKeen Village,73 Jepson Dr Apt 1,Milford,06460,8,Public_Housing,Milford Redevelopment and Housing Partnership,,No
WESTVILLE MANOR,19 Level St,New Haven,06515,8,Public_Housing,Housing Authority of the City of New Haven,,No
Quinnipiac Terrace Phase I,1 Del Rio Dr,New Haven,06513,8,Public_Housing,Housing Authority of the City of New Haven,,No
MARINA VILLAGE,701 South Ave,Bridgeport,06604,8,Public_Housing,Housing Authority of the City of Bridgeport,,No
AUSTIN RD & S END TURNKY,358 Austin Rd,Waterbury,06705,8,Public_Housing,Waterbury Housing Authority,,No
HARTFORD SCATTERED SITE I,7 Sanford St,Hartford,06120,8,Public_Housing,Housing Authority of the City of Hartford,,No
MOUNT PLEASANT,65 Richard St,New Britain,06053,8,Public_Housing,Housing Authority of the CIty of New Britain,,No
RAYMOND E. BALDWIN,501 Birch Dr,Stratford,06615,8,Public_Housing,Housing Authority of the Town of Stratford,,No
HOCKANUM PARK,76 Mill Rd,East Hartford,06118,8,Public_Housing,East Hartford Housing Authority,,No
HOCKANUM PARK,39 Hamilton Rd,East Hartford,06118,8,Public_Housing,East Hartford Housing Authority,,No
BOSTON COMMONS,74 Hewitt St,Bridgeport,06607,8,Public_Housing,Housing Authority of the City of Bridgeport,,No
RAYMOND E. BALDWIN,67 Leeward Dr,Stratford,06615,8,Public_Housing,Housing Authority of the Town of Stratford,,No
AUSTIN RD & S END TURNKY,10 W Clay St,Waterbury,06706,8,Public_Housing,Waterbury Housing Authority,,No
WESTHILL GARDENS ANNEX,21A Carver Ln,Manchester,06040,8,Public_Housing,Manchester Housing Authority,,No
WESTHILL GARDENS ANNEX,39A Bluefield Dr,Manchester,06040,8,Public_Housing,Manchester Housing Authority,,No
OAKWOOD KNOLL,71 Westwood Park,Norwich,06360,8,Public_Housing,Norwich Housing Authority,,No
AUSTIN RD & S END TURNKY,40 W Clay St,Waterbury,06706,8,Public_Housing,Waterbury Housing Authority,,No
RAYMOND E. BALDWIN,36 Leeward Dr,Stratford,06615,8,Public_Housing,Housing Authority of the Town of Stratford,,No
HARTFORD SCATTERED SITE I,33 Orange St,Hartford,06106,8,Public_Housing,Housing Authority of the City of Hartford,,No
Franklin D. Roosevelt Apartments,30 Kearney Dr,Waterbury,06704,8,Public_Housing,Waterbury Housing Authority,,No
HARTFORD SCATTERED SITE I,21 Orange St,Hartford,06106,8,Public_Housing,Housing Authority of the City of Hartford,,No
Franklin D. Roosevelt Apartments,63 Kearney Dr,Waterbury,06704,8,Public_Housing,Waterbury Housing Authority,,No
WESTHILL GARDENS ANNEX,43A House Dr,Manchester,06040,8,Public_Housing,Manchester Housing Authority,,No
SPRING HEIGHTS,22A Glade St,West Haven,06516,8,Public_Housing,West Haven Housing Authority,,No
WESTHILL GARDENS ANNEX,11A Bluefield Dr,Manchester,06040,8,Public_Housing,Manchester Housing Authority,,No
HOCKANUM PARK,21 Holmes St,East Hartford,06118,8,Public_Housing,East Hartford Housing Authority,,No
HOCKANUM PARK,29 Hamilton Rd,East Hartford,06118,8,Public_Housing,East Hartford Housing Authority,,No
WESTHILL GARDENS ANNEX,41A Case Dr,Manchester,06040,8,Public_Housing,Manchester Housing Authority,,No
MOUNT PLEASANT,20 Armistice St,New Britain,06053,8,Public_Housing,Housing Authority of the CIty of New Britain,,No
Catherine McKeen Village,75 Jepson Dr Apt 1,Milford,06460,8,Public_Housing,Milford Redevelopment and Housing Partnership,,No
MARINA VILLAGE,751 South Ave,Bridgeport,06604,8,Public_Housing,Housing Authority of the City of Bridgeport,,No
HOCKANUM PARK,85 Mill Rd,East Hartford,06118,8,Public_Housing,East Hartford Housing Authority,,No
Franklin D. Roosevelt Apartments,52 Kearney Dr,Waterbury,06704,8,Public_Housing,Waterbury Housing Authority,,No
WESTHILL GARDENS ANNEX,108A Bluefield Dr,Manchester,06040,8,Public_Housing,Manchester Housing Authority,,No
RAYMOND E. BALDWIN,230 Woodend Rd,Stratford,06615,8,Public_Housing,Housing Authority of the Town of Stratford,,No
WESTHILL GARDENS ANNEX,80A Bluefield Dr,Manchester,06040,8,Public_Housing,Manchester Housing Authority,,No
HOCKANUM PARK,10 Mill Rd,East Hartford,06118,8,Public_Housing,East Hartford Housing Authority,,No
EDEN DRIVE,117 Eden Dr,Danbury,06810,8,Public_Housing,Housing Authority of the City of Danbury,,No
WESTVILLE MANOR,97 Wayfarer St,New Haven,06515,8,Public_Housing,Housing Authority of the City of New Haven,,No
TRUMBULL GARDENS TOWNHOUSES,405A Trumbull Ave,Bridgeport,06606,8,Public_Housing,Housing Authority of the City of Bridgeport,,No
MARINA VILLAGE,500 Railroad Ave,Bridgeport,06604,8,Public_Housing,Housing Authority of the City of Bridgeport,,No
WESTHILL GARDENS ANNEX,32A McGuire Ln,Manchester,06040,8,Public_Housing,Manchester Housing Authority,,No
Elderly and Bond Street,27 Upton St,New Britain,06051,8,Public_Housing,Housing Authority of the CIty of New Britain,,No
Elderly and Bond Street,36 Halsey Rd,New Britain,06051,8,Public_Housing,Housing Authority of the CIty of New Britain,,No
SPRING HEIGHTS,18A Glade St,West Haven,06516,8,Public_Housing,West Haven Housing Authority,,No
MOUNT PLEASANT,137 Richard St,New Britain,06053,8,Public_Housing,Housing Authority of the CIty of New Britain,,No
Franklin D. Roosevelt Apartments,27 Kearney Dr,Waterbury,06704,8,Public_Housing,Waterbury Housing Authority,,No
MOUNT PLEASANT,707 Myrtle St,New Britain,06053,8,Public_Housing,Housing Authority of the CIty of New Britain,,No
262 WALNUT ST,262 WALNUT ST,WATERBURY,06704,7,LIHTC,,,No
57-61 LUDLOW STREET,57 LUDLOW ST,WATERBURY,06710,7,LIHTC,,,No
68-72 CONGRESS AVENUE,68 CONGRESS AVE,WATERBURY,06708,7,LIHTC,,,No
SHERMAN MANOR,390 SHERMAN AVE,NEW HAVEN,06511,7,LIHTC,,,No
6 BURTON ST,6 BURTON ST,WATERBURY,06704,7,LIHTC,,,No
NEWINGTON GROUP HOME,98 CEDAR ST,NEWINGTON,06111,7,Section8_Multifamily,NEWINGTON GROUP HOMES INC,james.jones@oakhillct.org,No
FIRESIDE APTS. EXT 2,730 Palisade Ave,Bridgeport,06610,7,Public_Housing,Housing Authority of the City of Bridgeport,,No
SPRING HEIGHTS,32A Glade St,West Haven,06516,7,Public_Housing,West Haven Housing Authority,,No
TRUMBULL GARDENS TOWNHOUSES,35A Terrace Cir,Bridgeport,06606,7,Public_Housing,Housing Authority of the City of Bridgeport,,No
ST. ANTHONY II,23A Chamberlain St,New Haven,06512,7,Public_Housing,Housing Authority of the City of New Haven,,No
Quinnipiac Terrace Phase I,5 Peck St,New Haven,06513,7,Public_Housing,Housing Authority of the City of New Haven,,No
TRUMBULL GARDENS TOWNHOUSES,20A Terrace Cir,Bridgeport,06606,7,Public_Housing,Housing Authority of the City of Bridgeport,,No
SPRING HEIGHTS,14A Glade St,West Haven,06516,7,Public_Housing,West Haven Housing Authority,,No
WESTVILLE MANOR,51 Lodge St,New Haven,06515,7,Public_Housing,Housing Authority of the City of New Haven,,No
SBONA TOWERS,22 Traverse Sq,Middletown,06457,7,Public_Housing,Middletown Housing Authority,,No
Thompson Heights,301 Litchfield St,Torrington,06790,7,Public_Housing,Torrington Housing Authority,,No
TRUMBULL GARDENS TOWNHOUSES,68A Terrace Cir,Bridgeport,06606,7,Public_Housing,Housing Authority of the City of Bridgeport,,No
WESTVILLE MANOR,86 Wayfarer St,New Haven,06515,7,Public_Housing,Housing Authority of the City of New Haven,,No
TRUMBULL GARDENS TOWNHOUSES,585A Trumbull Ave,Bridgeport,06606,7,Public_Housing,Housing Authority of the City of Bridgeport,,No
AUSTIN RD & S END TURNKY,372 Austin Rd,Waterbury,06705,7,Public_Housing,Waterbury Housing Authority,,No
WESTVILLE MANOR,65 Lodge St,New Haven,06515,7,Public_Housing,Housing Authority of the City of New Haven,,No
WESTVILLE MANOR,47 Level St,New Haven,06515,7,Public_Housing,Housing Authority of the City of New Haven,,No
MEADOW GARDENS,356 Main Ave,Norwalk,06851,7,Public_Housing,Housing Authority Of The City Of Norwalk,,No
KING KENNEDY HOMES,15A Merritt Pl,Norwalk,06854,7,Public_Housing,Housing Authority Of The City Of Norwalk,,No
TRUMBULL GARDENS TOWNHOUSES,640A Trumbull Ave,Bridgeport,06606,7,Public_Housing,Housing Authority of the City of Bridgeport,,No
URSULA PARK TOWNHOUSES,130 Ursula Pl,Stamford,06902,7,Public_Housing,Housing Authority of the City of Stamford,,No
TRUMBULL GARDENS TOWNHOUSES,335A Trumbull Ave,Bridgeport,06606,7,Public_Housing,Housing Authority of the City of Bridgeport,,No
TRUMBULL GARDENS TOWNHOUSES,55A Terrace Cir,Bridgeport,06606,7,Public_Housing,Housing Authority of the City of Bridgeport,,No
URSULA PARK TOWNHOUSES,1 Lawn Ave Apt B1,Stamford,06902,7,Public_Housing,Housing Authority of the City of Stamford,,No
URSULA PARK TOWNHOUSES,136 Ursula Pl,Stamford,06902,7,Public_Housing,Housing Authority of the City of Stamford,,No
Quinnipiac Terrace Phase III,24 Peck St,New Haven,06513,7,Public_Housing,Housing Authority of the City of New Haven,,No
CHATHAM COURT,39 Chatham Ct,Portland,06480,7,Public_Housing,Portland Housing Authority,,No
TRUMBULL GARDENS TOWNHOUSES,710A Trumbull Ave,Bridgeport,06606,7,Public_Housing,Housing Authority of the City of Bridgeport,,No
HARTFORD SCATTERED SITE I,29 Enfield St,Hartford,06112,7,Public_Housing,Housing Authority of the City of Hartford,,No
WESTVILLE MANOR,1 Wayfarer St,New Haven,06515,7,Public_Housing,Housing Authority of the City of New Haven,,No
CHATHAM COURT,32 Chatham Ct,Portland,06480,7,Public_Housing,Portland Housing Authority,,No
WESTVILLE MANOR,2 Wayfarer St,New Haven,06515,7,Public_Housing,Housing Authority of the City of New Haven,,No
WESTHILL GARDENS ANNEX,31A McGuire Ln,Manchester,06040,7,Public_Housing,Manchester Housing Authority,,No
OAKWOOD KNOLL,49 Westwood Park,Norwich,06360,7,Public_Housing,Norwich Housing Authority,,No
OAKWOOD KNOLL,68 Westwood Park,Norwich,06360,7,Public_Housing,Norwich Housing Authority,,No
MARINA VILLAGE,2 Ridge Ave,Bridgeport,06604,7,Public_Housing,Housing Authority of the City of Bridgeport,,No
SBONA TOWERS,1 Traverse Sq,Middletown,06457,7,Public_Housing,Middletown Housing Authority,,No
GREENWICH CLOSE,10 Brookside Dr,Greenwich,06830,7,Public_Housing,Greenwich Housing Authority,,No
WOODWARD CLIFFS,53 WOODWARD AVE,SOUTH NORWALK,06854,6,LIHTC,,,No
24 ALDEN ST,24 ALDEN ST,HARTFORD,06114,6,LIHTC,,,No
235 LOGAN STREET,229 LOGAN ST,BRIDGEPORT,06607,6,LIHTC,,,No
26 & 30 MAUD STREET,26 MAUD ST,TORRINGTON,06790,6,LIHTC,,,No
626 STILLMAN ST,626 STILLMAN ST,BRIDGEPORT,06608,6,LIHTC,,,No
66 PROSPECT ST,66 PROSPECT ST,NAUGATUCK,06770,6,LIHTC,,,No
701 S MAIN ST,701 S MAIN ST,WATERBURY,06706,6,LIHTC,,,No
156 BISHOP ST,156 BISHOP ST,WATERBURY,06704,6,LIHTC,,,No
CHERRY STREET HEIGHTS,63 CHERRY ST,WATERBURY,06702,6,LIHTC,,,No
BOLTON GROUP HOMES,33 OLD COLCHESTER RD,HEBRON,06248,6,Section8_Multifamily,"BOLTON GROUP HOMES, INC.",james.jones@oakhillct.org,No
COVENTRY GROUP HOME,510 STONEHOUSE RD,COVENTRY,06238,6,Section8_Multifamily,COVENTRY GROUP HOME INC.,james.jones@oakhillct.org,No
KEYSTONE HOUSE,16 ELMCREST TER,NORWALK,06850,6,Section8_Multifamily,KEYSTONE HOUSE INC,vwilliams@keystonehouse.org,No
ARC OF SOUTHINGTON,314 SUMMER ST,SOUTHINGTON,06489,6,Section8_Multifamily,Arc of Southington,ceo@arc-south.org,No
STOLER HOUSE,186 Wolfpit Ave.,NORWALK,06851,6,Section8_Multifamily,"STAR, INC., LIGHTING THE WAY",kbanzhaf@starinconline.com,No
THOMASTON GROUP HOME,263 VALLEY VIEW RD. NORTH,THOMASTON,06787,6,Section8_Multifamily,Thomaston Group Home Inc.,johnsonp@CIBoakhill.org,No
PLYMOUTH GROUP HOME,344 South Street,PLYMOUTH,06782,6,Section8_Multifamily,Plymouth Group Home Inc.,johnsonp@CIBoakhill.org,No
HARWINTON GROUP HOME,181 Hill Road,HARWINTON,06791,6,Section8_Multifamily,Harwinton Group Home Inc.,johnsonp@CIBoakhill.org,No
WATERTOWN GROUP HOME,210 Georgetown Drive,WATERTOWN,06795,6,Section8_Multifamily,Watertown Group Home Inc.,johnsonp@CIBoakhill.org,No
SOUTH AVENUE COTTAGE,162 South Ave,New Canaan,06840,6,Section8_Multifamily,"New Canaan Group Home, Inc.",srosa@ehmchm.org,No
"RIDGEFIELD SUNRISE COTTAGE, INC.",5 Sunset Ln,Ridgefield,06877,6,Section8_Multifamily,"Ridgefield Sunrise Cottage, Inc.",amy.brown@abilitybeyond.org,No
WHALLEY AVENUE HOUSING II,518 Whalley Ave.,NEW HAVEN,06511,6,Section8_Multifamily,"Whalley Avenue Housing II, Inc.",hlatorra@marrakechinc.org,No
Fairfield Commons I,20-28 Fairfield Avenue,Stamford,06901,6,Section8_Multifamily,"MHA Fairfield Commons I, Inc.",RDobos@cthousingpartners.org,No
CHATHAM COURT,26 Chatham Ct,Portland,06480,6,Public_Housing,Portland Housing Authority,,No
HOCKANUM PARK,71 Mill Rd,East Hartford,06118,6,Public_Housing,East Hartford Housing Authority,,No
HARTFORD SCATTERED SITE I,452 Hudson St,Hartford,06106,6,Public_Housing,Housing Authority of the City of Hartford,,No
Brookside Phase I,16 Catherine St,New Haven,06512,6,Public_Housing,Housing Authority of the City of New Haven,,No
OVAL GROVE APARTMENTS,29 Malikowski Cir,New Britain,06053,6,Public_Housing,Housing Authority of the CIty of New Britain,,No
FIRESIDE APTS. EXT 2,75 Stewart St,Bridgeport,06610,6,Public_Housing,Housing Authority of the City of Bridgeport,,No
MCCONAUGHY TERRACE,138 Park Side Dr,New Haven,06515,6,Public_Housing,Housing Authority of the City of New Haven,,No
HARTFORD SCATTERED SITE I,598 Garden St,Hartford,06112,6,Public_Housing,Housing Authority of the City of Hartford,,No
HAMPSHIRE HEIGHTS,14 Thayer St,Putnam,06260,6,Public_Housing,Putnam Housing Authority,,No
TRUMBULL GARDENS TOWNHOUSES,490A Trumbull Ave,Bridgeport,06606,6,Public_Housing,Housing Authority of the City of Bridgeport,,No
OVAL GROVE APARTMENTS,127 Malikowski Cir,New Britain,06053,6,Public_Housing,Housing Authority of the CIty of New Britain,,No
KING KENNEDY HOMES,43A Chestnut St,Norwalk,06854,6,Public_Housing,Housing Authority Of The City Of Norwalk,,No
TRUMBULL GARDENS TOWNHOUSES,342A Trumbull Ave,Bridgeport,06606,6,Public_Housing,Housing Authority of the City of Bridgeport,,No
WESTHILL GARDENS ANNEX,46A House Dr,Manchester,06040,6,Public_Housing,Manchester Housing Authority,,No
HAMPSHIRE HEIGHTS,136 Laconia Ave,Putnam,06260,6,Public_Housing,Putnam Housing Authority,,No
Brookside Phase I,9 Austin St,New Haven,06515,6,Public_Housing,Housing Authority of the City of New Haven,,No
Laurel Acres,523 Torringford West St,Torrington,06790,6,Public_Housing,Torrington Housing Authority,,No
OVAL GROVE APARTMENTS,88 Malikowski Cir,New Britain,06053,6,Public_Housing,Housing Authority of the CIty of New Britain,,No
WAVERLY TOWNHOUSES,66 Day St,New Haven,06511,6,Public_Housing,Housing Authority of the City of New Haven,,No
WESTVILLE MANOR,15 Wayfarer St,New Haven,06515,6,Public_Housing,Housing Authority of the City of New Haven,,No
TRUMBULL GARDENS TOWNHOUSES,680A Trumbull Ave,Bridgeport,06606,6,Public_Housing,Housing Authority of the City of Bridgeport,,No
OVAL GROVE APARTMENTS,2 Malikowski Cir,New Britain,06053,6,Public_Housing,Housing Authority of the CIty of New Britain,,No
URSULA PARK TOWNHOUSES,38 Connecticut Ave,Stamford,06902,6,Public_Housing,Housing Authority of the City of Stamford,,No
AUSTIN RD & S END TURNKY,414 Austin Rd,Waterbury,06705,6,Public_Housing,Waterbury Housing Authority,,No
HOCKANUM PARK,82 Mill Rd,East Hartford,06118,6,Public_Housing,East Hartford Housing Authority,,No
GREENWICH CLOSE,20 Brookside Dr,Greenwich,06830,6,Public_Housing,Greenwich Housing Authority,,No
MCCONAUGHY TERRACE,92 S Genesee St,New Haven,06515,6,Public_Housing,Housing Authority of the City of New Haven,,No
OVAL GROVE APARTMENTS,155 Malikowski Cir,New Britain,06053,6,Public_Housing,Housing Authority of the CIty of New Britain,,No
Greenwoods Garden,17 Greenwoods Ave,Winsted,06098,6,Public_Housing,Winchester Housing Authority,,No
OVAL GROVE APARTMENTS,1 Dobek Rd,New Britain,06053,6,Public_Housing,Housing Authority of the CIty of New Britain,,No
HARTFORD SCATTERED SITE I,49 Cabot St,Hartford,06112,6,Public_Housing,Housing Authority of the City of Hartford,,No
TRUMAN APTS,18 Elmer St,Waterbury,06708,6,Public_Housing,Waterbury Housing Authority,,No
WESTHILL GARDENS ANNEX,44A Case Dr,Manchester,06040,6,Public_Housing,Manchester Housing Authority,,No
OAKWOOD KNOLL,38 Westwood Park,Norwich,06360,6,Public_Housing,Norwich Housing Authority,,No
WESTVILLE MANOR,74 Wayfarer St,New Haven,06515,6,Public_Housing,Housing Authority of the City of New Haven,,No
HARTFORD SCATTERED SITE I,1532 Park St,Hartford,06106,6,Public_Housing,Housing Authority of the City of Hartford,,No
OVAL GROVE APARTMENTS,180 Malikowski Cir,New Britain,06053,6,Public_Housing,Housing Authority of the CIty of New Britain,,No
MCCONAUGHY TERRACE,4 S Genesee St,New Haven,06515,6,Public_Housing,Housing Authority of the City of New Haven,,No
OVAL GROVE APARTMENTS,1 Malikowski Cir,New Britain,06053,6,Public_Housing,Housing Authority of the CIty of New Britain,,No
MCCONAUGHY TERRACE,47 Harper Ave,New Haven,06515,6,Public_Housing,Housing Authority of the City of New Haven,,No
MCCONAUGHY TERRACE,70 E Ramsdell St,New Haven,06515,6,Public_Housing,Housing Authority of the City of New Haven,,No
SBONA TOWERS,45 Traverse Sq,Middletown,06457,6,Public_Housing,Middletown Housing Authority,,No
Family Scattered Sites,10A Housatonic Ave,Milford,06460,6,Public_Housing,Milford Redevelopment and Housing Partnership,,No
OAKWOOD KNOLL,11 Oakwood Knls,Norwich,06360,6,Public_Housing,Norwich Housing Authority,,No
MCCONAUGHY TERRACE,98 S Genesee St,New Haven,06515,6,Public_Housing,Housing Authority of the City of New Haven,,No
MOUNT PLEASANT,2 Armistice St,New Britain,06053,6,Public_Housing,Housing Authority of the CIty of New Britain,,No
WESTHILL GARDENS ANNEX,30A McGuire Ln,Manchester,06040,6,Public_Housing,Manchester Housing Authority,,No
OVAL GROVE APARTMENTS,15 Malikowski Cir,New Britain,06053,6,Public_Housing,Housing Authority of the CIty of New Britain,,No
OVAL GROVE APARTMENTS,166 Malikowski Cir,New Britain,06053,6,Public_Housing,Housing Authority of the CIty of New Britain,,No
BOSTON COMMONS,102 Williston St,Bridgeport,06607,6,Public_Housing,Housing Authority of the City of Bridgeport,,No
HAMPSHIRE HEIGHTS,44 Thayer St,Putnam,06260,6,Public_Housing,Putnam Housing Authority,,No
URSULA PARK TOWNHOUSES,164 Ursula Pl,Stamford,06902,6,Public_Housing,Housing Authority of the City of Stamford,,No
CHATHAM COURT,46 Chatham Ct,Portland,06480,6,Public_Housing,Portland Housing Authority,,No
WESTHILL GARDENS ANNEX,22A Case Dr,Manchester,06040,6,Public_Housing,Manchester Housing Authority,,No
HAMPSHIRE HEIGHTS,50 Laconia Ct,Putnam,06260,6,Public_Housing,Putnam Housing Authority,,No
Catherine McKeen Village,91 Jepson Dr Apt 1,Milford,06460,6,Public_Housing,Milford Redevelopment and Housing Partnership,,No
Greenwoods Garden,31 Greenwoods Ave,Winsted,06098,6,Public_Housing,Winchester Housing Authority,,No
OAKWOOD KNOLL,33 Oakwood Knls,Norwich,06360,6,Public_Housing,Norwich Housing Authority,,No
OVAL GROVE APARTMENTS,71 Malikowski Cir,New Britain,06053,6,Public_Housing,Housing Authority of the CIty of New Britain,,No
AUSTIN RD & S END TURNKY,452 Austin Rd,Waterbury,06705,6,Public_Housing,Waterbury Housing Authority,,No
William Kelly Apartments,123 Fairmount St,Waterbury,06706,6,Public_Housing,Waterbury Housing Authority,,No
MCCONAUGHY TERRACE,172 S Genesee St,New Haven,06515,6,Public_Housing,Housing Authority of the City of New Haven,,No
MASTER CONTRACT - CREATIVE CHOICE,45A Sheridan St,Bridgeport,06610,6,Public_Housing,Housing Authority of the City of Bridgeport,,No
HOCKANUM PARK,49 Mill Rd,East Hartford,06118,6,Public_Housing,East Hartford Housing Authority,,No
Quinnipiac Terrace Phase I,11 Beach View Ln,New Haven,06513,6,Public_Housing,Housing Authority of the City of New Haven,,No
NELTON COURT,31 Capen St,Hartford,06120,6,Public_Housing,Housing Authority of the City of Hartford,,No
WESTVILLE MANOR,54 Wayfarer St,New Haven,06515,6,Public_Housing,Housing Authority of the City of New Haven,,No
OVAL GROVE APARTMENTS,152 Malikowski Cir,New Britain,06053,6,Public_Housing,Housing Authority of the CIty of New Britain,,No
WESTHILL GARDENS ANNEX,13A Carver Ln,Manchester,06040,6,Public_Housing,Manchester Housing Authority,,No
OAKWOOD KNOLL,27 Oakwood Knls,Norwich,06360,6,Public_Housing,Norwich Housing Authority,,No
HAMPSHIRE HEIGHTS,28 Thayer St,Putnam,06260,6,Public_Housing,Putnam Housing Authority,,No
OAKWOOD KNOLL,50 Westwood Park,Norwich,06360,6,Public_Housing,Norwich Housing Authority,,No
OVAL GROVE APARTMENTS,85 Malikowski Cir,New Britain,06053,6,Public_Housing,Housing Authority of the CIty of New Britain,,No
HARTFORD SCATTERED SITE I,58 Edgewood St,Hartford,06112,6,Public_Housing,Housing Authority of the City of Hartford,,No
MOUNT PLEASANT,575 Myrtle St,New Britain,06053,6,Public_Housing,Housing Authority of the CIty of New Britain,,No
MCCONAUGHY TERRACE,24 S Genesee St,New Haven,06515,6,Public_Housing,Housing Authority of the City of New Haven,,No
OAKWOOD KNOLL,20 Westwood Park,Norwich,06360,6,Public_Housing,Norwich Housing Authority,,No
WESTHILL GARDENS ANNEX,56A House Dr,Manchester,06040,6,Public_Housing,Manchester Housing Authority,,No
HARTFORD SCATTERED SITE I,726 New Britain Ave,Hartford,06106,6,Public_Housing,Housing Authority of the City of Hartford,,No
MASTER CONTRACT - CREATIVE CHOICE,277 Nichols St,Bridgeport,06608,6,Public_Housing,Housing Authority of the City of Bridgeport,,No
KING KENNEDY HOMES,17A Merritt Pl,Norwalk,06854,6,Public_Housing,Housing Authority Of The City Of Norwalk,,No
TRUMAN APTS,1903 N Main St,Waterbury,06704,6,Public_Housing,Waterbury Housing Authority,,No
MCCONAUGHY TERRACE,95 E Ramsdell St,New Haven,06515,6,Public_Housing,Housing Authority of the City of New Haven,,No
OVAL GROVE APARTMENTS,183 Malikowski Cir,New Britain,06053,6,Public_Housing,Housing Authority of the CIty of New Britain,,No
OAKWOOD KNOLL,46 Oakwood Knls,Norwich,06360,6,Public_Housing,Norwich Housing Authority,,No
MCCONAUGHY TERRACE,79 E Ramsdell St,New Haven,06515,6,Public_Housing,Housing Authority of the City of New Haven,,No
HOCKANUM PARK,11 Holmes St,East Hartford,06118,6,Public_Housing,East Hartford Housing Authority,,No
WAVERLY TOWNHOUSES,11 Waverly St,New Haven,06511,6,Public_Housing,Housing Authority of the City of New Haven,,No
AUSTIN RD & S END TURNKY,438 Austin Rd,Waterbury,06705,6,Public_Housing,Waterbury Housing Authority,,No
OVAL GROVE APARTMENTS,44 Malikowski Cir,New Britain,06053,6,Public_Housing,Housing Authority of the CIty of New Britain,,No
William Kelly Apartments,121 Fairmount St,Waterbury,06706,6,Public_Housing,Waterbury Housing Authority,,No
KING KENNEDY HOMES,19A Merritt Pl,Norwalk,06854,6,Public_Housing,Housing Authority Of The City Of Norwalk,,No
OVAL GROVE APARTMENTS,141 Malikowski Cir,New Britain,06053,6,Public_Housing,Housing Authority of the CIty of New Britain,,No
Brookside Phase I,2 Catherine St,New Haven,06512,6,Public_Housing,Housing Authority of the City of New Haven,,No
KING KENNEDY HOMES,51 Chestnut St,Norwalk,06854,6,Public_Housing,Housing Authority Of The City Of Norwalk,,No
MCCONAUGHY TERRACE,110 S Genesee St,New Haven,06515,6,Public_Housing,Housing Authority of the City of New Haven,,No
OVAL GROVE APARTMENTS,43 Malikowski Cir,New Britain,06053,6,Public_Housing,Housing Authority of the CIty of New Britain,,No
SBONA TOWERS,29 Traverse Sq,Middletown,06457,6,Public_Housing,Middletown Housing Authority,,No
WESTHILL GARDENS ANNEX,14A McGuire Ln,Manchester,06040,6,Public_Housing,Manchester Housing Authority,,No
WESTVILLE MANOR,100 Wayfarer St,New Haven,06515,6,Public_Housing,Housing Authority of the City of New Haven,,No
MCCONAUGHY TERRACE,74 S Genesee St,New Haven,06515,6,Public_Housing,Housing Authority of the City of New Haven,,No
OVAL GROVE APARTMENTS,57 Malikowski Cir,New Britain,06053,6,Public_Housing,Housing Authority of the CIty of New Britain,,No
MCCONAUGHY TERRACE,57 Harper Ave,New Haven,06515,6,Public_Housing,Housing Authority of the City of New Haven,,No
TRUMAN APTS,1813 N Main St,Waterbury,06704,6,Public_Housing,Waterbury Housing Authority,,No
TRUMBULL GARDENS TOWNHOUSES,510A Trumbull Ave,Bridgeport,06606,6,Public_Housing,Housing Authority of the City of Bridgeport,,No
OAKWOOD KNOLL,62 Oakwood Knls,Norwich,06360,6,Public_Housing,Norwich Housing Authority,,No
HARTFORD SCATTERED SITE I,113 Westland St,Hartford,06120,6,Public_Housing,Housing Authority of the City of Hartford,,No
OVAL GROVE APARTMENTS,15 Dobek Rd,New Britain,06053,6,Public_Housing,Housing Authority of the CIty of New Britain,,No
TRUMBULL GARDENS TOWNHOUSES,63A Terrace Cir,Bridgeport,06606,6,Public_Housing,Housing Authority of the City of Bridgeport,,No
OVAL GROVE APARTMENTS,194 Malikowski Cir,New Britain,06053,6,Public_Housing,Housing Authority of the CIty of New Britain,,No
OAKWOOD KNOLL,56 Oakwood Knls,Norwich,06360,6,Public_Housing,Norwich Housing Authority,,No
Catherine McKeen Village,71 Jepson Dr Apt 1,Milford,06460,6,Public_Housing,Milford Redevelopment and Housing Partnership,,No
WESTHILL GARDENS ANNEX,25A House Dr,Manchester,06040,6,Public_Housing,Manchester Housing Authority,,No
OVAL GROVE APARTMENTS,169 Malikowski Cir,New Britain,06053,6,Public_Housing,Housing Authority of the CIty of New Britain,,No
NELTON COURT,146 Wooster St,Hartford,06120,6,Public_Housing,Housing Authority of the City of Hartford,,No
Greenwoods Garden,11 Greenwoods Ave,Winsted,06098,6,Public_Housing,Winchester Housing Authority,,No
HOCKANUM PARK,29 Holmes St,East Hartford,06118,6,Public_Housing,East Hartford Housing Authority,,No
WESTHILL GARDENS ANNEX,64A Case Dr,Manchester,06040,6,Public_Housing,Manchester Housing Authority,,No
SBONA TOWERS,29 Maplewood Ter,Middletown,06457,6,Public_Housing,Middletown Housing Authority,,No
MASTER CONTRACT - CREATIVE CHOICE,68 Cedar St,Bridgeport,06608,6,Public_Housing,Housing Authority of the City of Bridgeport,,No
OVAL GROVE APARTMENTS,99 Malikowski Cir,New Britain,06053,6,Public_Housing,Housing Authority of the CIty of New Britain,,No
OAKWOOD KNOLL,21 Oakwood Knls,Norwich,06360,6,Public_Housing,Norwich Housing Authority,,No
OVAL GROVE APARTMENTS,16 Dobek Rd,New Britain,06053,6,Public_Housing,Housing Authority of the CIty of New Britain,,No
WESTVILLE MANOR,21 Lodge St,New Haven,06515,6,Public_Housing,Housing Authority of the City of New Haven,,No
Catherine McKeen Village,81 Jepson Dr Apt 1,Milford,06460,6,Public_Housing,Milford Redevelopment and Housing Partnership,,No
Catherine McKeen Village,89 Jepson Dr Apt 1,Milford,06460,6,Public_Housing,Milford Redevelopment and Housing Partnership,,No
NELTON COURT,140 Wooster St,Hartford,06120,6,Public_Housing,Housing Authority of the City of Hartford,,No
TRUMBULL GARDENS TOWNHOUSES,50A Terrace Cir,Bridgeport,06606,6,Public_Housing,Housing Authority of the City of Bridgeport,,No
Brookside Phase I,15 Austin St,New Haven,06515,6,Public_Housing,Housing Authority of the City of New Haven,,No
MCCONAUGHY TERRACE,82 E Ramsdell St,New Haven,06515,6,Public_Housing,Housing Authority of the City of New Haven,,No
TRUMAN APTS,1793 N Main St,Waterbury,06704,6,Public_Housing,Waterbury Housing Authority,,No
OAKWOOD KNOLL,39 Oakwood Knls,Norwich,06360,6,Public_Housing,Norwich Housing Authority,,No
SBONA TOWERS,51 Traverse Sq,Middletown,06457,6,Public_Housing,Middletown Housing Authority,,No
Quinnipiac Terrace Phase I,35 Peck St,New Haven,06513,6,Public_Housing,Housing Authority of the City of New Haven,,No
NELTON COURT,68 Pliny St,Hartford,06120,6,Public_Housing,Housing Authority of the City of Hartford,,No
PERCIVAL C. SMITH TOWERS,77 Vine St,Hartford,06112,6,Public_Housing,Housing Authority of the City of Hartford,,No
CHATHAM COURT,18 Chatham Ct,Portland,06480,6,Public_Housing,Portland Housing Authority,,No
PERCIVAL C. SMITH TOWERS,73 Vine St,Hartford,06112,6,Public_Housing,Housing Authority of the City of Hartford,,No
OVAL GROVE APARTMENTS,113 Malikowski Cir,New Britain,06053,6,Public_Housing,Housing Authority of the CIty of New Britain,,No
OVAL GROVE APARTMENTS,197 Malikowski Cir,New Britain,06053,6,Public_Housing,Housing Authority of the CIty of New Britain,,No
URSULA PARK TOWNHOUSES,160 Ursula Pl,Stamford,06902,6,Public_Housing,Housing Authority of the City of Stamford,,No
HOCKANUM PARK,101 Mill Rd,East Hartford,06118,6,Public_Housing,East Hartford Housing Authority,,No
Brookside Phase I,28 Catherine St,New Haven,06512,6,Public_Housing,Housing Authority of the City of New Haven,,No
MASTER CONTRACT - CREATIVE CHOICE,255 Nichols St,Bridgeport,06608,6,Public_Housing,Housing Authority of the City of Bridgeport,,No
OAKWOOD KNOLL,10 Oakwood Knls,Norwich,06360,6,Public_Housing,Norwich Housing Authority,,No
Catherine McKeen Village,85 Jepson Dr Apt 1,Milford,06460,6,Public_Housing,Milford Redevelopment and Housing Partnership,,No
URSULA PARK TOWNHOUSES,162 Ursula Pl,Stamford,06902,6,Public_Housing,Housing Authority of the City of Stamford,,No
William Kelly Apartments,119 Fairmount St,Waterbury,06706,6,Public_Housing,Waterbury Housing Authority,,No
WESTHILL GARDENS ANNEX,9A McGuire Ln,Manchester,06040,6,Public_Housing,Manchester Housing Authority,,No
HAMPSHIRE HEIGHTS,60 Thayer St,Putnam,06260,6,Public_Housing,Putnam Housing Authority,,No
PLEASANT ST HOUSE,306 PLEASANT ST,WILLIMANTIC,06226,5,Section8_Multifamily,"NORTHEAST COMMUNITY HOUSING CORPORATI0N, INC.",jeffrey.beadle@wrccinc.org,No
RELIANCE APARTMENTS,81 Union St,Norwich,06360,5,Section8_Multifamily,"RELIANCE HEALTH, INC.",aoday@reliancehealthinc.org,No
WESTVILLE MANOR,33 Lodge St,New Haven,06515,5,Public_Housing,Housing Authority of the City of New Haven,,No
TRUMBULL GARDENS TOWNHOUSES,410A Trumbull Ave,Bridgeport,06606,5,Public_Housing,Housing Authority of the City of Bridgeport,,No
WESTVILLE MANOR,11 Lodge St,New Haven,06515,5,Public_Housing,Housing Authority of the City of New Haven,,No
OVAL GROVE APARTMENTS,120 Malikowski Cir,New Britain,06053,5,Public_Housing,Housing Authority of the CIty of New Britain,,No
WESTVILLE MANOR,36 Lodge St,New Haven,06515,5,Public_Housing,Housing Authority of the City of New Haven,,No
MASTER CONTRACT - CREATIVE CHOICE,240 Cedar St,Bridgeport,06608,5,Public_Housing,Housing Authority of the City of Bridgeport,,No
TRUMBULL GARDENS TOWNHOUSES,684A Trumbull Ave,Bridgeport,06606,5,Public_Housing,Housing Authority of the City of Bridgeport,,No
Alan Jepson Manor,174A Harrison Ave,Milford,06460,5,Public_Housing,Milford Redevelopment and Housing Partnership,,No
KING KENNEDY HOMES,36 Fairfield Ave,Norwalk,06854,5,Public_Housing,Housing Authority Of The City Of Norwalk,,No
TRUMBULL GARDENS TOWNHOUSES,390A Trumbull Ave,Bridgeport,06606,5,Public_Housing,Housing Authority of the City of Bridgeport,,No
Quinnipiac Terrace Phase I,12 Beach View Ln,New Haven,06513,5,Public_Housing,Housing Authority of the City of New Haven,,No
ST. ANTHONY II,30 Chamberlain St,New Haven,06512,5,Public_Housing,Housing Authority of the City of New Haven,,No
Quinnipiac Terrace Phase I,1 Peck St,New Haven,06513,5,Public_Housing,Housing Authority of the City of New Haven,,No
OVAL GROVE APARTMENTS,58 Malikowski Cir,New Britain,06053,5,Public_Housing,Housing Authority of the CIty of New Britain,,No
TRUMBULL GARDENS TOWNHOUSES,440A Trumbull Ave,Bridgeport,06606,5,Public_Housing,Housing Authority of the City of Bridgeport,,No
Fairgate,12 Fairgate Dr,Stamford,06902,5,Public_Housing,Housing Authority of the City of Stamford,,No
TRUMBULL GARDENS TOWNHOUSES,476A Trumbull Ave,Bridgeport,06606,5,Public_Housing,Housing Authority of the City of Bridgeport,,No
WESTVILLE MANOR,35 Wayfarer St,New Haven,06515,5,Public_Housing,Housing Authority of the City of New Haven,,No
Quinnipiac Terrace Phase I,2 Beach View Ln,New Haven,06513,5,Public_Housing,Housing Authority of the City of New Haven,,No
TRUMBULL GARDENS TOWNHOUSES,59A Terrace Cir,Bridgeport,06606,5,Public_Housing,Housing Authority of the City of Bridgeport,,No
MASTER CONTRACT - CREATIVE CHOICE,205 Waterview Ave,Bridgeport,06608,5,Public_Housing,Housing Authority of the City of Bridgeport,,No
Presidential Village,627 Hallett St,Bridgeport,06608,5,Public_Housing,Housing Authority of the City of Bridgeport,,No
TRUMBULL GARDENS TOWNHOUSES,337A Trumbull Ave,Bridgeport,06606,5,Public_Housing,Housing Authority of the City of Bridgeport,,No
TRUMBULL GARDENS TOWNHOUSES,468A Trumbull Ave,Bridgeport,06606,5,Public_Housing,Housing Authority of the City of Bridgeport,,No
WESTVILLE MANOR,28 Wayfarer St,New Haven,06515,5,Public_Housing,Housing Authority of the City of New Haven,,No
AUSTIN RD & S END TURNKY,20 W Clay St,Waterbury,06706,5,Public_Housing,Waterbury Housing Authority,,No
TRUMAN APTS,1847 N Main St,Waterbury,06704,5,Public_Housing,Waterbury Housing Authority,,No
SCATTERED SITES,12A Tiffany St,Brooklyn,06234,5,Public_Housing,Housing Authority of the Town of Brooklyn,,No
Presidential Village,640 Stillman St,Bridgeport,06608,5,Public_Housing,Housing Authority of the City of Bridgeport,,No
HOCKANUM PARK,57 Elms Village Dr,East Hartford,06118,5,Public_Housing,East Hartford Housing Authority,,No
HARTFORD SCATTERED SITE I,459 Garden St,Hartford,06112,5,Public_Housing,Housing Authority of the City of Hartford,,No
Quinnipiac Terrace Phase I,1 Beach View Ln,New Haven,06513,5,Public_Housing,Housing Authority of the City of New Haven,,No
Quinnipiac Terrace Phase II,1435 Quinnipiac Ave Unit 8,New Haven,06513,5,Public_Housing,Housing Authority of the City of New Haven,,No
BRISTOL GROUP HOMES,97 PECK LN,BRISTOL,06010,4,Section8_Multifamily,Bristol Adult Resource Center,metter@bristolarc.org,No
"MARCH, INC.",636 EAST MIDDLE TURNPIKE,MANCHESTER,06040,4,Section8_Multifamily,"MARCH, Inc. of Manchester",CMoir@marchinc.org,No
Hart Street Apartments,64 Hart St,New Britain,06052,4,Section8_Multifamily,NHSNB Hart LLC,csanders@nhsnb.org,No
PERCIVAL C. SMITH TOWERS,81 Vine St,Hartford,06112,4,Public_Housing,Housing Authority of the City of Hartford,,No
TRUMBULL GARDENS TOWNHOUSES,61A Terrace Cir,Bridgeport,06606,4,Public_Housing,Housing Authority of the City of Bridgeport,,No
BONNIE ACRES,44 Vance Dr,Bristol,06010,4,Public_Housing,Bristol Housing Authority,,No
AUSTIN RD & S END TURNKY,147 Spring Brook Rd,Waterbury,06706,4,Public_Housing,Waterbury Housing Authority,,No
HAMPSHIRE HEIGHTS,106 Laconia Ave,Putnam,06260,4,Public_Housing,Putnam Housing Authority,,No
HAMPSHIRE HEIGHTS,74 Laconia Ave,Putnam,06260,4,Public_Housing,Putnam Housing Authority,,No
MAYFAIR GARDENS,243A N Main St,Manchester,06042,4,Public_Housing,Manchester Housing Authority,,No
Brookside Phase I,22 Catherine St,New Haven,06512,4,Public_Housing,Housing Authority of the City of New Haven,,No
MASTER CONTRACT - CREATIVE CHOICE,55 Prince St,Bridgeport,06610,4,Public_Housing,Housing Authority of the City of Bridgeport,,No
HOCKANUM PARK,34 Mill Rd,East Hartford,06118,4,Public_Housing,East Hartford Housing Authority,,No
New Nelton Court,26 Acton St,Hartford,06120,4,Public_Housing,Housing Authority of the City of Hartford,,No
HAMPSHIRE HEIGHTS,61 Phillips St,Putnam,06260,4,Public_Housing,Putnam Housing Authority,,No
GREENWICH CLOSE,30 Brookside Dr,Greenwich,06830,4,Public_Housing,Greenwich Housing Authority,,No
BONNIE ACRES,99 Vance Dr,Bristol,06010,4,Public_Housing,Bristol Housing Authority,,No
TRUMBULL GARDENS TOWNHOUSES,620A Trumbull Ave,Bridgeport,06606,4,Public_Housing,Housing Authority of the City of Bridgeport,,No
TRUMBULL GARDENS TOWNHOUSES,589A Trumbull Ave,Bridgeport,06606,4,Public_Housing,Housing Authority of the City of Bridgeport,,No
WESTVILLE MANOR,20 Lodge St,New Haven,06515,4,Public_Housing,Housing Authority of the City of New Haven,,No
MCCONAUGHY TERRACE,434 Valley St,New Haven,06515,4,Public_Housing,Housing Authority of the City of New Haven,,No
HOCKANUM PARK,20 Elms Village Dr,East Hartford,06118,4,Public_Housing,East Hartford Housing Authority,,No
Alan Jepson Manor,156A Harrison Ave,Milford,06460,4,Public_Housing,Milford Redevelopment and Housing Partnership,,No
AUSTIN RD & S END TURNKY,184 Spring Brook Rd,Waterbury,06706,4,Public_Housing,Waterbury Housing Authority,,No
AUSTIN RD & S END TURNKY,151 Spring Brook Rd,Waterbury,06706,4,Public_Housing,Waterbury Housing Authority,,No
MASTER CONTRACT - CREATIVE CHOICE,80 Cedar St,Bridgeport,06608,4,Public_Housing,Housing Authority of the City of Bridgeport,,No
WAVERLY TOWNHOUSES,35 Waverly St,New Haven,06511,4,Public_Housing,Housing Authority of the City of New Haven,,No
OAKWOOD KNOLL,1 Oakwood Knls,Norwich,06360,4,Public_Housing,Norwich Housing Authority,,No
MCCONAUGHY TERRACE,162 S Genesee St,New Haven,06515,4,Public_Housing,Housing Authority of the City of New Haven,,No
HAMPSHIRE HEIGHTS,71 Laconia Ave,Putnam,06260,4,Public_Housing,Putnam Housing Authority,,No
HAMPSHIRE HEIGHTS,64 Laconia Ct,Putnam,06260,4,Public_Housing,Putnam Housing Authority,,No
BONNIE ACRES,33 Vance Dr,Bristol,06010,4,Public_Housing,Bristol Housing Authority,,No
HAMPSHIRE HEIGHTS,56 Phillips St,Putnam,06260,4,Public_Housing,Putnam Housing Authority,,No
OAKWOOD KNOLL,52 Oakwood Knls,Norwich,06360,4,Public_Housing,Norwich Housing Authority,,No
HOCKANUM PARK,42 Mill Rd,East Hartford,06118,4,Public_Housing,East Hartford Housing Authority,,No
AUSTIN RD & S END TURNKY,159 Spring Brook Rd,Waterbury,06706,4,Public_Housing,Waterbury Housing Authority,,No
MCCONAUGHY TERRACE,21 S Genesee St,New Haven,06515,4,Public_Housing,Housing Authority of the City of New Haven,,No
MAYFAIR GARDENS,263A N Main St,Manchester,06042,4,Public_Housing,Manchester Housing Authority,,No
BONNIE ACRES,41 Vance Dr,Bristol,06010,4,Public_Housing,Bristol Housing Authority,,No
MCCONAUGHY TERRACE,556 Valley St,New Haven,06515,4,Public_Housing,Housing Authority of the City of New Haven,,No
TRUMBULL GARDENS TOWNHOUSES,57A Terrace Cir,Bridgeport,06606,4,Public_Housing,Housing Authority of the City of Bridgeport,,No
HAMPSHIRE HEIGHTS,37 Thayer St,Putnam,06260,4,Public_Housing,Putnam Housing Authority,,No
New Nelton Court,34 Acton St,Hartford,06120,4,Public_Housing,Housing Authority of the City of Hartford,,No
MASTER CONTRACT - CREATIVE CHOICE,38 McKinley Ave,Bridgeport,06606,4,Public_Housing,Housing Authority of the City of Bridgeport,,No
Brookside Phase I,8 Catherine St,New Haven,06512,4,Public_Housing,Housing Authority of the City of New Haven,,No
HARTFORD SCATTERED SITE I,15 Harrison St,Hartford,06112,4,Public_Housing,Housing Authority of the City of Hartford,,No
HARTFORD SCATTERED SITE I,275 Bellevue St,Hartford,06120,4,Public_Housing,Housing Authority of the City of Hartford,,No
Lewis Circle Apartments,14 Lewis Cir,Naugatuck,06770,4,Public_Housing,Naugatuck Housing Authority,,No
Alan Jepson Manor,164A Harrison Ave,Milford,06460,4,Public_Housing,Milford Redevelopment and Housing Partnership,,No
CAMBRIDGE PARK,31 Davis Dr,Bristol,06010,4,Public_Housing,Bristol Housing Authority,,No
BONNIE ACRES,100 Vance Dr,Bristol,06010,4,Public_Housing,Bristol Housing Authority,,No
CAMBRIDGE PARK,102 Davis Dr,Bristol,06010,4,Public_Housing,Bristol Housing Authority,,No
MASTER CONTRACT - CREATIVE CHOICE,260 Cedar St,Bridgeport,06608,4,Public_Housing,Housing Authority of the City of Bridgeport,,No
BONNIE ACRES,108 Vance Dr,Bristol,06010,4,Public_Housing,Bristol Housing Authority,,No
WESTVILLE MANOR,20 Wayfarer St,New Haven,06515,4,Public_Housing,Housing Authority of the City of New Haven,,No
BOSTON COMMONS,151A Catherine St,Bridgeport,06604,4,Public_Housing,Housing Authority of the City of Bridgeport,,No
HAMPSHIRE HEIGHTS,12 Hanley St,Putnam,06260,4,Public_Housing,Putnam Housing Authority,,No
CAMBRIDGE PARK,196 Jerome Ave,Bristol,06010,4,Public_Housing,Bristol Housing Authority,,No
Franklin Park East,29 Franklin Park E,Rockville,06066,4,Public_Housing,Vernon Housing Authority,,No
Franklin D. Roosevelt Apartments,88 Kearney Dr,Waterbury,06704,4,Public_Housing,Waterbury Housing Authority,,No
TRUMBULL GARDENS TOWNHOUSES,407A Trumbull Ave,Bridgeport,06606,4,Public_Housing,Housing Authority of the City of Bridgeport,,No
BONNIE ACRES,91 Vance Dr,Bristol,06010,4,Public_Housing,Bristol Housing Authority,,No
SBONA TOWERS,9 Maplewood Ter,Middletown,06457,4,Public_Housing,Middletown Housing Authority,,No
Elderly and Bond Street,272 Rocky Hill Ave,New Britain,06051,4,Public_Housing,Housing Authority of the CIty of New Britain,,No
TRUMAN APTS,1725 N Main St,Waterbury,06704,4,Public_Housing,Waterbury Housing Authority,,No
WAVERLY TOWNHOUSES,234 Valley St,New Haven,06515,4,Public_Housing,Housing Authority of the City of New Haven,,No
WAVERLY TOWNHOUSES,80 Day St,New Haven,06511,4,Public_Housing,Housing Authority of the City of New Haven,,No
HAMPSHIRE HEIGHTS,101 Laconia Ave,Putnam,06260,4,Public_Housing,Putnam Housing Authority,,No
Alan Jepson Manor,168A Harrison Ave,Milford,06460,4,Public_Housing,Milford Redevelopment and Housing Partnership,,No
HAMPSHIRE HEIGHTS,51 Phillips St,Putnam,06260,4,Public_Housing,Putnam Housing Authority,,No
MCCONAUGHY TERRACE,81 S Genesee St,New Haven,06515,4,Public_Housing,Housing Authority of the City of New Haven,,No
HAMPSHIRE HEIGHTS,116 Laconia Ave,Putnam,06260,4,Public_Housing,Putnam Housing Authority,,No
AUSTIN RD & S END TURNKY,163 Spring Brook Rd,Waterbury,06706,4,Public_Housing,Waterbury Housing Authority,,No
BONNIE ACRES,107 Vance Dr,Bristol,06010,4,Public_Housing,Bristol Housing Authority,,No
Franklin Park East,41 Franklin Park E,Rockville,06066,4,Public_Housing,Vernon Housing Authority,,No
CAMBRIDGE PARK,134 Davis Dr,Bristol,06010,4,Public_Housing,Bristol Housing Authority,,No
MAYFAIR GARDENS,255A N Main St,Manchester,06042,4,Public_Housing,Manchester Housing Authority,,No
MAYFAIR GARDENS,279A N Main St,Manchester,06042,4,Public_Housing,Manchester Housing Authority,,No
HARTFORD SCATTERED SITE I,234 Mather St,Hartford,06112,4,Public_Housing,Housing Authority of the City of Hartford,,No
TRUMBULL GARDENS TOWNHOUSES,635A Trumbull Ave,Bridgeport,06606,4,Public_Housing,Housing Authority of the City of Bridgeport,,No
Quinnipiac Terrace Phase II,1435 Quinnipiac Ave Unit 1,New Haven,06513,4,Public_Housing,Housing Authority of the City of New Haven,,No
MCCONAUGHY TERRACE,93 S Genesee St,New Haven,06515,4,Public_Housing,Housing Authority of the City of New Haven,,No
Fairgate,11 Fairgate Dr,Stamford,06902,4,Public_Housing,Housing Authority of the City of Stamford,,No
OAKWOOD KNOLL,68 Oakwood Knls,Norwich,06360,4,Public_Housing,Norwich Housing Authority,,No
Greenwoods Garden,7 Greenwoods Ave,Winsted,06098,4,Public_Housing,Winchester Housing Authority,,No
WAVERLY TOWNHOUSES,218 Valley St,New Haven,06515,4,Public_Housing,Housing Authority of the City of New Haven,,No
Alan Jepson Manor,170A Harrison Ave,Milford,06460,4,Public_Housing,Milford Redevelopment and Housing Partnership,,No
CAMBRIDGE PARK,158 Davis Dr,Bristol,06010,4,Public_Housing,Bristol Housing Authority,,No
AUSTIN RD & S END TURNKY,540 Baldwin St,Waterbury,06706,4,Public_Housing,Waterbury Housing Authority,,No
BONNIE ACRES,115 Vance Dr,Bristol,06010,4,Public_Housing,Bristol Housing Authority,,No
TRUMAN APTS,1801 N Main St,Waterbury,06704,4,Public_Housing,Waterbury Housing Authority,,No
MAYFAIR GARDENS,283A N Main St,Manchester,06042,4,Public_Housing,Manchester Housing Authority,,No
MCCONAUGHY TERRACE,542 Valley St,New Haven,06515,4,Public_Housing,Housing Authority of the City of New Haven,,No
MCCONAUGHY TERRACE,101 S Genesee St,New Haven,06515,4,Public_Housing,Housing Authority of the City of New Haven,,No
HAMPSHIRE HEIGHTS,151 Laconia Ave,Putnam,06260,4,Public_Housing,Putnam Housing Authority,,No
AUSTIN RD & S END TURNKY,178 Spring Brook Rd,Waterbury,06706,4,Public_Housing,Waterbury Housing Authority,,No
Quinnipiac Terrace Phase III,177 Downing St,New Haven,06513,4,Public_Housing,Housing Authority of the City of New Haven,,No
MCCONAUGHY TERRACE,160 S Genesee St,New Haven,06515,4,Public_Housing,Housing Authority of the City of New Haven,,No
WAVERLY TOWNHOUSES,27 Waverly St,New Haven,06511,4,Public_Housing,Housing Authority of the City of New Haven,,No
MCCONAUGHY TERRACE,560 Valley St,New Haven,06515,4,Public_Housing,Housing Authority of the City of New Haven,,No
CAMBRIDGE PARK,94 Davis Dr,Bristol,06010,4,Public_Housing,Bristol Housing Authority,,No
Lewis Circle Apartments,50 Lewis Cir,Naugatuck,06770,4,Public_Housing,Naugatuck Housing Authority,,No
Elderly and Bond Street,8 Halsey Rd,New Britain,06051,4,Public_Housing,Housing Authority of the CIty of New Britain,,No
TRUMBULL GARDENS TOWNHOUSES,444A Trumbull Ave,Bridgeport,06606,4,Public_Housing,Housing Authority of the City of Bridgeport,,No
Quinnipiac Terrace Phase II,406 Front St,New Haven,06513,4,Public_Housing,Housing Authority of the City of New Haven,,No
MAYFAIR GARDENS,219A N Main St,Manchester,06042,4,Public_Housing,Manchester Housing Authority,,No
Elderly and Bond Street,65 Pike St,New Britain,06051,4,Public_Housing,Housing Authority of the CIty of New Britain,,No
MAYFAIR GARDENS,275A N Main St,Manchester,06042,4,Public_Housing,Manchester Housing Authority,,No
OAKWOOD KNOLL,17 Oakwood Knls,Norwich,06360,4,Public_Housing,Norwich Housing Authority,,No
WAVERLY TOWNHOUSES,266 Valley St,New Haven,06515,4,Public_Housing,Housing Authority of the City of New Haven,,No
BONNIE ACRES,116 Vance Dr,Bristol,06010,4,Public_Housing,Bristol Housing Authority,,No
TRUMBULL GARDENS TOWNHOUSES,610A Trumbull Ave,Bridgeport,06606,4,Public_Housing,Housing Authority of the City of Bridgeport,,No
BOSTON COMMONS,251 Harral Ave,Bridgeport,06604,4,Public_Housing,Housing Authority of the City of Bridgeport,,No
Franklin Park East,5 Franklin Park E,Rockville,06066,4,Public_Housing,Vernon Housing Authority,,No
HAMPSHIRE HEIGHTS,113 Laconia Ave,Putnam,06260,4,Public_Housing,Putnam Housing Authority,,No
Lewis Circle Apartments,58 Lewis Cir,Naugatuck,06770,4,Public_Housing,Naugatuck Housing Authority,,No
CAMBRIDGE PARK,113 Davis Dr,Bristol,06010,4,Public_Housing,Bristol Housing Authority,,No
HAMPSHIRE HEIGHTS,91 Laconia Ave,Putnam,06260,4,Public_Housing,Putnam Housing Authority,,No
TRUMBULL GARDENS TOWNHOUSES,530A Trumbull Ave,Bridgeport,06606,4,Public_Housing,Housing Authority of the City of Bridgeport,,No
MAYFAIR GARDENS,247A N Main St,Manchester,06042,4,Public_Housing,Manchester Housing Authority,,No
Quinnipiac Terrace Phase III,48 Peck St,New Haven,06513,4,Public_Housing,Housing Authority of the City of New Haven,,No
MAYFAIR GARDENS,251A N Main St,Manchester,06042,4,Public_Housing,Manchester Housing Authority,,No
Alan Jepson Manor,162A Harrison Ave,Milford,06460,4,Public_Housing,Milford Redevelopment and Housing Partnership,,No
Nelson Street,13 Nelson St,Hartford,06120,4,Public_Housing,Housing Authority of the City of Hartford,,No
AUSTIN RD & S END TURNKY,148 Spring Brook Rd,Waterbury,06706,4,Public_Housing,Waterbury Housing Authority,,No
TRUMBULL GARDENS TOWNHOUSES,625A Trumbull Ave,Bridgeport,06606,4,Public_Housing,Housing Authority of the City of Bridgeport,,No
HOCKANUM PARK,18 Mill Rd,East Hartford,06118,4,Public_Housing,East Hartford Housing Authority,,No
TRUMAN APTS,1791 N Main St,Waterbury,06704,4,Public_Housing,Waterbury Housing Authority,,No
MAYFAIR GARDENS,287A N Main St,Manchester,06042,4,Public_Housing,Manchester Housing Authority,,No
HOCKANUM PARK,42 Elms Village Dr,East Hartford,06118,4,Public_Housing,East Hartford Housing Authority,,No
AUSTIN RD & S END TURNKY,144 Spring Brook Rd,Waterbury,06706,4,Public_Housing,Waterbury Housing Authority,,No
HAMPSHIRE HEIGHTS,47 Thayer St,Putnam,06260,4,Public_Housing,Putnam Housing Authority,,No
CAMBRIDGE PARK,93 Davis Dr,Bristol,06010,4,Public_Housing,Bristol Housing Authority,,No
Quinnipiac Terrace Phase I,49 Peck St,New Haven,06513,4,Public_Housing,Housing Authority of the City of New Haven,,No
TRUMBULL GARDENS TOWNHOUSES,15A Terrace Cir,Bridgeport,06606,4,Public_Housing,Housing Authority of the City of Bridgeport,,No
MAYFAIR GARDENS,231A N Main St,Manchester,06042,4,Public_Housing,Manchester Housing Authority,,No
Quinnipiac Terrace Phase II,1435 Quinnipiac Ave Unit 25,New Haven,06513,4,Public_Housing,Housing Authority of the City of New Haven,,No
WAVERLY TOWNHOUSES,276 Valley St,New Haven,06515,4,Public_Housing,Housing Authority of the City of New Haven,,No
MCCONAUGHY TERRACE,450 Valley St,New Haven,06515,4,Public_Housing,Housing Authority of the City of New Haven,,No
CAMBRIDGE PARK,142 Davis Dr,Bristol,06010,4,Public_Housing,Bristol Housing Authority,,No
AUSTIN RD & S END TURNKY,152 Spring Brook Rd,Waterbury,06706,4,Public_Housing,Waterbury Housing Authority,,No
MASTER CONTRACT - CREATIVE CHOICE,70 Seeley St,Bridgeport,06604,4,Public_Housing,Housing Authority of the City of Bridgeport,,No
TRUMBULL GARDENS TOWNHOUSES,730A Trumbull Ave,Bridgeport,06606,4,Public_Housing,Housing Authority of the City of Bridgeport,,No
HARTFORD SCATTERED SITE I,117 Benton St,Hartford,06114,4,Public_Housing,Housing Authority of the City of Hartford,,No
AUSTIN RD & S END TURNKY,170 Spring Brook Rd,Waterbury,06706,4,Public_Housing,Waterbury Housing Authority,,No
MCCONAUGHY TERRACE,454 Valley St,New Haven,06515,4,Public_Housing,Housing Authority of the City of New Haven,,No
SBONA TOWERS,5 Maplewood Ter,Middletown,06457,4,Public_Housing,Middletown Housing Authority,,No
TRUMBULL GARDENS TOWNHOUSES,394A Trumbull Ave,Bridgeport,06606,4,Public_Housing,Housing Authority of the City of Bridgeport,,No
BONNIE ACRES,52 Vance Dr,Bristol,06010,4,Public_Housing,Bristol Housing Authority,,No
HAMPSHIRE HEIGHTS,57 Thayer St,Putnam,06260,4,Public_Housing,Putnam Housing Authority,,No
MAYFAIR GARDENS,235A N Main St,Manchester,06042,4,Public_Housing,Manchester Housing Authority,,No
TRUMBULL GARDENS TOWNHOUSES,670A Trumbull Ave,Bridgeport,06606,4,Public_Housing,Housing Authority of the City of Bridgeport,,No
MCCONAUGHY TERRACE,540 Valley St,New Haven,06515,4,Public_Housing,Housing Authority of the City of New Haven,,No
MCCONAUGHY TERRACE,410 Valley St,New Haven,06515,4,Public_Housing,Housing Authority of the City of New Haven,,No
Franklin Park East,13 Franklin Park E,Rockville,06066,4,Public_Housing,Vernon Housing Authority,,No
MCCONAUGHY TERRACE,49 S Genesee St,New Haven,06515,4,Public_Housing,Housing Authority of the City of New Haven,,No
MASTER CONTRACT - CREATIVE CHOICE,55A Sheridan St,Bridgeport,06610,4,Public_Housing,Housing Authority of the City of Bridgeport,,No
WAVERLY TOWNHOUSES,250 Valley St,New Haven,06515,4,Public_Housing,Housing Authority of the City of New Haven,,No
MCCONAUGHY TERRACE,412 Valley St,New Haven,06515,4,Public_Housing,Housing Authority of the City of New Haven,,No
TRUMAN APTS,1885 N Main St,Waterbury,06704,4,Public_Housing,Waterbury Housing Authority,,No
Alan Jepson Manor,172A Harrison Ave,Milford,06460,4,Public_Housing,Milford Redevelopment and Housing Partnership,,No
Franklin D. Roosevelt Apartments,49 Kearney Dr,Waterbury,06704,4,Public_Housing,Waterbury Housing Authority,,No
CAMBRIDGE PARK,85 Davis Dr,Bristol,06010,4,Public_Housing,Bristol Housing Authority,,No
Alan Jepson Manor,176A Harrison Ave,Milford,06460,4,Public_Housing,Milford Redevelopment and Housing Partnership,,No
Elderly and Bond Street,75 Pike St,New Britain,06051,4,Public_Housing,Housing Authority of the CIty of New Britain,,No
Lewis Circle Apartments,45 Lewis Cir,Naugatuck,06770,4,Public_Housing,Naugatuck Housing Authority,,No
TRUMBULL GARDENS TOWNHOUSES,385A Trumbull Ave,Bridgeport,06606,4,Public_Housing,Housing Authority of the City of Bridgeport,,No
MCCONAUGHY TERRACE,105 S Genesee St,New Haven,06515,4,Public_Housing,Housing Authority of the City of New Haven,,No
URSULA PARK TOWNHOUSES,1 Lawn Ave Apt C1,Stamford,06902,4,Public_Housing,Housing Authority of the City of Stamford,,No
MAYFAIR GARDENS,227A N Main St,Manchester,06042,4,Public_Housing,Manchester Housing Authority,,No
Franklin Park East,33 Franklin Park E,Rockville,06066,4,Public_Housing,Vernon Housing Authority,,No
WAVERLY TOWNHOUSES,210 Valley St,New Haven,06515,4,Public_Housing,Housing Authority of the City of New Haven,,No
WESTVILLE MANOR,28 Lodge St,New Haven,06515,4,Public_Housing,Housing Authority of the City of New Haven,,No
MAYFAIR GARDENS,291A N Main St,Manchester,06042,4,Public_Housing,Manchester Housing Authority,,No
BONNIE ACRES,123 Vance Dr,Bristol,06010,4,Public_Housing,Bristol Housing Authority,,No
Catherine McKeen Village,83 Jepson Dr Apt 1,Milford,06460,4,Public_Housing,Milford Redevelopment and Housing Partnership,,No
MCCONAUGHY TERRACE,9 S Genesee St,New Haven,06515,4,Public_Housing,Housing Authority of the City of New Haven,,No
WAVERLY TOWNHOUSES,226 Valley St,New Haven,06515,4,Public_Housing,Housing Authority of the City of New Haven,,No
TRUMAN APTS,1751 N Main St,Waterbury,06704,4,Public_Housing,Waterbury Housing Authority,,No
WESTVILLE MANOR,27 Wayfarer St,New Haven,06515,4,Public_Housing,Housing Authority of the City of New Haven,,No
Brookside Phase I,19 Austin St,New Haven,06515,4,Public_Housing,Housing Authority of the City of New Haven,,No
BONNIE ACRES,92 Vance Dr,Bristol,06010,4,Public_Housing,Bristol Housing Authority,,No
MAYFAIR GARDENS,271A N Main St,Manchester,06042,4,Public_Housing,Manchester Housing Authority,,No
Lewis Circle Apartments,21 Lewis Cir,Naugatuck,06770,4,Public_Housing,Naugatuck Housing Authority,,No
MCCONAUGHY TERRACE,442 Valley St,New Haven,06515,4,Public_Housing,Housing Authority of the City of New Haven,,No
AUSTIN RD & S END TURNKY,188 Spring Brook Rd,Waterbury,06706,4,Public_Housing,Waterbury Housing Authority,,No
BONNIE ACRES,49 Vance Dr,Bristol,06010,4,Public_Housing,Bristol Housing Authority,,No
MAYFAIR GARDENS,259A N Main St,Manchester,06042,4,Public_Housing,Manchester Housing Authority,,No
Alan Jepson Manor,160A Harrison Ave,Milford,06460,4,Public_Housing,Milford Redevelopment and Housing Partnership,,No
Fairgate,56 Fairgate Dr,Stamford,06902,4,Public_Housing,Housing Authority of the City of Stamford,,No
TRUMAN APTS,63A Willow St,Waterbury,06710,4,Public_Housing,Waterbury Housing Authority,,No
WAVERLY TOWNHOUSES,242 Valley St,New Haven,06515,4,Public_Housing,Housing Authority of the City of New Haven,,No
Lewis Circle Apartments,53 Lewis Cir,Naugatuck,06770,4,Public_Housing,Naugatuck Housing Authority,,No
MARINA VILLAGE,735 South Ave,Bridgeport,06604,4,Public_Housing,Housing Authority of the City of Bridgeport,,No
AUSTIN RD & S END TURNKY,143 Spring Brook Rd,Waterbury,06706,4,Public_Housing,Waterbury Housing Authority,,No
MAYFAIR GARDENS,267A N Main St,Manchester,06042,4,Public_Housing,Manchester Housing Authority,,No
WESTVILLE MANOR,43 Lodge St,New Haven,06515,4,Public_Housing,Housing Authority of the City of New Haven,,No
BONNIE ACRES,36 Vance Dr,Bristol,06010,4,Public_Housing,Bristol Housing Authority,,No
HAMPSHIRE HEIGHTS,40 Laconia Ct,Putnam,06260,4,Public_Housing,Putnam Housing Authority,,No
CAMBRIDGE PARK,148 Jerome Ave,Bristol,06010,4,Public_Housing,Bristol Housing Authority,,No
Lewis Circle Apartments,33 Lewis Cir,Naugatuck,06770,4,Public_Housing,Naugatuck Housing Authority,,No
HOCKANUM PARK,50 Elms Village Dr,East Hartford,06118,4,Public_Housing,East Hartford Housing Authority,,No
MCCONAUGHY TERRACE,490 Valley St,New Haven,06515,4,Public_Housing,Housing Authority of the City of New Haven,,No
Alan Jepson Manor,158A Harrison Ave,Milford,06460,4,Public_Housing,Milford Redevelopment and Housing Partnership,,No
HOCKANUM PARK,10 Holmes St,East Hartford,06118,4,Public_Housing,East Hartford Housing Authority,,No
Franklin Park East,9 Franklin Park E,Rockville,06066,4,Public_Housing,Vernon Housing Authority,,No
HAMPSHIRE HEIGHTS,126 Laconia Ave,Putnam,06260,4,Public_Housing,Putnam Housing Authority,,No
OAKWOOD KNOLL,63 Westwood Park,Norwich,06360,4,Public_Housing,Norwich Housing Authority,,No
Franklin Park East,17 Franklin Park E,Rockville,06066,4,Public_Housing,Vernon Housing Authority,,No
HAMPSHIRE HEIGHTS,150 Laconia Ave,Putnam,06260,4,Public_Housing,Putnam Housing Authority,,No
SBONA TOWERS,13 Maplewood Ter,Middletown,06457,4,Public_Housing,Middletown Housing Authority,,No
MCCONAUGHY TERRACE,528 Valley St,New Haven,06515,4,Public_Housing,Housing Authority of the City of New Haven,,No
SBONA TOWERS,1 Maplewood Ter,Middletown,06457,4,Public_Housing,Middletown Housing Authority,,No
BONNIE ACRES,76 Vance Dr,Bristol,06010,4,Public_Housing,Bristol Housing Authority,,No
MAYFAIR GARDENS,223A N Main St,Manchester,06042,4,Public_Housing,Manchester Housing Authority,,No
SBONA TOWERS,57 Traverse Sq,Middletown,06457,4,Public_Housing,Middletown Housing Authority,,No
Elderly and Bond Street,80 Pike St,New Britain,06051,4,Public_Housing,Housing Authority of the CIty of New Britain,,No
Nelson Street,17 Nelson St,Hartford,06120,4,Public_Housing,Housing Authority of the City of Hartford,,No
TRUMBULL GARDENS TOWNHOUSES,500A Trumbull Ave,Bridgeport,06606,4,Public_Housing,Housing Authority of the City of Bridgeport,,No
Quinnipiac Terrace Phase I,35 Del Rio Dr,New Haven,06513,4,Public_Housing,Housing Authority of the City of New Haven,,No
WAVERLY TOWNHOUSES,284 Valley St,New Haven,06515,4,Public_Housing,Housing Authority of the City of New Haven,,No
HOCKANUM PARK,14 Holmes St,East Hartford,06118,4,Public_Housing,East Hartford Housing Authority,,No
MAYFAIR GARDENS,239A N Main St,Manchester,06042,4,Public_Housing,Manchester Housing Authority,,No
Franklin Park East,21 Franklin Park E,Rockville,06066,4,Public_Housing,Vernon Housing Authority,,No
TRUMAN APTS,1873 N Main St,Waterbury,06704,4,Public_Housing,Waterbury Housing Authority,,No
TRUMBULL GARDENS TOWNHOUSES,372A Trumbull Ave,Bridgeport,06606,4,Public_Housing,Housing Authority of the City of Bridgeport,,No
BONNIE ACRES,60 Vance Dr,Bristol,06010,4,Public_Housing,Bristol Housing Authority,,No
TRUMAN APTS,1843 N Main St,Waterbury,06704,4,Public_Housing,Waterbury Housing Authority,,No
MCCONAUGHY TERRACE,522 Valley St,New Haven,06515,4,Public_Housing,Housing Authority of the City of New Haven,,No
CAMBRIDGE PARK,26 Davis Dr,Bristol,06010,4,Public_Housing,Bristol Housing Authority,,No
WAVERLY TOWNHOUSES,19 Waverly St,New Haven,06511,4,Public_Housing,Housing Authority of the City of New Haven,,No
WESTVILLE MANOR,67 Level St,New Haven,06515,4,Public_Housing,Housing Authority of the City of New Haven,,No
BONNIE ACRES,124 Vance Dr,Bristol,06010,4,Public_Housing,Bristol Housing Authority,,No
WAVERLY TOWNHOUSES,100 Day St,New Haven,06511,4,Public_Housing,Housing Authority of the City of New Haven,,No
HAMPSHIRE HEIGHTS,131 Laconia Ave,Putnam,06260,4,Public_Housing,Putnam Housing Authority,,No
AUSTIN RD & S END TURNKY,156 Spring Brook Rd,Waterbury,06706,4,Public_Housing,Waterbury Housing Authority,,No
AUSTIN RD & S END TURNKY,155 Spring Brook Rd,Waterbury,06706,4,Public_Housing,Waterbury Housing Authority,,No
HAMPSHIRE HEIGHTS,44 Phillips St,Putnam,06260,4,Public_Housing,Putnam Housing Authority,,No
BONNIE ACRES,84 Vance Dr,Bristol,06010,4,Public_Housing,Bristol Housing Authority,,No
Elderly and Bond Street,54 Halsey Rd,New Britain,06051,4,Public_Housing,Housing Authority of the CIty of New Britain,,No
MASTER CONTRACT - CREATIVE CHOICE,39 Caroline St,Bridgeport,06608,4,Public_Housing,Housing Authority of the City of Bridgeport,,No
Quinnipiac Terrace Phase II,1435 Quinnipiac Ave Unit 18,New Haven,06513,4,Public_Housing,Housing Authority of the City of New Haven,,No
Franklin Park East,37 Franklin Park E,Rockville,06066,4,Public_Housing,Vernon Housing Authority,,No
TRUMAN APTS,1711 N Main St,Waterbury,06704,4,Public_Housing,Waterbury Housing Authority,,No
SBONA TOWERS,18 Traverse Sq,Middletown,06457,4,Public_Housing,Middletown Housing Authority,,No
TRUMBULL GARDENS TOWNHOUSES,341A Trumbull Ave,Bridgeport,06606,4,Public_Housing,Housing Authority of the City of Bridgeport,,No
Greenwoods Garden,37 Greenwoods Ave,Winsted,06098,4,Public_Housing,Winchester Housing Authority,,No
MCCONAUGHY TERRACE,512 Valley St,New Haven,06515,4,Public_Housing,Housing Authority of the City of New Haven,,No
OAKWOOD KNOLL,72 Oakwood Knls,Norwich,06360,4,Public_Housing,Norwich Housing Authority,,No
BONNIE ACRES,68 Vance Dr,Bristol,06010,4,Public_Housing,Bristol Housing Authority,,No
Elderly and Bond Street,15 Upton St,New Britain,06051,4,Public_Housing,Housing Authority of the CIty of New Britain,,No
Lewis Circle Apartments,38 Lewis Cir,Naugatuck,06770,4,Public_Housing,Naugatuck Housing Authority,,No
HAMPSHIRE HEIGHTS,96 Laconia Ave,Putnam,06260,4,Public_Housing,Putnam Housing Authority,,No
New Nelton Court,22 Acton St,Hartford,06120,4,Public_Housing,Housing Authority of the City of Hartford,,No
MCCONAUGHY TERRACE,496 Valley St,New Haven,06515,4,Public_Housing,Housing Authority of the City of New Haven,,No
MCCONAUGHY TERRACE,502 Valley St,New Haven,06515,4,Public_Housing,Housing Authority of the City of New Haven,,No
Franklin Park East,25 Franklin Park E,Rockville,06066,4,Public_Housing,Vernon Housing Authority,,No
TRUMBULL GARDENS TOWNHOUSES,690A Trumbull Ave,Bridgeport,06606,4,Public_Housing,Housing Authority of the City of Bridgeport,,No
TRUMBULL GARDENS TOWNHOUSES,387A Trumbull Ave,Bridgeport,06606,4,Public_Housing,Housing Authority of the City of Bridgeport,,No
WESTVILLE MANOR,45 Wayfarer St,New Haven,06515,4,Public_Housing,Housing Authority of the City of New Haven,,No
WHALLEY AVENUE HOUSING,609-611 WHALLEY AVE,NEW HAVEN,06511,3,Section8_Multifamily,"WHALLEY HOUSING SERVICES, INC.",hlatorra@marrakech.org,No
AUSTIN RD & S END TURNKY,67 Gilyard Dr,Waterbury,06706,3,Public_Housing,Waterbury Housing Authority,,No
AUSTIN RD & S END TURNKY,52 Gilyard Dr,Waterbury,06706,3,Public_Housing,Waterbury Housing Authority,,No
TRUMBULL GARDENS TOWNHOUSES,40A Terrace Cir,Bridgeport,06606,3,Public_Housing,Housing Authority of the City of Bridgeport,,No
CAMBRIDGE PARK,151 Davis Dr,Bristol,06010,3,Public_Housing,Bristol Housing Authority,,No
New Nelton Court,24 Nelson St,Hartford,06120,3,Public_Housing,Housing Authority of the City of Hartford,,No
BOSTON COMMONS,173 Catherine St,Bridgeport,06604,3,Public_Housing,Housing Authority of the City of Bridgeport,,No
HOCKANUM PARK,22 Holmes St,East Hartford,06118,3,Public_Housing,East Hartford Housing Authority,,No
TRUMBULL GARDENS TOWNHOUSES,44A Terrace Cir,Bridgeport,06606,3,Public_Housing,Housing Authority of the City of Bridgeport,,No
HOCKANUM PARK,50 Mill Rd,East Hartford,06118,3,Public_Housing,East Hartford Housing Authority,,No
AUSTIN RD & S END TURNKY,56 Gilyard Dr,Waterbury,06706,3,Public_Housing,Waterbury Housing Authority,,No
AUSTIN RD & S END TURNKY,5 Gilyard Dr,Waterbury,06706,3,Public_Housing,Waterbury Housing Authority,,No
TRUMAN APTS,15 Elmer St,Waterbury,06708,3,Public_Housing,Waterbury Housing Authority,,No
BOSTON COMMONS,258 Eagle St,Bridgeport,06607,3,Public_Housing,Housing Authority of the City of Bridgeport,,No
MASTER CONTRACT - CREATIVE CHOICE,32 Caroline St,Bridgeport,06608,3,Public_Housing,Housing Authority of the City of Bridgeport,,No
AUSTIN RD & S END TURNKY,60 Gilyard Dr,Waterbury,06706,3,Public_Housing,Waterbury Housing Authority,,No
TRUMAN APTS,8 Elmer St,Waterbury,06708,3,Public_Housing,Waterbury Housing Authority,,No
OAKWOOD KNOLL,32 Westwood Park,Norwich,06360,3,Public_Housing,Norwich Housing Authority,,No
CAMBRIDGE PARK,112 Jerome Ave,Bristol,06010,3,Public_Housing,Bristol Housing Authority,,No
BOSTON COMMONS,138A Catherine St,Bridgeport,06604,3,Public_Housing,Housing Authority of the City of Bridgeport,,No
TRUMBULL GARDENS TOWNHOUSES,615A Trumbull Ave,Bridgeport,06606,3,Public_Housing,Housing Authority of the City of Bridgeport,,No
AUSTIN RD & S END TURNKY,36 Gilyard Dr,Waterbury,06706,3,Public_Housing,Waterbury Housing Authority,,No
BOSTON COMMONS,81 Velvet St,Bridgeport,06610,3,Public_Housing,Housing Authority of the City of Bridgeport,,No
HARTFORD SCATTERED SITE I,57 Green St,Hartford,06120,3,Public_Housing,Housing Authority of the City of Hartford,,No
HARTFORD SCATTERED SITE I,465 Garden St,Hartford,06112,3,Public_Housing,Housing Authority of the City of Hartford,,No
Fairgate,40 Fairgate Dr,Stamford,06902,3,Public_Housing,Housing Authority of the City of Stamford,,No
TRUMAN APTS,7 Bliss St,Waterbury,06708,3,Public_Housing,Waterbury Housing Authority,,No
ST. ANTHONY II,222 Quinnipiac Ave,New Haven,06513,3,Public_Housing,Housing Authority of the City of New Haven,,No
MASTER CONTRACT - CREATIVE CHOICE,55 Remington St,Bridgeport,06610,3,Public_Housing,Housing Authority of the City of Bridgeport,,No
AUSTIN RD & S END TURNKY,51 Gilyard Dr,Waterbury,06706,3,Public_Housing,Waterbury Housing Authority,,No
MASTER CONTRACT - CREATIVE CHOICE,46 Caroline St,Bridgeport,06608,3,Public_Housing,Housing Authority of the City of Bridgeport,,No
BOSTON COMMONS,87 Velvet St,Bridgeport,06610,3,Public_Housing,Housing Authority of the City of Bridgeport,,No
MASTER CONTRACT - CREATIVE CHOICE,93 Palisade Ave,Bridgeport,06610,3,Public_Housing,Housing Authority of the City of Bridgeport,,No
WAVERLY TOWNHOUSES,258 Valley St,New Haven,06515,3,Public_Housing,Housing Authority of the City of New Haven,,No
Presidential Village,598 Jane St,Bridgeport,06608,3,Public_Housing,Housing Authority of the City of Bridgeport,,No
Alan Jepson Manor,166A Harrison Ave,Milford,06460,3,Public_Housing,Milford Redevelopment and Housing Partnership,,No
New Nelton Court,16 Nelson St,Hartford,06120,3,Public_Housing,Housing Authority of the City of Hartford,,No
MCCONAUGHY TERRACE,77 S Genesee St,New Haven,06515,3,Public_Housing,Housing Authority of the City of New Haven,,No
OAKWOOD KNOLL,62 Westwood Park,Norwich,06360,3,Public_Housing,Norwich Housing Authority,,No
HARTFORD SCATTERED SITE I,120 Adams St,Hartford,06112,3,Public_Housing,Housing Authority of the City of Hartford,,No
SCATTERED SITES-II,571 Central Ave,New Haven,06515,3,Public_Housing,Housing Authority of the City of New Haven,,No
AUSTIN RD & S END TURNKY,48 Gilyard Dr,Waterbury,06706,3,Public_Housing,Waterbury Housing Authority,,No
MCCONAUGHY TERRACE,150 S Genesee St,New Haven,06515,3,Public_Housing,Housing Authority of the City of New Haven,,No
MASTER CONTRACT - CREATIVE CHOICE,116 Elizabeth St,Bridgeport,06610,3,Public_Housing,Housing Authority of the City of Bridgeport,,No
BOSTON COMMONS,27 Cowles St,Bridgeport,06607,3,Public_Housing,Housing Authority of the City of Bridgeport,,No
TRUMAN APTS,1733 N Main St,Waterbury,06704,3,Public_Housing,Waterbury Housing Authority,,No
New Nelton Court,20 Nelson St,Hartford,06120,3,Public_Housing,Housing Authority of the City of Hartford,,No
BOSTON COMMONS,75 Velvet St,Bridgeport,06610,3,Public_Housing,Housing Authority of the City of Bridgeport,,No
SCATTERED SITES-II,565 Central Ave,New Haven,06515,3,Public_Housing,Housing Authority of the City of New Haven,,No
TRUMAN APTS,10 Bliss St,Waterbury,06708,3,Public_Housing,Waterbury Housing Authority,,No
RAYMOND E. BALDWIN,75 Griffen St,Stratford,06615,3,Public_Housing,Housing Authority of the Town of Stratford,,No
New Nelton Court,32 Nelson St,Hartford,06120,3,Public_Housing,Housing Authority of the City of Hartford,,No
TRUMAN APTS,1745 N Main St,Waterbury,06704,3,Public_Housing,Waterbury Housing Authority,,No
Brookside Phase II,39 Austin St,New Haven,06515,3,Public_Housing,Housing Authority of the City of New Haven,,No
TRUMAN APTS,54 Eastern Ave,Waterbury,06708,3,Public_Housing,Waterbury Housing Authority,,No
Presidential Village,61 Park St,Bridgeport,06608,3,Public_Housing,Housing Authority of the City of Bridgeport,,No
TRUMAN APTS,26 Elmer St,Waterbury,06708,3,Public_Housing,Waterbury Housing Authority,,No
AUSTIN RD & S END TURNKY,19 Gilyard Dr,Waterbury,06706,3,Public_Housing,Waterbury Housing Authority,,No
EDEN DRIVE,47A Rocky Glen Rd,Danbury,06810,3,Public_Housing,Housing Authority of the City of Danbury,,No
TRUMAN APTS,25 Elmer St,Waterbury,06708,3,Public_Housing,Waterbury Housing Authority,,No
MASTER CONTRACT - CREATIVE CHOICE,310 5th St,Bridgeport,06607,3,Public_Housing,Housing Authority of the City of Bridgeport,,No
WAVERLY TOWNHOUSES,88 Day St,New Haven,06511,3,Public_Housing,Housing Authority of the City of New Haven,,No
TRUMAN APTS,1893 N Main St,Waterbury,06704,3,Public_Housing,Waterbury Housing Authority,,No
TRUMAN APTS,36 Bliss St,Waterbury,06708,3,Public_Housing,Waterbury Housing Authority,,No
Quinnipiac Terrace Phase II,422 Front St,New Haven,06513,3,Public_Housing,Housing Authority of the City of New Haven,,No
ST. ANTHONY II,1000A Quinnipiac Ave,New Haven,06513,3,Public_Housing,Housing Authority of the City of New Haven,,No
AUSTIN RD & S END TURNKY,61 Gilyard Dr,Waterbury,06706,3,Public_Housing,Waterbury Housing Authority,,No
TRUMBULL GARDENS TOWNHOUSES,480A Trumbull Ave,Bridgeport,06606,3,Public_Housing,Housing Authority of the City of Bridgeport,,No
TRUMAN APTS,340 Oakville Ave,Waterbury,06708,3,Public_Housing,Waterbury Housing Authority,,No
RAYMOND E. BALDWIN,401 Birch Dr,Stratford,06615,3,Public_Housing,Housing Authority of the Town of Stratford,,No
Brookside Phase II,31 Austin St,New Haven,06515,3,Public_Housing,Housing Authority of the City of New Haven,,No
ST. ANTHONY II,23H Chamberlain St,New Haven,06512,3,Public_Housing,Housing Authority of the City of New Haven,,No
Quinnipiac Terrace Phase II,11 John Williamson Dr,New Haven,06513,3,Public_Housing,Housing Authority of the City of New Haven,,No
ST. ANTHONY II,228 Quinnipiac Ave,New Haven,06513,3,Public_Housing,Housing Authority of the City of New Haven,,No
AUSTIN RD & S END TURNKY,400 Austin Rd,Waterbury,06705,3,Public_Housing,Waterbury Housing Authority,,No
BOSTON COMMONS,146A Catherine St,Bridgeport,06604,3,Public_Housing,Housing Authority of the City of Bridgeport,,No
TRUMAN APTS,1785 N Main St,Waterbury,06704,3,Public_Housing,Waterbury Housing Authority,,No
MCCONAUGHY TERRACE,468 Valley St,New Haven,06515,3,Public_Housing,Housing Authority of the City of New Haven,,No
TRUMBULL GARDENS TOWNHOUSES,375A Trumbull Ave,Bridgeport,06606,3,Public_Housing,Housing Authority of the City of Bridgeport,,No
TRUMAN APTS,314 Oakville Ave,Waterbury,06708,3,Public_Housing,Waterbury Housing Authority,,No
HARTFORD SCATTERED SITE I,107 Benton St,Hartford,06114,3,Public_Housing,Housing Authority of the City of Hartford,,No
TRUMBULL GARDENS TOWNHOUSES,60A Terrace Cir,Bridgeport,06606,3,Public_Housing,Housing Authority of the City of Bridgeport,,No
AUSTIN RD & S END TURNKY,32 Gilyard Dr,Waterbury,06706,3,Public_Housing,Waterbury Housing Authority,,No
BOSTON COMMONS,134A Catherine St,Bridgeport,06604,3,Public_Housing,Housing Authority of the City of Bridgeport,,No
TRUMAN APTS,1857 N Main St,Waterbury,06704,3,Public_Housing,Waterbury Housing Authority,,No
TRUMAN APTS,1853 N Main St,Waterbury,06704,3,Public_Housing,Waterbury Housing Authority,,No
TRUMAN APTS,324 Oakville Ave,Waterbury,06708,3,Public_Housing,Waterbury Housing Authority,,No
SCATTERED SITES - III,546 Woodward Ave,New Haven,06512,3,Public_Housing,Housing Authority of the City of New Haven,,No
SCATTERED SITES,49B Highland Ave,Danbury,06810,3,Public_Housing,Housing Authority of the City of Danbury,,No
HARTFORD SCATTERED SITE I,111 Benton St,Hartford,06114,3,Public_Housing,Housing Authority of the City of Hartford,,No
HARTFORD SCATTERED SITE I,590 Garden St,Hartford,06112,3,Public_Housing,Housing Authority of the City of Hartford,,No
AUSTIN RD & S END TURNKY,44 Gilyard Dr,Waterbury,06706,3,Public_Housing,Waterbury Housing Authority,,No
AUSTIN RD & S END TURNKY,16 Gilyard Dr,Waterbury,06706,3,Public_Housing,Waterbury Housing Authority,,No
TRUMBULL GARDENS TOWNHOUSES,520A Trumbull Ave,Bridgeport,06606,3,Public_Housing,Housing Authority of the City of Bridgeport,,No
BOSTON COMMONS,99 Velvet St,Bridgeport,06610,3,Public_Housing,Housing Authority of the City of Bridgeport,,No
HARTFORD SCATTERED SITE I,40 Putnam St,Hartford,06106,3,Public_Housing,Housing Authority of the City of Hartford,,No
HARTFORD SCATTERED SITE I,105 Clark St,Hartford,06120,3,Public_Housing,Housing Authority of the City of Hartford,,No
BOSTON COMMONS,69 Velvet St,Bridgeport,06610,3,Public_Housing,Housing Authority of the City of Bridgeport,,No
HARTFORD SCATTERED SITE I,36 Putnam St,Hartford,06106,3,Public_Housing,Housing Authority of the City of Hartford,,No
BOSTON COMMONS,111 Velvet St,Bridgeport,06610,3,Public_Housing,Housing Authority of the City of Bridgeport,,No
Quinnipiac Terrace Phase II,1435 Quinnipiac Ave Unit 13,New Haven,06513,3,Public_Housing,Housing Authority of the City of New Haven,,No
Quinnipiac Terrace Phase I,5 Del Rio Dr,New Haven,06513,3,Public_Housing,Housing Authority of the City of New Haven,,No
BOSTON COMMONS,1119 Iranistan Ave,Bridgeport,06605,3,Public_Housing,Housing Authority of the City of Bridgeport,,No
SCATTERED SITES - III,859 Woodward Ave,New Haven,06512,3,Public_Housing,Housing Authority of the City of New Haven,,No
MASTER CONTRACT - CREATIVE CHOICE,23 Caroline St,Bridgeport,06608,3,Public_Housing,Housing Authority of the City of Bridgeport,,No
CAMBRIDGE PARK,130A Marconi Ave,Bristol,06010,3,Public_Housing,Bristol Housing Authority,,No
HARTFORD SCATTERED SITE I,61 Green St,Hartford,06120,3,Public_Housing,Housing Authority of the City of Hartford,,No
Brookside Phase I,12 Catherine St,New Haven,06512,3,Public_Housing,Housing Authority of the City of New Haven,,No
TRUMBULL GARDENS TOWNHOUSES,339A Trumbull Ave,Bridgeport,06606,3,Public_Housing,Housing Authority of the City of Bridgeport,,No
BOSTON COMMONS,163 Catherine St,Bridgeport,06604,3,Public_Housing,Housing Authority of the City of Bridgeport,,No
TRUMAN APTS,27 Bliss St,Waterbury,06708,3,Public_Housing,Waterbury Housing Authority,,No
Presidential Village,533 Hallett St,Bridgeport,06608,3,Public_Housing,Housing Authority of the City of Bridgeport,,No
TRUMAN APTS,17 Bliss St,Waterbury,06708,3,Public_Housing,Waterbury Housing Authority,,No
BOSTON COMMONS,107 Cowles St,Bridgeport,06607,3,Public_Housing,Housing Authority of the City of Bridgeport,,No
TRUMAN APTS,78 Elmer St,Waterbury,06708,3,Public_Housing,Waterbury Housing Authority,,No
BOSTON COMMONS,309 Hollister Ave,Bridgeport,06607,3,Public_Housing,Housing Authority of the City of Bridgeport,,No
MASTER CONTRACT - CREATIVE CHOICE,73 Beecher St,Bridgeport,06608,3,Public_Housing,Housing Authority of the City of Bridgeport,,No
TRUMAN APTS,30 Bliss St,Waterbury,06708,3,Public_Housing,Waterbury Housing Authority,,No
HARTFORD SCATTERED SITE I,3 Harrison St,Hartford,06112,3,Public_Housing,Housing Authority of the City of Hartford,,No
TRUMAN APTS,1771 N Main St,Waterbury,06704,3,Public_Housing,Waterbury Housing Authority,,No
BOSTON COMMONS,222 N Bishop Ave,Bridgeport,06610,3,Public_Housing,Housing Authority of the City of Bridgeport,,No
TRUMAN APTS,348 Oakville Ave,Waterbury,06708,3,Public_Housing,Waterbury Housing Authority,,No
EDEN DRIVE,62A Pleasant St,Danbury,06810,2,Public_Housing,Housing Authority of the City of Danbury,,No
MASTER CONTRACT - CREATIVE CHOICE,488 Hawley Ave,Bridgeport,06606,2,Public_Housing,Housing Authority of the City of Bridgeport,,No
MASTER CONTRACT - CREATIVE CHOICE,552 E Main St,Bridgeport,06608,2,Public_Housing,Housing Authority of the City of Bridgeport,,No
WELLES VILLAGE,59 Wyllys St,Glastonbury,06033,2,Public_Housing,Housing Authority of the Town of Glastonbury,,No
CAMBRIDGE PARK,50 Davis Dr,Bristol,06010,2,Public_Housing,Bristol Housing Authority,,No
WELLES VILLAGE,68 Harris St,Glastonbury,06033,2,Public_Housing,Housing Authority of the Town of Glastonbury,,No
ST. ANTHONY II,214 Quinnipiac Ave,New Haven,06513,2,Public_Housing,Housing Authority of the City of New Haven,,No
MASTER CONTRACT - CREATIVE CHOICE,650 Harral Ave,Bridgeport,06604,2,Public_Housing,Housing Authority of the City of Bridgeport,,No
WELLES VILLAGE,13 Deming Rd,Glastonbury,06033,2,Public_Housing,Housing Authority of the Town of Glastonbury,,No
HARTFORD SCATTERED SITE I,11 Winter St,Hartford,06120,2,Public_Housing,Housing Authority of the City of Hartford,,No
MAYFAIR GARDENS,41 Lilley St,Manchester,06040,2,Public_Housing,Manchester Housing Authority,,No
QUARRY KNOLL,18A Quarry Knls,Greenwich,06830,2,Public_Housing,Greenwich Housing Authority,,No
ST. ANTHONY II,1361E Quinnipiac Ave,New Haven,06513,2,Public_Housing,Housing Authority of the City of New Haven,,No
HARTFORD SCATTERED SITE I,169 Wooster St,Hartford,06120,2,Public_Housing,Housing Authority of the City of Hartford,,No
SCATTERED SITES-II,65 County St,New Haven,06511,2,Public_Housing,Housing Authority of the City of New Haven,,No
ST. ANTHONY II,437M Eastern St,New Haven,06513,2,Public_Housing,Housing Authority of the City of New Haven,,No
MAYFAIR GARDENS,34 Madison St,Manchester,06040,2,Public_Housing,Manchester Housing Authority,,No
BOSTON COMMONS,161 Asylum St,Bridgeport,06610,2,Public_Housing,Housing Authority of the City of Bridgeport,,No
ST. ANTHONY II,437A Eastern St,New Haven,06513,2,Public_Housing,Housing Authority of the City of New Haven,,No
WELLES VILLAGE,22 Webster Ln,Glastonbury,06033,2,Public_Housing,Housing Authority of the Town of Glastonbury,,No
QUARRY KNOLL,17A Quarry Knls,Greenwich,06830,2,Public_Housing,Greenwich Housing Authority,,No
CAMBRIDGE PARK,121 Davis Dr,Bristol,06010,2,Public_Housing,Bristol Housing Authority,,No
Family Scattered Sites,86 W Town St,Milford,06460,2,Public_Housing,Milford Redevelopment and Housing Partnership,,No
Rockview Phase 1 Rental,4 Rock View Cir,New Haven,06515,2,Public_Housing,Housing Authority of the City of New Haven,,No
CAMBRIDGE PARK,69 Davis Dr,Bristol,06010,2,Public_Housing,Bristol Housing Authority,,No
CAMBRIDGE PARK,75E Union St,Bristol,06010,2,Public_Housing,Bristol Housing Authority,,No
MAYFAIR GARDENS,85 School St,Manchester,06040,2,Public_Housing,Manchester Housing Authority,,No
WELLES VILLAGE,46 Risley Rd,Glastonbury,06033,2,Public_Housing,Housing Authority of the Town of Glastonbury,,No
HOCKANUM PARK,56 Mill Rd,East Hartford,06118,2,Public_Housing,East Hartford Housing Authority,,No
MASTER CONTRACT - CREATIVE CHOICE,60 6th St,Bridgeport,06607,2,Public_Housing,Housing Authority of the City of Bridgeport,,No
WELLES VILLAGE,19 Deming Rd,Glastonbury,06033,2,Public_Housing,Housing Authority of the Town of Glastonbury,,No
WELLES VILLAGE,99 Wyllys St,Glastonbury,06033,2,Public_Housing,Housing Authority of the Town of Glastonbury,,No
New Communities/Mary Shephard Place,128 Earle St,Hartford,06120,2,Public_Housing,Housing Authority of the City of Hartford,,No
New Communities/Mary Shephard Place,51 Theodore Napper Ln,Hartford,06120,2,Public_Housing,Housing Authority of the City of Hartford,,No
TRUMBULL GARDENS TOWNHOUSES,360A Trumbull Ave,Bridgeport,06606,2,Public_Housing,Housing Authority of the City of Bridgeport,,No
CAMBRIDGE PARK,258 Davis Dr,Bristol,06010,2,Public_Housing,Bristol Housing Authority,,No
CAMBRIDGE PARK,215 Davis Dr,Bristol,06010,2,Public_Housing,Bristol Housing Authority,,No
ST. ANTHONY II,425C Eastern St,New Haven,06513,2,Public_Housing,Housing Authority of the City of New Haven,,No
New Communities/Mary Shephard Place,86 Theodore Napper Ln,Hartford,06120,2,Public_Housing,Housing Authority of the City of Hartford,,No
BOSTON COMMONS,121 Center St,Bridgeport,06604,2,Public_Housing,Housing Authority of the City of Bridgeport,,No
New Communities/Mary Shephard Place,82 Kensington St,Hartford,06120,2,Public_Housing,Housing Authority of the City of Hartford,,No
ST. ANTHONY II,437C Eastern St,New Haven,06513,2,Public_Housing,Housing Authority of the City of New Haven,,No
MAYFAIR GARDENS,30 Lisa Dr,Manchester,06042,2,Public_Housing,Manchester Housing Authority,,No
WAVERLY TOWNHOUSES,50 Waverly St,New Haven,06511,2,Public_Housing,Housing Authority of the City of New Haven,,No
ST. ANTHONY II,437G Eastern St,New Haven,06513,2,Public_Housing,Housing Authority of the City of New Haven,,No
Fairgate,30 Fairgate Dr,Stamford,06902,2,Public_Housing,Housing Authority of the City of Stamford,,No
SCATTERED SITES-II,127 County St,New Haven,06511,2,Public_Housing,Housing Authority of the City of New Haven,,No
SCATTERED SITES - III,44 Judith Ter,New Haven,06513,2,Public_Housing,Housing Authority of the City of New Haven,,No
CAMBRIDGE PARK,204 Davis Dr,Bristol,06010,2,Public_Housing,Bristol Housing Authority,,No
CAMBRIDGE PARK,61 Davis Dr,Bristol,06010,2,Public_Housing,Bristol Housing Authority,,No
Rockview Phase 1 Rental,9 Rock View Cir,New Haven,06515,2,Public_Housing,Housing Authority of the City of New Haven,,No
CAMBRIDGE PARK,126 Davis Dr,Bristol,06010,2,Public_Housing,Bristol Housing Authority,,No
MASTER CONTRACT - CREATIVE CHOICE,30 Steuben St,Bridgeport,06608,2,Public_Housing,Housing Authority of the City of Bridgeport,,No
New Communities/Mary Shephard Place,41 Theodore Napper Ln,Hartford,06120,2,Public_Housing,Housing Authority of the City of Hartford,,No
SCATTERED SITES,6A Front St,Brooklyn,06234,2,Public_Housing,Housing Authority of the Town of Brooklyn,,No
WELLES VILLAGE,70 Denslow Rd,Glastonbury,06033,2,Public_Housing,Housing Authority of the Town of Glastonbury,,No
New Communities/Mary Shephard Place,93 Theodore Napper Ln,Hartford,06120,2,Public_Housing,Housing Authority of the City of Hartford,,No
New Communities/Mary Shephard Place,97 Theodore Napper Ln,Hartford,06120,2,Public_Housing,Housing Authority of the City of Hartford,,No
HARTFORD SCATTERED SITE I,7 Cherry St,Hartford,06106,2,Public_Housing,Housing Authority of the City of Hartford,,No
QUARRY KNOLL,4A Quarry Knls,Greenwich,06830,2,Public_Housing,Greenwich Housing Authority,,No
QUARRY KNOLL,5A Quarry Knls,Greenwich,06830,2,Public_Housing,Greenwich Housing Authority,,No
CAMBRIDGE PARK,104 Jerome Ave,Bristol,06010,2,Public_Housing,Bristol Housing Authority,,No
MASTER CONTRACT - CREATIVE CHOICE,195 Deacon St,Bridgeport,06607,2,Public_Housing,Housing Authority of the City of Bridgeport,,No
CAMBRIDGE PARK,14 Quaker Ln,Bristol,06010,2,Public_Housing,Bristol Housing Authority,,No
MASTER CONTRACT - CREATIVE CHOICE,192 Alexander Ave,Bridgeport,06606,2,Public_Housing,Housing Authority of the City of Bridgeport,,No
BOSTON COMMONS,33 Cowles St,Bridgeport,06607,2,Public_Housing,Housing Authority of the City of Bridgeport,,No
CAMBRIDGE PARK,36 Davis Dr,Bristol,06010,2,Public_Housing,Bristol Housing Authority,,No
MASTER CONTRACT - CREATIVE CHOICE,1856A Seaview Ave,Bridgeport,06610,2,Public_Housing,Housing Authority of the City of Bridgeport,,No
WELLES VILLAGE,26 Deming Rd,Glastonbury,06033,2,Public_Housing,Housing Authority of the Town of Glastonbury,,No
WELLES VILLAGE,107 Harris St,Glastonbury,06033,2,Public_Housing,Housing Authority of the Town of Glastonbury,,No
BOSTON COMMONS,1116 Ogden Street Ext,Bridgeport,06610,2,Public_Housing,Housing Authority of the City of Bridgeport,,No
ST. ANTHONY II,437I Eastern St,New Haven,06513,2,Public_Housing,Housing Authority of the City of New Haven,,No
HOCKANUM PARK,68 Silver Ln Apt 26,East Hartford,06118,2,Public_Housing,East Hartford Housing Authority,,No
QUARRY KNOLL,8A Quarry Knls,Greenwich,06830,2,Public_Housing,Greenwich Housing Authority,,No
BOSTON COMMONS,93 W Liberty St,Bridgeport,06604,2,Public_Housing,Housing Authority of the City of Bridgeport,,No
HARTFORD SCATTERED SITE I,291 Bellevue St,Hartford,06120,2,Public_Housing,Housing Authority of the City of Hartford,,No
BOSTON COMMONS,5 Elmwood Ave,Bridgeport,06605,2,Public_Housing,Housing Authority of the City of Bridgeport,,No
WELLES VILLAGE,38 Deming Rd,Glastonbury,06033,2,Public_Housing,Housing Authority of the Town of Glastonbury,,No
Fairgate,27 Fairgate Dr,Stamford,06902,2,Public_Housing,Housing Authority of the City of Stamford,,No
ST. ANTHONY II,1361K Quinnipiac Ave,New Haven,06513,2,Public_Housing,Housing Authority of the City of New Haven,,No
CAMBRIDGE PARK,70 Beech St,Bristol,06010,2,Public_Housing,Bristol Housing Authority,,No
Palmer Square,47 Stoneridge Cir,Stamford,06902,2,Public_Housing,Housing Authority of the City of Stamford,,No
New Communities/Mary Shephard Place,55 Theodore Napper Ln,Hartford,06120,2,Public_Housing,Housing Authority of the City of Hartford,,No
MASTER CONTRACT - CREATIVE CHOICE,43 6th St,Bridgeport,06607,2,Public_Housing,Housing Authority of the City of Bridgeport,,No
HARTFORD SCATTERED SITE I,179 Wooster St,Hartford,06120,2,Public_Housing,Housing Authority of the City of Hartford,,No
URSULA PARK TOWNHOUSES,72 Soundview Ave,Stamford,06902,2,Public_Housing,Housing Authority of the City of Stamford,,No
BOSTON COMMONS,370 Priscilla St,Bridgeport,06610,2,Public_Housing,Housing Authority of the City of Bridgeport,,No
BOSTON COMMONS,272 Newfield Ave,Bridgeport,06607,2,Public_Housing,Housing Authority of the City of Bridgeport,,No
Greenfield,38 Merrell Ave,Stamford,06902,2,Public_Housing,Housing Authority of the City of Stamford,,No
WELLES VILLAGE,41 Wyllys St,Glastonbury,06033,2,Public_Housing,Housing Authority of the Town of Glastonbury,,No
CAMBRIDGE PARK,122 Davis Dr,Bristol,06010,2,Public_Housing,Bristol Housing Authority,,No
WESTHILL GARDENS ANNEX,213 Bidwell St,Manchester,06040,2,Public_Housing,Manchester Housing Authority,,No
HARTFORD SCATTERED SITE I,81 Cabot St,Hartford,06112,2,Public_Housing,Housing Authority of the City of Hartford,,No
WAVERLY TOWNHOUSES,578 George St,New Haven,06511,2,Public_Housing,Housing Authority of the City of New Haven,,No
Quinnipiac Terrace Phase III,113A Downing St,New Haven,06513,2,Public_Housing,Housing Authority of the City of New Haven,,No
New Communities/Mary Shephard Place,102 Theodore Napper Ln,Hartford,06120,2,Public_Housing,Housing Authority of the City of Hartford,,No
QUARRY KNOLL,21A Quarry Knls,Greenwich,06830,2,Public_Housing,Greenwich Housing Authority,,No
New Communities/Mary Shephard Place,37 Theodore Napper Ln,Hartford,06120,2,Public_Housing,Housing Authority of the City of Hartford,,No
CAMBRIDGE PARK,188 Davis Dr,Bristol,06010,2,Public_Housing,Bristol Housing Authority,,No
TRUMAN APTS,1777 N Main St,Waterbury,06704,2,Public_Housing,Waterbury Housing Authority,,No
WELLES VILLAGE,65 Denslow Rd,Glastonbury,06033,2,Public_Housing,Housing Authority of the Town of Glastonbury,,No
WELLES VILLAGE,15 Wyllys St,Glastonbury,06033,2,Public_Housing,Housing Authority of the Town of Glastonbury,,No
MASTER CONTRACT - CREATIVE CHOICE,715 Lindley St,Bridgeport,06606,2,Public_Housing,Housing Authority of the City of Bridgeport,,No
QUARRY KNOLL,1A Quarry Knls,Greenwich,06830,2,Public_Housing,Greenwich Housing Authority,,No
CAMBRIDGE PARK,13 Quaker Ln,Bristol,06010,2,Public_Housing,Bristol Housing Authority,,No
WELLES VILLAGE,66 Denslow Rd,Glastonbury,06033,2,Public_Housing,Housing Authority of the Town of Glastonbury,,No
WELLES VILLAGE,98 Wyllys St,Glastonbury,06033,2,Public_Housing,Housing Authority of the Town of Glastonbury,,No
CAMBRIDGE PARK,46 Davis Dr,Bristol,06010,2,Public_Housing,Bristol Housing Authority,,No
ST. ANTHONY II,425M Eastern St,New Haven,06513,2,Public_Housing,Housing Authority of the City of New Haven,,No
HARTFORD SCATTERED SITE I,51 Vineland Ter,Hartford,06112,2,Public_Housing,Housing Authority of the City of Hartford,,No
SCATTERED SITES - III,90 Terrace St,New Haven,06512,2,Public_Housing,Housing Authority of the City of New Haven,,No
QUARRY KNOLL,16A Quarry Knls,Greenwich,06830,2,Public_Housing,Greenwich Housing Authority,,No
Brookside Phase II,21 Austin St,New Haven,06515,2,Public_Housing,Housing Authority of the City of New Haven,,No
QUARRY KNOLL,24A Quarry Knls,Greenwich,06830,2,Public_Housing,Greenwich Housing Authority,,No
Brookside Phase II,7 Monroe St,New Haven,06513,2,Public_Housing,Housing Authority of the City of New Haven,,No
BOSTON COMMONS,128 Scofield Ave,Bridgeport,06605,2,Public_Housing,Housing Authority of the City of Bridgeport,,No
New Communities/Mary Shephard Place,85 Theodore Napper Ln,Hartford,06120,2,Public_Housing,Housing Authority of the City of Hartford,,No
CAMBRIDGE PARK,89 Davis Dr,Bristol,06010,2,Public_Housing,Bristol Housing Authority,,No
BOSTON COMMONS,44 Kingsbury Rd,Bridgeport,06610,2,Public_Housing,Housing Authority of the City of Bridgeport,,No
QUARRY KNOLL,9A Quarry Knls,Greenwich,06830,2,Public_Housing,Greenwich Housing Authority,,No
WAVERLY TOWNHOUSES,42 Waverly St,New Haven,06511,2,Public_Housing,Housing Authority of the City of New Haven,,No
New Communities/Mary Shephard Place,62 Theodore Napper Ln,Hartford,06120,2,Public_Housing,Housing Authority of the City of Hartford,,No
HARTFORD SCATTERED SITE I,16 Wadsworth St,Hartford,06106,2,Public_Housing,Housing Authority of the City of Hartford,,No
MAYFAIR GARDENS,7 Lisa Dr,Manchester,06042,2,Public_Housing,Manchester Housing Authority,,No
WELLES VILLAGE,32 Risley Rd,Glastonbury,06033,2,Public_Housing,Housing Authority of the Town of Glastonbury,,No
WELLES VILLAGE,69 Risley Rd,Glastonbury,06033,2,Public_Housing,Housing Authority of the Town of Glastonbury,,No
WELLES VILLAGE,92 Harris St,Glastonbury,06033,2,Public_Housing,Housing Authority of the Town of Glastonbury,,No
COURT TOWERS,54A Burke Rd,Rockville,06066,2,Public_Housing,Vernon Housing Authority,,No
BOSTON COMMONS,107 Velvet St,Bridgeport,06610,2,Public_Housing,Housing Authority of the City of Bridgeport,,No
WELLES VILLAGE,43 Deming Rd,Glastonbury,06033,2,Public_Housing,Housing Authority of the Town of Glastonbury,,No
MEADOW GARDENS,49 Elmwood Ave,Norwalk,06854,2,Public_Housing,Housing Authority Of The City Of Norwalk,,No
BOSTON COMMONS,58 Harral Ave,Bridgeport,06604,2,Public_Housing,Housing Authority of the City of Bridgeport,,No
CAMBRIDGE PARK,268 West St,Bristol,06010,2,Public_Housing,Bristol Housing Authority,,No
New Communities/Mary Shephard Place,30 Hampton St,Hartford,06120,2,Public_Housing,Housing Authority of the City of Hartford,,No
WELLES VILLAGE,46 Wyllys St,Glastonbury,06033,2,Public_Housing,Housing Authority of the Town of Glastonbury,,No
Rockview Phase 1 Rental,36 Rock View Cir,New Haven,06515,2,Public_Housing,Housing Authority of the City of New Haven,,No
New Communities/Mary Shephard Place,42 Kensington St,Hartford,06120,2,Public_Housing,Housing Authority of the City of Hartford,,No
MASTER CONTRACT - CREATIVE CHOICE,54 Garden Dr,Bridgeport,06606,2,Public_Housing,Housing Authority of the City of Bridgeport,,No
WELLES VILLAGE,11 Denslow Rd,Glastonbury,06033,2,Public_Housing,Housing Authority of the Town of Glastonbury,,No
CAMBRIDGE PARK,65 Davis Dr,Bristol,06010,2,Public_Housing,Bristol Housing Authority,,No
SCATTERED SITES - III,168 Beacon Ave,New Haven,06512,2,Public_Housing,Housing Authority of the City of New Haven,,No
CAMBRIDGE PARK,70 Davis Dr,Bristol,06010,2,Public_Housing,Bristol Housing Authority,,No
Family Scattered Sites,79 Elaine Rd,Milford,06460,2,Public_Housing,Milford Redevelopment and Housing Partnership,,No
WELLES VILLAGE,10 Deming Rd,Glastonbury,06033,2,Public_Housing,Housing Authority of the Town of Glastonbury,,No
HARTFORD SCATTERED SITE I,283 Bellevue St,Hartford,06120,2,Public_Housing,Housing Authority of the City of Hartford,,No
ST. ANTHONY II,210 Quinnipiac Ave,New Haven,06513,2,Public_Housing,Housing Authority of the City of New Haven,,No
ST. ANTHONY II,218 Quinnipiac Ave,New Haven,06513,2,Public_Housing,Housing Authority of the City of New Haven,,No
QUARRY KNOLL,2A Quarry Knls,Greenwich,06830,2,Public_Housing,Greenwich Housing Authority,,No
WELLES VILLAGE,70 Risley Rd,Glastonbury,06033,2,Public_Housing,Housing Authority of the Town of Glastonbury,,No
BOSTON COMMONS,1368 Iranistan Ave,Bridgeport,06605,2,Public_Housing,Housing Authority of the City of Bridgeport,,No
WELLES VILLAGE,23 Denslow Rd,Glastonbury,06033,2,Public_Housing,Housing Authority of the Town of Glastonbury,,No
New Communities/Mary Shephard Place,23 Theodore Napper Ln,Hartford,06120,2,Public_Housing,Housing Authority of the City of Hartford,,No
WELLES VILLAGE,54 Wyllys St,Glastonbury,06033,2,Public_Housing,Housing Authority of the Town of Glastonbury,,No
SCATTERED SITES - III,398 Concord St,New Haven,06512,2,Public_Housing,Housing Authority of the City of New Haven,,No
ST. ANTHONY II,1000D Quinnipiac Ave,New Haven,06513,2,Public_Housing,Housing Authority of the City of New Haven,,No
CAMBRIDGE PARK,40 Davis Dr,Bristol,06010,2,Public_Housing,Bristol Housing Authority,,No
CAMBRIDGE PARK,20 Quaker Ln,Bristol,06010,2,Public_Housing,Bristol Housing Authority,,No
CAMBRIDGE PARK,170 Davis Dr,Bristol,06010,2,Public_Housing,Bristol Housing Authority,,No
WAVERLY TOWNHOUSES,46 Waverly St,New Haven,06511,2,Public_Housing,Housing Authority of the City of New Haven,,No
ST. ANTHONY II,425E Eastern St,New Haven,06513,2,Public_Housing,Housing Authority of the City of New Haven,,No
ST. ANTHONY II,425I Eastern St,New Haven,06513,2,Public_Housing,Housing Authority of the City of New Haven,,No
New Communities/Mary Shephard Place,74 Theodore Napper Ln,Hartford,06120,2,Public_Housing,Housing Authority of the City of Hartford,,No
SCATTERED SITES,8A Front St,Brooklyn,06234,2,Public_Housing,Housing Authority of the Town of Brooklyn,,No
CAMBRIDGE PARK,118 Davis Dr,Bristol,06010,2,Public_Housing,Bristol Housing Authority,,No
CAMBRIDGE PARK,254 Davis Dr,Bristol,06010,2,Public_Housing,Bristol Housing Authority,,No
QUARRY KNOLL,10A Quarry Knls,Greenwich,06830,2,Public_Housing,Greenwich Housing Authority,,No
URSULA PARK TOWNHOUSES,45 Sheridan St,Stamford,06902,2,Public_Housing,Housing Authority of the City of Stamford,,No
MASTER CONTRACT - CREATIVE CHOICE,562 E Main St,Bridgeport,06608,2,Public_Housing,Housing Authority of the City of Bridgeport,,No
CAMBRIDGE PARK,263 Davis Dr,Bristol,06010,2,Public_Housing,Bristol Housing Authority,,No
QUARRY KNOLL,19A Quarry Knls,Greenwich,06830,2,Public_Housing,Greenwich Housing Authority,,No
MASTER CONTRACT - CREATIVE CHOICE,21 Garden Dr,Bridgeport,06606,2,Public_Housing,Housing Authority of the City of Bridgeport,,No
COURT TOWERS,50A Burke Rd,Rockville,06066,2,Public_Housing,Vernon Housing Authority,,No
Fairgate,45 Fairfield Ave,Stamford,06902,2,Public_Housing,Housing Authority of the City of Stamford,,No
WELLES VILLAGE,92 Wyllys St,Glastonbury,06033,2,Public_Housing,Housing Authority of the Town of Glastonbury,,No
HARTFORD SCATTERED SITE I,37 Orange St,Hartford,06106,2,Public_Housing,Housing Authority of the City of Hartford,,No
SCATTERED SITES - III,8 Terrace St,New Haven,06512,2,Public_Housing,Housing Authority of the City of New Haven,,No
QUARRY KNOLL,20A Quarry Knls,Greenwich,06830,2,Public_Housing,Greenwich Housing Authority,,No
QUARRY KNOLL,3A Quarry Knls,Greenwich,06830,2,Public_Housing,Greenwich Housing Authority,,No
WELLES VILLAGE,25 Wyllys St,Glastonbury,06033,2,Public_Housing,Housing Authority of the Town of Glastonbury,,No
CAMBRIDGE PARK,211 Davis Dr,Bristol,06010,2,Public_Housing,Bristol Housing Authority,,No
CAMBRIDGE PARK,110 Davis Dr,Bristol,06010,2,Public_Housing,Bristol Housing Authority,,No
CAMBRIDGE PARK,178 Davis Dr,Bristol,06010,2,Public_Housing,Bristol Housing Authority,,No
ST. ANTHONY II,1361C Quinnipiac Ave,New Haven,06513,2,Public_Housing,Housing Authority of the City of New Haven,,No
SCATTERED SITE,10 Taft Ave,Bloomfield,06002,2,Public_Housing,Bloomfield Housing Authority,,No
CAMBRIDGE PARK,58 Davis Dr,Bristol,06010,2,Public_Housing,Bristol Housing Authority,,No
SCATTERED SITES - III,20 Westminster St,New Haven,06513,2,Public_Housing,Housing Authority of the City of New Haven,,No
HARTFORD SCATTERED SITE I,7 Winter St,Hartford,06120,2,Public_Housing,Housing Authority of the City of Hartford,,No
New Communities/Mary Shephard Place,70 Theodore Napper Ln,Hartford,06120,2,Public_Housing,Housing Authority of the City of Hartford,,No
ST. ANTHONY II,437K Eastern St,New Haven,06513,2,Public_Housing,Housing Authority of the City of New Haven,,No
New Communities/Mary Shephard Place,129 Kensington St,Hartford,06120,2,Public_Housing,Housing Authority of the City of Hartford,,No
HARTFORD SCATTERED SITE I,188 Seymour St,Hartford,06106,2,Public_Housing,Housing Authority of the City of Hartford,,No
SCATTERED SITE,1192 Blue Hills Ave,Bloomfield,06002,2,Public_Housing,Bloomfield Housing Authority,,No
MAYFAIR GARDENS,37 Florence St,Manchester,06040,2,Public_Housing,Manchester Housing Authority,,No
WELLES VILLAGE,63 Risley Rd,Glastonbury,06033,2,Public_Housing,Housing Authority of the Town of Glastonbury,,No
WELLES VILLAGE,39 Deming Rd,Glastonbury,06033,2,Public_Housing,Housing Authority of the Town of Glastonbury,,No
BOSTON COMMONS,75 Sedgewick St,Bridgeport,06606,2,Public_Housing,Housing Authority of the City of Bridgeport,,No
WELLES VILLAGE,57 Harris St,Glastonbury,06033,2,Public_Housing,Housing Authority of the Town of Glastonbury,,No
SCATTERED SITES - III,759 Quinnipiac Ave,New Haven,06513,2,Public_Housing,Housing Authority of the City of New Haven,,No
SCATTERED SITES - III,174A Farren Ave,New Haven,06513,2,Public_Housing,Housing Authority of the City of New Haven,,No
CAMBRIDGE PARK,266 Davis Dr,Bristol,06010,2,Public_Housing,Bristol Housing Authority,,No
WELLES VILLAGE,10 Risley Rd,Glastonbury,06033,2,Public_Housing,Housing Authority of the Town of Glastonbury,,No
BOSTON COMMONS,52 Harral Ave,Bridgeport,06604,2,Public_Housing,Housing Authority of the City of Bridgeport,,No
BOSTON COMMONS,30 Salem St,Bridgeport,06606,2,Public_Housing,Housing Authority of the City of Bridgeport,,No
WELLES VILLAGE,20 Deming Rd,Glastonbury,06033,2,Public_Housing,Housing Authority of the Town of Glastonbury,,No
HARTFORD SCATTERED SITE I,6 Winter St,Hartford,06120,2,Public_Housing,Housing Authority of the City of Hartford,,No
WELLES VILLAGE,113 Harris St,Glastonbury,06033,2,Public_Housing,Housing Authority of the Town of Glastonbury,,No
BOSTON COMMONS,365 Woodside Ave,Bridgeport,06606,2,Public_Housing,Housing Authority of the City of Bridgeport,,No
BOSTON COMMONS,131 Center St,Bridgeport,06604,2,Public_Housing,Housing Authority of the City of Bridgeport,,No
EDEN DRIVE,6B Perkins St,Danbury,06810,2,Public_Housing,Housing Authority of the City of Danbury,,No
Fairgate,35 Fairgate Dr,Stamford,06902,2,Public_Housing,Housing Authority of the City of Stamford,,No
QUARRY KNOLL,19C Quarry Knls,Greenwich,06830,2,Public_Housing,Greenwich Housing Authority,,No
Brookside Phase II,33 Austin St,New Haven,06515,2,Public_Housing,Housing Authority of the City of New Haven,,No
HARTFORD SCATTERED SITE I,22 Wadsworth St,Hartford,06106,2,Public_Housing,Housing Authority of the City of Hartford,,No
11 May Street,11 May St,Ansonia,06401,2,Public_Housing,Housing Authority of the City of Ansonia,,No
BOSTON COMMONS,156 Madison Ave,Bridgeport,06604,2,Public_Housing,Housing Authority of the City of Bridgeport,,No
MASTER CONTRACT - CREATIVE CHOICE,75 Prince St,Bridgeport,06610,2,Public_Housing,Housing Authority of the City of Bridgeport,,No
ST. ANTHONY II,1361I Quinnipiac Ave,New Haven,06513,2,Public_Housing,Housing Authority of the City of New Haven,,No
MASTER CONTRACT - CREATIVE CHOICE,529 Grant St,Bridgeport,06610,2,Public_Housing,Housing Authority of the City of Bridgeport,,No
HARTFORD SCATTERED SITE I,57 Judson St,Hartford,06120,2,Public_Housing,Housing Authority of the City of Hartford,,No
HARTFORD SCATTERED SITE I,115 Benton St,Hartford,06114,2,Public_Housing,Housing Authority of the City of Hartford,,No
WELLES VILLAGE,24 Denslow Rd,Glastonbury,06033,2,Public_Housing,Housing Authority of the Town of Glastonbury,,No
Quinnipiac Terrace Phase II,30 Del Rio Dr,New Haven,06513,2,Public_Housing,Housing Authority of the City of New Haven,,No
WELLES VILLAGE,44 Deming Rd,Glastonbury,06033,2,Public_Housing,Housing Authority of the Town of Glastonbury,,No
BOSTON COMMONS,144 Madison Ave,Bridgeport,06604,2,Public_Housing,Housing Authority of the City of Bridgeport,,No
MCCONAUGHY TERRACE,63 S Genesee St,New Haven,06515,2,Public_Housing,Housing Authority of the City of New Haven,,No
QUARRY KNOLL,12A Quarry Knls,Greenwich,06830,2,Public_Housing,Greenwich Housing Authority,,No
New Communities/Mary Shephard Place,77 Theodore Napper Ln,Hartford,06120,2,Public_Housing,Housing Authority of the City of Hartford,,No
New Communities/Mary Shephard Place,69 Theodore Napper Ln,Hartford,06120,2,Public_Housing,Housing Authority of the City of Hartford,,No
MAYFAIR GARDENS,122 Maple St,Manchester,06040,2,Public_Housing,Manchester Housing Authority,,No
BOSTON COMMONS,71 Highland Ave,Bridgeport,06604,2,Public_Housing,Housing Authority of the City of Bridgeport,,No
New Communities/Mary Shephard Place,101 Theodore Napper Ln,Hartford,06120,2,Public_Housing,Housing Authority of the City of Hartford,,No
MASTER CONTRACT - CREATIVE CHOICE,597 Union Ave,Bridgeport,06607,2,Public_Housing,Housing Authority of the City of Bridgeport,,No
MASTER CONTRACT - CREATIVE CHOICE,214 Carroll Ave,Bridgeport,06607,2,Public_Housing,Housing Authority of the City of Bridgeport,,No
WELLES VILLAGE,30 Wyllys St,Glastonbury,06033,2,Public_Housing,Housing Authority of the Town of Glastonbury,,No
CAMBRIDGE PARK,66 Davis Dr,Bristol,06010,2,Public_Housing,Bristol Housing Authority,,No
MAYFAIR GARDENS,64 Regent St,Manchester,06042,2,Public_Housing,Manchester Housing Authority,,No
BOSTON COMMONS,40 Salem St,Bridgeport,06606,2,Public_Housing,Housing Authority of the City of Bridgeport,,No
CAMBRIDGE PARK,21 Quaker Ln,Bristol,06010,2,Public_Housing,Bristol Housing Authority,,No
CAMBRIDGE PARK,216 Davis Dr,Bristol,06010,2,Public_Housing,Bristol Housing Authority,,No
New Communities/Mary Shephard Place,15 Theodore Napper Ln,Hartford,06120,2,Public_Housing,Housing Authority of the City of Hartford,,No
Brookside Phase II,35 Austin St,New Haven,06515,2,Public_Housing,Housing Authority of the City of New Haven,,No
CAMBRIDGE PARK,208 Davis Dr,Bristol,06010,2,Public_Housing,Bristol Housing Authority,,No
MASTER CONTRACT - CREATIVE CHOICE,20 Steuben St,Bridgeport,06608,2,Public_Housing,Housing Authority of the City of Bridgeport,,No
MASTER CONTRACT - CREATIVE CHOICE,537 Grant St,Bridgeport,06610,2,Public_Housing,Housing Authority of the City of Bridgeport,,No
New Communities/Mary Shephard Place,46 Theodore Napper Ln,Hartford,06120,2,Public_Housing,Housing Authority of the City of Hartford,,No
ST. ANTHONY II,1363O Quinnipiac Ave,New Haven,06513,2,Public_Housing,Housing Authority of the City of New Haven,,No
WAVERLY TOWNHOUSES,43 Waverly St,New Haven,06511,2,Public_Housing,Housing Authority of the City of New Haven,,No
URSULA PARK TOWNHOUSES,1 Oscar St,Stamford,06906,2,Public_Housing,Housing Authority of the City of Stamford,,No
New Communities/Mary Shephard Place,50 Kensington St,Hartford,06120,2,Public_Housing,Housing Authority of the City of Hartford,,No
BOSTON COMMONS,235 Grove St,Bridgeport,06605,2,Public_Housing,Housing Authority of the City of Bridgeport,,No
New Communities/Mary Shephard Place,65 Hampton St,Hartford,06120,2,Public_Housing,Housing Authority of the City of Hartford,,No
MAYFAIR GARDENS,12 Lisa Dr,Manchester,06042,2,Public_Housing,Manchester Housing Authority,,No
CAMBRIDGE PARK,26 Quaker Ln,Bristol,06010,2,Public_Housing,Bristol Housing Authority,,No
CAMBRIDGE PARK,150 Davis Dr,Bristol,06010,2,Public_Housing,Bristol Housing Authority,,No
ST. ANTHONY II,425O Eastern St,New Haven,06513,2,Public_Housing,Housing Authority of the City of New Haven,,No
BOSTON COMMONS,2 Calhoun Ave,Bridgeport,06604,2,Public_Housing,Housing Authority of the City of Bridgeport,,No
CAMBRIDGE PARK,109 Davis Dr,Bristol,06010,2,Public_Housing,Bristol Housing Authority,,No
MAYFAIR GARDENS,6 Lisa Dr,Manchester,06042,2,Public_Housing,Manchester Housing Authority,,No
CAMBRIDGE PARK,90 Davis Dr,Bristol,06010,2,Public_Housing,Bristol Housing Authority,,No
New Communities/Mary Shephard Place,18 Kensington St,Hartford,06120,2,Public_Housing,Housing Authority of the City of Hartford,,No
BOSTON COMMONS,89 W Liberty St,Bridgeport,06604,2,Public_Housing,Housing Authority of the City of Bridgeport,,No
MASTER CONTRACT - CREATIVE CHOICE,34 Garfield Ave,Bridgeport,06606,2,Public_Housing,Housing Authority of the City of Bridgeport,,No
ST. ANTHONY II,1363I Quinnipiac Ave,New Haven,06513,2,Public_Housing,Housing Authority of the City of New Haven,,No
New Communities/Mary Shephard Place,81 Theodore Napper Ln,Hartford,06120,2,Public_Housing,Housing Authority of the City of Hartford,,No
HARTFORD SCATTERED SITE I,21 Harrison St,Hartford,06112,2,Public_Housing,Housing Authority of the City of Hartford,,No
CAMBRIDGE PARK,212 Davis Dr,Bristol,06010,2,Public_Housing,Bristol Housing Authority,,No
CAMBRIDGE PARK,207 Davis Dr,Bristol,06010,2,Public_Housing,Bristol Housing Authority,,No
WELLES VILLAGE,80 Wyllys St,Glastonbury,06033,2,Public_Housing,Housing Authority of the Town of Glastonbury,,No
New Communities/Mary Shephard Place,31 Theodore Napper Ln,Hartford,06120,2,Public_Housing,Housing Authority of the City of Hartford,,No
CAMBRIDGE PARK,124 Jerome Ave,Bristol,06010,2,Public_Housing,Bristol Housing Authority,,No
Family Scattered Sites,22 Casco St,Milford,06460,2,Public_Housing,Milford Redevelopment and Housing Partnership,,No
HARTFORD SCATTERED SITE I,175 Wooster St,Hartford,06120,2,Public_Housing,Housing Authority of the City of Hartford,,No
ST. ANTHONY II,437E Eastern St,New Haven,06513,2,Public_Housing,Housing Authority of the City of New Haven,,No
WELLES VILLAGE,10 Wyllys St,Glastonbury,06033,2,Public_Housing,Housing Authority of the Town of Glastonbury,,No
WELLES VILLAGE,29 Denslow Rd,Glastonbury,06033,2,Public_Housing,Housing Authority of the Town of Glastonbury,,No
HARTFORD SCATTERED SITE I,55 Vineland Ter,Hartford,06112,2,Public_Housing,Housing Authority of the City of Hartford,,No
CAMBRIDGE PARK,166 Davis Dr,Bristol,06010,2,Public_Housing,Bristol Housing Authority,,No
MASTER CONTRACT - CREATIVE CHOICE,300 Salem St,Bridgeport,06606,2,Public_Housing,Housing Authority of the City of Bridgeport,,No
New Communities/Mary Shephard Place,81 Hampton St,Hartford,06120,2,Public_Housing,Housing Authority of the City of Hartford,,No
CAMBRIDGE PARK,167 Davis Dr,Bristol,06010,2,Public_Housing,Bristol Housing Authority,,No
CAMBRIDGE PARK,199 Davis Dr,Bristol,06010,2,Public_Housing,Bristol Housing Authority,,No
WELLES VILLAGE,56 Harris St,Glastonbury,06033,2,Public_Housing,Housing Authority of the Town of Glastonbury,,No
ST. ANTHONY II,437O Eastern St,New Haven,06513,2,Public_Housing,Housing Authority of the City of New Haven,,No
BOSTON COMMONS,554 Stillman St,Bridgeport,06608,2,Public_Housing,Housing Authority of the City of Bridgeport,,No
EDEN DRIVE,102A South St,Danbury,06810,2,Public_Housing,Housing Authority of the City of Danbury,,No
WELLES VILLAGE,57 Risley Rd,Glastonbury,06033,2,Public_Housing,Housing Authority of the Town of Glastonbury,,No
CAMBRIDGE PARK,198 Davis Dr,Bristol,06010,2,Public_Housing,Bristol Housing Authority,,No
New Communities/Mary Shephard Place,98 Theodore Napper Ln,Hartford,06120,2,Public_Housing,Housing Authority of the City of Hartford,,No
MASTER CONTRACT - CREATIVE CHOICE,156 Hazelwood Ave,Bridgeport,06605,2,Public_Housing,Housing Authority of the City of Bridgeport,,No
QUARRY KNOLL,11A Quarry Knls,Greenwich,06830,2,Public_Housing,Greenwich Housing Authority,,No
CAMBRIDGE PARK,78 Davis Dr,Bristol,06010,2,Public_Housing,Bristol Housing Authority,,No
HOCKANUM PARK,28 Elms Village Dr,East Hartford,06118,2,Public_Housing,East Hartford Housing Authority,,No
CAMBRIDGE PARK,114 Davis Dr,Bristol,06010,2,Public_Housing,Bristol Housing Authority,,No
HARTFORD SCATTERED SITE I,52 Enfield St,Hartford,06112,2,Public_Housing,Housing Authority of the City of Hartford,,No
MASTER CONTRACT - CREATIVE CHOICE,91 Harbor Ave,Bridgeport,06605,2,Public_Housing,Housing Authority of the City of Bridgeport,,No
BOSTON COMMONS,1335 Kossuth St,Bridgeport,06608,2,Public_Housing,Housing Authority of the City of Bridgeport,,No
URSULA PARK TOWNHOUSES,41 Sheridan St,Stamford,06902,2,Public_Housing,Housing Authority of the City of Stamford,,No
BOSTON COMMONS,380 Wood Ave,Bridgeport,06605,2,Public_Housing,Housing Authority of the City of Bridgeport,,No
ST. ANTHONY II,63 Fulton St,New Haven,06513,2,Public_Housing,Housing Authority of the City of New Haven,,No
SCATTERED SITES,19A Tiffany St,Brooklyn,06234,2,Public_Housing,Housing Authority of the Town of Brooklyn,,No
Fairgate,18 Fairgate Dr,Stamford,06902,2,Public_Housing,Housing Authority of the City of Stamford,,No
ST. ANTHONY II,71 Fulton St,New Haven,06513,2,Public_Housing,Housing Authority of the City of New Haven,,No
WELLES VILLAGE,2 Deming Rd,Glastonbury,06033,2,Public_Housing,Housing Authority of the Town of Glastonbury,,No
URSULA PARK TOWNHOUSES,66 Durant St,Stamford,06902,2,Public_Housing,Housing Authority of the City of Stamford,,No
WELLES VILLAGE,14 Deming Rd,Glastonbury,06033,2,Public_Housing,Housing Authority of the Town of Glastonbury,,No
WAVERLY TOWNHOUSES,38 Waverly St,New Haven,06511,2,Public_Housing,Housing Authority of the City of New Haven,,No
ST. ANTHONY II,1000F Quinnipiac Ave,New Haven,06513,2,Public_Housing,Housing Authority of the City of New Haven,,No
Fairgate,43 Hazel St,Stamford,06902,2,Public_Housing,Housing Authority of the City of Stamford,,No
ST. ANTHONY II,1363M Quinnipiac Ave,New Haven,06513,2,Public_Housing,Housing Authority of the City of New Haven,,No
QUARRY KNOLL,23A Quarry Knls,Greenwich,06830,2,Public_Housing,Greenwich Housing Authority,,No
WELLES VILLAGE,76 Risley Rd,Glastonbury,06033,2,Public_Housing,Housing Authority of the Town of Glastonbury,,No
MASTER CONTRACT - CREATIVE CHOICE,145 Marion St,Bridgeport,06606,2,Public_Housing,Housing Authority of the City of Bridgeport,,No
MASTER CONTRACT - CREATIVE CHOICE,84 Charles St,Bridgeport,06606,2,Public_Housing,Housing Authority of the City of Bridgeport,,No
CAMBRIDGE PARK,257 Davis Dr,Bristol,06010,2,Public_Housing,Bristol Housing Authority,,No
MCCONAUGHY TERRACE,71 S Genesee St,New Haven,06515,2,Public_Housing,Housing Authority of the City of New Haven,,No
MAYFAIR GARDENS,27 Lisa Dr,Manchester,06042,2,Public_Housing,Manchester Housing Authority,,No
BOSTON COMMONS,65 Sedgewick St,Bridgeport,06606,2,Public_Housing,Housing Authority of the City of Bridgeport,,No
Family Scattered Sites,176 Platt St,Milford,06460,2,Public_Housing,Milford Redevelopment and Housing Partnership,,No
CAMBRIDGE PARK,10 Quaker Ln,Bristol,06010,2,Public_Housing,Bristol Housing Authority,,No
WELLES VILLAGE,17 Denslow Rd,Glastonbury,06033,2,Public_Housing,Housing Authority of the Town of Glastonbury,,No
ST. ANTHONY II,1363E Quinnipiac Ave,New Haven,06513,2,Public_Housing,Housing Authority of the City of New Haven,,No
New Communities/Mary Shephard Place,74 Kensington St,Hartford,06120,2,Public_Housing,Housing Authority of the City of Hartford,,No
New Communities/Mary Shephard Place,58 Theodore Napper Ln,Hartford,06120,2,Public_Housing,Housing Authority of the City of Hartford,,No
MASTER CONTRACT - CREATIVE CHOICE,197 Beardsley St,Bridgeport,06607,2,Public_Housing,Housing Authority of the City of Bridgeport,,No
HARTFORD SCATTERED SITE I,46 Putnam St,Hartford,06106,2,Public_Housing,Housing Authority of the City of Hartford,,No
ST. ANTHONY II,1361G Quinnipiac Ave,New Haven,06513,2,Public_Housing,Housing Authority of the City of New Haven,,No
WELLES VILLAGE,26 Risley Rd,Glastonbury,06033,2,Public_Housing,Housing Authority of the Town of Glastonbury,,No
CAMBRIDGE PARK,54 Davis Dr,Bristol,06010,2,Public_Housing,Bristol Housing Authority,,No
WELLES VILLAGE,88 Harris St,Glastonbury,06033,2,Public_Housing,Housing Authority of the Town of Glastonbury,,No
MASTER CONTRACT - CREATIVE CHOICE,220 Beechwood Ave,Bridgeport,06604,2,Public_Housing,Housing Authority of the City of Bridgeport,,No
WELLES VILLAGE,18 Denslow Rd,Glastonbury,06033,2,Public_Housing,Housing Authority of the Town of Glastonbury,,No
MASTER CONTRACT - CREATIVE CHOICE,659 Union Ave,Bridgeport,06607,2,Public_Housing,Housing Authority of the City of Bridgeport,,No
CAMBRIDGE PARK,262 Davis Dr,Bristol,06010,2,Public_Housing,Bristol Housing Authority,,No
WAVERLY TOWNHOUSES,3 Waverly St,New Haven,06511,2,Public_Housing,Housing Authority of the City of New Haven,,No
ST. ANTHONY II,425K Eastern St,New Haven,06513,2,Public_Housing,Housing Authority of the City of New Haven,,No
MASTER CONTRACT - CREATIVE CHOICE,651 Hallett St,Bridgeport,06608,2,Public_Housing,Housing Authority of the City of Bridgeport,,No
CAMBRIDGE PARK,81 Davis Dr,Bristol,06010,2,Public_Housing,Bristol Housing Authority,,No
New Communities/Mary Shephard Place,38 Hampton St,Hartford,06120,2,Public_Housing,Housing Authority of the City of Hartford,,No
ST. ANTHONY II,1361A Quinnipiac Ave,New Haven,06513,2,Public_Housing,Housing Authority of the City of New Haven,,No
WELLES VILLAGE,52 Risley Rd,Glastonbury,06033,2,Public_Housing,Housing Authority of the Town of Glastonbury,,No
HARTFORD SCATTERED SITE I,15 Winter St,Hartford,06120,2,Public_Housing,Housing Authority of the City of Hartford,,No
EDEN DRIVE,4A Belmont Cir,Danbury,06810,2,Public_Housing,Housing Authority of the City of Danbury,,No
WELLES VILLAGE,9 Risley Rd,Glastonbury,06033,2,Public_Housing,Housing Authority of the Town of Glastonbury,,No
New Communities/Mary Shephard Place,34 Kensington St,Hartford,06120,2,Public_Housing,Housing Authority of the City of Hartford,,No
CAMBRIDGE PARK,125 Davis Dr,Bristol,06010,2,Public_Housing,Bristol Housing Authority,,No
New Communities/Mary Shephard Place,101 Hampton St,Hartford,06120,2,Public_Housing,Housing Authority of the City of Hartford,,No
CAMBRIDGE PARK,97 Davis Dr,Bristol,06010,2,Public_Housing,Bristol Housing Authority,,No
New Communities/Mary Shephard Place,90 Theodore Napper Ln,Hartford,06120,2,Public_Housing,Housing Authority of the City of Hartford,,No
WELLES VILLAGE,110 Harris St,Glastonbury,06033,2,Public_Housing,Housing Authority of the Town of Glastonbury,,No
QUARRY KNOLL,14A Quarry Knls,Greenwich,06830,2,Public_Housing,Greenwich Housing Authority,,No
New Communities/Mary Shephard Place,177 Kensington St,Hartford,06120,2,Public_Housing,Housing Authority of the City of Hartford,,No
ST. ANTHONY II,1363C Quinnipiac Ave,New Haven,06513,2,Public_Housing,Housing Authority of the City of New Haven,,No
TRUMAN APTS,1797 N Main St,Waterbury,06704,2,Public_Housing,Waterbury Housing Authority,,No
SCATTERED SITES - III,21 Fiore St,New Haven,06513,2,Public_Housing,Housing Authority of the City of New Haven,,No
Quinnipiac Terrace Phase II,18 Del Rio Dr,New Haven,06513,2,Public_Housing,Housing Authority of the City of New Haven,,No
SBONA TOWERS,35 Maplewood Ter,Middletown,06457,2,Public_Housing,Middletown Housing Authority,,No
New Communities/Mary Shephard Place,89 Theodore Napper Ln,Hartford,06120,2,Public_Housing,Housing Authority of the City of Hartford,,No
BOSTON COMMONS,66 Carleton Ave,Bridgeport,06604,2,Public_Housing,Housing Authority of the City of Bridgeport,,No
SCATTERED SITES - III,17 Orchard Ave,New Haven,06512,2,Public_Housing,Housing Authority of the City of New Haven,,No
SCATTERED SITE,420 Park Ave,Bloomfield,06002,2,Public_Housing,Bloomfield Housing Authority,,No
MAYFAIR GARDENS,21 Lisa Dr,Manchester,06042,2,Public_Housing,Manchester Housing Authority,,No
HARTFORD SCATTERED SITE I,165 Wooster St,Hartford,06120,2,Public_Housing,Housing Authority of the City of Hartford,,No
CAMBRIDGE PARK,75C Union St,Bristol,06010,2,Public_Housing,Bristol Housing Authority,,No
QUARRY KNOLL,7A Quarry Knls,Greenwich,06830,2,Public_Housing,Greenwich Housing Authority,,No
MEADOW GARDENS,51 Elmwood Ave,Norwalk,06854,2,Public_Housing,Housing Authority Of The City Of Norwalk,,No
Brookside Phase II,2 Monroe St,New Haven,06513,2,Public_Housing,Housing Authority of the City of New Haven,,No
WESTHILL GARDENS ANNEX,170A Spruce St,Manchester,06040,2,Public_Housing,Manchester Housing Authority,,No
WELLES VILLAGE,38 Wyllys St,Glastonbury,06033,2,Public_Housing,Housing Authority of the Town of Glastonbury,,No
BOSTON COMMONS,102 W Liberty St,Bridgeport,06604,2,Public_Housing,Housing Authority of the City of Bridgeport,,No
WELLES VILLAGE,50 Deming Rd,Glastonbury,06033,2,Public_Housing,Housing Authority of the Town of Glastonbury,,No
AUSTIN RD & S END TURNKY,454 Baldwin St,Waterbury,06706,2,Public_Housing,Waterbury Housing Authority,,No
MAYFAIR GARDENS,92 Bissell St,Manchester,06040,2,Public_Housing,Manchester Housing Authority,,No
BOSTON COMMONS,1442 Iranistan Ave,Bridgeport,06605,2,Public_Housing,Housing Authority of the City of Bridgeport,,No
ST. ANTHONY II,425A Eastern St,New Haven,06513,2,Public_Housing,Housing Authority of the City of New Haven,,No
WELLES VILLAGE,89 Harris St,Glastonbury,06033,2,Public_Housing,Housing Authority of the Town of Glastonbury,,No
WESTHILL GARDENS ANNEX,38 Wilfred Rd,Manchester,06040,2,Public_Housing,Manchester Housing Authority,,No
HOCKANUM PARK,16 Elms Village Dr,East Hartford,06118,2,Public_Housing,East Hartford Housing Authority,,No
ST. ANTHONY II,1363G Quinnipiac Ave,New Haven,06513,2,Public_Housing,Housing Authority of the City of New Haven,,No
BOSTON COMMONS,138 Scofield Ave,Bridgeport,06605,2,Public_Housing,Housing Authority of the City of Bridgeport,,No
MASTER CONTRACT - CREATIVE CHOICE,769 Shelton St,Bridgeport,06608,2,Public_Housing,Housing Authority of the City of Bridgeport,,No
WELLES VILLAGE,64 Harris St,Glastonbury,06033,2,Public_Housing,Housing Authority of the Town of Glastonbury,,No
New Communities/Mary Shephard Place,11 Theodore Napper Ln,Hartford,06120,2,Public_Housing,Housing Authority of the City of Hartford,,No
LAUREL GARDENS,13A Hoyt St,Danbury,06810,2,Public_Housing,Housing Authority of the City of Danbury,,No
WELLES VILLAGE,60 Wyllys St,Glastonbury,06033,2,Public_Housing,Housing Authority of the Town of Glastonbury,,No
HOCKANUM PARK,15 Mill Rd,East Hartford,06118,2,Public_Housing,East Hartford Housing Authority,,No
OAKWOOD KNOLL,14 Swan Ave,Norwich,06360,2,Public_Housing,Norwich Housing Authority,,No
CAMBRIDGE PARK,146 Jerome Ave,Bristol,06010,2,Public_Housing,Bristol Housing Authority,,No
SCATTERED SITES - III,1091 Townsend Ave,New Haven,06512,2,Public_Housing,Housing Authority of the City of New Haven,,No
MASTER CONTRACT - CREATIVE CHOICE,86 Seeley St,Bridgeport,06604,2,Public_Housing,Housing Authority of the City of Bridgeport,,No
MAYFAIR GARDENS,15 Lisa Dr,Manchester,06042,2,Public_Housing,Manchester Housing Authority,,No
New Communities/Mary Shephard Place,19 Theodore Napper Ln,Hartford,06120,2,Public_Housing,Housing Authority of the City of Hartford,,No
MAYFAIR GARDENS,20 Lisa Dr,Manchester,06042,2,Public_Housing,Manchester Housing Authority,,No
ST. ANTHONY II,1363K Quinnipiac Ave,New Haven,06513,2,Public_Housing,Housing Authority of the City of New Haven,,No
New Communities/Mary Shephard Place,58 Kensington St,Hartford,06120,2,Public_Housing,Housing Authority of the City of Hartford,,No
MASTER CONTRACT - CREATIVE CHOICE,50 Birdsey St,Bridgeport,06610,2,Public_Housing,Housing Authority of the City of Bridgeport,,No
WELLES VILLAGE,63 Harris St,Glastonbury,06033,2,Public_Housing,Housing Authority of the Town of Glastonbury,,No
CAMBRIDGE PARK,130 Jerome Ave,Bristol,06010,2,Public_Housing,Bristol Housing Authority,,No
BOSTON COMMONS,1432 Iranistan Ave,Bridgeport,06605,2,Public_Housing,Housing Authority of the City of Bridgeport,,No
WELLES VILLAGE,9 Webster Ln,Glastonbury,06033,2,Public_Housing,Housing Authority of the Town of Glastonbury,,No
CAMBRIDGE PARK,73 Davis Dr,Bristol,06010,2,Public_Housing,Bristol Housing Authority,,No
MASTER CONTRACT - CREATIVE CHOICE,241 Salem St,Bridgeport,06606,2,Public_Housing,Housing Authority of the City of Bridgeport,,No
WELLES VILLAGE,22 Wyllys St,Glastonbury,06033,2,Public_Housing,Housing Authority of the Town of Glastonbury,,No
WELLES VILLAGE,33 Deming Rd,Glastonbury,06033,2,Public_Housing,Housing Authority of the Town of Glastonbury,,No
LAUREL GARDENS,67B Osborne St,Danbury,06810,2,Public_Housing,Housing Authority of the City of Danbury,,No
WELLES VILLAGE,64 Risley Rd,Glastonbury,06033,2,Public_Housing,Housing Authority of the Town of Glastonbury,,No
WELLES VILLAGE,16 Webster Ln,Glastonbury,06033,2,Public_Housing,Housing Authority of the Town of Glastonbury,,No
URSULA PARK TOWNHOUSES,37 Sheridan St,Stamford,06902,2,Public_Housing,Housing Authority of the City of Stamford,,No
MASTER CONTRACT - CREATIVE CHOICE,51 Belmont Ave,Bridgeport,06605,2,Public_Housing,Housing Authority of the City of Bridgeport,,No
WELLES VILLAGE,21 Webster Ln,Glastonbury,06033,2,Public_Housing,Housing Authority of the Town of Glastonbury,,No
Family Scattered Sites,76 Atwater St,Milford,06460,2,Public_Housing,Milford Redevelopment and Housing Partnership,,No
CAMBRIDGE PARK,174 Davis Dr,Bristol,06010,2,Public_Housing,Bristol Housing Authority,,No
COURT TOWERS,6 Becker Pl,Rockville,06066,2,Public_Housing,Vernon Housing Authority,,No
WELLES VILLAGE,69 Denslow Rd,Glastonbury,06033,2,Public_Housing,Housing Authority of the Town of Glastonbury,,No
CAMBRIDGE PARK,179 Davis Dr,Bristol,06010,2,Public_Housing,Bristol Housing Authority,,No
WELLES VILLAGE,79 Harris St,Glastonbury,06033,2,Public_Housing,Housing Authority of the Town of Glastonbury,,No
WESTHILL GARDENS ANNEX,24 Horace St,Manchester,06040,2,Public_Housing,Manchester Housing Authority,,No
WELLES VILLAGE,116 Harris St,Glastonbury,06033,2,Public_Housing,Housing Authority of the Town of Glastonbury,,No
WELLES VILLAGE,32 Denslow Rd,Glastonbury,06033,2,Public_Housing,Housing Authority of the Town of Glastonbury,,No
BOSTON COMMONS,530 Newfield Ave,Bridgeport,06607,2,Public_Housing,Housing Authority of the City of Bridgeport,,No
New Communities/Mary Shephard Place,122 Kensington St,Hartford,06120,2,Public_Housing,Housing Authority of the City of Hartford,,No
Rockview Phase 1 Rental,5 Rock View Cir,New Haven,06515,2,Public_Housing,Housing Authority of the City of New Haven,,No
MASTER CONTRACT - CREATIVE CHOICE,130 Parrott Ave,Bridgeport,06606,2,Public_Housing,Housing Authority of the City of Bridgeport,,No
CAMBRIDGE PARK,79 Davis Dr,Bristol,06010,2,Public_Housing,Bristol Housing Authority,,No
MASTER CONTRACT - CREATIVE CHOICE,428 Connecticut Ave,Bridgeport,06607,2,Public_Housing,Housing Authority of the City of Bridgeport,,No
QUARRY KNOLL,15A Quarry Knls,Greenwich,06830,2,Public_Housing,Greenwich Housing Authority,,No
Rockview Phase 1 Rental,11 Rock View Cir,New Haven,06515,2,Public_Housing,Housing Authority of the City of New Haven,,No
CAMBRIDGE PARK,98 Jerome Ave,Bristol,06010,2,Public_Housing,Bristol Housing Authority,,No
SCATTERED SITES-II,123 County St,New Haven,06511,2,Public_Housing,Housing Authority of the City of New Haven,,No
CAMBRIDGE PARK,163 Davis Dr,Bristol,06010,2,Public_Housing,Bristol Housing Authority,,No
CAMBRIDGE PARK,203 Davis Dr,Bristol,06010,2,Public_Housing,Bristol Housing Authority,,No
WELLES VILLAGE,60 Risley Rd,Glastonbury,06033,2,Public_Housing,Housing Authority of the Town of Glastonbury,,No
New Communities/Mary Shephard Place,54 Theodore Napper Ln,Hartford,06120,2,Public_Housing,Housing Authority of the City of Hartford,,No
QUARRY KNOLL,22A Quarry Knls,Greenwich,06830,2,Public_Housing,Greenwich Housing Authority,,No
WELLES VILLAGE,73 Harris St,Glastonbury,06033,2,Public_Housing,Housing Authority of the Town of Glastonbury,,No
WELLES VILLAGE,20 Risley Rd,Glastonbury,06033,2,Public_Housing,Housing Authority of the Town of Glastonbury,,No
New Communities/Mary Shephard Place,78 Theodore Napper Ln,Hartford,06120,2,Public_Housing,Housing Authority of the City of Hartford,,No
CAMBRIDGE PARK,75A Union St,Bristol,06010,2,Public_Housing,Bristol Housing Authority,,No
CAMBRIDGE PARK,74 Davis Dr,Bristol,06010,2,Public_Housing,Bristol Housing Authority,,No
CAMBRIDGE PARK,130 Davis Dr,Bristol,06010,2,Public_Housing,Bristol Housing Authority,,No
WELLES VILLAGE,32 Deming Rd,Glastonbury,06033,2,Public_Housing,Housing Authority of the Town of Glastonbury,,No
CAMBRIDGE PARK,154 Davis Dr,Bristol,06010,2,Public_Housing,Bristol Housing Authority,,No
HARTFORD SCATTERED SITE I,287 Bellevue St,Hartford,06120,2,Public_Housing,Housing Authority of the City of Hartford,,No
New Communities/Mary Shephard Place,94 Theodore Napper Ln,Hartford,06120,2,Public_Housing,Housing Authority of the City of Hartford,,No
QUARRY KNOLL,6A Quarry Knls,Greenwich,06830,2,Public_Housing,Greenwich Housing Authority,,No
ST. ANTHONY II,67 Fulton St,New Haven,06513,2,Public_Housing,Housing Authority of the City of New Haven,,No
MASTER CONTRACT - CREATIVE CHOICE,315 Ezra St,Bridgeport,06606,2,Public_Housing,Housing Authority of the City of Bridgeport,,No
New Communities/Mary Shephard Place,50 Theodore Napper Ln,Hartford,06120,2,Public_Housing,Housing Authority of the City of Hartford,,No
WELLES VILLAGE,14 Denslow Rd,Glastonbury,06033,2,Public_Housing,Housing Authority of the Town of Glastonbury,,No
New Communities/Mary Shephard Place,66 Theodore Napper Ln,Hartford,06120,2,Public_Housing,Housing Authority of the City of Hartford,,No
716-720 Pembroke Street,716 Pembroke St,Bridgeport,06608,2,Public_Housing,Housing Authority of the City of Bridgeport,,No
New Communities/Mary Shephard Place,27 Theodore Napper Ln,Hartford,06120,2,Public_Housing,Housing Authority of the City of Hartford,,No
ST. ANTHONY II,1363A Quinnipiac Ave,New Haven,06513,2,Public_Housing,Housing Authority of the City of New Haven,,No
WELLES VILLAGE,119 Harris St,Glastonbury,06033,2,Public_Housing,Housing Authority of the Town of Glastonbury,,No
QUARRY KNOLL,13A Quarry Knls,Greenwich,06830,2,Public_Housing,Greenwich Housing Authority,,No
New Communities/Mary Shephard Place,82 Theodore Napper Ln,Hartford,06120,2,Public_Housing,Housing Authority of the City of Hartford,,No
WELLES VILLAGE,51 Risley Rd,Glastonbury,06033,2,Public_Housing,Housing Authority of the Town of Glastonbury,,No
Palmer Square,15 Rockfield Dr,Stamford,06902,2,Public_Housing,Housing Authority of the City of Stamford,,No
Brookside Phase I,7 Austin St,New Haven,06515,2,Public_Housing,Housing Authority of the City of New Haven,,No
MASTER CONTRACT - CREATIVE CHOICE,98 Summerfield Ave,Bridgeport,06610,2,Public_Housing,Housing Authority of the City of Bridgeport,,No
ST. ANTHONY II,425G Eastern St,New Haven,06513,2,Public_Housing,Housing Authority of the City of New Haven,,No
CAMBRIDGE PARK,64 Davis Dr,Bristol,06010,2,Public_Housing,Bristol Housing Authority,,No
MAYFAIR GARDENS,15 Orchard St,Manchester,06040,2,Public_Housing,Manchester Housing Authority,,No
URSULA PARK TOWNHOUSES,33 Sheridan St,Stamford,06902,2,Public_Housing,Housing Authority of the City of Stamford,,No
BOSTON COMMONS,85 Concord St,Bridgeport,06610,2,Public_Housing,Housing Authority of the City of Bridgeport,,No
MAYFAIR GARDENS,88 Clinton St,Manchester,06040,2,Public_Housing,Manchester Housing Authority,,No
EDEN DRIVE,52 Clearview Ave,Danbury,06811,1,Public_Housing,Housing Authority of the City of Danbury,,No
Rockview Phase 1 Rental,13 Rock View Cir,New Haven,06515,1,Public_Housing,Housing Authority of the City of New Haven,,No
EDEN DRIVE,2 Merrimac St,Danbury,06810,1,Public_Housing,Housing Authority of the City of Danbury,,No
BOSTON COMMONS,581 Soundview Ave,Bridgeport,06606,1,Public_Housing,Housing Authority of the City of Bridgeport,,No
Brookside Phase II,37 Austin St,New Haven,06515,1,Public_Housing,Housing Authority of the City of New Haven,,No
WELLES VILLAGE,29 Deming Rd,Glastonbury,06033,1,Public_Housing,Housing Authority of the Town of Glastonbury,,No
New Communities/Mary Shephard Place,124 Hampton St,Hartford,06120,1,Public_Housing,Housing Authority of the City of Hartford,,No
SCATTERED SITES - III,69 Rock St,New Haven,06511,1,Public_Housing,Housing Authority of the City of New Haven,,No
WELLES VILLAGE,51 Harris St,Glastonbury,06033,1,Public_Housing,Housing Authority of the Town of Glastonbury,,No
Fairgate,15 Fairfield Ave,Stamford,06902,1,Public_Housing,Housing Authority of the City of Stamford,,No
SCATTERED SITES - III,6 Townsend Ave,New Haven,06512,1,Public_Housing,Housing Authority of the City of New Haven,,No
TRUMAN APTS,60 Bishop St,Waterbury,06704,1,Public_Housing,Waterbury Housing Authority,,No
EDEN DRIVE,29 Liberty Ave,Danbury,06810,1,Public_Housing,Housing Authority of the City of Danbury,,No
SCATTERED SITES - III,1042 Townsend Ave,New Haven,06512,1,Public_Housing,Housing Authority of the City of New Haven,,No
BOSTON COMMONS,800 Pembroke St,Bridgeport,06608,1,Public_Housing,Housing Authority of the City of Bridgeport,,No
MASTER CONTRACT - CREATIVE CHOICE,91 Lorraine St,Bridgeport,06604,1,Public_Housing,Housing Authority of the City of Bridgeport,,No
WELLES VILLAGE,25 Deming Rd,Glastonbury,06033,1,Public_Housing,Housing Authority of the Town of Glastonbury,,No
Palmer Square,28 Stoneridge Cir,Stamford,06902,1,Public_Housing,Housing Authority of the City of Stamford,,No
SCATTERED SITES-II,91 Long Hill Ter,New Haven,06515,1,Public_Housing,Housing Authority of the City of New Haven,,No
BOSTON COMMONS,135 Houston Ave,Bridgeport,06606,1,Public_Housing,Housing Authority of the City of Bridgeport,,No
MASTER CONTRACT - CREATIVE CHOICE,15 Fairview Avenue Ext,Bridgeport,06606,1,Public_Housing,Housing Authority of the City of Bridgeport,,No
Brookside Phase II,5 Monroe St,New Haven,06513,1,Public_Housing,Housing Authority of the City of New Haven,,No
Brookside Phase I,5 Austin St,New Haven,06515,1,Public_Housing,Housing Authority of the City of New Haven,,No
EDEN DRIVE,16 Lincoln Ave,Danbury,06810,1,Public_Housing,Housing Authority of the City of Danbury,,No
MASTER CONTRACT - CREATIVE CHOICE,249 Hallett St,Bridgeport,06608,1,Public_Housing,Housing Authority of the City of Bridgeport,,No
MASTER CONTRACT - CREATIVE CHOICE,849 Platt St,Bridgeport,06606,1,Public_Housing,Housing Authority of the City of Bridgeport,,No
MASTER CONTRACT - CREATIVE CHOICE,199 Hallett St,Bridgeport,06608,1,Public_Housing,Housing Authority of the City of Bridgeport,,No
WELLES VILLAGE,13 Wyllys St,Glastonbury,06033,1,Public_Housing,Housing Authority of the Town of Glastonbury,,No
LAUREL GARDENS,127 Westville Ave,Danbury,06810,1,Public_Housing,Housing Authority of the City of Danbury,,No
LAUREL GARDENS,8 Grove Pl,Danbury,06810,1,Public_Housing,Housing Authority of the City of Danbury,,No
ST. ANTHONY II,1378 Quinnipiac Ave,New Haven,06513,1,Public_Housing,Housing Authority of the City of New Haven,,No
WELLES VILLAGE,96 Wyllys St,Glastonbury,06033,1,Public_Housing,Housing Authority of the Town of Glastonbury,,No
Brookside Phase I,1 Walden St,New Haven,06517,1,Public_Housing,Housing Authority of the City of New Haven,,No
ST. ANTHONY II,55 Kingswood Dr,New Haven,06513,1,Public_Housing,Housing Authority of the City of New Haven,,No
Palmer Square,22 Stoneridge Cir,Stamford,06902,1,Public_Housing,Housing Authority of the City of Stamford,,No
MASTER CONTRACT - CREATIVE CHOICE,248 Horace St,Bridgeport,06610,1,Public_Housing,Housing Authority of the City of Bridgeport,,No
TRUMAN APTS,28 Catherine Ave,Waterbury,06704,1,Public_Housing,Waterbury Housing Authority,,No
EDEN DRIVE,9 Brushy Hill Rd,Danbury,06810,1,Public_Housing,Housing Authority of the City of Danbury,,No
WELLES VILLAGE,129 Harris St,Glastonbury,06033,1,Public_Housing,Housing Authority of the Town of Glastonbury,,No
MASTER CONTRACT - CREATIVE CHOICE,310 Valley Ave,Bridgeport,06606,1,Public_Housing,Housing Authority of the City of Bridgeport,,No
SCATTERED SITES - III,54 Downing St,New Haven,06513,1,Public_Housing,Housing Authority of the City of New Haven,,No
WELLES VILLAGE,98 Harris St,Glastonbury,06033,1,Public_Housing,Housing Authority of the Town of Glastonbury,,No
Brookside Phase II,25 Austin St,New Haven,06515,1,Public_Housing,Housing Authority of the City of New Haven,,No
SCATTERED SITES - III,25 Palmieri Ave,New Haven,06513,1,Public_Housing,Housing Authority of the City of New Haven,,No
LAUREL GARDENS,10 1st St,Danbury,06810,1,Public_Housing,Housing Authority of the City of Danbury,,No
TRUMAN APTS,226 Orange St,Waterbury,06704,1,Public_Housing,Waterbury Housing Authority,,No
New Communities/Mary Shephard Place,102 Hampton St,Hartford,06120,1,Public_Housing,Housing Authority of the City of Hartford,,No
New Communities/Mary Shephard Place,105 Kensington St,Hartford,06120,1,Public_Housing,Housing Authority of the City of Hartford,,No
SCATTERED SITE,142 Tunxis Ave,Bloomfield,06002,1,Public_Housing,Bloomfield Housing Authority,,No
MASTER CONTRACT - CREATIVE CHOICE,49 Martin Luther King Dr,Bridgeport,06608,1,Public_Housing,Housing Authority of the City of Bridgeport,,No
WELLES VILLAGE,16 Bates Ln,Glastonbury,06033,1,Public_Housing,Housing Authority of the Town of Glastonbury,,No
MASTER CONTRACT - CREATIVE CHOICE,183 Main St,Bridgeport,06604,1,Public_Housing,Housing Authority of the City of Bridgeport,,No
SCATTERED SITES - III,20 Skyview Ln,New Haven,06513,1,Public_Housing,Housing Authority of the City of New Haven,,No
WELLES VILLAGE,82 Harris St,Glastonbury,06033,1,Public_Housing,Housing Authority of the Town of Glastonbury,,No
SCATTERED SITE,3 Dale Ave,Bloomfield,06002,1,Public_Housing,Bloomfield Housing Authority,,No
CAMBRIDGE PARK,189 Davis Dr,Bristol,06010,1,Public_Housing,Bristol Housing Authority,,No
Brookside Phase II,23 Austin St,New Haven,06515,1,Public_Housing,Housing Authority of the City of New Haven,,No
New Communities/Mary Shephard Place,150 Nilan St,Hartford,06106,1,Public_Housing,Housing Authority of the City of Hartford,,No
ST. ANTHONY II,1376 Quinnipiac Ave,New Haven,06513,1,Public_Housing,Housing Authority of the City of New Haven,,No
SCATTERED SITE,9 Glenwood Ave,Bloomfield,06002,1,Public_Housing,Bloomfield Housing Authority,,No
WELLES VILLAGE,130 Harris St,Glastonbury,06033,1,Public_Housing,Housing Authority of the Town of Glastonbury,,No
EDEN DRIVE,4 Hager St,Danbury,06810,1,Public_Housing,Housing Authority of the City of Danbury,,No
WELLES VILLAGE,57 Wyllys St,Glastonbury,06033,1,Public_Housing,Housing Authority of the Town of Glastonbury,,No
BOSTON COMMONS,826 Pembroke St,Bridgeport,06608,1,Public_Housing,Housing Authority of the City of Bridgeport,,No
MASTER CONTRACT - CREATIVE CHOICE,56 Birdsey St,Bridgeport,06610,1,Public_Housing,Housing Authority of the City of Bridgeport,,No
New Communities/Mary Shephard Place,130 Hampton St,Hartford,06120,1,Public_Housing,Housing Authority of the City of Hartford,,No
WELLES VILLAGE,37 Denslow Rd,Glastonbury,06033,1,Public_Housing,Housing Authority of the Town of Glastonbury,,No
TRUMAN APTS,58 Bishop St,Waterbury,06704,1,Public_Housing,Waterbury Housing Authority,,No
MASTER CONTRACT - CREATIVE CHOICE,1435 Pembroke St,Bridgeport,06608,1,Public_Housing,Housing Authority of the City of Bridgeport,,No
SCATTERED SITES - III,16 Eastern St,New Haven,06513,1,Public_Housing,Housing Authority of the City of New Haven,,No
SCATTERED SITES - III,280 Weybosset St,New Haven,06513,1,Public_Housing,Housing Authority of the City of New Haven,,No
TRUMAN APTS,54 Bishop St,Waterbury,06704,1,Public_Housing,Waterbury Housing Authority,,No
WELLES VILLAGE,23 Webster Ln,Glastonbury,06033,1,Public_Housing,Housing Authority of the Town of Glastonbury,,No
MASTER CONTRACT - CREATIVE CHOICE,75 Martin Luther King Dr,Bridgeport,06608,1,Public_Housing,Housing Authority of the City of Bridgeport,,No
New Communities/Mary Shephard Place,73 Margarita Dr,Hartford,06106,1,Public_Housing,Housing Authority of the City of Hartford,,No
SCATTERED SITE,35 Brookdale Ave,Bloomfield,06002,1,Public_Housing,Bloomfield Housing Authority,,No
BOSTON COMMONS,23 Martin Luther King Dr,Bridgeport,06608,1,Public_Housing,Housing Authority of the City of Bridgeport,,No
WELLES VILLAGE,52 Harris St,Glastonbury,06033,1,Public_Housing,Housing Authority of the Town of Glastonbury,,No
LAUREL GARDENS,12 Beckerle St,Danbury,06811,1,Public_Housing,Housing Authority of the City of Danbury,,No
WELLES VILLAGE,56 Deming Rd,Glastonbury,06033,1,Public_Housing,Housing Authority of the Town of Glastonbury,,No
MASTER CONTRACT - CREATIVE CHOICE,156 Sunshine Cir,Bridgeport,06606,1,Public_Housing,Housing Authority of the City of Bridgeport,,No
WELLES VILLAGE,18 Bates Ln,Glastonbury,06033,1,Public_Housing,Housing Authority of the Town of Glastonbury,,No
SCATTERED SITES - III,351 Concord St,New Haven,06512,1,Public_Housing,Housing Authority of the City of New Haven,,No
ST. ANTHONY II,44 Chamberlain St,New Haven,06512,1,Public_Housing,Housing Authority of the City of New Haven,,No
MASTER CONTRACT - CREATIVE CHOICE,7 Fairview Avenue Ext,Bridgeport,06606,1,Public_Housing,Housing Authority of the City of Bridgeport,,No
New Communities/Mary Shephard Place,158 Nilan St,Hartford,06106,1,Public_Housing,Housing Authority of the City of Hartford,,No
ST. ANTHONY II,63 Kingswood Dr,New Haven,06513,1,Public_Housing,Housing Authority of the City of New Haven,,No
Beckerle and Forest Ave,38 Beckerle St,Danbury,06811,1,Public_Housing,Housing Authority of the City of Danbury,,No
WELLES VILLAGE,60 Denslow Rd,Glastonbury,06033,1,Public_Housing,Housing Authority of the Town of Glastonbury,,No
SCATTERED SITES - III,57 Mountain Top Ln,New Haven,06513,1,Public_Housing,Housing Authority of the City of New Haven,,No
MASTER CONTRACT - CREATIVE CHOICE,1373 Pembroke St,Bridgeport,06608,1,Public_Housing,Housing Authority of the City of Bridgeport,,No
Brookside Phase II,4 Portland St,New Haven,06513,1,Public_Housing,Housing Authority of the City of New Haven,,No
MASTER CONTRACT - CREATIVE CHOICE,238 Horace St,Bridgeport,06610,1,Public_Housing,Housing Authority of the City of Bridgeport,,No
MASTER CONTRACT - CREATIVE CHOICE,101 Lorraine St,Bridgeport,06604,1,Public_Housing,Housing Authority of the City of Bridgeport,,No
WELLES VILLAGE,12 Bates Ln,Glastonbury,06033,1,Public_Housing,Housing Authority of the Town of Glastonbury,,No
TRUMAN APTS,45 Bishop St,Waterbury,06704,1,Public_Housing,Waterbury Housing Authority,,No
SCATTERED SITES - III,1767 Quinnipiac Ave,New Haven,06513,1,Public_Housing,Housing Authority of the City of New Haven,,No
AUSTIN RD & S END TURNKY,462 Baldwin St,Waterbury,06706,1,Public_Housing,Waterbury Housing Authority,,No
WELLES VILLAGE,11 Deming Rd,Glastonbury,06033,1,Public_Housing,Housing Authority of the Town of Glastonbury,,No
TRUMAN APTS,210 Orange St,Waterbury,06704,1,Public_Housing,Waterbury Housing Authority,,No
SCATTERED SITES - III,140 Harrington Ave,New Haven,06512,1,Public_Housing,Housing Authority of the City of New Haven,,No
EDEN DRIVE,8 E Broad St,Danbury,06810,1,Public_Housing,Housing Authority of the City of Danbury,,No
TRUMAN APTS,208 Orange St,Waterbury,06704,1,Public_Housing,Waterbury Housing Authority,,No
New Communities/Mary Shephard Place,77 Kensington St,Hartford,06120,1,Public_Housing,Housing Authority of the City of Hartford,,No
ST. ANTHONY II,54 Kingswood Dr,New Haven,06513,1,Public_Housing,Housing Authority of the City of New Haven,,No
TRUMAN APTS,50 Bishop St,Waterbury,06704,1,Public_Housing,Waterbury Housing Authority,,No
WELLES VILLAGE,95 Wyllys St,Glastonbury,06033,1,Public_Housing,Housing Authority of the Town of Glastonbury,,No
WELLES VILLAGE,3 Wyllys St,Glastonbury,06033,1,Public_Housing,Housing Authority of the Town of Glastonbury,,No
SCATTERED SITES - III,169 Weybosset St,New Haven,06513,1,Public_Housing,Housing Authority of the City of New Haven,,No
LAUREL GARDENS,14 Ford Ave,Danbury,06810,1,Public_Housing,Housing Authority of the City of Danbury,,No
ST. ANTHONY II,61 Kingswood Dr,New Haven,06513,1,Public_Housing,Housing Authority of the City of New Haven,,No
WELLES VILLAGE,103 Wyllys St,Glastonbury,06033,1,Public_Housing,Housing Authority of the Town of Glastonbury,,No
LAUREL GARDENS,19 Terre Haute Rd,Danbury,06810,1,Public_Housing,Housing Authority of the City of Danbury,,No
ST. ANTHONY II,56 Kingswood Dr,New Haven,06513,1,Public_Housing,Housing Authority of the City of New Haven,,No
BOSTON COMMONS,396 Clark St,Bridgeport,06606,1,Public_Housing,Housing Authority of the City of Bridgeport,,No
MASTER CONTRACT - CREATIVE CHOICE,185 Hallett St,Bridgeport,06608,1,Public_Housing,Housing Authority of the City of Bridgeport,,No
TRUMAN APTS,26 Catherine Ave,Waterbury,06704,1,Public_Housing,Waterbury Housing Authority,,No
TRUMAN APTS,38 Catherine Ave,Waterbury,06704,1,Public_Housing,Waterbury Housing Authority,,No
BOSTON COMMONS,838 Pembroke St,Bridgeport,06608,1,Public_Housing,Housing Authority of the City of Bridgeport,,No
MASTER CONTRACT - CREATIVE CHOICE,217 Laurel Ave,Bridgeport,06605,1,Public_Housing,Housing Authority of the City of Bridgeport,,No
MASTER CONTRACT - CREATIVE CHOICE,261 Hallett St,Bridgeport,06608,1,Public_Housing,Housing Authority of the City of Bridgeport,,No
SCATTERED SITES - III,625 Russell St,New Haven,06513,1,Public_Housing,Housing Authority of the City of New Haven,,No
SCATTERED SITES-II,116 Lawncrest Rd,New Haven,06515,1,Public_Housing,Housing Authority of the City of New Haven,,No
TRUMAN APTS,32 Catherine Ave,Waterbury,06704,1,Public_Housing,Waterbury Housing Authority,,No
TRUMAN APTS,30 Catherine Ave,Waterbury,06704,1,Public_Housing,Waterbury Housing Authority,,No
WELLES VILLAGE,74 Denslow Rd,Glastonbury,06033,1,Public_Housing,Housing Authority of the Town of Glastonbury,,No
MASTER CONTRACT - CREATIVE CHOICE,1423 Pembroke St,Bridgeport,06608,1,Public_Housing,Housing Authority of the City of Bridgeport,,No
WELLES VILLAGE,75 Risley Rd,Glastonbury,06033,1,Public_Housing,Housing Authority of the Town of Glastonbury,,No
Family Scattered Sites,20 White Oaks Ter,Milford,06461,1,Public_Housing,Milford Redevelopment and Housing Partnership,,No
WELLES VILLAGE,16 Wyllys St,Glastonbury,06033,1,Public_Housing,Housing Authority of the Town of Glastonbury,,No
SCATTERED SITES - III,92 Melrose Dr,New Haven,06513,1,Public_Housing,Housing Authority of the City of New Haven,,No
WELLES VILLAGE,49 Deming Rd,Glastonbury,06033,1,Public_Housing,Housing Authority of the Town of Glastonbury,,No
TRUMAN APTS,36 Catherine Ave,Waterbury,06704,1,Public_Housing,Waterbury Housing Authority,,No
BOSTON COMMONS,142 Dekalb Ave,Bridgeport,06607,1,Public_Housing,Housing Authority of the City of Bridgeport,,No
Palmer Square,52 Stoneridge Cir,Stamford,06902,1,Public_Housing,Housing Authority of the City of Stamford,,No
MASTER CONTRACT - CREATIVE CHOICE,209 Hallett St,Bridgeport,06608,1,Public_Housing,Housing Authority of the City of Bridgeport,,No
ST. ANTHONY II,57 Kingswood Dr,New Haven,06513,1,Public_Housing,Housing Authority of the City of New Haven,,No
SCATTERED SITES-II,80 Whittier Rd,New Haven,06515,1,Public_Housing,Housing Authority of the City of New Haven,,No
Greenfield,56 Merrell Ave,Stamford,06902,1,Public_Housing,Housing Authority of the City of Stamford,,No
SCATTERED SITE,1190 Blue Hills Ave,Bloomfield,06002,1,Public_Housing,Bloomfield Housing Authority,,No
WELLES VILLAGE,38 Denslow Rd,Glastonbury,06033,1,Public_Housing,Housing Authority of the Town of Glastonbury,,No
WELLES VILLAGE,125 Harris St,Glastonbury,06033,1,Public_Housing,Housing Authority of the Town of Glastonbury,,No
ST. ANTHONY II,26 Chamberlain St,New Haven,06512,1,Public_Housing,Housing Authority of the City of New Haven,,No
WELLES VILLAGE,42 Risley Rd,Glastonbury,06033,1,Public_Housing,Housing Authority of the Town of Glastonbury,,No
WELLES VILLAGE,5 Webster Ln,Glastonbury,06033,1,Public_Housing,Housing Authority of the Town of Glastonbury,,No
MASTER CONTRACT - CREATIVE CHOICE,839 Platt St,Bridgeport,06606,1,Public_Housing,Housing Authority of the City of Bridgeport,,No
SCATTERED SITES-II,148 Ray Rd,New Haven,06515,1,Public_Housing,Housing Authority of the City of New Haven,,No
MASTER CONTRACT - CREATIVE CHOICE,36 Birdsey St,Bridgeport,06610,1,Public_Housing,Housing Authority of the City of Bridgeport,,No
TRUMAN APTS,368 W Grove St,Waterbury,06710,1,Public_Housing,Waterbury Housing Authority,,No
SCATTERED SITES - III,121 Stuyvesant Ave,New Haven,06512,1,Public_Housing,Housing Authority of the City of New Haven,,No
SCATTERED SITES - III,33 Stuyvesant Ave,New Haven,06512,1,Public_Housing,Housing Authority of the City of New Haven,,No
Scattered Site II,233 Woodland Ave,Bloomfield,06002,1,Public_Housing,Bloomfield Housing Authority,,No
SCATTERED SITE,14 Taft Ave,Bloomfield,06002,1,Public_Housing,Bloomfield Housing Authority,,No
SCATTERED SITES - III,102 Kenny Dr,New Haven,06513,1,Public_Housing,Housing Authority of the City of New Haven,,No
SCATTERED SITES - III,264 Clifton St,New Haven,06513,1,Public_Housing,Housing Authority of the City of New Haven,,No
New Communities/Mary Shephard Place,90 Hampton St,Hartford,06120,1,Public_Housing,Housing Authority of the City of Hartford,,No
SCATTERED SITES-II,594 Central Ave,New Haven,06515,1,Public_Housing,Housing Authority of the City of New Haven,,No
WELLES VILLAGE,7 Wyllys St,Glastonbury,06033,1,Public_Housing,Housing Authority of the Town of Glastonbury,,No
New Communities/Mary Shephard Place,49 Margarita Dr,Hartford,06106,1,Public_Housing,Housing Authority of the City of Hartford,,No
New Communities/Mary Shephard Place,184 Nilan St,Hartford,06106,1,Public_Housing,Housing Authority of the City of Hartford,,No
SCATTERED SITES-II,21 Long Hill Ter,New Haven,06515,1,Public_Housing,Housing Authority of the City of New Haven,,No
SCATTERED SITES - III,147 Burwell St,New Haven,06513,1,Public_Housing,Housing Authority of the City of New Haven,,No
Fairgate,11 Fairfield Ave,Stamford,06902,1,Public_Housing,Housing Authority of the City of Stamford,,No
SCATTERED SITES - III,1332 Quinnipiac Ave,New Haven,06513,1,Public_Housing,Housing Authority of the City of New Haven,,No
SCATTERED SITE,43 Marguerite Ave,Bloomfield,06002,1,Public_Housing,Bloomfield Housing Authority,,No
WELLES VILLAGE,16 Risley Rd,Glastonbury,06033,1,Public_Housing,Housing Authority of the Town of Glastonbury,,No
EDEN DRIVE,18 Dibble St,Danbury,06810,1,Public_Housing,Housing Authority of the City of Danbury,,No
New Communities/Mary Shephard Place,45 Kensington St,Hartford,06120,1,Public_Housing,Housing Authority of the City of Hartford,,No
MASTER CONTRACT - CREATIVE CHOICE,155 Robert St,Bridgeport,06606,1,Public_Housing,Housing Authority of the City of Bridgeport,,No
SCATTERED SITES-II,555 Fountain St,New Haven,06515,1,Public_Housing,Housing Authority of the City of New Haven,,No
Brookside Phase II,2 Portland St,New Haven,06513,1,Public_Housing,Housing Authority of the City of New Haven,,No
Fairgate,53 Fairgate Dr,Stamford,06902,1,Public_Housing,Housing Authority of the City of Stamford,,No
BOSTON COMMONS,566 N Ridgefield Ave,Bridgeport,06610,1,Public_Housing,Housing Authority of the City of Bridgeport,,No
ST. ANTHONY II,1368 Quinnipiac Ave,New Haven,06513,1,Public_Housing,Housing Authority of the City of New Haven,,No
New Communities/Mary Shephard Place,170 Nilan St,Hartford,06106,1,Public_Housing,Housing Authority of the City of Hartford,,No
MASTER CONTRACT - CREATIVE CHOICE,227 Berkshire Ave,Bridgeport,06608,1,Public_Housing,Housing Authority of the City of Bridgeport,,No
WELLES VILLAGE,76 Harris St,Glastonbury,06033,1,Public_Housing,Housing Authority of the Town of Glastonbury,,No
Brookside Phase II,9 Monroe St,New Haven,06513,1,Public_Housing,Housing Authority of the City of New Haven,,No
WELLES VILLAGE,124 Harris St,Glastonbury,06033,1,Public_Housing,Housing Authority of the Town of Glastonbury,,No
WELLES VILLAGE,91 Wyllys St,Glastonbury,06033,1,Public_Housing,Housing Authority of the Town of Glastonbury,,No
WELLES VILLAGE,66 Wyllys St,Glastonbury,06033,1,Public_Housing,Housing Authority of the Town of Glastonbury,,No
ST. ANTHONY II,59 Kingswood Dr,New Haven,06513,1,Public_Housing,Housing Authority of the City of New Haven,,No
New Communities/Mary Shephard Place,132 Hampton St,Hartford,06120,1,Public_Housing,Housing Authority of the City of Hartford,,No
TRUMAN APTS,56 Bishop St,Waterbury,06704,1,Public_Housing,Waterbury Housing Authority,,No
BOSTON COMMONS,812 Pembroke St,Bridgeport,06608,1,Public_Housing,Housing Authority of the City of Bridgeport,,No
SCATTERED SITES-II,145 W Park Ave,New Haven,06511,1,Public_Housing,Housing Authority of the City of New Haven,,No
New Communities/Mary Shephard Place,31 Margarita Dr,Hartford,06106,1,Public_Housing,Housing Authority of the City of Hartford,,No
SCATTERED SITES - III,174 Barnes Ave,New Haven,06513,1,Public_Housing,Housing Authority of the City of New Haven,,No
Palmer Square,8 Rockfield Dr,Stamford,06902,1,Public_Housing,Housing Authority of the City of Stamford,,No
Beckerle and Forest Ave,45 Forest Ave,Danbury,06810,1,Public_Housing,Housing Authority of the City of Danbury,,No
MASTER CONTRACT - CREATIVE CHOICE,81 Lorraine St,Bridgeport,06604,1,Public_Housing,Housing Authority of the City of Bridgeport,,No
HEARTHSTONE APARTMENTS,496 Sedgewick Ave,Stratford,06615,1,Public_Housing,Housing Authority of the Town of Stratford,,No
WELLES VILLAGE,46 Denslow Rd,Glastonbury,06033,1,Public_Housing,Housing Authority of the Town of Glastonbury,,No
SCATTERED SITES - III,14 Chamberlain St,New Haven,06512,1,Public_Housing,Housing Authority of the City of New Haven,,No
Brookside Phase II,5 Portland St,New Haven,06513,1,Public_Housing,Housing Authority of the City of New Haven,,No
TRUMAN APTS,40 Catherine Ave,Waterbury,06704,1,Public_Housing,Waterbury Housing Authority,,No
TRUMAN APTS,52 Bishop St,Waterbury,06704,1,Public_Housing,Waterbury Housing Authority,,No
Brookside Phase II,3 Portland St,New Haven,06513,1,Public_Housing,Housing Authority of the City of New Haven,,No
BOSTON COMMONS,327 Alba Ave,Bridgeport,06606,1,Public_Housing,Housing Authority of the City of Bridgeport,,No
New Communities/Mary Shephard Place,78 Sequin St,Hartford,06106,1,Public_Housing,Housing Authority of the City of Hartford,,No
WELLES VILLAGE,33 Wyllys St,Glastonbury,06033,1,Public_Housing,Housing Authority of the Town of Glastonbury,,No
SCATTERED SITE,54 Darby St,Bloomfield,06002,1,Public_Housing,Bloomfield Housing Authority,,No
SCATTERED SITE,49 Marguerite Ave,Bloomfield,06002,1,Public_Housing,Bloomfield Housing Authority,,No
TRUMAN APTS,370 W Grove St,Waterbury,06710,1,Public_Housing,Waterbury Housing Authority,,No
TRUMAN APTS,64 Bishop St,Waterbury,06704,1,Public_Housing,Waterbury Housing Authority,,No
Greenfield,68 Merrell Ave,Stamford,06902,1,Public_Housing,Housing Authority of the City of Stamford,,No
Rockview Phase 1 Rental,7 Rock View Cir,New Haven,06515,1,Public_Housing,Housing Authority of the City of New Haven,,No
TRUMAN APTS,206 Orange St,Waterbury,06704,1,Public_Housing,Waterbury Housing Authority,,No
SCATTERED SITE,28 Daniel Blvd,Bloomfield,06002,1,Public_Housing,Bloomfield Housing Authority,,No
MASTER CONTRACT - CREATIVE CHOICE,145 Madison Ave,Bridgeport,06604,1,Public_Housing,Housing Authority of the City of Bridgeport,,No
BOSTON COMMONS,181 Pixlee Pl,Bridgeport,06610,1,Public_Housing,Housing Authority of the City of Bridgeport,,No
BOSTON COMMONS,762 Pembroke St,Bridgeport,06608,1,Public_Housing,Housing Authority of the City of Bridgeport,,No
AUSTIN RD & S END TURNKY,456 Baldwin St,Waterbury,06706,1,Public_Housing,Waterbury Housing Authority,,No
TRUMAN APTS,218 Orange St,Waterbury,06704,1,Public_Housing,Waterbury Housing Authority,,No
WELLES VILLAGE,135 Harris St,Glastonbury,06033,1,Public_Housing,Housing Authority of the Town of Glastonbury,,No
BOSTON COMMONS,37 Martin Luther King Dr,Bridgeport,06608,1,Public_Housing,Housing Authority of the City of Bridgeport,,No
TRUMAN APTS,42 Catherine Ave,Waterbury,06704,1,Public_Housing,Waterbury Housing Authority,,No
RIVERSIDE APARTMENTS,67 Olson Dr,Ansonia,06401,1,Public_Housing,Housing Authority of the City of Ansonia,,No
New Communities/Mary Shephard Place,78 Hampton St,Hartford,06120,1,Public_Housing,Housing Authority of the City of Hartford,,No
WELLES VILLAGE,7 Denslow Rd,Glastonbury,06033,1,Public_Housing,Housing Authority of the Town of Glastonbury,,No
MASTER CONTRACT - CREATIVE CHOICE,50 Cedar St,Bridgeport,06608,1,Public_Housing,Housing Authority of the City of Bridgeport,,No
SCATTERED SITES-II,25 Westerleigh Rd,New Haven,06515,1,Public_Housing,Housing Authority of the City of New Haven,,No
WELLES VILLAGE,15 Bates Ln,Glastonbury,06033,1,Public_Housing,Housing Authority of the Town of Glastonbury,,No
ST. ANTHONY II,1370 Quinnipiac Ave,New Haven,06513,1,Public_Housing,Housing Authority of the City of New Haven,,No
LAUREL GARDENS,14 Davis St,Danbury,06810,1,Public_Housing,Housing Authority of the City of Danbury,,No
SCATTERED SITES-II,108 Blake St,New Haven,06511,1,Public_Housing,Housing Authority of the City of New Haven,,No
ST. ANTHONY II,76 Glen Haven Rd,New Haven,06513,1,Public_Housing,Housing Authority of the City of New Haven,,No
WELLES VILLAGE,13 Bates Ln,Glastonbury,06033,1,Public_Housing,Housing Authority of the Town of Glastonbury,,No
WELLES VILLAGE,73 Denslow Rd,Glastonbury,06033,1,Public_Housing,Housing Authority of the Town of Glastonbury,,No
MASTER CONTRACT - CREATIVE CHOICE,99 Harvey St,Bridgeport,06610,1,Public_Housing,Housing Authority of the City of Bridgeport,,No
MCCONAUGHY TERRACE,5 S Genesee St,New Haven,06515,1,Public_Housing,Housing Authority of the City of New Haven,,No
EDEN DRIVE,16 Dibble St,Danbury,06810,1,Public_Housing,Housing Authority of the City of Danbury,,No
Palmer Square,72 Stoneridge Cir,Stamford,06902,1,Public_Housing,Housing Authority of the City of Stamford,,No
LAUREL GARDENS,2 Maple Ridge Rd,Danbury,06811,1,Public_Housing,Housing Authority of the City of Danbury,,No
MASTER CONTRACT - CREATIVE CHOICE,235 Hallett St,Bridgeport,06608,1,Public_Housing,Housing Authority of the City of Bridgeport,,No
MASTER CONTRACT - CREATIVE CHOICE,25 Marcel St,Bridgeport,06606,1,Public_Housing,Housing Authority of the City of Bridgeport,,No
SCATTERED SITES - III,44 Glen Haven Rd,New Haven,06513,1,Public_Housing,Housing Authority of the City of New Haven,,No
BOSTON COMMONS,774 Pembroke St,Bridgeport,06608,1,Public_Housing,Housing Authority of the City of Bridgeport,,No
COURT TOWERS,15 Carol Dr,Rockville,06066,1,Public_Housing,Vernon Housing Authority,,No
WELLES VILLAGE,17 Bates Ln,Glastonbury,06033,1,Public_Housing,Housing Authority of the Town of Glastonbury,,No
BOSTON COMMONS,218 N Bishop Ave,Bridgeport,06610,1,Public_Housing,Housing Authority of the City of Bridgeport,,No
Fairgate,23 Fairfield Ave,Stamford,06902,1,Public_Housing,Housing Authority of the City of Stamford,,No
BOSTON COMMONS,786 Pembroke St,Bridgeport,06608,1,Public_Housing,Housing Authority of the City of Bridgeport,,No
SCATTERED SITES-II,35 Westbrook Ln,New Haven,06515,1,Public_Housing,Housing Authority of the City of New Haven,,No
Family Scattered Sites,136 Merwin Ave,Milford,06460,1,Public_Housing,Milford Redevelopment and Housing Partnership,,No
MASTER CONTRACT - CREATIVE CHOICE,228 Horace St,Bridgeport,06610,1,Public_Housing,Housing Authority of the City of Bridgeport,,No
CAMBRIDGE PARK,18 Davis Dr,Bristol,06010,1,Public_Housing,Bristol Housing Authority,,No
TRUMAN APTS,62 Bishop St,Waterbury,06704,1,Public_Housing,Waterbury Housing Authority,,No
WELLES VILLAGE,59 Denslow Rd,Glastonbury,06033,1,Public_Housing,Housing Authority of the Town of Glastonbury,,No
TRUMAN APTS,372 W Grove St,Waterbury,06710,1,Public_Housing,Waterbury Housing Authority,,No
WELLES VILLAGE,20 Webster Ln,Glastonbury,06033,1,Public_Housing,Housing Authority of the Town of Glastonbury,,No
WELLES VILLAGE,4 Wyllys St,Glastonbury,06033,1,Public_Housing,Housing Authority of the Town of Glastonbury,,No
TRUMAN APTS,374 W Grove St,Waterbury,06710,1,Public_Housing,Waterbury Housing Authority,,No
LAUREL GARDENS,53 Abbott Ave,Danbury,06810,1,Public_Housing,Housing Authority of the City of Danbury,,No
AUSTIN RD & S END TURNKY,458 Baldwin St,Waterbury,06706,1,Public_Housing,Waterbury Housing Authority,,No
Fairgate,27 Fairfield Ave,Stamford,06902,1,Public_Housing,Housing Authority of the City of Stamford,,No
Brookside Phase I,4 Catherine St,New Haven,06512,1,Public_Housing,Housing Authority of the City of New Haven,,No
WELLES VILLAGE,42 Denslow Rd,Glastonbury,06033,1,Public_Housing,Housing Authority of the Town of Glastonbury,,No
MASTER CONTRACT - CREATIVE CHOICE,221 Hallett St,Bridgeport,06608,1,Public_Housing,Housing Authority of the City of Bridgeport,,No
ST. ANTHONY II,58 Kingswood Dr,New Haven,06513,1,Public_Housing,Housing Authority of the City of New Haven,,No
BOSTON COMMONS,9 Martin Luther King Dr,Bridgeport,06608,1,Public_Housing,Housing Authority of the City of Bridgeport,,No
Brookside Phase II,4 Monroe St,New Haven,06513,1,Public_Housing,Housing Authority of the City of New Haven,,No
WELLES VILLAGE,97 Harris St,Glastonbury,06033,1,Public_Housing,Housing Authority of the Town of Glastonbury,,No
MASTER CONTRACT - CREATIVE CHOICE,61 Martin Luther King Dr,Bridgeport,06608,1,Public_Housing,Housing Authority of the City of Bridgeport,,No
Rockview Phase 1 Rental,38 Rock View Cir,New Haven,06515,1,Public_Housing,Housing Authority of the City of New Haven,,No
"Dept. of Housing, State of Connecticut",505 Hudson St Fl 2,Hartford,06106,0,Section8_Multifamily,"Department of Housing, State of Connecticut",,No
State of Connecticut Department of Housing,505 Hudson St,Hartford,06106,0,Section8_Multifamily,State of Connecticut Department of Housing,,No
1992 Homeownership,49 Midvale Ave,Waterbury,06708,0,Public_Housing,Waterbury Housing Authority,,No
1992 Homeownership,174 Rodney St,Waterbury,06705,0,Public_Housing,Waterbury Housing Authority,,No
1992 Homeownership,118 Wilson St,Waterbury,06708,0,Public_Housing,Waterbury Housing Authority,,No
Brookside Phase I,3 Austin St,New Haven,06515,0,Public_Housing,Housing Authority of the City of New Haven,,No
1992 Homeownership,55 Bishop St,Waterbury,06704,0,Public_Housing,Waterbury Housing Authority,,No
1992 Homeownership,162 Plank Rd,Waterbury,06705,0,Public_Housing,Waterbury Housing Authority,,No
1992 Homeownership,81 Brookview Ave,Waterbury,06706,0,Public_Housing,Waterbury Housing Authority,,No
1992 Homeownership,19 Ivy Ln,Waterbury,06705,0,Public_Housing,Waterbury Housing Authority,,No
Greenfield,20 Merrell Ave,Stamford,06902,0,Public_Housing,Housing Authority of the City of Stamford,,No
1992 Homeownership,37 Midvale Ave,Waterbury,06708,0,Public_Housing,Waterbury Housing Authority,,No
Brookside Phase I,14 Catherine St,New Haven,06512,0,Public_Housing,Housing Authority of the City of New Haven,,No
Greenfield,16 Merrell Ave,Stamford,06902,0,Public_Housing,Housing Authority of the City of Stamford,,No
1992 Homeownership,100 Morton Rd,Waterbury,06705,0,Public_Housing,Waterbury Housing Authority,,No
1992 Homeownership,88 Circular Ave,Waterbury,06705,0,Public_Housing,Waterbury Housing Authority,,No
OAKWOOD KNOLL,45 Oakwood Knls,Norwich,06360,0,Public_Housing,Norwich Housing Authority,,No
Greenfield,12 Merrell Ave,Stamford,06902,0,Public_Housing,Housing Authority of the City of Stamford,,No
1992 Homeownership,47 Bagley Ter,Waterbury,06705,0,Public_Housing,Waterbury Housing Authority,,No
Greenfield,84 Merrell Ave,Stamford,06902,0,Public_Housing,Housing Authority of the City of Stamford,,No
Quinnipiac Terrace Phase I,49 Del Rio Dr,New Haven,06513,0,Public_Housing,Housing Authority of the City of New Haven,,No
Brookside Phase I,24 Catherine St,New Haven,06512,0,Public_Housing,Housing Authority of the City of New Haven,,No
1992 Homeownership,240 Fanning St,Waterbury,06704,0,Public_Housing,Waterbury Housing Authority,,No
Brookside Phase I,17 Austin St,New Haven,06515,0,Public_Housing,Housing Authority of the City of New Haven,,No
1992 Homeownership,16 Whittlesey Ave,Waterbury,06706,0,Public_Housing,Waterbury Housing Authority,,No
Palmer Square,5 Rockfield Dr,Stamford,06902,0,Public_Housing,Housing Authority of the City of Stamford,,No
CAMBRIDGE PARK,119 Davis Dr,Bristol,06010,0,Public_Housing,Bristol Housing Authority,,No
1992 Homeownership,5 Cassidy Ave,Waterbury,06704,0,Public_Housing,Waterbury Housing Authority,,No
Palmer Square,56 Stoneridge Cir,Stamford,06902,0,Public_Housing,Housing Authority of the City of Stamford,,No
1992 Homeownership,137 Townsend Ave,Waterbury,06705,0,Public_Housing,Waterbury Housing Authority,,No
1992 Homeownership,34 Springdale Ave,Waterbury,06708,0,Public_Housing,Waterbury Housing Authority,,No
Palmer Square,2 Rockfield Dr,Stamford,06902,0,Public_Housing,Housing Authority of the City of Stamford,,No
1992 Homeownership,40 Marita Dr,Waterbury,06705,0,Public_Housing,Waterbury Housing Authority,,No
1992 Homeownership,178 Rodney St,Waterbury,06705,0,Public_Housing,Waterbury Housing Authority,,No
Brookside Phase I,6 Monroe St,New Haven,06513,0,Public_Housing,Housing Authority of the City of New Haven,,No
1992 Homeownership,59 Bishop St,Waterbury,06704,0,Public_Housing,Waterbury Housing Authority,,No
Brookside Phase I,26 Catherine St,New Haven,06512,0,Public_Housing,Housing Authority of the City of New Haven,,No
Palmer Square,42 Stoneridge Cir,Stamford,06902,0,Public_Housing,Housing Authority of the City of Stamford,,No
1992 Homeownership,86 Hallock St,Waterbury,06706,0,Public_Housing,Waterbury Housing Authority,,No
1992 Homeownership,89 Morton Rd,Waterbury,06705,0,Public_Housing,Waterbury Housing Authority,,No
Palmer Square,1 Rockfield Dr,Stamford,06902,0,Public_Housing,Housing Authority of the City of Stamford,,No
Brookside Phase I,5 Walden St,New Haven,06517,0,Public_Housing,Housing Authority of the City of New Haven,,No
Brookside Phase I,3 Walden St,New Haven,06517,0,Public_Housing,Housing Authority of the City of New Haven,,No
Palmer Square,2 Stoneridge Cir,Stamford,06902,0,Public_Housing,Housing Authority of the City of Stamford,,No
Palmer Square,19 Rockfield Dr,Stamford,06902,0,Public_Housing,Housing Authority of the City of Stamford,,No
1992 Homeownership,3 Gordon St,Waterbury,06710,0,Public_Housing,Waterbury Housing Authority,,No
Quinnipiac Terrace Phase I,50 Del Rio Dr,New Haven,06513,0,Public_Housing,Housing Authority of the City of New Haven,,No
Brookside Phase I,4 Walden St,New Haven,06517,0,Public_Housing,Housing Authority of the City of New Haven,,No
Brookside Phase I,7 Walden St,New Haven,06517,0,Public_Housing,Housing Authority of the City of New Haven,,No
1992 Homeownership,13 Ivy Ln,Waterbury,06705,0,Public_Housing,Waterbury Housing Authority,,No
Quinnipiac Terrace Phase I,38 Del Rio Dr,New Haven,06513,0,Public_Housing,Housing Authority of the City of New Haven,,No
Greenfield,32 Merrell Ave,Stamford,06902,0,Public_Housing,Housing Authority of the City of Stamford,,No
Palmer Square,36 Stoneridge Cir,Stamford,06902,0,Public_Housing,Housing Authority of the City of Stamford,,No
1992 Homeownership,238 Fanning St,Waterbury,06704,0,Public_Housing,Waterbury Housing Authority,,No
Quinnipiac Terrace Phase I,157 Downing St,New Haven,06513,0,Public_Housing,Housing Authority of the City of New Haven,,No
Brookside Phase I,6 Walden St,New Haven,06517,0,Public_Housing,Housing Authority of the City of New Haven,,No
Greenfield,28 Merrell Ave,Stamford,06902,0,Public_Housing,Housing Authority of the City of Stamford,,No
1992 Homeownership,34 Terrace Ave,Waterbury,06704,0,Public_Housing,Waterbury Housing Authority,,No
1992 Homeownership,266 Woodtick Rd,Waterbury,06705,0,Public_Housing,Waterbury Housing Authority,,No
Brookside Phase I,6 Catherine St,New Haven,06512,0,Public_Housing,Housing Authority of the City of New Haven,,No
1992 Homeownership,118 Citizens Ave,Waterbury,06704,0,Public_Housing,Waterbury Housing Authority,,No
1992 Homeownership,216 Greenwood Ave,Waterbury,06704,0,Public_Housing,Waterbury Housing Authority,,No
Fairgate,5 Fairgate Dr,Stamford,06902,0,Public_Housing,Housing Authority of the City of Stamford,,No
Quinnipiac Terrace Phase II,1 John Williamson Dr,New Haven,06513,0,Public_Housing,Housing Authority of the City of New Haven,,No
Greenfield,24 Merrell Ave,Stamford,06902,0,Public_Housing,Housing Authority of the City of Stamford,,No
Brookside Phase I,2 Walden St,New Haven,06517,0,Public_Housing,Housing Authority of the City of New Haven,,No
1992 Homeownership,75 Madison Ave,Waterbury,06706,0,Public_Housing,Waterbury Housing Authority,,No
1992 Homeownership,124 Wilson St,Waterbury,06708,0,Public_Housing,Waterbury Housing Authority,,No
Palmer Square,13 Stoneridge Cir,Stamford,06902,0,Public_Housing,Housing Authority of the City of Stamford,,No
