{"type":"FeatureCollection","crs":{"type":"name","properties":{"name":"EPSG:4326"}},"features":[{"type":"Feature","id":1,"geometry":{"type":"Polygon","coordinates":[[[-71.9672278397508,41.528674484903],[-71.964589838512,41.5283244846759],[-71.9626148382386,41.5280614848624],[-71.960045836443,41.5277214844107],[-71.9572798353248,41.5273534849045],[-71.956588836185,41.5272614850308],[-71.9489838336113,41.5262474843026],[-71.9474458330256,41.5260434850947],[-71.9462188325965,41.5258804844426],[-71.9450978320523,41.5257334849961],[-71.9417348313239,41.525292484787],[-71.9406148306722,41.5251454845248],[-71.9390778303064,41.5249504843363],[-71.9344678278765,41.5243684844663],[-71.9329318272556,41.5241744849509],[-71.9296658266203,41.5237534843905],[-71.9198698234049,41.5224904850971],[-71.916604822524,41.5220694850065],[-71.9138558211574,41.5217094845934],[-71.9056088186936,41.5206294846453],[-71.902860817772,41.5202704847384],[-71.9002538168276,41.5199264854639],[-71.8924348140973,41.5188964849877],[-71.8898288129388,41.5185534849938],[-71.8893328128196,41.5184934854845],[-71.887845813224,41.5183154850619],[-71.8873508121472,41.5182564848557],[-71.8851388121108,41.517969485085],[-71.8828418108154,41.5176724855201],[-71.879089810484,41.5171864851581],[-71.8785058091416,41.5171104852802],[-71.8762958087488,41.5168244851571],[-71.876096808837,41.5167984851014],[-71.8754998088235,41.516720485559],[-71.8753018087047,41.5166944854239],[-71.8745138082478,41.5165924847934],[-71.8736618083644,41.5164594856753],[-71.8687528066242,41.515695484863],[-71.8671168057452,41.5154414856374],[-71.8663748056143,41.5153394850937],[-71.8641498050298,41.5150354856165],[-71.8634088042161,41.5149344856527],[-71.8631338047802,41.514902485074],[-71.8623088041552,41.514809485047],[-71.8620338040562,41.5147784849195],[-71.8607498036402,41.5146164849002],[-71.8583248033546,41.5143124854892],[-71.8569008029825,41.5141334851053],[-71.8556188022483,41.5139724849164],[-71.8539558011232,41.5137664856503],[-71.8489677995076,41.5131484849994],[-71.8473057988356,41.5129424852662],[-71.8457347993023,41.5126454855662],[-71.8411917971979,41.5118644849992],[-71.8315797944533,41.5107714857467],[-71.8280977929623,41.5102764851238],[-71.8277407930762,41.5102214854967],[-71.8273827923067,41.5101664857271],[-71.8268287930187,41.5100804851853],[-71.8262747928986,41.5099954859561],[-71.8255787919034,41.5098884850848],[-71.8250967921638,41.5098244858452],[-71.8236537912732,41.5096354851063],[-71.8231727907819,41.5095724853193],[-71.8211107902886,41.5092894856847],[-71.8149247880404,41.5084404854154],[-71.8128637880169,41.5081584853275],[-71.8110767874949,41.5079284860068],[-71.8057167852777,41.5072394859865],[-71.8039307846774,41.5070104854986],[-71.8017767842126,41.5067504855072],[-71.795314781787,41.5059714859583],[-71.7931607816652,41.5057124854925],[-71.7932227812472,41.5054474853954],[-71.7932247812401,41.5054014861051],[-71.7932667810268,41.5044074850728],[-71.7933587806571,41.5022594850779],[-71.7934167810643,41.5009664845171],[-71.7934397810034,41.5004724844015],[-71.7935027814747,41.499161484429],[-71.7935107814672,41.4989934845636],[-71.7935337807228,41.4985144840666],[-71.7936287813733,41.4965754838207],[-71.7936607814285,41.4959294838018],[-71.7936987809925,41.495139484056],[-71.7937757809395,41.4935664837159],[-71.7938147806656,41.4927714836342],[-71.7938537809588,41.4919824831919],[-71.7939637805835,41.4897424828629],[-71.7940077800803,41.4888224827878],[-71.7940187811767,41.4885944822218],[-71.7940527803188,41.4879104824525],[-71.7941477799177,41.4862274823524],[-71.7942327802459,41.4847284818507],[-71.7942707809932,41.4840574815043],[-71.7945387804727,41.4793464805559],[-71.7946797801274,41.4768634796755],[-71.7947177801438,41.4761884803792],[-71.7947787796195,41.4751014799527],[-71.7949637800716,41.4718424787267],[-71.7950257802544,41.470756479025],[-71.7951037803631,41.469394478948],[-71.7953377802142,41.4653084777368],[-71.7954157792037,41.4639464773025],[-71.7954617797451,41.4631554772582],[-71.7956007789569,41.460782476681],[-71.7956477789769,41.4599924768298],[-71.7958407794957,41.4574664760001],[-71.796296779028,41.4515244754329],[-71.7963637786373,41.4498884751784],[-71.7963887792873,41.4492634747044],[-71.796468779278,41.4473584740925],[-71.7965037794079,41.4465054746128],[-71.796609778359,41.4439464738953],[-71.7966457785389,41.4430944736859],[-71.7966497792098,41.4429754737797],[-71.7966647782591,41.442620473645],[-71.796669779004,41.4425024734427],[-71.7966707783019,41.4424824734468],[-71.7966717785487,41.4424434736854],[-71.7966787793939,41.4422684736545],[-71.796681779057,41.4422104736078],[-71.7966847790974,41.4421234732449],[-71.7966957787988,41.4418664732995],[-71.7966997789188,41.441780473545],[-71.7966997792869,41.4417554730857],[-71.7967027792459,41.4416804731906],[-71.7967037785287,41.441656473334],[-71.7967087782543,41.4415294729754],[-71.7967247789032,41.4411524728532],[-71.7967307786522,41.4410264730973],[-71.796730778376,41.4410154730344],[-71.7967317791537,41.4409824730565],[-71.7967327789928,41.4409724727062],[-71.7967377783021,41.4408464727459],[-71.7967527785022,41.440472472728],[-71.7967587790239,41.4403474733804],[-71.7967597782995,41.4403034733251],[-71.7967657788091,41.4401744732148],[-71.7967677790703,41.440132473293],[-71.7967787790443,41.439848472874],[-71.7968137791348,41.4389964728403],[-71.7968257787847,41.4387134729823],[-71.7968727789832,41.4375954727573],[-71.7968807784918,41.4373024724018],[-71.7969027780202,41.4364924725283],[-71.7969107784296,41.4361594717225],[-71.7969387786288,41.4351624717175],[-71.7969487790163,41.4348304716558],[-71.7969717779723,41.4339654713277],[-71.796979778142,41.4337114717341],[-71.7970767788836,41.4313724713066],[-71.7971107784107,41.4305454714105],[-71.7971127778823,41.430508470802],[-71.7971347782285,41.429990471059],[-71.7971477785596,41.4296874708022],[-71.7972537781921,41.4272274707297],[-71.7972867786686,41.4264714700225],[-71.7972877784286,41.4264074705513],[-71.7972877779866,41.426384469965],[-71.7972967775903,41.4262074699639],[-71.7973267779576,41.4256104700234],[-71.7973377781276,41.4254114702257],[-71.7973497782719,41.4251554702583],[-71.7973607783758,41.4249274700582],[-71.7973617783546,41.4249034701479],[-71.7973807784228,41.4245194694562],[-71.7973867786237,41.4243904699412],[-71.797398778103,41.4241354694461],[-71.7974627778323,41.4227914694385],[-71.7976557779514,41.4187594689107],[-71.797716777421,41.4175084683161],[-71.797720777601,41.417416468444],[-71.7977237779862,41.4173444686377],[-71.7977387774108,41.417026468225],[-71.7977427771719,41.4169524686653],[-71.797744777397,41.4169184683413],[-71.7977477776762,41.4168424686574],[-71.7977457782286,41.416735468562],[-71.7981207779479,41.4166824680943],[-71.7983917779743,41.4164554680202],[-71.799268777899,41.4159794684],[-71.7995137783526,41.4158464679538],[-71.7998527786164,41.4157614682664],[-71.8002367781486,41.4156654679373],[-71.8007397785673,41.4155414681042],[-71.8014397783526,41.4155534680559],[-71.8016937791128,41.4156534681369],[-71.8017267793306,41.4156664679504],[-71.8020657785787,41.4159614683053],[-71.8020837785601,41.4161114679949],[-71.8024977788452,41.4164714678656],[-71.8029077797085,41.4169544683287],[-71.8032537792526,41.4173154683838],[-71.8036847799023,41.4174364682619],[-71.8043487796059,41.4173174680476],[-71.8051777795869,41.4171424679888],[-71.8058107797893,41.4168794683074],[-71.8058817803139,41.4168494679896],[-71.8058957804737,41.4168444684944],[-71.8061087807892,41.4168054678037],[-71.8061857798713,41.4167924678858],[-71.8068127812134,41.4166814677841],[-71.8069607811008,41.4167374680786],[-71.8072377806537,41.4168424685035],[-71.8077547810418,41.4171964676709],[-71.8080527812309,41.417395467843],[-71.8085767811566,41.4175484684171],[-71.8090877819122,41.4177744678738],[-71.8092127813474,41.4178304684866],[-71.809791781629,41.4181444679866],[-71.8105007822908,41.4185294685495],[-71.8107377815408,41.4186354683976],[-71.8114547827379,41.4189584683994],[-71.8121507824538,41.4192214681171],[-71.8129007826568,41.4194124683476],[-71.8137987833356,41.4194274684051],[-71.8140047826795,41.419431468754],[-71.8148637832223,41.419493468163],[-71.8148897828571,41.4194954682815],[-71.814953782905,41.4195084682414],[-71.8152247832613,41.4195664680997],[-71.8152737834537,41.419577468266],[-71.8153157831579,41.4195844682794],[-71.816120783363,41.4197254682867],[-71.8164117837491,41.4198034679497],[-71.8169047846218,41.4199354682617],[-71.8180887841256,41.4198604687343],[-71.8193897848221,41.4196144683707],[-71.8197167845014,41.4195364679152],[-71.8203307849643,41.419390467712],[-71.8207067858746,41.4190794683609],[-71.820773785708,41.4190234679298],[-71.8209747856866,41.4188554682094],[-71.8210427851939,41.4188004680244],[-71.8217657853361,41.4182564675578],[-71.8227677863768,41.4178684680229],[-71.823369786602,41.4175284679099],[-71.8234187859018,41.4174784681087],[-71.8237317865502,41.4172904678792],[-71.8238737863597,41.4171724679187],[-71.8239817857217,41.4170364678824],[-71.8241467857777,41.4167724674064],[-71.8242737857937,41.4162654673444],[-71.8243047860153,41.4158414675942],[-71.8243847858908,41.4154694676127],[-71.8245737866561,41.415243466908],[-71.8249207860518,41.4149694668846],[-71.825384786635,41.4146954673688],[-71.825936786485,41.4146044669885],[-71.8261287871977,41.4145734670614],[-71.8272187873775,41.4145004666357],[-71.8279027876675,41.4143424672325],[-71.829288788349,41.4137904667952],[-71.8306287885986,41.4131884667128],[-71.8314127889502,41.4128014664095],[-71.8318437881948,41.4126284664198],[-71.8334167893596,41.4119544660143],[-71.8341077887437,41.4115904661979],[-71.8345607888407,41.4116024660677],[-71.8346587889552,41.4116054663798],[-71.8349867900237,41.4118094665531],[-71.8352387896172,41.4119544659764],[-71.8356717895824,41.4121754660175],[-71.8357977902387,41.4122404664366],[-71.8363857897571,41.4122424666399],[-71.8368837898539,41.4122364658516],[-71.8378907905235,41.4124914665811],[-71.839258790863,41.4123984663437],[-71.8393987910897,41.4123444661146],[-71.8396977916064,41.4122304656787],[-71.8403887917082,41.4115884655476],[-71.8404407906955,41.41154046607],[-71.8405487908324,41.4114834662588],[-71.8410637920134,41.4112164660667],[-71.8412357910483,41.4111274657216],[-71.8416327914284,41.4109204656448],[-71.8417717922359,41.4108474656956],[-71.8420297920508,41.4107144655248],[-71.8424267918638,41.4102684656632],[-71.8426277916986,41.4097654655585],[-71.8426077915273,41.4096134652015],[-71.8425767918926,41.4093804650386],[-71.8424997920597,41.4087804653149],[-71.8424967922768,41.408768465447],[-71.8424907918765,41.4087334656562],[-71.8424887912241,41.4087224650971],[-71.8425767913675,41.4087274650829],[-71.8427347916891,41.4087364653275],[-71.8428917917378,41.4087444651392],[-71.8429457917453,41.4087474654314],[-71.8429637917572,41.4087484649229],[-71.8443187927162,41.4088224649735],[-71.8447767920663,41.4088474649872],[-71.8449537920277,41.408855465732],[-71.8456167933431,41.4090084648748],[-71.8463497930374,41.4091794649464],[-71.8466467934664,41.4092484650006],[-71.8469447932396,41.4093174649398],[-71.8470367935894,41.4093364654357],[-71.8471227935154,41.4093584649176],[-71.8481247932106,41.4095904649331],[-71.8489617934193,41.4097854657534],[-71.8491927938862,41.4098484653207],[-71.84928579381,41.4098734653181],[-71.8493777938737,41.409898465498],[-71.8502707948436,41.4101404652711],[-71.8542007954545,41.4112084656353],[-71.8555117963617,41.4115644659061],[-71.8556917959544,41.4116054653718],[-71.8558847963981,41.411650465723],[-71.8562347959434,41.4117304655455],[-71.8564157969975,41.4117724657743],[-71.858707797478,41.4122424652423],[-71.8629107988551,41.4131064656034],[-71.8630067989137,41.4131264656234],[-71.8631037990128,41.4131464651856],[-71.8655847999445,41.4136554655082],[-71.8678778009165,41.4141264653342],[-71.8681087999104,41.414177465727],[-71.8682388004339,41.4142064651206],[-71.8688018010507,41.4143314654392],[-71.8690338010818,41.4143834657493],[-71.8702858006323,41.4147184657808],[-71.8740428022853,41.415724466058],[-71.8745248027525,41.415853465407],[-71.8752998033224,41.4160444654925],[-71.8782138038594,41.4167944653729],[-71.8869588069475,41.4190444661449],[-71.8898738080718,41.4197944660676],[-71.8910158085081,41.4201074657055],[-71.8935458087919,41.4207394659144],[-71.8942468095906,41.4209164663529],[-71.8960478104125,41.4213694664939],[-71.8965608097618,41.4214994657987],[-71.9007388116861,41.4225514657146],[-71.9008058116658,41.4225684657753],[-71.9035558128594,41.4232614665604],[-71.906058813332,41.4238924657755],[-71.9151338168362,41.4262564662368],[-71.92345281903,41.4284244668841],[-71.9278058204206,41.4295584661805],[-71.9308998220221,41.4303724671188],[-71.934419822827,41.4313004669689],[-71.9401778248533,41.4328314666304],[-71.9432708259062,41.4336544667243],[-71.9431928259722,41.4337614673684],[-71.9429458253311,41.4339624666428],[-71.9428798261791,41.4340734665781],[-71.9428578264309,41.4343744670145],[-71.9426968256235,41.4345904675413],[-71.9425738257503,41.4348034673435],[-71.9425878256957,41.4350064674944],[-71.9427708253369,41.4352324674362],[-71.9428368262263,41.4354094670697],[-71.9428508262435,41.4358284676642],[-71.9428798264387,41.4359824672246],[-71.9428948259755,41.4360504673766],[-71.9433038258844,41.4367224674591],[-71.9433468260374,41.4367924678512],[-71.9435358263965,41.4371704673726],[-71.9437388267841,41.4374844673424],[-71.9437128258992,41.4375294674644],[-71.943637826461,41.437664467274],[-71.9436128265374,41.4377104675967],[-71.9435618262696,41.437780467752],[-71.9434118266145,41.4379914679507],[-71.9433618258293,41.438062467332],[-71.9429258258708,41.4382644681792],[-71.9428518259438,41.4382994680239],[-71.942659825678,41.4386434680602],[-71.9426188258116,41.4391174683489],[-71.9424288264537,41.4395664679973],[-71.9424258260294,41.4395754684855],[-71.9424138259672,41.4400454684044],[-71.9423288261834,41.4400474683776],[-71.9421538258923,41.4400514680725],[-71.9417228255269,41.44006446852],[-71.9413748257485,41.4400744680762],[-71.9411158260618,41.4400824678332],[-71.9374508241367,41.4408454683284],[-71.9325658233888,41.4418634689779],[-71.9320218229738,41.4419764690386],[-71.9321478233188,41.4430424694458],[-71.9326868235778,41.4476194703117],[-71.9330698232625,41.4508724703781],[-71.9335328241479,41.4508024708476],[-71.935445824193,41.4505034704034],[-71.9406318259001,41.4496944696565],[-71.9411848259833,41.4496074698619],[-71.9430978266394,41.4493094697718],[-71.9430928270818,41.4492944701212],[-71.9429608262789,41.4491654702784],[-71.94284582723,41.4490534695441],[-71.9427508266458,41.4489474702674],[-71.9427288260718,41.4488434697943],[-71.9428388264191,41.4486914695352],[-71.9429568271697,41.4485304695974],[-71.9429698262731,41.4485124700658],[-71.9429988272497,41.4483284694387],[-71.9429988266786,41.4480984700864],[-71.9428318270829,41.4478664696139],[-71.9427948270525,41.4478144698774],[-71.9427578260311,41.4476554700065],[-71.9428088260278,41.4473194691959],[-71.942961826156,41.4469834693239],[-71.9430788268778,41.4467274695522],[-71.9433628268246,41.4464464694616],[-71.943847826599,41.4461844691342],[-71.9440618267992,41.4460694695011],[-71.9441728265556,41.4459464693664],[-71.9442748268771,41.4457774687769],[-71.944375826662,41.445717469203],[-71.9444318265583,41.4456834694584],[-71.9444568274113,41.4456694690889],[-71.9446178265154,41.4456284690727],[-71.9446818271768,41.4456124694258],[-71.9447338273899,41.4455154687212],[-71.9448718270641,41.4454374688868],[-71.945105827422,41.4453804693697],[-71.9451568270132,41.4453864690052],[-71.9452588267986,41.4454524689217],[-71.9453978276073,41.4455644688968],[-71.9455428275395,41.4455864687247],[-71.9456378273232,41.4455484689619],[-71.9456958270028,41.4454144690644],[-71.9456748273393,41.4453154691145],[-71.9456238279209,41.4452824689057],[-71.9456018272016,41.4452414687259],[-71.9453608277418,41.4451354690055],[-71.9453758272851,41.4450684691826],[-71.9454118276183,41.4450464686637],[-71.9455198277501,41.4450204693953],[-71.9455498271477,41.4450144691605],[-71.9455578269319,41.4449384689364],[-71.9454628274493,41.4447014693868],[-71.9452658273144,41.4444174693353],[-71.9451268272988,41.4443274688944],[-71.9449518271179,41.4443414687956],[-71.9447768271046,41.4443634689055],[-71.9445588274932,41.4442674688114],[-71.9443688272159,41.4442264686494],[-71.9443548273612,41.4441634687888],[-71.9444488270769,41.4441524692104],[-71.9450838272827,41.4441824692455],[-71.9452368270146,41.4440834685338],[-71.9452808268168,41.4438774690983],[-71.9452208265822,41.4437264686405],[-71.9451418266921,41.4436394684432],[-71.944812827095,41.4434954686311],[-71.9446748264411,41.4434284684437],[-71.9445148271178,41.4432484688196],[-71.9444708271318,41.4431214690372],[-71.9445948265252,41.4428364683236],[-71.9446168263728,41.4427564683873],[-71.9446898268738,41.4427174687068],[-71.9447838264559,41.4426844682335],[-71.9448128271248,41.4426174684845],[-71.9447988274168,41.4425854683696],[-71.9446088271169,41.442544468561],[-71.944477826896,41.4424914687424],[-71.9443248269298,41.4423434684864],[-71.9442508267211,41.442125468685],[-71.9442958268871,41.4421124686053],[-71.9446008266485,41.4422244681423],[-71.9447838272472,41.4422784681767],[-71.9449008265312,41.4423854683755],[-71.9449448268495,41.4424634683573],[-71.9450178271461,41.4424294686536],[-71.9450458270371,41.442281468381],[-71.9450318265687,41.4421094685123],[-71.9449738264038,41.4419684687542],[-71.9447108267645,41.4417184685965],[-71.9444708262915,41.4416444685622],[-71.9444008266265,41.4415964680944],[-71.9442778261654,41.4416324685641],[-71.9441548267757,41.4416684680098],[-71.9441548265088,41.4416354684025],[-71.9441518264839,41.44157946832],[-71.9441498270357,41.4415314685324],[-71.9441438266694,41.4414734682097],[-71.9441378271608,41.441441468319],[-71.9441248262239,41.4413894680741],[-71.944090826636,41.4413314684496],[-71.9440598262621,41.4412754681472],[-71.9440418265341,41.4412524686447],[-71.9441328269738,41.4412384687175],[-71.9442248270099,41.4412234681316],[-71.9445238272648,41.4411764679923],[-71.9453238268676,41.4414204683533],[-71.9453748268768,41.4414354678934],[-71.9458308272516,41.4416824681923],[-71.946172827205,41.4424224686583],[-71.9466098272724,41.4433634686198],[-71.9467108279425,41.4445414692268],[-71.9468238275903,41.4454114691384],[-71.9470558274408,41.4463994688143],[-71.9483298286464,41.4476454692595],[-71.9493528289962,41.4492294698904],[-71.9493508286871,41.4492514700526],[-71.9493228290624,41.449583470135],[-71.9491518293705,41.4516854702245],[-71.9490558285613,41.4518514706037],[-71.948952828654,41.4520294700513],[-71.9488488287982,41.4522074705347],[-71.948701828339,41.4523504704491],[-71.9486668291648,41.4526034703333],[-71.9487248290277,41.4529484701588],[-71.9487478292583,41.4534314702919],[-71.9486598286911,41.4539274710095],[-71.9481528290744,41.4568004712461],[-71.9481318283529,41.4569194715501],[-71.9478158290803,41.4575144709415],[-71.9474398281632,41.4582254714798],[-71.9477338283122,41.459405472142],[-71.9478978293935,41.4600594715079],[-71.9482838293384,41.4612964724215],[-71.9488028298932,41.4629554724165],[-71.9494428294275,41.4650074723329],[-71.9496278302398,41.465598472966],[-71.9498298298715,41.4662454731696],[-71.9501528306873,41.4670194730187],[-71.950161829944,41.4670394732985],[-71.9509758310484,41.4694004735218],[-71.9511628304482,41.4699414734866],[-71.951191830478,41.4700214733014],[-71.951219830046,41.4701004738629],[-71.9512538302961,41.4701934739048],[-71.9512768306543,41.4702684741407],[-71.9512928309388,41.4703214738034],[-71.9513768309569,41.4705914739176],[-71.9514058310179,41.4706844742627],[-71.9514408305516,41.4707994736025],[-71.9519138308472,41.4723184740126],[-71.9519678313217,41.4724904743999],[-71.9520658313728,41.4728034745154],[-71.95232583174,41.4736354745135],[-71.9530878317569,41.47607847484],[-71.953114831173,41.4761634747429],[-71.955545833004,41.4839634765827],[-71.9566188330412,41.4874064770242],[-71.9569208336333,41.4884534772672],[-71.9569678333743,41.4886164768943],[-71.9570798342256,41.4890024768302],[-71.9580158341825,41.4922474781721],[-71.9583658347736,41.4934584779728],[-71.9584518338782,41.4937644776315],[-71.9587098342192,41.494685478181],[-71.9587968339867,41.4949924784723],[-71.9589208346596,41.4954544782656],[-71.9592948347844,41.4968434788632],[-71.9594198352051,41.4973064788921],[-71.9596918349299,41.49807247862],[-71.9597508353695,41.4982404792711],[-71.9602728356681,41.4997044795829],[-71.9604158349514,41.5001064792669],[-71.960686835879,41.5009724790869],[-71.9607128354216,41.5010554789904],[-71.9610098353013,41.5020024796637],[-71.9612088356334,41.5028594798968],[-71.9614798362332,41.5040204803515],[-71.9617798357379,41.5053074805889],[-71.961807836298,41.5054294801052],[-71.9619148358742,41.5058884803192],[-71.9620078361238,41.5062874801608],[-71.9620438360408,41.5064534802485],[-71.9638968368142,41.5144654815064],[-71.9638998370053,41.5144814820485],[-71.9643038380655,41.516207482382],[-71.9655178378385,41.521385482776],[-71.9659228389495,41.5231114834322],[-71.9665138386744,41.5256344842531],[-71.9672278397508,41.528674484903]]]},"properties":{"OBJECTID":1,"TOWN_NO":102,"TOWN":"North Stonington","GRACE_PERIOD":"Yes"}},{"type":"Feature","id":2,"geometry":{"type":"Polygon","coordinates":[[[-72.1406538959888,41.5365074799673],[-72.1405488959618,41.5368244799922],[-72.1403648960089,41.5371014806333],[-72.1398148956448,41.537934480389],[-72.1396328957363,41.5382124809083],[-72.1393228958267,41.5386954810781],[-72.1391408956836,41.5389824804694],[-72.1386938960727,41.5396814806057],[-72.1383958949678,41.5401474809054],[-72.1380868955982,41.5406324810222],[-72.137709894823,41.5412524815274],[-72.1365788949085,41.5431134821288],[-72.1362028949443,41.5437344814748],[-72.1354998950282,41.5446054821786],[-72.1354468951725,41.5446784820867],[-72.1352158946266,41.5449444821416],[-72.1348078948582,41.5454154819666],[-72.1342898943571,41.5459594825652],[-72.1338828942359,41.5463934827475],[-72.1328548942786,41.5482554830736],[-72.1326928939426,41.5484544826895],[-72.1326808938134,41.5484734827924],[-72.1326728943871,41.5490524828361],[-72.1326488940449,41.5507894834973],[-72.1326428944642,41.5513054838678],[-72.1326418937292,41.5513684832608],[-72.132640894548,41.5514054831683],[-72.1326268946882,41.5522254837586],[-72.1325848946219,41.5547994845186],[-72.1325818944642,41.5550504842474],[-72.1323508946232,41.5556124842506],[-72.1323078945596,41.5565114848419],[-72.1321788946342,41.5592114849578],[-72.1321368944817,41.5601114852495],[-72.1321798941044,41.560537484999],[-72.1323088950736,41.5618144853868],[-72.1323518946263,41.5622414852864],[-72.1323118946493,41.5625684853349],[-72.1321928947788,41.5635524854371],[-72.1321798946429,41.5636614863038],[-72.1321528944588,41.5638804857177],[-72.1321468944649,41.5640734859064],[-72.132129895363,41.5646354857013],[-72.1321288944874,41.5646554857072],[-72.1321268948354,41.5647424863989],[-72.1321238943733,41.5648504865532],[-72.1322908943981,41.5649904862882],[-72.1327918953365,41.565412486517],[-72.1329588947232,41.5655534865082],[-72.1329778950332,41.5656374861852],[-72.1329968953924,41.5657214858577],[-72.1330188949506,41.5660554859528],[-72.133045895252,41.5661454865401],[-72.1330918956162,41.5662974860756],[-72.1331868954385,41.5664344862792],[-72.1332738949044,41.5664734867054],[-72.1335008955058,41.5666154863694],[-72.1337048957289,41.5668624864688],[-72.133770895984,41.5668954862324],[-72.1340478955448,41.5669564867164],[-72.1341648957775,41.5670494863337],[-72.1342668953696,41.5671104868273],[-72.1343738962427,41.5672424863119],[-72.1343908959833,41.567263486649],[-72.1346908954879,41.5674834864213],[-72.1347488958344,41.5676644868602],[-72.1347448962358,41.5676764868811],[-72.1346898963852,41.5678184867617],[-72.134704896079,41.5679444869591],[-72.1347918955442,41.568032486657],[-72.1349658954627,41.5681584868515],[-72.1352378964361,41.5683564869606],[-72.1353838965516,41.5685264868216],[-72.1353908963404,41.5687564868137],[-72.1354858965042,41.5688664870521],[-72.1356828966766,41.5688884870878],[-72.1357628966614,41.5689384863722],[-72.1358438958757,41.5691134870563],[-72.1358438961676,41.5692284868018],[-72.1357698963565,41.5692894864061],[-72.1355578962573,41.5693604865383],[-72.1354198967891,41.5693764872996],[-72.1350318961757,41.5694804873147],[-72.1349818963069,41.5695374871921],[-72.1347898955195,41.5694304867729],[-72.1342138960376,41.5691124864505],[-72.1340228954083,41.5690064868386],[-72.1328478959268,41.5682424863019],[-72.1303808947711,41.566637486827],[-72.129298893533,41.5659934861949],[-72.1280958931896,41.5652774859831],[-72.1276948937213,41.5650244860206],[-72.1264918935776,41.5642674863892],[-72.1264638936233,41.5642504861064],[-72.1262258928114,41.5641044860274],[-72.1261578924407,41.5640624858092],[-72.126088893472,41.5640204864376],[-72.1260188925927,41.5639674857371],[-72.1259488929895,41.5639154862599],[-72.1259098926164,41.5638864857855],[-72.125373893045,41.5634864864784],[-72.1251958925584,41.5633534859751],[-72.1250688920803,41.5635894862308],[-72.1246898920102,41.5642984865574],[-72.1246078922847,41.5644544859696],[-72.1245638924726,41.5645354866319],[-72.1245318921274,41.5645964858877],[-72.1244998928615,41.5646584864002],[-72.1239518918708,41.5657084866248],[-72.1233498922626,41.5668634871088],[-72.1218978915368,41.5690994874933],[-72.1211778913714,41.5702094876305],[-72.1206898920028,41.5710444875158],[-72.1192298915099,41.5735504885564],[-72.118743890961,41.5743864885579],[-72.1172798913343,41.5770924885753],[-72.1168778906668,41.5778364888176],[-72.1128768901493,41.5852054909396],[-72.1114098897047,41.5879104910261],[-72.1099518886648,41.59048949218],[-72.1055788884738,41.5982264937967],[-72.1041218884372,41.6008064938497],[-72.1040278875366,41.6008224943333],[-72.1037478875965,41.6008744935798],[-72.1036548874139,41.6008924937838],[-72.1005238868372,41.6014704938617],[-72.0913398834323,41.6031684952136],[-72.0911308834989,41.6032064950123],[-72.0880008827812,41.6037854947435],[-72.0854018824636,41.604234495541],[-72.0776058801806,41.6055854954274],[-72.075007878618,41.606036495711],[-72.0740298781186,41.6062404956888],[-72.0710958776869,41.6068564959979],[-72.0701188773306,41.6070624964884],[-72.0694808774706,41.6071214965972],[-72.0675628760065,41.6073694962526],[-72.0669248758061,41.6074524961847],[-72.066865876526,41.6074784966556],[-72.0667768765754,41.6075194963961],[-72.0667278764416,41.6075994961542],[-72.0666948763886,41.6076554967546],[-72.0664208756953,41.6077724966911],[-72.0661918765648,41.6078714966283],[-72.065559875215,41.6079834962815],[-72.0652678756363,41.6080364969221],[-72.0650018757792,41.6080894966453],[-72.0642028748504,41.6082514971498],[-72.0639378754197,41.6083064965934],[-72.0637688753762,41.6082704967473],[-72.0632628751516,41.6081654964441],[-72.0630948754085,41.6081304965241],[-72.0620678743178,41.607740496814],[-72.0607388741351,41.6072374965345],[-72.0605958739724,41.607167496838],[-72.0593348742186,41.6065474961408],[-72.0590588741708,41.6064114968441],[-72.0580748737515,41.605927496422],[-72.0556808718989,41.604803496513],[-72.0553408726635,41.6046444964198],[-72.0539098712057,41.6033894964215],[-72.0533328710899,41.6026164962161],[-72.0505268707648,41.5988604953655],[-72.0494828697559,41.5974624949499],[-72.0490798697782,41.5966594951607],[-72.0488098700884,41.5963114946974],[-72.0485178691908,41.5959334945376],[-72.0480888695481,41.595209495126],[-72.0478648697812,41.5948314945199],[-72.0477978692183,41.5946904950451],[-72.0477308689915,41.5945484942665],[-72.0475168687123,41.5940994949675],[-72.0473278691529,41.5929774938988],[-72.0471478686389,41.5919024939453],[-72.047035868701,41.5912364939283],[-72.0469238686166,41.5905714940638],[-72.046800868511,41.5898364941982],[-72.04667686848,41.589102493735],[-72.0465078684363,41.5880964931247],[-72.0463598684459,41.5872164932172],[-72.0463388688271,41.587090492944],[-72.0462768688345,41.5867244935337],[-72.0459808678656,41.5853684929512],[-72.0459688675631,41.5853094926808],[-72.0459218678585,41.5852374932881],[-72.0444748669592,41.5830214923114],[-72.0429858673523,41.5819334925829],[-72.0420868671714,41.58179349243],[-72.0416808670144,41.5817324923991],[-72.0411848665707,41.5804384916764],[-72.0452018676413,41.5737714908966],[-72.0453268672392,41.573031490997],[-72.0454048670727,41.5725774903615],[-72.0455658671092,41.5715014904658],[-72.04588386676,41.5706174902156],[-72.0459008669093,41.5705704897181],[-72.0458418672874,41.5695654895669],[-72.04562586735,41.568708489977],[-72.0447368668491,41.5666634893305],[-72.0445698670591,41.5662934896997],[-72.0443728660518,41.5657324887896],[-72.0443318660709,41.565618489071],[-72.0443018664575,41.5655324887369],[-72.044175865953,41.5651724887362],[-72.0434988661947,41.5632494882833],[-72.0433998656198,41.5629684884471],[-72.0434538655391,41.5624634887232],[-72.0432228659505,41.5621734886525],[-72.0432108657613,41.5612294884974],[-72.0432088662106,41.5610974880169],[-72.0434718656987,41.5605534879715],[-72.0435678658993,41.5603554878394],[-72.0436638655045,41.5601574885203],[-72.0437738659926,41.5599294883958],[-72.0439398659155,41.5596384881326],[-72.0445248660595,41.5588384880023],[-72.0447928666698,41.5584724873594],[-72.0450458666244,41.5580834874508],[-72.0451628661944,41.5578644880435],[-72.0452808660339,41.5576444879697],[-72.0454508663061,41.5573254870751],[-72.0456168659704,41.5570224871253],[-72.0457158660546,41.5568184877982],[-72.0458208658319,41.5566064870453],[-72.0460188658562,41.5562084871154],[-72.0461208661979,41.5560064876126],[-72.0461378662775,41.5559104869405],[-72.0463208668295,41.5549064865871],[-72.0462208669805,41.5544064865661],[-72.0459408661265,41.5530084863037],[-72.0459208658797,41.5529064865445],[-72.0456728659876,41.5510074861771],[-72.045620866037,41.5506064861164],[-72.0458208658152,41.5493064857702],[-72.0461158657552,41.5489134857352],[-72.0467208660407,41.5481064853927],[-72.0489208665372,41.5463064848857],[-72.0492318663341,41.54527548517],[-72.0501158667157,41.5423534848914],[-72.0501448673829,41.5422444841286],[-72.0502348674102,41.5419184841905],[-72.0502648672211,41.5418104844382],[-72.0501048673054,41.5417694843771],[-72.0496268666351,41.5416464842174],[-72.0494678670489,41.5416064843235],[-72.0490878663606,41.5414924842239],[-72.0479478661697,41.5411524842861],[-72.04756886545,41.5410394847005],[-72.0471848664518,41.5409454846705],[-72.0460328650918,41.5406664842274],[-72.0456498651291,41.5405734846248],[-72.0455328659289,41.5405724844094],[-72.0451828653189,41.5405714844987],[-72.0450668655778,41.5405714840023],[-72.0452198655878,41.5401944839715],[-72.0456798650329,41.539066484405],[-72.0458338657563,41.5386904836979],[-72.0461138655449,41.5377674835278],[-72.0469048657831,41.5351734833629],[-72.046754865823,41.5350734834571],[-72.0459518655211,41.5345404827423],[-72.0456248649904,41.5343344827588],[-72.0446448642583,41.5337184830919],[-72.0443188641135,41.5335134831216],[-72.0441208648993,41.5329354825071],[-72.0435208641715,41.5325164830938],[-72.0429998638904,41.5322934828015],[-72.0414378631151,41.5316264825901],[-72.0409178630841,41.5314044828808],[-72.0403178629307,41.531104482938],[-72.0418698638221,41.5292744820749],[-72.0473898650317,41.5227714808308],[-72.0478308652663,41.5222504803698],[-72.0498178651782,41.5199094801548],[-72.0502338658737,41.5194174803388],[-72.051485866283,41.5179414799273],[-72.0519028660333,41.5174504796054],[-72.0525668661938,41.5169074793238],[-72.0545608666485,41.5152824790753],[-72.0552258669857,41.5147404789357],[-72.0554628668741,41.5145524790813],[-72.0561768667946,41.5139924790983],[-72.0564158678903,41.5138054789359],[-72.0565988677707,41.5136454783944],[-72.0571488672849,41.5131674782027],[-72.0573328675473,41.5130084783991],[-72.0576948678587,41.5127544783689],[-72.0586418676869,41.5120864785388],[-72.0596438683902,41.5126894788062],[-72.0667658712893,41.5169774785802],[-72.0677038708738,41.5175424790912],[-72.0681148709899,41.5159164783856],[-72.0688188710305,41.5121784777297],[-72.0692148717555,41.5100744780176],[-72.0694168708356,41.5089994776372],[-72.0697208711279,41.507547477323],[-72.0697418710779,41.5074434771056],[-72.0697638711622,41.5073394773988],[-72.0697808718459,41.5072564766786],[-72.0697988717919,41.5071744768399],[-72.07172187088,41.4979064748671],[-72.0717858715544,41.4970954746799],[-72.0719778715047,41.4946634745816],[-72.0720008708095,41.494384474617],[-72.0720308708832,41.4940104747617],[-72.0720568712485,41.4938544739495],[-72.0725318718175,41.4918974739847],[-72.0728718710122,41.4918274740189],[-72.0732218712679,41.4918064738726],[-72.0733898716882,41.4917634735205],[-72.0746118713531,41.491437473894],[-72.0747888715785,41.4913904733648],[-72.0753198722581,41.4912534734562],[-72.0754978721985,41.4912084739598],[-72.0756218722059,41.4911674739834],[-72.0759968719594,41.4910464735929],[-72.0761218728921,41.4910064739239],[-72.0762548718887,41.4909864736158],[-72.0766578730147,41.4909294738503],[-72.0767918720495,41.4909104737557],[-72.0769388725515,41.4908794739977],[-72.077321872827,41.4908014738232],[-72.0773758730981,41.4907744735771],[-72.0775108730173,41.490708473412],[-72.0775228730998,41.490704473693],[-72.0775598733866,41.4906954734057],[-72.0775728726451,41.4906924736015],[-72.0776088728946,41.4906944733903],[-72.0778248728905,41.4907084735308],[-72.0780208728818,41.4907144739671],[-72.0810208735117,41.4921074738859],[-72.0819638743382,41.492673474072],[-72.0829068747557,41.4932394735742],[-72.0834138743475,41.4935434743597],[-72.083920875082,41.4938474737732],[-72.0840138749132,41.4939224736171],[-72.0854168758596,41.4944004744004],[-72.0866508758181,41.494821474193],[-72.0868158763032,41.4948774740599],[-72.089355876851,41.4957424742903],[-72.0915268782217,41.4964824744617],[-72.0918918784388,41.4966074742161],[-72.0936828784939,41.4972184739559],[-72.0942898781986,41.4969844744149],[-72.094543878774,41.4968644745821],[-72.0952938792985,41.4965114744213],[-72.0971038796675,41.4957644740785],[-72.0972828789704,41.4956654740939],[-72.0973188791149,41.4956464742397],[-72.0976028794274,41.4955074742624],[-72.0975958802155,41.4954664741232],[-72.097559879829,41.4954474742562],[-72.0974138799014,41.4954664736491],[-72.0973188792875,41.4953784739461],[-72.0973328796085,41.4953294738934],[-72.0973418799155,41.4953214733882],[-72.0975368794529,41.4951724740321],[-72.097697879912,41.4951174741236],[-72.0978658791668,41.494928473482],[-72.097895880093,41.4948564736062],[-72.0980118795463,41.4945894735678],[-72.0980838800266,41.4945104733631],[-72.0982378794029,41.4944424740497],[-72.0984348800435,41.4944114737447],[-72.0989088803707,41.4944814731989],[-72.0989968803367,41.4945154738726],[-72.0991508805175,41.4945694739575],[-72.0992138805428,41.4945924737398],[-72.099480880282,41.4948584739218],[-72.0995218802863,41.4948984733201],[-72.099545880202,41.4949604738605],[-72.0995808807758,41.4950464735907],[-72.0996818807722,41.4950834736862],[-72.0997448802773,41.4951064740692],[-72.0999498808446,41.4951324738057],[-72.1004378810874,41.4959254741537],[-72.1004278800289,41.4961424735071],[-72.0998598808558,41.496494473799],[-72.1000038801699,41.4966244742306],[-72.100131880169,41.4967384743802],[-72.1002598806174,41.4968524743852],[-72.1008658806279,41.4967694738992],[-72.1011358811329,41.4968574736486],[-72.1018148812175,41.4970994739771],[-72.1020488812299,41.4979384741334],[-72.1021318808989,41.497982474007],[-72.1032818820614,41.4985864740195],[-72.1039548821366,41.4990404743697],[-72.1041218820976,41.4990624738815],[-72.1042468825351,41.4990744738775],[-72.1047708822899,41.4989434738549],[-72.1051448827354,41.4989394742034],[-72.1055848828082,41.4990854743025],[-72.1058068823884,41.4992304743884],[-72.1063108830008,41.4994194745139],[-72.1065298822348,41.4995954742298],[-72.1066938824865,41.4998204747953],[-72.1067208832984,41.4999784740698],[-72.1067178823407,41.5000104745965],[-72.1066958832914,41.5001094747885],[-72.1066308829122,41.5001924741424],[-72.106389882302,41.5007354742787],[-72.1062948833176,41.5008784745714],[-72.1062148827174,41.501179474455],[-72.1062368829548,41.5013064747805],[-72.1063318830054,41.5015144746632],[-72.1064268831327,41.5015804747242],[-72.1065218829329,41.5016184750855],[-72.1066678835401,41.5016354747821],[-72.1070478831666,41.5016354751066],[-72.1071428831375,41.5016514748688],[-72.1072298826817,41.50170047451],[-72.107295882709,41.5018594750389],[-72.1074928837417,41.5022384748367],[-72.1079828833335,41.50283647461],[-72.1083188839134,41.5028854745617],[-72.1085298833927,41.5028084747021],[-72.1086618837349,41.5027484749313],[-72.1087558833383,41.5026604750122],[-72.1092308838214,41.5023744747847],[-72.1097118844425,41.5021494746871],[-72.1099088837013,41.5020784748887],[-72.1102378846693,41.5020234744389],[-72.1103978837473,41.5019734746635],[-72.1107918846596,41.5019404742136],[-72.1111938839314,41.5020064744361],[-72.1113688848978,41.5020394749895],[-72.1116828846944,41.5020444741971],[-72.11190888413,41.5018574745534],[-72.1119598843418,41.5015674742718],[-72.1121128844388,41.5011114741042],[-72.1121778850849,41.5009964742056],[-72.1122728844554,41.500919474761],[-72.1124408851395,41.500842474096],[-72.1135208855003,41.5005624739328],[-72.1138568846935,41.5005074740093],[-72.1140828853698,41.5005124739664],[-72.1146808856424,41.5006004739302],[-72.1148928853295,41.5006544743443],[-72.1154268856728,41.5008804741878],[-72.1156328862649,41.5009474746502],[-72.1158278858028,41.50104947387],[-72.1160468863535,41.5011974745517],[-72.1165648862876,41.5014934743215],[-72.1168278862233,41.5016804747161],[-72.1169958862849,41.5017994744682],[-72.1170978865002,41.501872474378],[-72.1177038864254,41.5020854742175],[-72.1178648868886,41.5021734748906],[-72.1180698864949,41.5023324743629],[-72.1182888867454,41.5024644746552],[-72.1182958868993,41.5024864744685],[-72.1186978874547,41.5026394743646],[-72.1190188875444,41.5027104741256],[-72.1192888868027,41.5027874745077],[-72.1197118872215,41.502880474657],[-72.1200548869194,41.5028964744963],[-72.1205948878862,41.502880474235],[-72.1207998881915,41.5028414745932],[-72.1210768880925,41.5027314748575],[-72.1211858872143,41.5026054743172],[-72.1213028877299,41.502396474052],[-72.1214938874326,41.5022084746072],[-72.1216898881075,41.5020174740567],[-72.1217768883324,41.5019574744244],[-72.1218938881619,41.5019134744172],[-72.1220398876835,41.501897473832],[-72.1223898875951,41.5019074739365],[-72.1229518877037,41.5020004746107],[-72.1230588881424,41.5020064743278],[-72.1232518878163,41.5020174738356],[-72.1237108887496,41.5020224743782],[-72.1238348889345,41.5020494738349],[-72.1240908891238,41.5021754741623],[-72.1242808891386,41.5022804742353],[-72.1245218883502,41.5022964745202],[-72.1247338886073,41.5023734742238],[-72.1249308887215,41.502389474709],[-72.1250088892462,41.5024124742709],[-72.1250738894178,41.502434473863],[-72.1253658887059,41.5025554742928],[-72.1254028886712,41.5026274742204],[-72.1253978894592,41.5027284745667],[-72.1253948893692,41.5027914743991],[-72.12541688954,41.5028744743203],[-72.1255258893481,41.5029234742113],[-72.1258548891181,41.5029674747844],[-72.1264168897702,41.5031434747554],[-72.1266868900486,41.5031164741204],[-72.1270078900451,41.5032094740566],[-72.1272268891267,41.5032154744632],[-72.1273288901902,41.5031764741674],[-72.1275988901452,41.503072474399],[-72.1282928897872,41.5029574742365],[-72.1285558899205,41.502930474577],[-72.1287958901001,41.5029524744054],[-72.128846889651,41.5029474744349],[-72.1289278901876,41.5029694745599],[-72.1291688904082,41.503073474242],[-72.1293798900133,41.5032324740545],[-72.1295188907187,41.5032934744794],[-72.1298688902335,41.5031894744108],[-72.130095890724,41.5030464744964],[-72.1302928901274,41.5028824739028],[-72.1304308904127,41.502799473981],[-72.1307308903524,41.5027504742537],[-72.1312638904762,41.5028114740881],[-72.131890890786,41.5028174739935],[-72.1321538907542,41.5027844737967],[-72.1327038911119,41.5026494741285],[-72.1327158913063,41.5026474739039],[-72.132934891676,41.5026144742383],[-72.1332198921776,41.502653474074],[-72.1335918913167,41.5028234740756],[-72.1343138921637,41.5033224743979],[-72.134437891977,41.5033724744738],[-72.1346858926376,41.5034984739292],[-72.1348028925689,41.5035314739741],[-72.1350368917937,41.5036304741889],[-72.135097891748,41.5037194741389],[-72.1351238926549,41.5037564738259],[-72.135334891815,41.5039424743721],[-72.1354168923703,41.5040144739111],[-72.1351638923461,41.5044504741387],[-72.1347718917934,41.505127474428],[-72.134404892223,41.5057584750021],[-72.1341518918697,41.5061954751173],[-72.133897892382,41.5067394745835],[-72.1331378915337,41.5083714747732],[-72.1328848920925,41.508916474929],[-72.1329298919148,41.5089364753517],[-72.1330478919104,41.5095844751307],[-72.1334288927434,41.5116734760745],[-72.1335568920235,41.5123704755161],[-72.1371258942964,41.5232004783119],[-72.1375888940931,41.5247654780236],[-72.1390588954304,41.5297404793098],[-72.1394038953074,41.5311574791699],[-72.1404398959598,41.535408479772],[-72.1406098954252,41.5361044803201],[-72.1406568959118,41.5362954800379],[-72.1406538959888,41.5365074799673]],[[-72.0855458758101,41.4953204741244],[-72.0854578759345,41.4955984739018],[-72.0853378754083,41.496302474408],[-72.085239875142,41.4966634742853],[-72.0851278754454,41.4971474743048],[-72.0849748752845,41.4971144744824],[-72.0845258755304,41.4970164744396],[-72.0842848749989,41.4969644747551],[-72.0840208750573,41.496903474786],[-72.0840028756649,41.4972854750025],[-72.0837588757236,41.4972794749886],[-72.0830408753155,41.4972514745906],[-72.0830638755867,41.4973244742568],[-72.0830928745036,41.497410474881],[-72.0831248755466,41.4974884746081],[-72.0831608751715,41.4975654746387],[-72.0831998750475,41.4976424749545],[-72.0832328750236,41.4976434749842],[-72.0832688753443,41.4977074746099],[-72.08330787471,41.4977714745114],[-72.0833498756864,41.4978334748512],[-72.0833928756106,41.4978954746652],[-72.0834398748246,41.4979554743952],[-72.0839468755141,41.4985964753039],[-72.0840398753151,41.4987174751565],[-72.0841278754789,41.4988414750021],[-72.0842098753806,41.4989674749842],[-72.0842868750767,41.4990954746051],[-72.084358875195,41.4992244753045],[-72.0844248761788,41.4993554752802],[-72.0844858751675,41.4994964752084],[-72.084694875444,41.4999694747298],[-72.0847868758956,41.5001744752837],[-72.084884875901,41.5003764751319],[-72.0865448762755,41.5003644749144],[-72.0869588767367,41.5003614748027],[-72.0870598770771,41.5003594749635],[-72.0872278765495,41.5002034751142],[-72.0872378770968,41.5001944753865],[-72.0872478764528,41.5001854747506],[-72.0872588764709,41.5001774748553],[-72.0872708765773,41.5001694753227],[-72.0872818765898,41.5001614754252],[-72.0872948767905,41.5001534753535],[-72.0873068762738,41.5001464752873],[-72.0873198770522,41.5001394746899],[-72.0873328766208,41.5001324749845],[-72.0873458761866,41.5001254752775],[-72.0873598764243,41.5001194754093],[-72.0873738760462,41.5001144750096],[-72.0873878768637,41.500109474615],[-72.0874018764722,41.5001044751123],[-72.0874168761777,41.50009947507],[-72.0874318764571,41.5000954754032],[-72.0874468767439,41.5000914748342],[-72.0874618764079,41.5000884746337],[-72.0874778761603,41.5000854747933],[-72.0874928770099,41.5000824754961],[-72.087608876747,41.5000654749813],[-72.087769877164,41.5000364752226],[-72.0878738763171,41.5000124747137],[-72.087825876593,41.4999244750159],[-72.0877868767401,41.4998714754136],[-72.087681876383,41.4999034748681],[-72.0875588761236,41.4999324747154],[-72.0874568761102,41.4999484753659],[-72.0874348764222,41.4999524752073],[-72.0874138768192,41.499956475407],[-72.0873928760252,41.4999604746957],[-72.0873718763793,41.4999664747355],[-72.0873508761453,41.4999714752943],[-72.0873298770758,41.4999784748036],[-72.0873098768923,41.4999854746656],[-72.0872898766954,41.4999924754245],[-72.0872708759771,41.5000004751137],[-72.0872518764518,41.5000084748065],[-72.0872328762973,41.5000174748669],[-72.0872148762265,41.5000264752884],[-72.0871968767324,41.5000364751842],[-72.0871788766075,41.5000474754477],[-72.0871618760031,41.5000574747954],[-72.0871458760547,41.5000684748829],[-72.0871298766725,41.5000804753457],[-72.0871148761858,41.5000924752641],[-72.0870998762739,41.5001054746577],[-72.0870858770639,41.5001174749446],[-72.0869028766739,41.499826474696],[-72.0867458764987,41.4995774751128],[-72.0873728765873,41.4994124748738],[-72.0874618766541,41.4993874752354],[-72.0874138765599,41.4992784746918],[-72.0873768769572,41.4991354752939],[-72.0872908759583,41.4991454748373],[-72.0866568761291,41.4992044746805],[-72.0864688765551,41.4980664742759],[-72.0869428768396,41.4982934746055],[-72.0871208762516,41.4983844747044],[-72.0871938766312,41.4984264747203],[-72.0872648763925,41.4984674744843],[-72.087293876649,41.4986364744672],[-72.0873088759822,41.4987204744436],[-72.0873998762291,41.4986144749709],[-72.0879818766241,41.4980424747291],[-72.0879698761773,41.4980144743602],[-72.0876588764587,41.4979184744972],[-72.0876428767573,41.4979144744409],[-72.0876208767227,41.4979084750703],[-72.0875318760515,41.4978814742568],[-72.0870218761982,41.4977384748337],[-72.0869188764783,41.4976634747575],[-72.0868978766767,41.4975234749403],[-72.0869548758255,41.4971694748556],[-72.086918876633,41.4968264745073],[-72.086911876141,41.4965874742135],[-72.0869478767259,41.4963224745345],[-72.0868528765755,41.4961624742492],[-72.0865758766146,41.4959484747269],[-72.0864948762048,41.4957254745888],[-72.0864438756957,41.4956654746021],[-72.0863128765254,41.4956494739672],[-72.0858458762605,41.4955064743409],[-72.0855458758101,41.4953204741244]],[[-72.0828668751639,41.4974374745431],[-72.0828678747661,41.4974694743366],[-72.0828678749691,41.4975074750811],[-72.0828628754726,41.4975324743454],[-72.082848875494,41.4975504745672],[-72.0828358753273,41.497584474885],[-72.0828228754554,41.4976284744506],[-72.0828448748009,41.4976294746649],[-72.0830588746476,41.4976384747382],[-72.0829798748288,41.4974414745766],[-72.0828898750098,41.4974394746286],[-72.0828668751639,41.4974374745431]]]},"properties":{"OBJECTID":2,"TOWN_NO":104,"TOWN":"Norwich","GRACE_PERIOD":"No"}},{"type":"Feature","id":3,"geometry":{"type":"Polygon","coordinates":[[[-72.0810208735117,41.4921074738859],[-72.0780208728818,41.4907144739671],[-72.0778248728905,41.4907084735308],[-72.0776088728946,41.4906944733903],[-72.0775728726451,41.4906924736015],[-72.0775598733866,41.4906954734057],[-72.0775228730998,41.490704473693],[-72.0775108730173,41.490708473412],[-72.0773758730981,41.4907744735771],[-72.077321872827,41.4908014738232],[-72.0769388725515,41.4908794739977],[-72.0767918720495,41.4909104737557],[-72.0766578730147,41.4909294738503],[-72.0762548718887,41.4909864736158],[-72.0761218728921,41.4910064739239],[-72.0759968719594,41.4910464735929],[-72.0756218722059,41.4911674739834],[-72.0754978721985,41.4912084739598],[-72.0753198722581,41.4912534734562],[-72.0747888715785,41.4913904733648],[-72.0746118713531,41.491437473894],[-72.0733898716882,41.4917634735205],[-72.0732218712679,41.4918064738726],[-72.0728718710122,41.4918274740189],[-72.0725318718175,41.4918974739847],[-72.0720568712485,41.4938544739495],[-72.0720308708832,41.4940104747617],[-72.0720008708095,41.494384474617],[-72.0719778715047,41.4946634745816],[-72.0717858715544,41.4970954746799],[-72.07172187088,41.4979064748671],[-72.0697988717919,41.5071744768399],[-72.0697808718459,41.5072564766786],[-72.0697638711622,41.5073394773988],[-72.0697418710779,41.5074434771056],[-72.0697208711279,41.507547477323],[-72.0694168708356,41.5089994776372],[-72.0692148717555,41.5100744780176],[-72.0688188710305,41.5121784777297],[-72.0681148709899,41.5159164783856],[-72.0677038708738,41.5175424790912],[-72.0667658712893,41.5169774785802],[-72.0596438683902,41.5126894788062],[-72.0586418676869,41.5120864785388],[-72.0576948678587,41.5127544783689],[-72.0573328675473,41.5130084783991],[-72.0571488672849,41.5131674782027],[-72.0565988677707,41.5136454783944],[-72.0564158678903,41.5138054789359],[-72.0561768667946,41.5139924790983],[-72.0554628668741,41.5145524790813],[-72.0552258669857,41.5147404789357],[-72.0545608666485,41.5152824790753],[-72.0525668661938,41.5169074793238],[-72.0519028660333,41.5174504796054],[-72.051485866283,41.5179414799273],[-72.0502338658737,41.5194174803388],[-72.0498178651782,41.5199094801548],[-72.0478308652663,41.5222504803698],[-72.0473898650317,41.5227714808308],[-72.0418698638221,41.5292744820749],[-72.0403178629307,41.531104482938],[-72.0409178630841,41.5314044828808],[-72.0414378631151,41.5316264825901],[-72.0429998638904,41.5322934828015],[-72.0435208641715,41.5325164830938],[-72.0441208648993,41.5329354825071],[-72.0443188641135,41.5335134831216],[-72.0446448642583,41.5337184830919],[-72.0456248649904,41.5343344827588],[-72.0459518655211,41.5345404827423],[-72.046754865823,41.5350734834571],[-72.0469048657831,41.5351734833629],[-72.0461138655449,41.5377674835278],[-72.0458338657563,41.5386904836979],[-72.0456798650329,41.539066484405],[-72.0452198655878,41.5401944839715],[-72.0450668655778,41.5405714840023],[-72.0451828653189,41.5405714844987],[-72.0455328659289,41.5405724844094],[-72.0456498651291,41.5405734846248],[-72.0460328650918,41.5406664842274],[-72.0471848664518,41.5409454846705],[-72.04756886545,41.5410394847005],[-72.0479478661697,41.5411524842861],[-72.0490878663606,41.5414924842239],[-72.0494678670489,41.5416064843235],[-72.0496268666351,41.5416464842174],[-72.0501048673054,41.5417694843771],[-72.0502648672211,41.5418104844382],[-72.0502348674102,41.5419184841905],[-72.0501448673829,41.5422444841286],[-72.0501158667157,41.5423534848914],[-72.0492318663341,41.54527548517],[-72.0489208665372,41.5463064848857],[-72.0467208660407,41.5481064853927],[-72.0461158657552,41.5489134857352],[-72.0458208658152,41.5493064857702],[-72.045620866037,41.5506064861164],[-72.0456728659876,41.5510074861771],[-72.0459208658797,41.5529064865445],[-72.0459408661265,41.5530084863037],[-72.0462208669805,41.5544064865661],[-72.0463208668295,41.5549064865871],[-72.0461378662775,41.5559104869405],[-72.0461208661979,41.5560064876126],[-72.0460688670314,41.5560214874095],[-72.0456048664089,41.5561574877282],[-72.0452448661735,41.5561144874601],[-72.0441468656366,41.5559824871863],[-72.0437798653746,41.5559394870922],[-72.0419268647777,41.5556944876285],[-72.0414148650706,41.5555924876658],[-72.0413428654058,41.5555044871256],[-72.0411548645238,41.5554274872079],[-72.0409028647348,41.5553924870772],[-72.0400128649079,41.5549894873965],[-72.0393098646851,41.554696487308],[-72.0384028640691,41.5544204871039],[-72.036842863501,41.5539464867859],[-72.0366458636177,41.5537884873365],[-72.0365948628869,41.5536774875037],[-72.0364828627345,41.5536704872054],[-72.0363708628065,41.55366248733],[-72.0360868633953,41.5536434874732],[-72.0357998629533,41.5536784873447],[-72.0352228622082,41.5537204874674],[-72.0346318628742,41.5539804872588],[-72.0329958622888,41.5545924877972],[-72.0321328621638,41.55495248733],[-72.0312688620326,41.5550984877761],[-72.0305858609261,41.555174487603],[-72.0295438605906,41.5552844875439],[-72.028842860537,41.5551834879088],[-72.0279948604511,41.5551924873045],[-72.026781859981,41.5549484877903],[-72.0261148603547,41.5547284880753],[-72.0254478601117,41.5544164872802],[-72.0253838596871,41.5543984871807],[-72.0245998594472,41.5541724875707],[-72.0240548586065,41.5538534879843],[-72.0234638585937,41.5536094877924],[-72.0230858584635,41.5535414877141],[-72.0226918590059,41.5534354872903],[-72.0221948585255,41.5536904873641],[-72.0214038578443,41.5535884873541],[-72.0212698578972,41.5535984877693],[-72.0205698576565,41.5536504880116],[-72.0203358582502,41.5537084878124],[-72.0198418579241,41.5538324878034],[-72.0191598572078,41.5539714873659],[-72.0188858574675,41.5541634878374],[-72.0184788571865,41.554475487903],[-72.018054856839,41.5548424879284],[-72.0177088570487,41.555200487977],[-72.0176328568261,41.5552634876595],[-72.0172338567778,41.5555954876691],[-72.0172258568996,41.5556684881151],[-72.0166208564845,41.5561794880555],[-72.0163688567819,41.5564754885201],[-72.0161528564326,41.5567294881941],[-72.015777856863,41.5573094887594],[-72.015627856074,41.5576304886889],[-72.0154348567946,41.5581734888905],[-72.0150018561765,41.5592884886326],[-72.0147028565069,41.5600524891305],[-72.0144518561558,41.5608234894275],[-72.014212856275,41.561487489311],[-72.0139888561026,41.5620304893815],[-72.013750856337,41.5626644898128],[-72.0133308557669,41.5634814898584],[-72.0131468563767,41.5638494895533],[-72.0129108561539,41.5643224899979],[-72.0126858555029,41.5647504897583],[-72.0128138555935,41.5651254897063],[-72.0124208564222,41.5655064899211],[-72.0120968557668,41.5666674903406],[-72.0120328555069,41.5672224902747],[-72.0119418563025,41.5679244909996],[-72.0118898565654,41.5680684906569],[-72.0116818558522,41.5686414906099],[-72.0112398559941,41.5691834910607],[-72.0107208555072,41.5694064914165],[-72.0101108560599,41.5694884906652],[-72.0092488555471,41.5693424912253],[-72.0083598545946,41.5691274910694],[-72.0083408553925,41.5691234913879],[-72.0073048539939,41.568785491214],[-72.0070278545678,41.5686954912001],[-72.0048428542486,41.5674654905211],[-72.0033208530985,41.5666094902689],[-72.0024798528851,41.5665154907987],[-72.0018028526469,41.5662944907855],[-72.0016408528653,41.5662414908733],[-72.0009278525766,41.565904490318],[-72.0004968518656,41.5657534908362],[-72.000038851508,41.5656624908694],[-71.9997238517325,41.5656384902688],[-71.9995198521438,41.5656174909545],[-71.9994438515167,41.5656144902184],[-71.9992158512613,41.5656064907915],[-71.9991398522747,41.5656044902363],[-71.9989328518621,41.5655974907986],[-71.9987248511761,41.5655894903885],[-71.9983278517021,41.56560849051],[-71.9979318518957,41.5656274903949],[-71.9975948515166,41.5657374907434],[-71.9969888509477,41.5658694911919],[-71.9965728505013,41.5659604911964],[-71.9944488500116,41.5664034905253],[-71.9936868500044,41.566466491411],[-71.9930558498376,41.5664264906016],[-71.992556849582,41.5662714905551],[-71.9920638488994,41.5660084913014],[-71.9917048489441,41.5655474909191],[-71.9914548495133,41.5651494904073],[-71.9911498495901,41.5649154910157],[-71.9911108495291,41.5649064906566],[-71.9906018488912,41.5647944905468],[-71.9898958489356,41.565001490552],[-71.9892338487072,41.5656494910878],[-71.9891688480155,41.5656484913074],[-71.9889758484503,41.5656464909567],[-71.9889118479436,41.5656464908154],[-71.9886848483955,41.5656564910343],[-71.9884568486059,41.5656654910165],[-71.9821618462064,41.5659274916102],[-71.9807678458172,41.5659444915437],[-71.9804978456379,41.5659514913536],[-71.9802948455066,41.5659544915638],[-71.9781778455511,41.5659894910525],[-71.9775878453353,41.5660004913816],[-71.977352845069,41.5660044916488],[-71.9766008445357,41.5660214915699],[-71.9751338438276,41.5660514911613],[-71.9748808433213,41.5660544917418],[-71.9740568432024,41.5660664914422],[-71.9721548434705,41.5660984916651],[-71.9720438424374,41.5661044916826],[-71.9685118416782,41.5661884918133],[-71.9660078406953,41.5662504919004],[-71.9658828414596,41.566251492273],[-71.9657558414246,41.5662624916206],[-71.9656188407503,41.566262491467],[-71.9655408404054,41.5662634922137],[-71.9654628412679,41.5662644920154],[-71.9603638389127,41.5663824923359],[-71.9563598383917,41.566483491939],[-71.9545808367227,41.5665384924102],[-71.9498008358219,41.562250491969],[-71.9401168317579,41.5535684904688],[-71.940003831497,41.5534694901787],[-71.9382868309765,41.5519424899219],[-71.9379938311411,41.551681490162],[-71.9331408290777,41.5473584889634],[-71.9314258289515,41.5458304889038],[-71.9313318289829,41.5457464892522],[-71.9284378274942,41.5431734882094],[-71.9275628267186,41.5423954884584],[-71.9260408271067,41.5410444885367],[-71.9249398265273,41.5400614881973],[-71.9240678258599,41.5392824882703],[-71.9235808258737,41.5388384877859],[-71.916685823502,41.532653486868],[-71.9141448225287,41.5303734865444],[-71.9108318211735,41.5274034856992],[-71.902860817772,41.5202704847384],[-71.9056088186936,41.5206294846453],[-71.9138558211574,41.5217094845934],[-71.916604822524,41.5220694850065],[-71.9198698234049,41.5224904850971],[-71.9296658266203,41.5237534843905],[-71.9329318272556,41.5241744849509],[-71.9344678278765,41.5243684844663],[-71.9390778303064,41.5249504843363],[-71.9406148306722,41.5251454845248],[-71.9417348313239,41.525292484787],[-71.9450978320523,41.5257334849961],[-71.9462188325965,41.5258804844426],[-71.9474458330256,41.5260434850947],[-71.9489838336113,41.5262474843026],[-71.956588836185,41.5272614850308],[-71.9572798353248,41.5273534849045],[-71.960045836443,41.5277214844107],[-71.9626148382386,41.5280614848624],[-71.964589838512,41.5283244846759],[-71.9672278397508,41.528674484903],[-71.9665138386744,41.5256344842531],[-71.9659228389495,41.5231114834322],[-71.9655178378385,41.521385482776],[-71.9643038380655,41.516207482382],[-71.9638998370053,41.5144814820485],[-71.9638968368142,41.5144654815064],[-71.9620438360408,41.5064534802485],[-71.9620078361238,41.5062874801608],[-71.9619148358742,41.5058884803192],[-71.961807836298,41.5054294801052],[-71.9617798357379,41.5053074805889],[-71.9614798362332,41.5040204803515],[-71.9612088356334,41.5028594798968],[-71.9610098353013,41.5020024796637],[-71.9607128354216,41.5010554789904],[-71.960686835879,41.5009724790869],[-71.9604158349514,41.5001064792669],[-71.9602728356681,41.4997044795829],[-71.9597508353695,41.4982404792711],[-71.9596918349299,41.49807247862],[-71.9594198352051,41.4973064788921],[-71.9592948347844,41.4968434788632],[-71.9589208346596,41.4954544782656],[-71.9587968339867,41.4949924784723],[-71.9587098342192,41.494685478181],[-71.9584518338782,41.4937644776315],[-71.9583658347736,41.4934584779728],[-71.9580158341825,41.4922474781721],[-71.9570798342256,41.4890024768302],[-71.9569678333743,41.4886164768943],[-71.9569208336333,41.4884534772672],[-71.9566188330412,41.4874064770242],[-71.9595368346342,41.4872284765482],[-71.9682918373657,41.4866944764868],[-71.9712108383606,41.4865174762278],[-71.9713508382378,41.4865074765038],[-71.9713938385755,41.4865044758578],[-71.9714108380019,41.4865034762935],[-71.9721308384708,41.4869754765345],[-71.9721988380354,41.4870204761088],[-71.9723708381575,41.4870134758817],[-71.9734658384922,41.4870484762534],[-71.9742398385004,41.4870554759754],[-71.9747838388582,41.4870554759904],[-71.9748238398423,41.4870564760848],[-71.9747788398536,41.4870124760451],[-71.9746978394124,41.4869864759906],[-71.9745968394573,41.4869524765014],[-71.9744628389226,41.4869094758384],[-71.9743958387559,41.4868574762452],[-71.9743628388567,41.4868044761082],[-71.9743628394231,41.4867874758325],[-71.9743608387215,41.4867634764467],[-71.9743348385595,41.4867204760935],[-71.974209839026,41.4865084758411],[-71.9741948393437,41.4864724758909],[-71.9741818395373,41.4864384758078],[-71.9741818393149,41.4863974761353],[-71.9741988393611,41.4863474760949],[-71.9742198393696,41.4863094761878],[-71.9750408387173,41.4862664758523],[-71.9775038406688,41.4861384761258],[-71.9783258401815,41.4860964756675],[-71.9788618399497,41.4860814761413],[-71.9804718412422,41.4860384758514],[-71.9810088412906,41.48602547559],[-71.9815328418708,41.485983475527],[-71.9831058421639,41.4858604760543],[-71.9836308425872,41.4858204756879],[-71.9841218423107,41.485797475299],[-71.9855938429397,41.485728475626],[-71.986085842466,41.4857064756922],[-71.9875688430812,41.4856264755042],[-71.9920188449081,41.4853884756687],[-71.9935028458406,41.485309475311],[-71.995985845762,41.485223475372],[-71.9971808465187,41.4851834755426],[-71.9995188468004,41.4851074751484],[-72.0034338487166,41.4849224748551],[-72.0059158488568,41.4848054744352],[-72.0063598490453,41.4847644748632],[-72.0076928494084,41.4846454747698],[-72.0081378494842,41.4846064746682],[-72.0088518496472,41.484566474422],[-72.0109968507127,41.4844474748829],[-72.0117118512314,41.4844084745104],[-72.0146948517152,41.4841414743985],[-72.0151198521945,41.4841034745855],[-72.0163748529782,41.4840254743059],[-72.0187478528914,41.4838884740455],[-72.0223408545928,41.4833114743013],[-72.0236098554058,41.4831124734964],[-72.0236318554447,41.4831094736516],[-72.0265718562924,41.4835544734571],[-72.0267538556169,41.4836084737051],[-72.0269288562402,41.4836524735219],[-72.0272228561912,41.4837224743096],[-72.0273418557361,41.4837474741436],[-72.0276158563153,41.4838024738717],[-72.028053856327,41.483890474234],[-72.0289488569057,41.4840594739227],[-72.0307858568428,41.4843764737076],[-72.031005857516,41.484414473798],[-72.0314428579281,41.4844894742726],[-72.0315878581057,41.4845054739592],[-72.0316508579606,41.4845084736651],[-72.031729857867,41.4845074736738],[-72.031786857281,41.4845064738901],[-72.0318498581457,41.4845014740404],[-72.0322048578199,41.4845564737211],[-72.0332728579964,41.4847244734153],[-72.0336288584578,41.4847804735026],[-72.0338268587091,41.4848054737265],[-72.0348438582228,41.4844724738154],[-72.0384658597331,41.4832914736526],[-72.0396738596247,41.4828984734418],[-72.0396848602138,41.4829524728921],[-72.0397648602529,41.4831074736261],[-72.0399178599969,41.4832684729929],[-72.0399618601632,41.4833554737055],[-72.0399618608009,41.4834864732252],[-72.0399028603783,41.4835664731975],[-72.0398158599784,41.4836894731595],[-72.039837860432,41.4839154737666],[-72.0397718604026,41.4841834732499],[-72.039808860509,41.4843194737258],[-72.0399248599805,41.4844574733034],[-72.0400788597635,41.4845204736536],[-72.040639860948,41.4846024739044],[-72.0409318611203,41.4847224732033],[-72.0411808610602,41.4847424736759],[-72.0412438602874,41.4847274738645],[-72.0418438610438,41.4845884733125],[-72.042005861322,41.4845654732102],[-72.042117860438,41.4845504731651],[-72.0423848609344,41.4845614731397],[-72.0424558608544,41.4845794732707],[-72.0425658614042,41.4846074732558],[-72.0429148615779,41.4846514734023],[-72.0437848621253,41.4850144735147],[-72.0458378617569,41.4851654732401],[-72.0464618630435,41.4852114733593],[-72.0467288628662,41.4852314738403],[-72.0475398627493,41.4851634732147],[-72.0483608631399,41.4850944735314],[-72.0488108633994,41.4850564730331],[-72.0490418637156,41.4850364736785],[-72.0492728638879,41.4850174733392],[-72.0499088641178,41.4849634736931],[-72.0500768639798,41.4849504737641],[-72.0514598638364,41.484591473348],[-72.0523008641401,41.4843724732532],[-72.0531428645962,41.4841544734754],[-72.0535828642622,41.4840394733987],[-72.0540218649054,41.4839244727972],[-72.0544848646921,41.4838044734214],[-72.0549468653926,41.4836854728278],[-72.055070864978,41.4836534731885],[-72.0556198654889,41.4833114728133],[-72.055663865491,41.4832844727143],[-72.0557658649089,41.4831724728892],[-72.0559848648241,41.4829344727129],[-72.0571008658754,41.4816984721004],[-72.0577978660216,41.4807694725129],[-72.0579968660097,41.4804904720078],[-72.0581968653958,41.4802124721505],[-72.0584178665487,41.4799044716944],[-72.0586038654837,41.4788894722755],[-72.0586148659536,41.4788324717755],[-72.0587118661964,41.4783024720997],[-72.0585928656182,41.4773944714279],[-72.0584628661533,41.4764124715664],[-72.0583338655481,41.4754304710927],[-72.0580928655795,41.4735944708805],[-72.0587708653558,41.4729414708863],[-72.0599708657061,41.4717904708156],[-72.0601268666076,41.471640470762],[-72.060282865592,41.4714904704859],[-72.0604098665841,41.4713104700012],[-72.0605378665167,41.4711304699675],[-72.0612648658434,41.4701024704058],[-72.0613138664279,41.4700314696493],[-72.0619908666479,41.4690754696234],[-72.0631048671622,41.4674994692212],[-72.0636648670365,41.4669444691321],[-72.0639158669841,41.4666964691132],[-72.0641658666318,41.4664484688791],[-72.0647088677147,41.4659094691886],[-72.0649158672477,41.4657044694361],[-72.0650868672719,41.4656534692362],[-72.0657178678323,41.4654654687734],[-72.0663488682862,41.4652774693625],[-72.0664548673457,41.4652224686485],[-72.0665618672298,41.4651684687705],[-72.0670698676388,41.4649074693016],[-72.0674028680678,41.4647374692871],[-72.0682448680174,41.4643064687138],[-72.0692218682487,41.4638064686374],[-72.0692348682127,41.4638024685154],[-72.0700218686996,41.4636064681296],[-72.0699218685323,41.465819468877],[-72.0704208698141,41.4683264690396],[-72.0706228694166,41.4693404695036],[-72.071323869254,41.4711514699169],[-72.0715728693399,41.4714684700216],[-72.0728238697925,41.4730644700279],[-72.0733018701211,41.4742054708446],[-72.0736248710139,41.4749764710374],[-72.0735248713238,41.4764844705259],[-72.073424870511,41.4783964714108],[-72.0736388705864,41.4791284715886],[-72.074032871265,41.4804724716963],[-72.0744258716429,41.4818164722939],[-72.0749528710408,41.4823584716848],[-72.0754808722354,41.4829014721178],[-72.077613872967,41.4850944722326],[-72.0803498735335,41.4889724727115],[-72.0804988740366,41.4891824735874],[-72.0810208735117,41.4921074738859]]]},"properties":{"OBJECTID":3,"TOWN_NO":114,"TOWN":"Preston","GRACE_PERIOD":"Yes"}},{"type":"Feature","id":4,"geometry":{"type":"Polygon","coordinates":[[[-72.2420249238315,41.4432064588396],[-72.2417049232115,41.4432584587583],[-72.2407469226348,41.443414459349],[-72.2404279232854,41.443467458727],[-72.2385799227023,41.4437404588284],[-72.2367779218843,41.4440084591949],[-72.2331289210509,41.4445484596675],[-72.2330359206254,41.4445614591808],[-72.2321589205194,41.4446924599601],[-72.2311889200189,41.4448354598088],[-72.2294949193196,41.4450924598159],[-72.2244159174706,41.445864460286],[-72.2228259173236,41.4461074600577],[-72.2227259176525,41.4461334599598],[-72.2225619171293,41.4461794605314],[-72.2221259172672,41.4463054598854],[-72.2220689166215,41.4463054598955],[-72.2218989168351,41.4463074606057],[-72.2215249168763,41.4463044597893],[-72.2215829173129,41.4468484607202],[-72.2218609168873,41.4494254603609],[-72.2218799174416,41.4495974612366],[-72.2219819172061,41.4505144611943],[-72.2220229172522,41.4509034609083],[-72.2220719175034,41.451577460841],[-72.2223069172073,41.4547724617619],[-72.2223859178508,41.455837461962],[-72.2223729179511,41.4559544617869],[-72.2223769173617,41.4559704617728],[-72.2224319178448,41.4561654624706],[-72.2224499183951,41.4563674623744],[-72.2224629175269,41.4565024622133],[-72.2221349172846,41.4565104619856],[-72.2216659180419,41.4565504626048],[-72.2209639177099,41.4566574621959],[-72.2206359167587,41.4567074624392],[-72.2203079176894,41.4567574626569],[-72.2202789175878,41.4567614618623],[-72.2198189175714,41.4567974625572],[-72.2184409170232,41.4569064623249],[-72.2183009170049,41.4569184626027],[-72.2179809167521,41.4569334622365],[-72.217755916623,41.4569504625567],[-72.2177439164063,41.4569504627767],[-72.2175199164037,41.4569654620263],[-72.2171589164338,41.4569984623574],[-72.217034916272,41.4570104623804],[-72.2167989158629,41.4570334624338],[-72.212747914489,41.4574544629184],[-72.2126879149128,41.4574614630947],[-72.2132279153217,41.4610554629373],[-72.2145109162677,41.4694804652777],[-72.2151249169108,41.4735064654432],[-72.2151779170836,41.4737724661371],[-72.2153389172115,41.4745704655932],[-72.2153929165858,41.4748374657507],[-72.2156209168669,41.4758714660949],[-72.2163069167683,41.478975466919],[-72.2165359173037,41.4800104669506],[-72.2165839170101,41.4802794670684],[-72.2166269179668,41.4805194666231],[-72.2166399170052,41.4805854674422],[-72.2167149177134,41.4810594672234],[-72.2167209172613,41.4810914671888],[-72.2167499170753,41.4812274670792],[-72.2167629179561,41.4812614669506],[-72.2168119170001,41.4813474674522],[-72.2168029181298,41.482220467642],[-72.2167749179989,41.4848404676983],[-72.2167669181812,41.4857144679041],[-72.2169009182435,41.4872144680752],[-72.2173049184898,41.4917154695429],[-72.2174399183467,41.4932164698185],[-72.2174479188476,41.4933874693358],[-72.2174719181932,41.4939004696455],[-72.2174809188519,41.4940714692729],[-72.2174999182159,41.4943574698208],[-72.2175249180135,41.4947024701419],[-72.2176179187019,41.4952074701034],[-72.2176699188445,41.4954904701613],[-72.2176969186112,41.4956514702074],[-72.2177219185383,41.495806469599],[-72.217722918954,41.4958274701798],[-72.2178039183254,41.4968484699193],[-72.2178309188027,41.4971894706257],[-72.2182539192766,41.5001754707733],[-72.2181559186848,41.5003664703931],[-72.2183579191984,41.5004604711267],[-72.2185739187211,41.5008054708101],[-72.2192219190486,41.5018404708533],[-72.2194379193425,41.5021854714971],[-72.2198569200963,41.5028204707849],[-72.2202769195719,41.5034554712427],[-72.2209829205869,41.5045234715793],[-72.2216879206589,41.5055914716876],[-72.222064920778,41.5061614717733],[-72.2244369211879,41.5097524726971],[-72.2245339215299,41.509949472325],[-72.2262759221474,41.5133224729231],[-72.2272859227224,41.5166944732484],[-72.2276099237631,41.5186194744614],[-72.2276249231653,41.5187064739788],[-72.2275709234321,41.5186954740777],[-72.224586922269,41.518105474399],[-72.2216019216349,41.5175154743115],[-72.2207129210032,41.5173334739955],[-72.2180469204462,41.5167884735427],[-72.2171589196499,41.5166074740295],[-72.2164909193673,41.516467474368],[-72.2144889183078,41.5160474739166],[-72.2138219190934,41.5159084736096],[-72.2132719179872,41.5157924738387],[-72.2116249179971,41.5154474738194],[-72.211075917851,41.5153324739489],[-72.2094549169177,41.5150094734929],[-72.2045919150343,41.5140424738234],[-72.2029719145379,41.5137204740335],[-72.2012149143888,41.5133774741306],[-72.2010789140113,41.5133504741588],[-72.1995229140941,41.5130454734812],[-72.1953879119545,41.5123214734928],[-72.193488911522,41.5119894734842],[-72.1931759121745,41.512049473481],[-72.1931319117647,41.5120714736467],[-72.1929859110125,41.5121644736554],[-72.192948911432,41.5122414736403],[-72.1927739120105,41.5124934743988],[-72.1926939113825,41.512641474456],[-72.1925479115699,41.5127564738057],[-72.1919859118502,41.5129274738014],[-72.1919129111299,41.5129874744067],[-72.1918689108125,41.5131134740736],[-72.1918909112118,41.5132284741072],[-72.1919199118274,41.5133004744808],[-72.1921169111125,41.5135414746162],[-72.1921389114493,41.51361847429],[-72.1920219115635,41.5137774739001],[-72.1918839112991,41.5138764739002],[-72.1917429113289,41.514053474001],[-72.191722911843,41.5140794745709],[-72.191634910775,41.5140954744077],[-72.1914599117726,41.5140184742675],[-72.1913579110954,41.5140354746717],[-72.1910589111097,41.5141614745073],[-72.1908029105953,41.5141344740642],[-72.1907889113088,41.5141124745115],[-72.1903579106591,41.5140514746566],[-72.1889419107676,41.513772474071],[-72.1881019095256,41.5135854743064],[-72.1879269096594,41.5135634743459],[-72.1875179099223,41.5134754742095],[-72.187320910212,41.5133884744016],[-72.1869629093762,41.5131304745437],[-72.1867219099738,41.5129214740267],[-72.1864669099558,41.5128834746939],[-72.1861019090804,41.5129104739819],[-72.1849919084927,41.5128774739535],[-72.1841669090347,41.5128224743424],[-72.1840579083553,41.5127674742362],[-72.1838169085506,41.5126964745936],[-72.183597908956,41.5126804741046],[-72.183297908583,41.5127344740032],[-72.183049908713,41.512723474499],[-72.1827439088188,41.5127624739212],[-72.1825389081855,41.5127674743027],[-72.1824809081009,41.5127894742394],[-72.1823709083269,41.5129044745856],[-72.1823709079962,41.5129764746942],[-72.1823709080141,41.5131794747876],[-72.1824149086954,41.5135964746977],[-72.1823639087055,41.513848474916],[-72.1822399086005,41.5141724748758],[-72.1822099078095,41.5145894748849],[-72.1823859077841,41.5149464744168],[-72.1824659082902,41.5152644745276],[-72.182669908404,41.5155774751261],[-72.1826699083095,41.5158074750405],[-72.1826339088782,41.5161144747664],[-72.1825169087781,41.5161914754723],[-72.1823139086275,41.5162474751103],[-72.182238908405,41.51626847526],[-72.1815389077859,41.5162744751449],[-72.1812669075585,41.5162974754123],[-72.1809179082237,41.5163284750127],[-72.1806039082845,41.5163344748288],[-72.1802459082708,41.5162464754656],[-72.1796769074901,41.5161364748533],[-72.1793809076165,41.5160334750306],[-72.1791869079383,41.5160514747907],[-72.1789909070716,41.5160704754536],[-72.1785449074652,41.5160154751849],[-72.1782969069909,41.5159114748569],[-72.1777059064339,41.5157224748589],[-72.1772459067551,41.5155764747529],[-72.1769029066121,41.5154894751859],[-72.1766759060244,41.5153734752931],[-72.176464906509,41.5153464746374],[-72.1763699065839,41.5153074753955],[-72.1756329063168,41.5150824748379],[-72.175303905825,41.5150004747005],[-72.1748219061971,41.51484147527],[-72.1742239056482,41.5147264753053],[-72.1741799053803,41.5146934752125],[-72.1736679057063,41.5146264748461],[-72.1727849050525,41.5145114753611],[-72.1723039055925,41.5143694747329],[-72.1718659049693,41.5141824747102],[-72.1717339047658,41.514105475167],[-72.1715229050917,41.5140674748968],[-72.1711649048448,41.5139514746982],[-72.1710189046444,41.5138644749208],[-72.1709969045054,41.5138364745607],[-72.1708369047311,41.5137214748593],[-72.170434904058,41.5133094748988],[-72.1701289041768,41.5129644743727],[-72.1699529044525,41.5127994743888],[-72.169741904336,41.5126844751068],[-72.1691069036788,41.5124264749661],[-72.1689459034039,41.5124094745047],[-72.1687049033135,41.5123764749794],[-72.1686249037281,41.512332474861],[-72.1684059033287,41.5122124749333],[-72.1683769030805,41.5121884743192],[-72.1680259037173,41.5118934747485],[-72.1674859037164,41.5115584743803],[-72.1669689030508,41.511278474924],[-72.166668903244,41.5111194742434],[-72.1661209028181,41.5108614747319],[-72.1658949029529,41.5106804742044],[-72.1658299024181,41.5106034741149],[-72.16571990309,41.5105594743636],[-72.1653769025288,41.5105154747651],[-72.1651799024365,41.5105374748648],[-72.1649319018946,41.5106204742112],[-72.1648219018679,41.5106744743403],[-72.1646399018766,41.5106744742894],[-72.1642669026279,41.5106034744203],[-72.1637869022056,41.5105034744954],[-72.163631902368,41.5104714745543],[-72.163398901661,41.5103834746074],[-72.1629899017098,41.5103064746603],[-72.1627709020506,41.5101694747563],[-72.1625809015504,41.5100984748025],[-72.1622959019208,41.5101314744994],[-72.16218690153,41.5101644749408],[-72.1619829008869,41.5101254744558],[-72.1613989007317,41.5098674743034],[-72.1611289011949,41.5098234746774],[-72.1609019007346,41.5098014741255],[-72.1606609004925,41.5097414747711],[-72.1605669012092,41.5096804747196],[-72.1604209007921,41.5096314743234],[-72.1599099001211,41.5093294745096],[-72.1597709002722,41.5092854741289],[-72.1596469007375,41.5091814745929],[-72.1593349000997,41.5090534745446],[-72.1590968999387,41.5089564746309],[-72.1589969007094,41.5088954748479],[-72.158705900671,41.5088184745829],[-72.1585159002653,41.5087854745851],[-72.1582599006389,41.5087034740511],[-72.157938900102,41.5086434740057],[-72.1578979001355,41.5086294746995],[-72.1573408993794,41.5084394745613],[-72.1567488996323,41.5082584744728],[-72.1563918998791,41.5082094747203],[-72.1559248995549,41.5080714742466],[-72.1558878993692,41.5080504743107],[-72.1553038987972,41.5078684743886],[-72.1548008986555,41.5076544739639],[-72.1546838984856,41.5075994746025],[-72.1545378990362,41.5075944747316],[-72.1540418987464,41.5075004738544],[-72.1537498983327,41.5074734741443],[-72.1535598986144,41.5073514746411],[-72.1535518990036,41.5073384742799],[-72.1533768978901,41.5071824740659],[-72.1532168983681,41.5071604746394],[-72.1529028976954,41.5071544743161],[-72.1526328987599,41.5071924739597],[-72.1523338978277,41.5072034743393],[-72.1516038983219,41.50704447464],[-72.1514578980778,41.5069454741075],[-72.1512168983011,41.5066434739036],[-72.1510708981149,41.5065504741713],[-72.1508888975039,41.5065504738971],[-72.150756897353,41.5065724746636],[-72.1506768972692,41.5065774745277],[-72.1504068970565,41.5064794738435],[-72.1503048978665,41.5064574739259],[-72.1499618967101,41.5065004745411],[-72.1499178972564,41.5065224744542],[-72.1495968966009,41.5064894744343],[-72.1494068971117,41.5064184741482],[-72.1492678974512,41.506292474031],[-72.1490278973204,41.506012474355],[-72.1488888974673,41.5059794737688],[-72.1485598972494,41.5059794744609],[-72.1481368968536,41.5058694737425],[-72.1480498964026,41.5058144742665],[-72.1479838969744,41.5057314744584],[-72.14778689696,41.505638474425],[-72.1476628966155,41.5056334738942],[-72.1469838962352,41.5057424738069],[-72.1467938964141,41.5057424745973],[-72.1466848959563,41.5057204743312],[-72.1465238960035,41.5056654742629],[-72.1461298959961,41.5054784738583],[-72.1459608962612,41.5054464745552],[-72.1455748953047,41.5053744737822],[-72.1454078962941,41.5053244739506],[-72.1450348952925,41.5051324739089],[-72.1447648957409,41.505050473876],[-72.1441808951786,41.5050224738054],[-72.1440498947718,41.5049784739292],[-72.1438898954188,41.5047424744364],[-72.1438438950888,41.5047084741592],[-72.1437578950738,41.5046434738868],[-72.1434228952347,41.5044844740302],[-72.1431428947414,41.5043804740971],[-72.1429338944496,41.5043034739433],[-72.1429188950296,41.504300473758],[-72.1426268941927,41.5042424738637],[-72.1424518945978,41.5041884736733],[-72.1422188940604,41.5041784736146],[-72.1420138949107,41.5041714737303],[-72.1419838949763,41.5041814736098],[-72.1419558941835,41.5041754736529],[-72.1419098940696,41.5041794740027],[-72.1416558943487,41.5041984741559],[-72.1415688942418,41.5042204738126],[-72.1411818945701,41.5041494740014],[-72.1408538936409,41.5041594741773],[-72.1406048946579,41.5042034744182],[-72.140573893543,41.5042154738631],[-72.1401448943553,41.5043904737057],[-72.1387728936089,41.5045104745419],[-72.1378678928139,41.5046474743009],[-72.1372768932031,41.5047674744869],[-72.1367138924341,41.5049814747445],[-72.1366338933004,41.504970474238],[-72.1365028934131,41.5048494742268],[-72.1364418925569,41.5048544746377],[-72.1361958925887,41.5048764741388],[-72.1361298928889,41.5048604741539],[-72.1356488926682,41.5042184739406],[-72.1354168923703,41.5040144739111],[-72.135334891815,41.5039424743721],[-72.1351238926549,41.5037564738259],[-72.135097891748,41.5037194741389],[-72.1350368917937,41.5036304741889],[-72.1348028925689,41.5035314739741],[-72.1346858926376,41.5034984739292],[-72.134437891977,41.5033724744738],[-72.1343138921637,41.5033224743979],[-72.1335918913167,41.5028234740756],[-72.1332198921776,41.502653474074],[-72.132934891676,41.5026144742383],[-72.1327158913063,41.5026474739039],[-72.1327038911119,41.5026494741285],[-72.1321538907542,41.5027844737967],[-72.131890890786,41.5028174739935],[-72.1312638904762,41.5028114740881],[-72.1307308903524,41.5027504742537],[-72.1304308904127,41.502799473981],[-72.1302928901274,41.5028824739028],[-72.130095890724,41.5030464744964],[-72.1298688902335,41.5031894744108],[-72.1295188907187,41.5032934744794],[-72.1293798900133,41.5032324740545],[-72.1291688904082,41.503073474242],[-72.1289278901876,41.5029694745599],[-72.128846889651,41.5029474744349],[-72.1287958901001,41.5029524744054],[-72.1285558899205,41.502930474577],[-72.1282928897872,41.5029574742365],[-72.1275988901452,41.503072474399],[-72.1273288901902,41.5031764741674],[-72.1272268891267,41.5032154744632],[-72.1270078900451,41.5032094740566],[-72.1266868900486,41.5031164741204],[-72.1264168897702,41.5031434747554],[-72.1258548891181,41.5029674747844],[-72.1255258893481,41.5029234742113],[-72.12541688954,41.5028744743203],[-72.1253948893692,41.5027914743991],[-72.1253978894592,41.5027284745667],[-72.1254028886712,41.5026274742204],[-72.1253658887059,41.5025554742928],[-72.1250738894178,41.502434473863],[-72.1250088892462,41.5024124742709],[-72.1249308887215,41.502389474709],[-72.1247338886073,41.5023734742238],[-72.1245218883502,41.5022964745202],[-72.1242808891386,41.5022804742353],[-72.1240908891238,41.5021754741623],[-72.1238348889345,41.5020494738349],[-72.1237108887496,41.5020224743782],[-72.1232518878163,41.5020174738356],[-72.1230588881424,41.5020064743278],[-72.1229518877037,41.5020004746107],[-72.1223898875951,41.5019074739365],[-72.1220398876835,41.501897473832],[-72.1218938881619,41.5019134744172],[-72.1217768883324,41.5019574744244],[-72.1216898881075,41.5020174740567],[-72.1214938874326,41.5022084746072],[-72.1213028877299,41.502396474052],[-72.1211858872143,41.5026054743172],[-72.1210768880925,41.5027314748575],[-72.1207998881915,41.5028414745932],[-72.1205948878862,41.502880474235],[-72.1200548869194,41.5028964744963],[-72.1197118872215,41.502880474657],[-72.1192888868027,41.5027874745077],[-72.1190188875444,41.5027104741256],[-72.1186978874547,41.5026394743646],[-72.1182958868993,41.5024864744685],[-72.1182888867454,41.5024644746552],[-72.1180698864949,41.5023324743629],[-72.1178648868886,41.5021734748906],[-72.1177038864254,41.5020854742175],[-72.1170978865002,41.501872474378],[-72.1169958862849,41.5017994744682],[-72.1168278862233,41.5016804747161],[-72.1165648862876,41.5014934743215],[-72.1160468863535,41.5011974745517],[-72.1158278858028,41.50104947387],[-72.1156328862649,41.5009474746502],[-72.1154268856728,41.5008804741878],[-72.1148928853295,41.5006544743443],[-72.1146808856424,41.5006004739302],[-72.1140828853698,41.5005124739664],[-72.1138568846935,41.5005074740093],[-72.1135208855003,41.5005624739328],[-72.1124408851395,41.500842474096],[-72.1122728844554,41.500919474761],[-72.1121778850849,41.5009964742056],[-72.1121128844388,41.5011114741042],[-72.1119598843418,41.5015674742718],[-72.11190888413,41.5018574745534],[-72.1116828846944,41.5020444741971],[-72.1113688848978,41.5020394749895],[-72.1111938839314,41.5020064744361],[-72.1107918846596,41.5019404742136],[-72.1103978837473,41.5019734746635],[-72.1102378846693,41.5020234744389],[-72.1099088837013,41.5020784748887],[-72.1097118844425,41.5021494746871],[-72.1092308838214,41.5023744747847],[-72.1087558833383,41.5026604750122],[-72.1086618837349,41.5027484749313],[-72.1085298833927,41.5028084747021],[-72.1083188839134,41.5028854745617],[-72.1079828833335,41.50283647461],[-72.1074928837417,41.5022384748367],[-72.107295882709,41.5018594750389],[-72.1072298826817,41.50170047451],[-72.1071428831375,41.5016514748688],[-72.1070478831666,41.5016354751066],[-72.1066678835401,41.5016354747821],[-72.1065218829329,41.5016184750855],[-72.1064268831327,41.5015804747242],[-72.1063318830054,41.5015144746632],[-72.1062368829548,41.5013064747805],[-72.1062148827174,41.501179474455],[-72.1062948833176,41.5008784745714],[-72.106389882302,41.5007354742787],[-72.1066308829122,41.5001924741424],[-72.1066958832914,41.5001094747885],[-72.1067178823407,41.5000104745965],[-72.1067208832984,41.4999784740698],[-72.1066938824865,41.4998204747953],[-72.1065298822348,41.4995954742298],[-72.1063108830008,41.4994194745139],[-72.1058068823884,41.4992304743884],[-72.1055848828082,41.4990854743025],[-72.1051448827354,41.4989394742034],[-72.1047708822899,41.4989434738549],[-72.1042468825351,41.4990744738775],[-72.1041218820976,41.4990624738815],[-72.1039548821366,41.4990404743697],[-72.1032818820614,41.4985864740195],[-72.1021318808989,41.497982474007],[-72.1020488812299,41.4979384741334],[-72.1018148812175,41.4970994739771],[-72.1011358811329,41.4968574736486],[-72.1008658806279,41.4967694738992],[-72.1002598806174,41.4968524743852],[-72.100131880169,41.4967384743802],[-72.1000038801699,41.4966244742306],[-72.0998598808558,41.496494473799],[-72.1004278800289,41.4961424735071],[-72.1004378810874,41.4959254741537],[-72.0999498808446,41.4951324738057],[-72.0997448802773,41.4951064740692],[-72.0996818807722,41.4950834736862],[-72.0995808807758,41.4950464735907],[-72.099545880202,41.4949604738605],[-72.0995218802863,41.4948984733201],[-72.099480880282,41.4948584739218],[-72.099864880224,41.4941134736524],[-72.0999008802391,41.4941134737969],[-72.100174879946,41.4941144731978],[-72.1001868805955,41.4939764732274],[-72.1001738803164,41.493792473164],[-72.1001578802119,41.4935514735257],[-72.1001368802448,41.4932424732858],[-72.100124879819,41.4930594729182],[-72.1001188807217,41.4929724730714],[-72.1001058801278,41.4927844732702],[-72.1000998798853,41.4927144734711],[-72.100092880461,41.4926284728373],[-72.1000898799584,41.4925844736178],[-72.1000858808408,41.4925174727483],[-72.100076880572,41.4924534735322],[-72.1000718797272,41.4924104732778],[-72.1000568799615,41.4923004733357],[-72.0999838798631,41.4919554733772],[-72.0999288803959,41.4917894729133],[-72.0997138798565,41.4911404731142],[-72.0996638798324,41.4909644727255],[-72.0996408800977,41.4908214726923],[-72.0996298794924,41.4906764731757],[-72.0996308794831,41.4905314731363],[-72.0996818803461,41.4901544728285],[-72.0997258803027,41.4899274728685],[-72.0998488802696,41.4893024726368],[-72.0998978801705,41.4890494722179],[-72.0999228799681,41.4889214729121],[-72.0999418800514,41.4888134723706],[-72.0999618797502,41.488714472749],[-72.1000548799999,41.4882684722735],[-72.100056880104,41.4882564727828],[-72.1000868806086,41.4879684723249],[-72.1001178794395,41.4877544719312],[-72.1001208798994,41.4877044719477],[-72.0999638794933,41.487651472627],[-72.0996238795234,41.4875374726668],[-72.0995198801196,41.487868471914],[-72.0995088802778,41.4879204723746],[-72.0994378801278,41.4879114722738],[-72.0991998802242,41.4878724724022],[-72.0989908795702,41.4878294727428],[-72.0989678797068,41.4878804723305],[-72.0986928790896,41.4885124720593],[-72.0984568800823,41.4884724726234],[-72.098431878956,41.4884824723907],[-72.0984568798668,41.4884194725523],[-72.0985088795344,41.48827347218],[-72.0986278796206,41.487988472571],[-72.0985448800647,41.4879324727121],[-72.0985348793544,41.4879254719206],[-72.0984308797368,41.4878984727591],[-72.0984868800296,41.4877654720338],[-72.09850687963,41.4877164724885],[-72.0981528789434,41.4876304722319],[-72.0981968798864,41.487552471937],[-72.098409879193,41.487044471738],[-72.0981068790024,41.4869454719632],[-72.0977838791812,41.4868054721447],[-72.0975368789902,41.4873944724647],[-72.0975028794811,41.4874734720491],[-72.0977668788732,41.4875364726508],[-72.0977468793241,41.4875894726727],[-72.09765587911,41.4878074719484],[-72.0976518789415,41.4878164724276],[-72.0976418793553,41.4878384725416],[-72.0975658794009,41.4879994724748],[-72.0975118793461,41.4881244721092],[-72.0974758796132,41.4882344728535],[-72.0974568791783,41.4882804722665],[-72.0974548790619,41.4883224721651],[-72.0970718792753,41.4882614726842],[-72.096352878971,41.4881514724931],[-72.0964058785022,41.4880324726539],[-72.0966888785506,41.4873644723793],[-72.0966988793348,41.4873404725016],[-72.0967218785871,41.4872764720723],[-72.0968138784465,41.4872994724182],[-72.0971548791264,41.4873884725303],[-72.0971888785523,41.4873104725201],[-72.0974398795098,41.4867094722286],[-72.097112878994,41.4865774723999],[-72.0967718793508,41.4864574721966],[-72.0964668786084,41.4872094719116],[-72.0963748789902,41.487186472188],[-72.0963538792215,41.487250472218],[-72.0963138789321,41.4873444726735],[-72.0960528790838,41.4879654724505],[-72.095995878284,41.4880964727735],[-72.0956378788445,41.4880354721054],[-72.0956958783623,41.4878984726875],[-72.0960008781091,41.4871834727129],[-72.0960368784133,41.4870984718875],[-72.096126879195,41.4871214722157],[-72.0964488788115,41.4863374724909],[-72.0944568783692,41.4857004717155],[-72.0931828772351,41.4853804718181],[-72.0929258771666,41.4867054722779],[-72.0931218779612,41.4867254721003],[-72.0937378775413,41.4867424719225],[-72.0938578778945,41.4867434723094],[-72.0942078778817,41.4867484722233],[-72.0941828778053,41.4876144720861],[-72.0941768784635,41.4878404723038],[-72.0938048783307,41.4878284728404],[-72.0938348775544,41.487284472209],[-72.0933908773,41.4872794725729],[-72.0934058783546,41.4873724725679],[-72.0922668776991,41.487260472102],[-72.0921108776586,41.4872464724849],[-72.0922228772923,41.486701472066],[-72.0922668775669,41.4866344727217],[-72.09246587785,41.4866584725278],[-72.0925138777325,41.4858824725372],[-72.0926258778027,41.4852034716681],[-72.0919228767436,41.4848534717169],[-72.0912958769183,41.4846814721356],[-72.09080187709,41.4845464717068],[-72.0894198758898,41.4842024719786],[-72.0894198766796,41.483966472254],[-72.0894218766255,41.4826784712918],[-72.0893858765747,41.4820144715181],[-72.0893818755958,41.4819684716973],[-72.0892388762782,41.4819574719319],[-72.0890048765056,41.481935471155],[-72.0888698764075,41.4819194718388],[-72.0888468764928,41.4819164716366],[-72.0887978754207,41.4819074717266],[-72.0885108757509,41.4818544711197],[-72.0883488757394,41.481811471254],[-72.0881068757996,41.4817264717566],[-72.0877628760976,41.4815584712323],[-72.0875678754066,41.481435471393],[-72.0874748752949,41.4813774716014],[-72.087311875269,41.4812604716974],[-72.0872148753184,41.4811714711452],[-72.0865588758212,41.4812204712997],[-72.0851798751762,41.4813234717289],[-72.0845918750991,41.4813684716881],[-72.0844558745443,41.4813784711916],[-72.0839368742166,41.4814184711594],[-72.0838038747293,41.4814274716035],[-72.083407874117,41.4814564712505],[-72.0832768739212,41.4814674717332],[-72.0831098739461,41.4814794715144],[-72.0828428737648,41.4815004719597],[-72.0826088734385,41.4815174719568],[-72.0824428735151,41.4815304715536],[-72.0822948740581,41.4815394713511],[-72.0823088739266,41.4816114718377],[-72.0823228744195,41.481720471889],[-72.082000874055,41.4817444715722],[-72.0819928740288,41.4816834713632],[-72.0817848740853,41.4817324717439],[-72.0817018732821,41.4817574721075],[-72.0816248738098,41.4817924714767],[-72.0815698737223,41.4818274718098],[-72.0815218740096,41.4818684718872],[-72.0814738736697,41.48192547168],[-72.081443873205,41.481974471412],[-72.0814238735072,41.48202647193],[-72.0814148731079,41.4820664715838],[-72.081412873818,41.4820794720633],[-72.0813358740916,41.4827874723122],[-72.0812558737055,41.4832224716988],[-72.0812528741805,41.483259471809],[-72.0812548730532,41.4832874723998],[-72.0812688742045,41.4833414716141],[-72.0812918740642,41.4833834718426],[-72.0813168735624,41.4834154718244],[-72.0811878739113,41.4836054717061],[-72.0810658735664,41.4837854723964],[-72.0810168735104,41.4838564723553],[-72.0809748734452,41.4839174723571],[-72.0807208737047,41.4838204720715],[-72.0806768736824,41.4838034723009],[-72.0805558739308,41.483756471851],[-72.0803488728558,41.4836774721899],[-72.0796498729432,41.4834084721035],[-72.0795178732415,41.4833544721675],[-72.0793918727211,41.4832924716532],[-72.0792718735003,41.4832244722477],[-72.0791578732175,41.4831504721552],[-72.0790508729089,41.4830704718354],[-72.0789518728503,41.4829854721244],[-72.0788598732174,41.4828954717051],[-72.0787388731256,41.4827524717718],[-72.0786388730756,41.4826004721445],[-72.0785828721944,41.4824954717482],[-72.0785378729852,41.4823874723474],[-72.0784878731247,41.482221472212],[-72.0783938726382,41.4818124715205],[-72.0764028723553,41.4819644722989],[-72.0769198716114,41.482886471901],[-72.0771968725137,41.4830654725331],[-72.0772328719217,41.4830924720029],[-72.0774848727544,41.4832884724417],[-72.0776318722475,41.4834104720241],[-72.0777738727567,41.4835344717379],[-72.0779088722889,41.4836634718305],[-72.0780378722046,41.4837954720241],[-72.078168872352,41.4839384726078],[-72.0783498732331,41.4841534719302],[-72.0788158733917,41.4846964724056],[-72.0793348734052,41.4845934725405],[-72.0794218734512,41.4845764723154],[-72.0798438727823,41.4845024723717],[-72.0799878731556,41.4844994726493],[-72.0803088734191,41.4844594720705],[-72.0805908733207,41.4844604722809],[-72.0816068737865,41.4844644721169],[-72.0816858741016,41.4844764724073],[-72.0818598741606,41.484484472476],[-72.0819118733364,41.4844884719711],[-72.0822028740142,41.4844694724919],[-72.0822688737368,41.4844714722947],[-72.0823288735275,41.4844694726074],[-72.0833538744607,41.4848494718658],[-72.0837768745877,41.4864654725489],[-72.0833848743092,41.4865414726501],[-72.0828028738935,41.4866684726689],[-72.0822448739741,41.486770472836],[-72.081947873624,41.4868264722476],[-72.0810878732555,41.4869844723975],[-72.0824888740136,41.4880694725887],[-72.0826808749485,41.4882144726215],[-72.0828768743442,41.4883554733212],[-72.0830998748854,41.4885084728156],[-72.0833278746698,41.4886564728749],[-72.0835608748857,41.4887994725763],[-72.083650874378,41.4888604726621],[-72.083989874262,41.489056473],[-72.0840988750548,41.4891234734514],[-72.084204874829,41.4891944732231],[-72.0843078749146,41.4892674733793],[-72.0844078746524,41.4893434733999],[-72.0845038747772,41.4894214734328],[-72.0845958746277,41.4895024729599],[-72.0846848747844,41.4895854729051],[-72.084769874652,41.489671473262],[-72.0848508755487,41.4897584732948],[-72.0849268750126,41.4898484733652],[-72.0849998754159,41.4899394735128],[-72.085068875508,41.4900334732042],[-72.0851328754422,41.4901284731135],[-72.0851928751375,41.4902244736311],[-72.0852478752003,41.4903224729598],[-72.0852988755357,41.4904224732887],[-72.0853448750993,41.4905224734842],[-72.08538687492,41.4906244728899],[-72.0854238756615,41.4907274734592],[-72.0854488752515,41.4908074734096],[-72.0854698756469,41.4908884731148],[-72.0854878750305,41.4909694734709],[-72.0855018758443,41.4910504732135],[-72.0855128749797,41.4911324730814],[-72.0855188755466,41.4912144737599],[-72.0855218750676,41.4912964732928],[-72.0855208759523,41.491378473116],[-72.0855168757475,41.4914604735947],[-72.0855088756903,41.4915424734558],[-72.08549687521,41.4916234732201],[-72.0854818753543,41.491705473123],[-72.0854628756908,41.491785473455],[-72.0854398754663,41.4918664735361],[-72.0854128754154,41.4919454731415],[-72.0853828753832,41.4920244733995],[-72.0853498753682,41.4921034734074],[-72.0853128754832,41.4921804738318],[-72.0852728750505,41.4922564736213],[-72.0852288752793,41.4923314732984],[-72.0852598757494,41.4924104733861],[-72.085282875746,41.4923764738901],[-72.0854148751468,41.4923704732681],[-72.08550887504,41.4924724734392],[-72.0857068756649,41.4927654738252],[-72.0856998761207,41.4928374739092],[-72.085553875694,41.4929014733242],[-72.0853928760228,41.4929014734374],[-72.0853708755702,41.4929414737833],[-72.0854588751881,41.4930784740336],[-72.0855318753022,41.4931044736751],[-72.0855528758268,41.4931124738357],[-72.0865898756288,41.4931794739316],[-72.0870058758206,41.4932934735401],[-72.0874208756649,41.4934704741984],[-72.0878518760898,41.4936304736086],[-72.0880488761306,41.4936934741243],[-72.0885528764414,41.4938104735963],[-72.0895238767429,41.4939784734116],[-72.0899398774996,41.4940924740351],[-72.0902098771537,41.4942664742446],[-72.0903338768648,41.4944224737501],[-72.0904508771941,41.4947544736964],[-72.0904578775304,41.4949574737877],[-72.0906478770673,41.4951464741339],[-72.0909908769094,41.4953444743061],[-72.0912208770579,41.4954124740205],[-72.0913048780637,41.4954374741107],[-72.0916328782196,41.4954954744029],[-72.0927498783268,41.4955464737999],[-72.0932168781915,41.495612474082],[-72.0933198784252,41.4956394739608],[-72.0935748783802,41.4957064736392],[-72.0938378782256,41.4957404736535],[-72.094106878357,41.4957514743869],[-72.0942088786384,41.4956954736114],[-72.0943848788668,41.4954034743039],[-72.0944868787114,41.4953114742119],[-72.0948808790742,41.4952044737361],[-72.0952528788042,41.4951724737],[-72.0955588793196,41.4952574736108],[-72.0957718788606,41.4952174737417],[-72.0959368795557,41.4951654740723],[-72.0961278794871,41.4951054741246],[-72.0962488797068,41.4951214742225],[-72.0965588793384,41.4951654734703],[-72.0971508792177,41.4952024741136],[-72.0972138790656,41.495197473519],[-72.0975368794529,41.4951724740321],[-72.0973418799155,41.4953214733882],[-72.0973328796085,41.4953294738934],[-72.0973188792875,41.4953784739461],[-72.0974138799014,41.4954664736491],[-72.097559879829,41.4954474742562],[-72.0975958802155,41.4954664741232],[-72.0976028794274,41.4955074742624],[-72.0973188791149,41.4956464742397],[-72.0972828789704,41.4956654740939],[-72.0971038796675,41.4957644740785],[-72.0952938792985,41.4965114744213],[-72.094543878774,41.4968644745821],[-72.0942898781986,41.4969844744149],[-72.0936828784939,41.4972184739559],[-72.0918918784388,41.4966074742161],[-72.0915268782217,41.4964824744617],[-72.089355876851,41.4957424742903],[-72.0868158763032,41.4948774740599],[-72.0866508758181,41.494821474193],[-72.0854168758596,41.4944004744004],[-72.0840138749132,41.4939224736171],[-72.083920875082,41.4938474737732],[-72.0834138743475,41.4935434743597],[-72.0829068747557,41.4932394735742],[-72.0819638743382,41.492673474072],[-72.0810208735117,41.4921074738859],[-72.0804988740366,41.4891824735874],[-72.0803498735335,41.4889724727115],[-72.077613872967,41.4850944722326],[-72.0754808722354,41.4829014721178],[-72.0749528710408,41.4823584716848],[-72.0744258716429,41.4818164722939],[-72.074032871265,41.4804724716963],[-72.0736388705864,41.4791284715886],[-72.073424870511,41.4783964714108],[-72.0735248713238,41.4764844705259],[-72.0736248710139,41.4749764710374],[-72.0733018701211,41.4742054708446],[-72.0728238697925,41.4730644700279],[-72.0715728693399,41.4714684700216],[-72.071323869254,41.4711514699169],[-72.0706228694166,41.4693404695036],[-72.0704208698141,41.4683264690396],[-72.0699218685323,41.465819468877],[-72.0700218686996,41.4636064681296],[-72.0702668691425,41.4625934681601],[-72.0708218691625,41.4603064682339],[-72.071213869363,41.459641467531],[-72.0717448686674,41.4587444674144],[-72.0718038694918,41.4586434674438],[-72.0718638695834,41.4585424679394],[-72.0721218687294,41.4581064672502],[-72.0736218699334,41.4563064666608],[-72.0757438705116,41.4544864667227],[-72.0764218708427,41.4539064664349],[-72.0805218714445,41.4507064658278],[-72.0815988713558,41.4498634652987],[-72.0828218721414,41.4489064651733],[-72.0841218720974,41.4474064647756],[-72.0849148722717,41.446103464228],[-72.0855218733056,41.4451064645241],[-72.086521873031,41.4426064641917],[-72.087024873233,41.4414554636273],[-72.0879218727884,41.4394064636008],[-72.0909948737368,41.4374504631691],[-72.0912218739239,41.4373064624847],[-72.0920688748531,41.4368824630299],[-72.0924218750229,41.4367064627561],[-72.0929578748754,41.4360634624546],[-72.0931828750436,41.4357944624561],[-72.0934068747731,41.4355244622157],[-72.0934218743043,41.4355064627428],[-72.0941778744,41.4339934622733],[-72.09472187522,41.4329064613508],[-72.0948638753603,41.4326214617165],[-72.0950218752755,41.4323064615166],[-72.0954468758236,41.4318804614845],[-72.0956728753114,41.431655461169],[-72.0961218755787,41.4312064614239],[-72.0963858754066,41.4305444614703],[-72.0965218751119,41.4302064610705],[-72.0966218749911,41.4294064608382],[-72.0964688756784,41.4287594606718],[-72.0960448745764,41.4270324610076],[-72.095941875203,41.4266144608599],[-72.0956218752968,41.4253064599179],[-72.1015478769844,41.4264254607381],[-72.1016688771473,41.4264634599609],[-72.1019598773805,41.4265694606997],[-72.104434877929,41.4274594604828],[-72.1063748781361,41.4271944600332],[-72.1067308783233,41.4271444604898],[-72.1077978789583,41.4269984601982],[-72.1081548786002,41.42695146029],[-72.1085678792714,41.4268934599952],[-72.1098098792584,41.426716460383],[-72.1102238791876,41.4266594601012],[-72.1126758809555,41.4263334600443],[-72.1131528811959,41.4262794597216],[-72.1211228828383,41.4251944591322],[-72.1212038833954,41.4251784590688],[-72.1214458836754,41.4251284594925],[-72.1215288831413,41.4251124593392],[-72.12241888408,41.4250044593854],[-72.1250908845345,41.4246814591849],[-72.1259818842641,41.4245744590975],[-72.1263828853528,41.4245144594424],[-72.1275848851834,41.4243324593962],[-72.1278608850214,41.4242914594162],[-72.1280318851315,41.4242614587495],[-72.1281758854424,41.4242334591261],[-72.1287268855517,41.4241584592393],[-72.130823886777,41.4238744584749],[-72.1315218864868,41.4237794586163],[-72.131834886678,41.4237374589573],[-72.132776886558,41.4236144586365],[-72.1330908865882,41.4235744589989],[-72.1362498875133,41.4231474581411],[-72.1457318913525,41.4218694578953],[-72.1460628916585,41.4218254576874],[-72.1486418916573,41.4214774580194],[-72.1487158916231,41.4214674582376],[-72.1489378920514,41.4214394575706],[-72.1490118919285,41.421429457598],[-72.1499768928773,41.4212984581303],[-72.1528758937452,41.4209084574139],[-72.1538418937136,41.4207784572183],[-72.1539798933375,41.4207614577676],[-72.1540878941817,41.4207464571685],[-72.1554318939976,41.4205644575595],[-72.1558808941855,41.4205044569299],[-72.1623058959974,41.419635456933],[-72.1665338979225,41.4191164570057],[-72.1693758990681,41.4186524565347],[-72.169817898363,41.4185954563831],[-72.170083898429,41.4185614567153],[-72.1707948994424,41.4184704568781],[-72.1803769019853,41.4171944557451],[-72.1882689047074,41.4161174559062],[-72.1899419045171,41.4158934554468],[-72.2016739089261,41.4143234548454],[-72.2046569099819,41.4138334544856],[-72.2057439095613,41.4137204546884],[-72.2090039115575,41.4133824541427],[-72.2100919112731,41.4132704543437],[-72.2119349123364,41.41304245383],[-72.216626913929,41.4124624537999],[-72.2166829136926,41.4124554538412],[-72.2167319128975,41.4124494541245],[-72.2174639142827,41.4123584533398],[-72.2193079142584,41.4121314540229],[-72.2194049147965,41.4122664535968],[-72.219698914055,41.4126724534203],[-72.2197969139671,41.4128084540375],[-72.2199089142599,41.4129534541811],[-72.220244914772,41.4133894542997],[-72.2203569149066,41.4135354534607],[-72.2208819146818,41.4142544540551],[-72.2224579158747,41.4164134541418],[-72.2229839156508,41.4171334540958],[-72.2232619162439,41.4175144542122],[-72.2237859160853,41.4182354550047],[-72.2248729169878,41.4197274553325],[-72.226193917641,41.4215414548873],[-72.2269969169988,41.4226444551279],[-72.2273159177276,41.4230914556355],[-72.2274669176403,41.4233024558352],[-72.2279339175397,41.423959455801],[-72.2282729181827,41.4244344558943],[-72.2285929177749,41.4248824557738],[-72.2286339175828,41.4249414560666],[-72.2287589177113,41.425118456031],[-72.2288009179451,41.4251774563007],[-72.2305269187553,41.4275324565405],[-72.2325509192829,41.4302934568151],[-72.235705920987,41.4345994571417],[-72.2364009206985,41.4355474579976],[-72.2368669219402,41.4361814579713],[-72.2374339215629,41.4369544579249],[-72.237802921589,41.4374514579162],[-72.2389109221199,41.438944458307],[-72.239280922823,41.4394424581299],[-72.2396229228747,41.4399154580286],[-72.2406519227248,41.4413364590294],[-72.2409949232692,41.4418104585308],[-72.2410249235069,41.441855458733],[-72.2411179232312,41.4419904590727],[-72.2411489233809,41.44203645864],[-72.2413239227871,41.4422704590731],[-72.2418489237767,41.4429724587031],[-72.2420249238315,41.4432064588396]],[[-72.1128888832715,41.4701634686373],[-72.1127368827778,41.4701754684256],[-72.1119288822576,41.47022246842],[-72.1116618830229,41.4702394683231],[-72.1111508822226,41.4702664681586],[-72.1110958820765,41.4702664684518],[-72.1106578830072,41.4702924682804],[-72.1105388820417,41.4703074689462],[-72.1103708824788,41.4703124684625],[-72.1098158815923,41.4702804688773],[-72.109694882449,41.4702734681509],[-72.1090878814299,41.4702524684019],[-72.1076118818487,41.4701924690294],[-72.1075848816746,41.4704124685614],[-72.1074288811296,41.4704124686585],[-72.1068588817109,41.4703794686662],[-72.1062118813082,41.4703384689695],[-72.1061858810686,41.4704664688054],[-72.1049688810601,41.4703834687582],[-72.1049808801567,41.4713214686304],[-72.1047288806023,41.4714354688079],[-72.104706880321,41.4714444692938],[-72.1046848800425,41.4714534688751],[-72.104545880823,41.4714934685031],[-72.1044978803148,41.4715014692675],[-72.1044488808631,41.4715074690468],[-72.104399880079,41.4715104685665],[-72.1043498803438,41.4715114689004],[-72.1042998804854,41.4715094689806],[-72.1042508801608,41.471504469023],[-72.1041778807759,41.471493468743],[-72.104130880742,41.4714824687104],[-72.1040848802618,41.4714684686441],[-72.1040178799611,41.4714444691713],[-72.1036538808022,41.4712924688895],[-72.1036228797104,41.4712794687571],[-72.1035908806339,41.4712684691585],[-72.1035588803801,41.4712574686438],[-72.1035258801087,41.4712474691734],[-72.1034928806797,41.4712384691752],[-72.1034598800627,41.4712294691607],[-72.1034258802653,41.4712224687703],[-72.1033908804541,41.4712164685215],[-72.103356880286,41.4712104693863],[-72.1033218801201,41.4712054685914],[-72.1032868795736,41.4712014690615],[-72.1032518794822,41.4711994693777],[-72.1032168805989,41.4711974687897],[-72.1031818805119,41.4711954690847],[-72.1031458800321,41.4711954689934],[-72.1027818802783,41.4711984685979],[-72.1027548802143,41.4711984686633],[-72.1027288797956,41.4711984689517],[-72.1027028801401,41.471196469384],[-72.102676879298,41.4711944689034],[-72.1026508800326,41.4711914689487],[-72.1026248795725,41.4711884689814],[-72.1025998803446,41.4711844688702],[-72.1025738802777,41.471180468516],[-72.1025488802384,41.4711754689121],[-72.1025238793947,41.4711694689206],[-72.1020128801198,41.4710444689441],[-72.1018878798689,41.4709754689511],[-72.1018328799081,41.4711034690185],[-72.1017648795738,41.4712554686976],[-72.1018978793407,41.471304468578],[-72.1024108793548,41.4714304690001],[-72.1024838800499,41.4714464686978],[-72.1025578795713,41.4714584688664],[-72.1026718795564,41.4714704692654],[-72.1027858794284,41.4714734688551],[-72.1031508803807,41.4714704685634],[-72.1032408798647,41.4714744689135],[-72.1033218807066,41.4714864692838],[-72.1033948801162,41.471503468771],[-72.1034768803605,41.4715324693652],[-72.1038398808058,41.471684469082],[-72.1038708801081,41.4716964687663],[-72.1039648803741,41.4717284691948],[-72.1040618798386,41.4717534693606],[-72.104164880673,41.4717724694016],[-72.1042758804922,41.47178346897],[-72.1044608807471,41.4717824691264],[-72.1046078808997,41.4717644688173],[-72.1047488807582,41.4717324689597],[-72.1049158807672,41.4716704685398],[-72.1049688812251,41.4716474693051],[-72.1049348810286,41.4725074694612],[-72.1062998806948,41.4725374694528],[-72.1081648822284,41.4722054693114],[-72.1093348817325,41.4727764686496],[-72.1108148830038,41.4722304692194],[-72.1108738826423,41.471818468501],[-72.1113148827257,41.4717004687421],[-72.1112558830191,41.4715704690556],[-72.1116878831064,41.4714604685719],[-72.1122028824542,41.4713304686196],[-72.1122788833319,41.4714984684446],[-72.1133648834182,41.4712224690245],[-72.1128888832715,41.4701634686373]],[[-72.0997688788875,41.4728274691204],[-72.0997248796232,41.4729264690631],[-72.0996438793171,41.4731084691558],[-72.1001328796073,41.4732274690222],[-72.1000788789376,41.47344846936],[-72.0998688786292,41.4739064697264],[-72.0998338796536,41.4739744693122],[-72.0996758785473,41.4738844694809],[-72.0991838784522,41.4736644693266],[-72.0988228792707,41.4742224694904],[-72.100278879768,41.4746274695278],[-72.100304879358,41.4745584698727],[-72.1003118791697,41.4745424701047],[-72.1004238791046,41.4742984692938],[-72.1007168789034,41.4736334690639],[-72.1009288799079,41.473152469792],[-72.1007938797506,41.4731014693692],[-72.1005158792763,41.4730104692891],[-72.1002418785988,41.4729414697396],[-72.0997688788875,41.4728274691204]],[[-72.0976678778966,41.4729644695742],[-72.0976378780634,41.4729644694176],[-72.0975968780264,41.4729674691517],[-72.0975718785889,41.4729734690232],[-72.0975368786104,41.4729824690566],[-72.0975118777726,41.4729914691396],[-72.0974918788937,41.473000469712],[-72.0974698780838,41.4730124690479],[-72.0974398785362,41.4730324691902],[-72.0974248780968,41.4730464694144],[-72.0974138782168,41.4730564692393],[-72.0973978781659,41.473075469272],[-72.097388877969,41.4730924695899],[-72.0975558784381,41.4732314692784],[-72.0976948778971,41.4733284694702],[-72.0978008779754,41.4734034692572],[-72.0979538789509,41.4734574693469],[-72.09820287862,41.4734794696505],[-72.0984808788681,41.4735094694104],[-72.0986428782618,41.473527469099],[-72.0986518783861,41.473453469682],[-72.0986598791278,41.4734164695592],[-72.0986768785489,41.473327469307],[-72.0986898792554,41.4732194698256],[-72.0986948789445,41.4732084697045],[-72.0987008782338,41.47318146921],[-72.0986428787464,41.4731764698775],[-72.098448878117,41.4731594691714],[-72.0982748783218,41.4731424690405],[-72.0981068787782,41.4731234695205],[-72.0981178780382,41.4730564697165],[-72.0978648781753,41.4730334695461],[-72.0978508781555,41.4730224696662],[-72.0978188780631,41.4730034690376],[-72.0977848784467,41.4729874698874],[-72.0977568784899,41.4729784696126],[-72.097727877943,41.472971469808],[-72.0976978780098,41.4729664695794],[-72.0976678778966,41.4729644695742]],[[-72.0786338716664,41.4731444698554],[-72.078576872548,41.4731754699787],[-72.0784288716289,41.4732424704821],[-72.0782298723424,41.4733424705729],[-72.0780948720156,41.4734054704092],[-72.0778728721696,41.4735174704859],[-72.0775148713989,41.4737144699826],[-72.0770948712276,41.4739494699485],[-72.077046872201,41.4739764700875],[-72.0770788715198,41.4740494699938],[-72.0771068721218,41.4741224707824],[-72.0771318717358,41.4741964705749],[-72.0771538715407,41.4742714702805],[-72.0771728722968,41.4743464704266],[-72.0771888720272,41.474422470482],[-72.0772008717953,41.4744984705222],[-72.0772098712934,41.4745744700995],[-72.0772148724195,41.4746514700521],[-72.0772168716272,41.4747274700549],[-72.0772158721376,41.474804470885],[-72.077210871298,41.4748924704624],[-72.077201872382,41.4749794705592],[-72.07718887221,41.4750664706347],[-72.0771728716786,41.4751534702456],[-72.0771518721123,41.4752394708138],[-72.0771268716694,41.4753264708365],[-72.0770988720201,41.4754134703958],[-72.07706787152,41.475499470902],[-72.0770328716525,41.4755844710063],[-72.076994871345,41.4756694706323],[-72.0768538714393,41.4759534708169],[-72.0765518722967,41.4765364707675],[-72.07642987112,41.4767834705053],[-72.0763158721264,41.4770314705855],[-72.0762068711249,41.4772974706592],[-72.0761088720537,41.4775654710778],[-72.0759888713895,41.4779484714432],[-72.0760518718518,41.477949471293],[-72.0760058720558,41.4781204715323],[-72.0759678711908,41.4782674708666],[-72.0757938712414,41.4789424709747],[-72.0757648717044,41.4790614710245],[-72.0757418710932,41.4791814715298],[-72.0757238716689,41.4793014716627],[-72.0757148713429,41.4793764715493],[-72.07570687158,41.4794714713704],[-72.0757028721055,41.4795664712538],[-72.0757028717394,41.479661471193],[-72.075705871515,41.47975547125],[-72.0757138718117,41.4798504713145],[-72.0757248714803,41.4799454718696],[-72.0757788716243,41.4803424716495],[-72.0756588719921,41.4803524717858],[-72.0757478719058,41.4808984712964],[-72.0757858722912,41.4811664714965],[-72.07582787159,41.4811554715452],[-72.0758748715022,41.4811514720488],[-72.07598787181,41.4812784716361],[-72.077928872968,41.4811324716241],[-72.0779858721105,41.4809304719974],[-72.0780368724514,41.4807484718324],[-72.0779938724869,41.4807504714366],[-72.0779468726674,41.4807564716539],[-72.0779348720685,41.4806804717735],[-72.0779298727008,41.4805884716735],[-72.0779388719074,41.4804694712035],[-72.0779628723889,41.480352471884],[-72.0780038724654,41.4802374718864],[-72.0780598721518,41.4801264710594],[-72.0782478721793,41.4798874714254],[-72.0784258721642,41.4797414716246],[-72.0785898725582,41.479642471455],[-72.0787248726343,41.4795804714027],[-72.0789158721275,41.4795134713219],[-72.0790658728201,41.4794774710682],[-72.0792208724198,41.4794524715471],[-72.0793778733419,41.4794394709285],[-72.0795358727444,41.4794394709336],[-72.0800008732165,41.4794554709533],[-72.0812728734599,41.4802514714521],[-72.081693874039,41.4804164709989],[-72.0822178742827,41.4806214713467],[-72.0822558740608,41.4806964710933],[-72.0849088742617,41.4804894714382],[-72.0856348743889,41.4804334713521],[-72.0859938753107,41.4803784709564],[-72.0863098748113,41.4803974714095],[-72.0864528751351,41.4803874714274],[-72.0865398749253,41.4803854715051],[-72.0867518751233,41.4803124711823],[-72.0868258751957,41.4802874710661],[-72.0890048759891,41.4804204707577],[-72.0891258762733,41.4804034715156],[-72.0890768757315,41.4803064709412],[-72.0883718751155,41.4786954707907],[-72.0878438749695,41.477398470876],[-72.0876778750321,41.4769894707098],[-72.0880378755418,41.4765184701643],[-72.0879478759225,41.476453470907],[-72.0876858758065,41.4762704702205],[-72.0871788754859,41.4759194708086],[-72.0870728750438,41.4758464700628],[-72.0865518754844,41.4754844702304],[-72.0861278743463,41.4751874704969],[-72.0858948750833,41.4750244705821],[-72.0858058744095,41.4749634705917],[-72.0854418746027,41.474706470075],[-72.0851968745303,41.47454446991],[-72.0849508744405,41.4746514697893],[-72.0843498735731,41.4748984703107],[-72.084291874234,41.4749284706822],[-72.0841578735139,41.4749794698575],[-72.0835778744966,41.4752004701789],[-72.0833208737161,41.4752984705072],[-72.0830488731947,41.47539947077],[-72.0829468735406,41.4754414708048],[-72.0828978739615,41.4754594704615],[-72.0826438733575,41.4755564701165],[-72.0825808734108,41.475580470728],[-72.0823158729696,41.4756854709221],[-72.0822518739582,41.4757064707157],[-72.0819818738289,41.475823470841],[-72.0816248737135,41.4759664702513],[-72.0812638731363,41.4761144705785],[-72.0809678725436,41.4762354706867],[-72.0807208729516,41.476328470248],[-72.0804478733212,41.4764384709774],[-72.0801078731539,41.4765774705052],[-72.0799738730737,41.4766314704682],[-72.0798858726255,41.4766934705665],[-72.0797778728407,41.4764504707716],[-72.0797488729306,41.4763844711068],[-72.0794518730429,41.4754074706348],[-72.0793468726182,41.4750594705957],[-72.0791748720309,41.4745484704076],[-72.079055872658,41.4740834700119],[-72.0789618724209,41.4736594698299],[-72.0788898718022,41.4734824702013],[-72.0788078719371,41.4733794698818],[-72.0786338716664,41.4731444698554]],[[-72.1039268808736,41.4856084720557],[-72.103675880581,41.4856464714128],[-72.1034948810801,41.4856634717093],[-72.1026988807865,41.4856464720089],[-72.1024298805221,41.4856354713294],[-72.1024278804204,41.4856704713889],[-72.1023968801739,41.4860804721118],[-72.1028518802147,41.4860964715528],[-72.10321788092,41.4861084719438],[-72.103336881154,41.4860974721182],[-72.1036978814904,41.4860634715127],[-72.1039718813257,41.4860364713637],[-72.1039588808311,41.4859004715355],[-72.1039338816722,41.4856564717911],[-72.1039268808736,41.4856084720557]]]},"properties":{"OBJECTID":4,"TOWN_NO":86,"TOWN":"Montville","GRACE_PERIOD":"Yes"}},{"type":"Feature","id":5,"geometry":{"type":"Polygon","coordinates":[[[-73.1654872046895,41.1550373715185],[-73.164679204538,41.157236372542],[-73.1644112045771,41.1579693720752],[-73.1644022050661,41.1580963728819],[-73.1643772054998,41.1584803728321],[-73.1643692046515,41.1586083722078],[-73.1643432046343,41.1586683730562],[-73.1642672046706,41.1588513731022],[-73.1642422048449,41.1589133728922],[-73.1640722044552,41.1592893725893],[-73.1635612042106,41.1604183731776],[-73.1633922043488,41.1607953730785],[-73.1632822050206,41.1611253732446],[-73.1627312045875,41.162849373614],[-73.1623092047822,41.1641723736896],[-73.1621832046987,41.1644913738223],[-73.1618072039953,41.1654493737192],[-73.1616832047453,41.1657693736496],[-73.1616132047602,41.1659473743353],[-73.1614022049924,41.1664843745908],[-73.1613332047398,41.16666337459],[-73.1610512047472,41.1674703748216],[-73.16020520381,41.1698923749444],[-73.1599242046657,41.1707003752371],[-73.159649204405,41.1713983748188],[-73.1588242044397,41.1734933759741],[-73.1587552037193,41.1736713756944],[-73.1589182044204,41.1736993757687],[-73.1593072045752,41.1737663755982],[-73.1592642047625,41.1738183761629],[-73.1591382044436,41.1739743760322],[-73.1590962045113,41.1740273760496],[-73.1590332041814,41.1740883759731],[-73.1588462045719,41.1742713755801],[-73.1587842039305,41.1743333757851],[-73.1587252039499,41.174403375582],[-73.1585492043032,41.1746133757143],[-73.158491203976,41.1746843758113],[-73.1583282037752,41.1748633763976],[-73.1581732037124,41.1750333761693],[-73.1573062032855,41.1759833759369],[-73.1572192037215,41.1760793759231],[-73.1569012032715,41.1764293766592],[-73.1566002033104,41.1767343767006],[-73.1556992038402,41.177652376863],[-73.1556192038152,41.1777343767893],[-73.1554252033282,41.1779813765435],[-73.1554002027774,41.1780793767112],[-73.1553312027918,41.1783743770091],[-73.1553282037173,41.1783913772091],[-73.1553212038121,41.1784753764925],[-73.1552962031904,41.1787993771836],[-73.155284202692,41.1789563769402],[-73.1553202035959,41.1794393769816],[-73.1552952032008,41.1797753769606],[-73.155291202903,41.1798353768867],[-73.155136202842,41.180051376978],[-73.1549502037639,41.1803123773247],[-73.1548082031058,41.1809623771128],[-73.1547632027521,41.1810363772438],[-73.1547222033245,41.1811153777684],[-73.1545662027769,41.1816153777523],[-73.1544952033309,41.1818383778626],[-73.1544752030497,41.1819553774735],[-73.1543522034846,41.1824743777284],[-73.1542322028571,41.1830383776879],[-73.1542262035669,41.1831383778146],[-73.1542982027861,41.1832613778194],[-73.1545742027326,41.1835443774037],[-73.1546142031884,41.1835623780405],[-73.1544872035469,41.1836913781214],[-73.154461203584,41.1838423780583],[-73.1544682028018,41.1838693783123],[-73.1546782036242,41.1844463779304],[-73.1547322038381,41.1848273778109],[-73.1547652034366,41.1850613780812],[-73.1548152040366,41.1853513779646],[-73.1548162029015,41.1853613783536],[-73.1548652036496,41.1856403783336],[-73.1549452038494,41.1861023781696],[-73.1549732037866,41.1862643786198],[-73.1550252030452,41.1865653783349],[-73.1550642036195,41.1866293787951],[-73.1551332037439,41.1867393783816],[-73.1551382037971,41.1868353785262],[-73.1551422036543,41.1869113788682],[-73.155069203349,41.187059378515],[-73.1550772031444,41.1872073785316],[-73.1551932038962,41.1874713782896],[-73.1551842035747,41.1875153788084],[-73.1551562040367,41.1876633784669],[-73.1550622034632,41.1879593790687],[-73.1549602032266,41.1881353788473],[-73.1548652038974,41.1887283786298],[-73.1548212040298,41.1888653791811],[-73.1548872037664,41.1893593789319],[-73.1548962032355,41.1893933793192],[-73.1550102041758,41.1897823785997],[-73.1551162041253,41.1900003786669],[-73.1551542032969,41.190079378612],[-73.1551702043575,41.1901113786061],[-73.155177203717,41.1902603789202],[-73.1551272044498,41.1903263792883],[-73.1551042041271,41.1903583787448],[-73.1550732032842,41.1903963791657],[-73.1550092041577,41.1904743788335],[-73.155022203553,41.1907683796389],[-73.155024203677,41.1907923792649],[-73.155002203562,41.1909133794341],[-73.1550242036117,41.1910013792611],[-73.1549662043777,41.1913133791523],[-73.1548132040483,41.1916543790324],[-73.1547042037651,41.1917363790478],[-73.1545822033347,41.1917553795343],[-73.1543692043055,41.1917913796011],[-73.1542822041724,41.1918353792922],[-73.1542752040406,41.1918843791145],[-73.1542532034007,41.1919083798285],[-73.154151204067,41.1920213793263],[-73.1539692034269,41.1921373797128],[-73.1538972039236,41.1922523791694],[-73.1538312036528,41.1924773797957],[-73.1538202036046,41.192541379775],[-73.1537952030845,41.1926853794816],[-73.153773202998,41.1927243796729],[-73.1537872040282,41.1927733800684],[-73.1538742037052,41.1929773797917],[-73.1539712037658,41.1930963792618],[-73.154111204025,41.1931573796161],[-73.1545322041324,41.1933403797228],[-73.1546732043919,41.1934013794575],[-73.1546492038965,41.1935383793701],[-73.1545782033915,41.1939503795208],[-73.1545552040823,41.1940883798596],[-73.1545352039465,41.1942313796492],[-73.1544772040912,41.1946433796604],[-73.1544752042108,41.1946603798843],[-73.1544622045061,41.1947563797123],[-73.1544562041293,41.1948043801106],[-73.1544932039394,41.1948833801868],[-73.1545382039798,41.1949773803475],[-73.1547842039933,41.1954973801914],[-73.1548672036185,41.1956713797455],[-73.155015204072,41.1961443805987],[-73.155459203987,41.1975633801625],[-73.155608204892,41.1980363802703],[-73.1556772047439,41.1982673809418],[-73.1558872043322,41.1989603810547],[-73.1559572051841,41.1991913806987],[-73.1560572047695,41.1994523810197],[-73.1563602050966,41.2002383809629],[-73.1564612048443,41.2005003813629],[-73.1565212055283,41.200655381026],[-73.1567012050732,41.2011223815143],[-73.1567312054883,41.2012003810307],[-73.1567612047886,41.2012783814434],[-73.157040205644,41.2022233812136],[-73.1578772054577,41.2050583816299],[-73.1579892053666,41.2054383821741],[-73.1581562055628,41.2060043816234],[-73.1589272066321,41.2078683827443],[-73.1590422056859,41.2082723826825],[-73.1600152065157,41.2116833829492],[-73.1603792065155,41.2127963837322],[-73.1609792068899,41.2146293835925],[-73.1610892072647,41.2149643840598],[-73.1611862069939,41.215263383755],[-73.1619452077176,41.2175803840112],[-73.1621212080896,41.2181103840538],[-73.1623332078495,41.218747384124],[-73.1626512079193,41.2197023841644],[-73.1628282075616,41.2202333843616],[-73.1627892084651,41.220354384966],[-73.1627322085423,41.2205373846264],[-73.1626932076068,41.2207233844522],[-73.1626672084168,41.2208483847117],[-73.1625662078742,41.2210283850829],[-73.1624782086919,41.221196385145],[-73.1624702086794,41.2212123851038],[-73.1622682075896,41.2214863851511],[-73.1621212079628,41.2216623853664],[-73.1620142080506,41.2218483848612],[-73.1619012085464,41.2221833847255],[-73.1618932082666,41.2222163849705],[-73.1618042076523,41.2226033852642],[-73.1617442078285,41.2227813851229],[-73.1615632080257,41.2233183856534],[-73.161504208181,41.2234983852566],[-73.1614972076159,41.2235263853277],[-73.1614732075189,41.2236273849378],[-73.16142620841,41.223831385823],[-73.161363207817,41.2240083850487],[-73.1613182073855,41.2241333857161],[-73.1613092076431,41.2241503850682],[-73.1612812081258,41.2242023853034],[-73.1612732081321,41.2242203850515],[-73.1611512082521,41.2244533856666],[-73.1610882076619,41.2245743854082],[-73.160721207602,41.225071385811],[-73.1606982080332,41.225098385223],[-73.1606302072726,41.2251823855214],[-73.1605512075107,41.2253163852912],[-73.160477208046,41.225366385659],[-73.1604292080818,41.2254193857601],[-73.1604142080234,41.2254373853349],[-73.1603632076014,41.2255133853206],[-73.1603072077688,41.2255793858018],[-73.1601592075476,41.2256713857563],[-73.1600502070971,41.2256863859772],[-73.1598912072999,41.2257103858866],[-73.1598402079047,41.2257173857576],[-73.159730206993,41.2257183856014],[-73.1595002068617,41.2257233858966],[-73.1592952076286,41.2257873859469],[-73.1592652068364,41.2258083861549],[-73.1591342075184,41.2259013856008],[-73.1590992070612,41.2259303860437],[-73.1590852077056,41.2259423858305],[-73.1590392072748,41.226006386081],[-73.1590282067528,41.2260433857834],[-73.1590162077166,41.2260873854769],[-73.1589952073785,41.2261383858457],[-73.1589312076218,41.2262943862611],[-73.1589112069093,41.2263463861324],[-73.1588202069099,41.2265373858227],[-73.1587412068188,41.2267353858285],[-73.1587202068322,41.2267533858934],[-73.1586622067976,41.2268043859531],[-73.1584172070844,41.2269453861327],[-73.1581622065881,41.2270813861836],[-73.1580152067545,41.2272723859027],[-73.1579012066443,41.2276903859356],[-73.1578902073305,41.2277223862703],[-73.1577462075615,41.2281513865627],[-73.1577252068014,41.2281983860284],[-73.1576672075683,41.2283303864888],[-73.1576612072487,41.228339386152],[-73.157637206427,41.2283853859915],[-73.1575822067945,41.2285183860167],[-73.1575552070442,41.2285673868797],[-73.1575502064592,41.2285773860676],[-73.1574742073939,41.2286463863695],[-73.1574322068047,41.2286743865077],[-73.1573852073189,41.2287143865831],[-73.1572622072784,41.2287813866615],[-73.1572312063098,41.2287943867686],[-73.1571582067067,41.2288303867514],[-73.1570452073899,41.2288723863093],[-73.1570162071618,41.2288833865681],[-73.156860207252,41.2289493861083],[-73.1564682062947,41.2290733864269],[-73.1559952062717,41.2292253864879],[-73.1552892067878,41.2294263870083],[-73.1551162059349,41.2294763868047],[-73.1549002059506,41.2295563871492],[-73.1546762060403,41.229637386943],[-73.1543982060619,41.22973938717],[-73.154298206293,41.2297903865947],[-73.1540262056025,41.2299333869737],[-73.1538962060901,41.2300023872822],[-73.1538262056396,41.2300603867012],[-73.1538412053074,41.2301593866957],[-73.1538572057891,41.2301903873215],[-73.1538742062511,41.2302233869954],[-73.1539562058279,41.2303063865399],[-73.1541162061398,41.2304353869808],[-73.1541532055791,41.2304633869938],[-73.1542612062498,41.2305453868658],[-73.1539042059057,41.2307983868248],[-73.1537932055301,41.2308693873707],[-73.1536962063918,41.2309233867429],[-73.1534942060137,41.2310123871489],[-73.1532922061379,41.2310843868866],[-73.1531072059576,41.2311663870144],[-73.1529942054616,41.2312003875388],[-73.1528272058205,41.2312603873148],[-73.1526092056398,41.2313193875703],[-73.15242020561,41.2313713871851],[-73.1522442050116,41.2314283868701],[-73.1520122058862,41.2315193872891],[-73.1518802050185,41.2315793870097],[-73.1514432054539,41.2318153869301],[-73.1512232056613,41.2319263874453],[-73.1510072045764,41.232044387051],[-73.1508342046823,41.232149387294],[-73.1507012054378,41.2322423875575],[-73.1506262049645,41.2322833877832],[-73.1504672054379,41.2324063877783],[-73.1503862045942,41.232493387094],[-73.1502072050917,41.2326673873523],[-73.1500952042289,41.2328033878176],[-73.1500852043987,41.2328203879553],[-73.1500592046687,41.2328453876927],[-73.1500452052253,41.2328683879288],[-73.1499962045147,41.2329193871934],[-73.1498692041814,41.2331173873966],[-73.1498502051223,41.2331733872792],[-73.1498042050486,41.23326738728],[-73.1497652052868,41.233404387622],[-73.1497552050672,41.233456387821],[-73.1496812048945,41.23361638783],[-73.1495582048198,41.2338113878431],[-73.1494772050126,41.2339083876743],[-73.1493712045794,41.2339883879334],[-73.1493482049041,41.2340113879661],[-73.149137204548,41.2341293881507],[-73.1490482039645,41.2341903880817],[-73.1490082047809,41.2342253880356],[-73.148945204319,41.2342903879485],[-73.1488432040586,41.2343673879125],[-73.1485602039733,41.2346133877298],[-73.1484732040007,41.2346843877261],[-73.1484532040406,41.2347013883101],[-73.1483262048177,41.2348303878616],[-73.1482702041102,41.2349313878208],[-73.1481462039361,41.2351193879341],[-73.1480472043685,41.2353213883503],[-73.147983204577,41.2354203881874],[-73.1478742038299,41.2356263878516],[-73.1478122040782,41.2357623877961],[-73.1477262047307,41.2359033883931],[-73.1476982046005,41.2359623879186],[-73.147582203905,41.2360613880859],[-73.1474262036323,41.236155388206],[-73.1473502037651,41.2362493886785],[-73.1472782042319,41.236322388676],[-73.1470472044611,41.2365603883683],[-73.146798203715,41.2367863885984],[-73.1467422039128,41.2368383885723],[-73.1466072037782,41.2368953886606],[-73.1462202041062,41.2370503887859],[-73.1459722035023,41.2371013887735],[-73.1457692034336,41.2371643885788],[-73.1454552030419,41.2372633884077],[-73.1453062038068,41.237283388544],[-73.1451572032874,41.2373033884906],[-73.1447932029825,41.2373443889146],[-73.1443542033031,41.2374343882435],[-73.1440142030495,41.2374843889349],[-73.1431702027715,41.2376293891411],[-73.1430572022426,41.237637388608],[-73.1428302022969,41.2376673888596],[-73.1426082031035,41.237683388592],[-73.1424472027633,41.2377003889787],[-73.1423292024841,41.2377043889087],[-73.142237202105,41.2377323890771],[-73.1419322026783,41.2377863885499],[-73.1416742022082,41.2378413888767],[-73.141133202516,41.2379313889086],[-73.1406522026489,41.2379953885672],[-73.1412552020112,41.238704388685],[-73.1427082025889,41.2405343889421],[-73.1427532026177,41.2405623894853],[-73.1429462027966,41.2407593897026],[-73.1430892032407,41.2409723892039],[-73.143184203595,41.2412303898421],[-73.1432652036347,41.2417173894513],[-73.1433242027445,41.2422343897575],[-73.1433372028695,41.2424943899849],[-73.1433482036125,41.2427533894842],[-73.1433442031187,41.2428003899194],[-73.1432882027462,41.2434953895724],[-73.1432252034855,41.2442523903763],[-73.143286203593,41.244817389701],[-73.1433292036179,41.2450423903191],[-73.1433832031066,41.2452073902246],[-73.1434172036826,41.2453093903174],[-73.1435062029557,41.2455753900245],[-73.1436862034356,41.245943389989],[-73.143864203969,41.2463103907562],[-73.1440822040152,41.2466573907966],[-73.1442962040341,41.247008390436],[-73.1443922039559,41.2472583906485],[-73.1444872038918,41.2475113908819],[-73.1446052038799,41.2478423905718],[-73.1447192037544,41.2481623906645],[-73.1449012046371,41.2487683910337],[-73.1450372040755,41.2492913907484],[-73.1452032047437,41.2497743910183],[-73.1452332048002,41.2498583910914],[-73.1452652040052,41.2500613906672],[-73.1452782041205,41.2501493906316],[-73.1453372038457,41.2505273907649],[-73.1453622045523,41.2508743909221],[-73.145373204163,41.251024391141],[-73.145370204543,41.2512073912305],[-73.1453832047827,41.2514153916572],[-73.1453852042186,41.2514373914593],[-73.1453922038642,41.2515063912685],[-73.145395204442,41.2515293916015],[-73.1454082039632,41.2516553909298],[-73.1454372048692,41.251771391456],[-73.1454332048222,41.2518983913466],[-73.1454302044149,41.2520233915121],[-73.1453662039102,41.2524843918647],[-73.1453552045545,41.2528563917668],[-73.1453422049192,41.2530143914775],[-73.1453262040582,41.2532303915497],[-73.145326204984,41.2533883913882],[-73.1453352043475,41.2535913919561],[-73.1453412042004,41.2536963920133],[-73.1453542039791,41.253772391809],[-73.1453812050935,41.2539283921834],[-73.1454262046385,41.2541253921622],[-73.1454452051063,41.2541893917969],[-73.1455032046349,41.2543853914803],[-73.1456922047247,41.2544453919952],[-73.1462592050288,41.2546283919321],[-73.1464482054414,41.254689391588],[-73.1465342046384,41.2548263916632],[-73.1466732045345,41.2550443915531],[-73.1467952052904,41.2552373918975],[-73.1468832046727,41.2553753923674],[-73.1460102043546,41.2558153919788],[-73.1438972039456,41.2571673927645],[-73.1435512039101,41.2572233920834],[-73.1432252044046,41.2573183925572],[-73.1422462039055,41.2576043922035],[-73.1419212041742,41.2577003922129],[-73.1391072023782,41.2585893928355],[-73.1314012004473,41.2610273932096],[-73.1304032001744,41.2613613936172],[-73.1243891985526,41.263378394339],[-73.1202421973774,41.2646873951033],[-73.1196871966568,41.2648593947289],[-73.1182161967699,41.2653233947463],[-73.1141721951627,41.2665983949939],[-73.1135771948212,41.2668323951914],[-73.1127521951499,41.2672963952539],[-73.1104561937238,41.2679033956939],[-73.1093571932949,41.2682523958163],[-73.1084051939104,41.2685553958185],[-73.1082961938026,41.2685903955152],[-73.1083011932084,41.2684053963126],[-73.1082411930857,41.2682363958738],[-73.1080481938197,41.268135396127],[-73.1078681930321,41.2680163953631],[-73.1078171933472,41.2679833961938],[-73.1069841927852,41.2676843959128],[-73.1065481923814,41.2674213954069],[-73.1063051924452,41.2672593953417],[-73.1060501922155,41.2670583955119],[-73.1059621925817,41.2669193960775],[-73.10592619237,41.2668203952827],[-73.1059401927193,41.266772395502],[-73.105955192941,41.2667223954465],[-73.1060091928556,41.2666643953554],[-73.1062461921287,41.2665693954353],[-73.1065081923109,41.2664363953747],[-73.1065941928851,41.2663583957675],[-73.1066151930086,41.2663393951279],[-73.1066911931714,41.2661833957803],[-73.106737192438,41.2659523953458],[-73.1069381931164,41.2655663954181],[-73.1071321932048,41.2651613952538],[-73.1072291931952,41.2649803951823],[-73.1072711930787,41.2646563956137],[-73.1072621923945,41.2643753951427],[-73.1070821932313,41.2640823948181],[-73.1068521929448,41.2638863954455],[-73.106744192722,41.2638393951467],[-73.1066141924341,41.2637843953563],[-73.106322192212,41.2637303948279],[-73.1058781918922,41.2637423951867],[-73.105531192155,41.2637813948197],[-73.1052121918198,41.2637463952292],[-73.1048821921359,41.2636623947358],[-73.1046171915777,41.2635643946684],[-73.1043801913351,41.263412394686],[-73.1041071917136,41.2631663947443],[-73.1040101918462,41.263038395223],[-73.1039501914728,41.262957394742],[-73.1036721910789,41.26253439445],[-73.1034301919668,41.2622993950135],[-73.1032531918433,41.2621043945141],[-73.103052191754,41.2618593945272],[-73.1029971911618,41.2617353949504],[-73.1029531912557,41.261651394796],[-73.1029521911481,41.2614833946539],[-73.1029801910101,41.2610753949259],[-73.1030651909278,41.2601713946774],[-73.1031181907866,41.25978339479],[-73.1030771913506,41.2596203947154],[-73.1029761911617,41.2595193944862],[-73.1026261910989,41.2594403943741],[-73.1022091911268,41.2594033939019],[-73.1019221910125,41.2594233943265],[-73.1016541903756,41.2594343943634],[-73.1012301903819,41.2595203941961],[-73.101076190656,41.2595523942844],[-73.1008221904704,41.2595483941162],[-73.1004201901564,41.259477394762],[-73.1000431897425,41.2594023943841],[-73.0998481903387,41.2593843945061],[-73.0995221901395,41.259384394132],[-73.0990621896195,41.2594013945988],[-73.0988341900359,41.2593823941518],[-73.0983601899478,41.2592883945606],[-73.0982691894359,41.2592703943241],[-73.0982301890737,41.2592563941051],[-73.0978501891098,41.2591283942154],[-73.0977241890033,41.2590863943054],[-73.0975711894712,41.2590343940362],[-73.0974381895752,41.2589893940977],[-73.0971521898096,41.2588923940789],[-73.0971171893642,41.2588733947448],[-73.0970641890753,41.2588443947948],[-73.0969771896085,41.2587963942102],[-73.0969261886441,41.2587573942069],[-73.0969121887718,41.2587083944113],[-73.0968311888953,41.2586093946932],[-73.0967791888943,41.2585803942833],[-73.0967441893716,41.258560394449],[-73.0967011894495,41.2585563943503],[-73.096315189337,41.2585273942009],[-73.0959801886429,41.2584233944919],[-73.0956381892759,41.2582693939487],[-73.0956011886656,41.2582483940198],[-73.0952661884672,41.2580603942187],[-73.0948981889088,41.2566503940694],[-73.0945591887763,41.2562223940935],[-73.0908731876174,41.2570903938755],[-73.0887531867813,41.2554043938046],[-73.0880311864042,41.2551153942864],[-73.0873091852862,41.2548263938311],[-73.0870311862948,41.2547153936842],[-73.0867531858682,41.2546043937687],[-73.0869221855243,41.2538073940905],[-73.0870921852822,41.2530123937178],[-73.0873511854173,41.2518003930951],[-73.0885701861783,41.2500973930114],[-73.0885861855373,41.2500743926936],[-73.0887661857879,41.24982239288],[-73.0889461862676,41.249571393157],[-73.0911511865562,41.2464913926358],[-73.0912161869058,41.2464193918567],[-73.0914151861353,41.2462703923256],[-73.0916141865796,41.246123392309],[-73.0934031873603,41.2446253916089],[-73.095626187452,41.2433543911748],[-73.0991681890003,41.2413283909686],[-73.0994951885423,41.2411603909263],[-73.0997901894575,41.2410083912338],[-73.1015741900846,41.2400963907331],[-73.1040551900271,41.2375313902381],[-73.1049531907404,41.2366033900822],[-73.1075541908884,41.2325043891382],[-73.1089541911229,41.2310043889665],[-73.1099541916079,41.2294043882487],[-73.1100251919667,41.2291683879099],[-73.1101321915667,41.2288083883685],[-73.1105541918515,41.2274043876696],[-73.1104541915738,41.2253043877533],[-73.1101971919647,41.2243213876566],[-73.1099391911534,41.2233383873766],[-73.1095651908872,41.2219093864085],[-73.1093541904556,41.2211043870062],[-73.1083541903846,41.2183043864412],[-73.1092541909442,41.2164043856084],[-73.1095841905303,41.2156123854312],[-73.1102541903955,41.214004385325],[-73.1103411907425,41.2133023855421],[-73.1105041905136,41.2120023850412],[-73.1106541901769,41.2108043846009],[-73.1106541905528,41.2085033841556],[-73.1106541902901,41.2084573842952],[-73.1106541902567,41.208320384199],[-73.1106541907486,41.2082753838237],[-73.1106541900801,41.2078053840152],[-73.1105851901343,41.2076493841946],[-73.109811190534,41.2058913836049],[-73.1095541895373,41.2053053838858],[-73.1095341899373,41.2052083838199],[-73.1094771901834,41.2049223833228],[-73.1094581902278,41.2048273835796],[-73.109454190583,41.2048053830916],[-73.1094371905002,41.2047463838511],[-73.1094181901487,41.2046813831566],[-73.1093851904492,41.2045633833198],[-73.1092541903365,41.204105383476],[-73.1092951894191,41.2038863830023],[-73.1095391902187,41.2026103827921],[-73.1096541899454,41.20200538306],[-73.1101231903498,41.2011183825525],[-73.1105431897066,41.2003243824493],[-73.1105541899996,41.2003053827107],[-73.1105731897926,41.2002783825606],[-73.110643189815,41.200178382341],[-73.1107021902884,41.2000953828519],[-73.1115341908488,41.1989163818588],[-73.1116831898976,41.1987033817684],[-73.1123661900013,41.1977373818268],[-73.1130781902463,41.1967283814495],[-73.1134611904997,41.1961863813594],[-73.1145561914689,41.1946353808763],[-73.1149841908788,41.1940283814687],[-73.1153541912684,41.1935053813968],[-73.1162341915146,41.1925943809566],[-73.1172521916411,41.1915403809228],[-73.118254191854,41.1905053801433],[-73.1189231922626,41.1899703802845],[-73.1191131916747,41.1898173802717],[-73.1193041923622,41.1896653797979],[-73.1205621924752,41.1886583800152],[-73.12075419272,41.1885053797606],[-73.1213531932493,41.1875043797563],[-73.1213671925602,41.1874523797312],[-73.1217901929063,41.1857603797045],[-73.1219541932802,41.1851053793951],[-73.1224541925261,41.1829053786705],[-73.1223791926412,41.1806073781421],[-73.1223541927248,41.179805378207],[-73.121998192867,41.1789353778949],[-73.121454192388,41.1776053777535],[-73.1207351919161,41.1767523780589],[-73.1198541910624,41.1757053771592],[-73.1179541912793,41.1745053772595],[-73.1160541898347,41.1737053772509],[-73.1143511894291,41.1727003773773],[-73.1140951890025,41.1725503767681],[-73.1131241888394,41.171978376972],[-73.1121531894606,41.1714053766745],[-73.1113201890797,41.1708733768724],[-73.1088211873529,41.1692773763262],[-73.1079881873006,41.1687463761528],[-73.1079461874166,41.1687193764094],[-73.1078211872526,41.1686393761516],[-73.1077801867899,41.1686133763127],[-73.1077141868804,41.1685713763715],[-73.1075181867004,41.1684463767631],[-73.107453187595,41.1684053766353],[-73.1072481866512,41.1680363767999],[-73.1066351873713,41.1669323763078],[-73.1064311865697,41.1665643758757],[-73.1023951849225,41.1592923748184],[-73.1016811843952,41.1580063742802],[-73.0953531824439,41.1466053721929],[-73.1057901850168,41.1465103720588],[-73.1141061885215,41.1464363722236],[-73.1190201900925,41.1463913718543],[-73.1195531897185,41.1463873718804],[-73.1250011919726,41.1463383716104],[-73.1305241931396,41.1462883712979],[-73.1336831944055,41.147007371824],[-73.1384761963028,41.1480983716661],[-73.1439321982766,41.1493393714045],[-73.160300203609,41.1530633720408],[-73.1657562055298,41.1543053714045],[-73.1654872046895,41.1550373715185]]]},"properties":{"OBJECTID":5,"TOWN_NO":138,"TOWN":"Stratford","GRACE_PERIOD":"Yes"}},{"type":"Feature","id":6,"geometry":{"type":"Polygon","coordinates":[[[-73.1046312061446,41.4914014392982],[-73.1045972056402,41.4918244393731],[-73.1045332052166,41.4920664389867],[-73.1042972054243,41.492292439219],[-73.1041872062356,41.4924324389173],[-73.1041172062362,41.4926144390981],[-73.1040182062596,41.4931334390722],[-73.1040062058923,41.4932704399338],[-73.1039712052954,41.4933624398666],[-73.1038802052798,41.4936444400224],[-73.1035452061475,41.4944794395231],[-73.1034452056329,41.494594439355],[-73.1032652053025,41.4947034397888],[-73.1029522049675,41.4948544401325],[-73.1027382053743,41.4949404396544],[-73.1024812058377,41.4950534397512],[-73.1023752051405,41.4951214395018],[-73.1021872057879,41.4953814396481],[-73.1021232046994,41.4955014396005],[-73.1021012056627,41.4956324398942],[-73.1020912057883,41.4958154398258],[-73.1021792048543,41.4961074400759],[-73.1021732056244,41.4963044398968],[-73.1020652050231,41.4965554399544],[-73.1019542052518,41.4967404401512],[-73.1018692052938,41.4969634407037],[-73.1016842049828,41.4971374399607],[-73.1014622049065,41.4973654405893],[-73.1011042054616,41.4977664402297],[-73.1009832052098,41.4978104408711],[-73.1008002046814,41.4978404402036],[-73.1001302045518,41.4979004406516],[-73.0998482043031,41.4979304401712],[-73.0997232039892,41.497966440727],[-73.0995932041901,41.4980444405767],[-73.0992082048288,41.4987564406909],[-73.0988192038641,41.4992344409762],[-73.0984932043985,41.4995674408186],[-73.0979402036211,41.499906441308],[-73.0978132035719,41.5000474414464],[-73.0976752045164,41.5001734406047],[-73.0973852040726,41.500673441259],[-73.0972052035928,41.5007854411739],[-73.0969602034651,41.5008874408145],[-73.0965652038147,41.5010264416359],[-73.0957662039365,41.5013504410559],[-73.0954052030663,41.5015094416799],[-73.0953152039505,41.5015774416317],[-73.0953012036488,41.5018784412173],[-73.0952872035435,41.5022234418838],[-73.0953802030737,41.5025114413402],[-73.0954592038004,41.5027554420708],[-73.0955532037778,41.5030434419613],[-73.0956542039321,41.5033534419686],[-73.0956792035971,41.5034644419006],[-73.0956922034143,41.5035874416225],[-73.0957032033573,41.5037584417487],[-73.0957222040222,41.5040324414681],[-73.0957162038983,41.5042434419639],[-73.0960082041927,41.504961441908],[-73.0959782034096,41.5053554421683],[-73.0959172037466,41.5056964423015],[-73.0958332039806,41.505881442294],[-73.0957602040921,41.5060434424598],[-73.0957232035638,41.5062094419635],[-73.0957392034926,41.5065964426157],[-73.0958322036035,41.5067014419973],[-73.0958432034273,41.5067514426944],[-73.0959302042412,41.5071324427416],[-73.0959832043398,41.5073094427097],[-73.0960392042455,41.5074934423825],[-73.0960532041702,41.5076224428852],[-73.0960512038733,41.5078124427611],[-73.0960502045064,41.5080574427406],[-73.0960302043817,41.5082924423683],[-73.0959252035843,41.5087334424315],[-73.0959132042304,41.5087594426539],[-73.0957912042759,41.5090564431245],[-73.0956912039474,41.5092624425754],[-73.0956192038792,41.5094134428813],[-73.0956062038008,41.5097104431022],[-73.0956342044484,41.5098424430864],[-73.0956782042415,41.5099184428202],[-73.0957132037329,41.5099794427272],[-73.095727203912,41.5101384429429],[-73.09574720441,41.5103764429358],[-73.0957582046165,41.5104914430179],[-73.0956902043541,41.5105974434206],[-73.0955722037544,41.5107164428877],[-73.0954062044305,41.5108694435201],[-73.095347204466,41.5109304431944],[-73.0951832035489,41.5111044430608],[-73.0949992040555,41.5112784432771],[-73.0948002032992,41.5114544429662],[-73.0947602043481,41.5115034432569],[-73.0947482036456,41.5115194434402],[-73.0945872042486,41.5131954432753],[-73.0945932035187,41.5132374436168],[-73.0946862036388,41.513813444127],[-73.0945172043271,41.5138334435738],[-73.0940122032656,41.5138944438006],[-73.0938442031348,41.5139154441192],[-73.0927612028814,41.5139484437347],[-73.0895112024243,41.5140494444276],[-73.0884292022484,41.5140834438372],[-73.0875202017826,41.5140674444268],[-73.0858382016598,41.5140384438762],[-73.0847932008914,41.5140194444972],[-73.0838852006012,41.5140044444021],[-73.0833092007454,41.5140064444506],[-73.0815842001425,41.5140144445414],[-73.0810101998611,41.5140174438609],[-73.0807791994331,41.5140364445771],[-73.0801571988782,41.5140904443027],[-73.0800891991068,41.5140924439763],[-73.0798591985891,41.5140994447789],[-73.0793381985327,41.5140944447427],[-73.0777771990575,41.5140824447222],[-73.0772571986801,41.5140784444609],[-73.0758281982683,41.5141244442011],[-73.0715431967872,41.5142624446706],[-73.0701151962505,41.5143094447615],[-73.0700701961085,41.5143074450991],[-73.0699371962736,41.5143014449412],[-73.069893195365,41.514300444579],[-73.0692161961804,41.5142854446707],[-73.0671851948153,41.5142424451505],[-73.0665091949114,41.5142284449051],[-73.065071194457,41.5142884450181],[-73.064316194355,41.5143214450619],[-73.0607571932236,41.5144714446851],[-73.0593191919783,41.5145324452039],[-73.0584581926309,41.5145584454561],[-73.0558771910556,41.5146384452165],[-73.0550171916414,41.5146654452914],[-73.0549631905789,41.5146604454434],[-73.0548041916195,41.514648445131],[-73.0547511907843,41.5146444455815],[-73.0546781904382,41.5146604456551],[-73.0546391913107,41.5146684455432],[-73.0546051912539,41.5146764456791],[-73.0544571909882,41.5147084454868],[-73.054387191489,41.5147234451831],[-73.0543181909511,41.5147394452422],[-73.0543031909858,41.514742445474],[-73.0541921914743,41.5147664450534],[-73.0541051907406,41.5147674450636],[-73.0538471906157,41.5147704457692],[-73.0537611912486,41.5147724450219],[-73.0535951906261,41.5147974456178],[-73.0531001910272,41.5148744450492],[-73.0529351900623,41.5149004451044],[-73.0526661898362,41.5149204456513],[-73.051860190579,41.5149824451816],[-73.0515921896977,41.5150044457884],[-73.0511881901212,41.5150394456051],[-73.0499751891974,41.5151474455916],[-73.0495461891896,41.5151864459282],[-73.0494661890511,41.515192445736],[-73.0493671887684,41.5152004452389],[-73.0491481887762,41.5152174458565],[-73.0490431888085,41.5152264457328],[-73.0485741890753,41.5153684454782],[-73.0475531892451,41.5152124459505],[-73.0395051859696,41.5165944463781],[-73.0349381849442,41.5171344462822],[-73.0300001830433,41.517718446508],[-73.0295851828652,41.5177604463653],[-73.0283401829317,41.5178884466365],[-73.0279261828471,41.5179314465285],[-73.0264121815583,41.5182294469135],[-73.0224541803223,41.5190094477074],[-73.0218701810772,41.5191254476965],[-73.0203571799154,41.5194254475194],[-73.019969179893,41.5194994475451],[-73.019779179929,41.5194724474761],[-73.01920217958,41.5194174473733],[-73.0188981800461,41.5194534473055],[-73.0186861796557,41.5196004472971],[-73.0186601797085,41.5196204474502],[-73.0184761790441,41.5193014471307],[-73.0180551794584,41.5180764476802],[-73.0169421782877,41.5148404464574],[-73.0168441783093,41.5145454464166],[-73.0164421782988,41.5133884467435],[-73.0163251779938,41.5130444462008],[-73.0145911775346,41.5080064455756],[-73.0144801779487,41.5076834453938],[-73.0143351780329,41.5072294452452],[-73.0142571773727,41.5070354453692],[-73.0140531770569,41.5064404448839],[-73.0139731767943,41.5062034452106],[-73.0139331775388,41.5060914449116],[-73.0138441774049,41.5058354447734],[-73.0138151776398,41.5057484449996],[-73.0138021775224,41.5057064448917],[-73.0137541769481,41.5055724453132],[-73.0136801772833,41.5053584450569],[-73.0136331769666,41.5052184446372],[-73.0134311769471,41.5046324450465],[-73.0132661771508,41.5041484445081],[-73.0129601768389,41.503264444938],[-73.0128431770018,41.5029224446535],[-73.0117071760533,41.4996194437509],[-73.0109751755096,41.4974914431407],[-73.0063181737463,41.4839484410399],[-73.0060441738562,41.483243441001],[-73.0031891723475,41.4759174391932],[-73.0026821721508,41.4746144389393],[-73.0025711715072,41.4747584394184],[-73.0024611722298,41.4748404391059],[-73.0024451722962,41.4748354391815],[-73.0024251721577,41.4748294395866],[-73.0023021721424,41.4747144395457],[-73.0022791719643,41.4746924390631],[-73.0021551713001,41.4746594394009],[-73.0020311719466,41.47469743946],[-73.001936171327,41.4747684396758],[-73.0019141715331,41.474664439489],[-73.0019801714727,41.4744664391433],[-73.0021771709926,41.4742144392679],[-73.0022501714537,41.4740884389101],[-73.002375171918,41.473846439088],[-73.002105171428,41.4731344390727],[-73.0019641717828,41.4727884388358],[-73.0016651716891,41.4720044389161],[-73.0013011715338,41.4710704390532],[-73.0008571713906,41.4699314383656],[-73.0019551707135,41.4667564383314],[-73.0033481709837,41.4627264366733],[-73.0042301719327,41.4625654370191],[-73.0253271780628,41.4596624357587],[-73.0257521782756,41.4596044355967],[-73.0259681789356,41.4605834357409],[-73.0261861781162,41.4615664364694],[-73.0277071785987,41.4628724361264],[-73.0279701796075,41.4630984359854],[-73.0283301798467,41.4636484361778],[-73.028398179042,41.4637474362778],[-73.0294011798474,41.464835436536],[-73.029615179484,41.4650514365574],[-73.0302571797573,41.4656994369054],[-73.0304721798437,41.4659154364765],[-73.0308381800738,41.4658034371283],[-73.0318551811939,41.465490436406],[-73.03214318062,41.4654024364766],[-73.0323501811824,41.4653384363731],[-73.0328641810389,41.4658114367964],[-73.0342601820263,41.4664094369598],[-73.0358321822405,41.4660774368826],[-73.0366541819533,41.465905436294],[-73.0372091822164,41.4661524363223],[-73.0375401824972,41.466302436917],[-73.0377351820758,41.4663124366499],[-73.0389371825418,41.4663814363516],[-73.0391891831834,41.466395436627],[-73.0392121832136,41.4664214365969],[-73.0393421828599,41.4665694365161],[-73.0404311834903,41.4678074365819],[-73.0414381839017,41.4688834371004],[-73.0433041846282,41.4681704365366],[-73.0434931840448,41.4682274369318],[-73.0441031849746,41.4684094363342],[-73.044949184781,41.4686634368149],[-73.0450771856233,41.4686734367215],[-73.0461131853041,41.4687584368261],[-73.0469271862055,41.4687424371217],[-73.0479211861168,41.4687234366571],[-73.0481341866847,41.4686944365383],[-73.048517185923,41.4686424364429],[-73.0491091860364,41.4684644369473],[-73.0493341861818,41.4684094364246],[-73.0496531862964,41.4683334367582],[-73.0499631862653,41.4683034364545],[-73.0501391870935,41.4682944363838],[-73.0501611862348,41.4682734362639],[-73.050228187268,41.46821443648],[-73.0502511869634,41.4681944367849],[-73.0504671872576,41.4683454363252],[-73.0505861871934,41.4684294367497],[-73.0507941871856,41.4685754368184],[-73.0511181872724,41.4687964365372],[-73.0512461868778,41.4689474365266],[-73.0514311875342,41.4689494364058],[-73.0517351876082,41.4689584366373],[-73.0519701876587,41.4689644363007],[-73.0520441870658,41.4689664369714],[-73.0521181876704,41.468968436691],[-73.0522241878541,41.4684724360791],[-73.0524151868709,41.4676364363175],[-73.0529871878911,41.4668814358846],[-73.0533461882278,41.4663434358494],[-73.0535211879714,41.4660764358363],[-73.0537811875079,41.4653754360884],[-73.0537891882338,41.4646244353209],[-73.0537741876813,41.4643884358542],[-73.0534751879435,41.4626744355198],[-73.0534911877139,41.4621854348267],[-73.0536441878094,41.4618194355942],[-73.0537271879431,41.4616214354103],[-73.0544031879129,41.4608394350092],[-73.0554251875949,41.4600034344644],[-73.0557121880419,41.4598004349305],[-73.0561091878785,41.4596314346659],[-73.0567001887874,41.459505434794],[-73.0572071878854,41.4592944343863],[-73.0578821887199,41.4590404343828],[-73.0586331889553,41.4587334341588],[-73.0589681888757,41.45862043407],[-73.0594341890864,41.4584854342696],[-73.060266189436,41.4579014345997],[-73.0608381892855,41.4570204339112],[-73.0609371892053,41.4567724337265],[-73.0610971898108,41.4566774337835],[-73.0612651899452,41.4565784339157],[-73.0617691896342,41.4562764337328],[-73.062111189478,41.4563004337493],[-73.0621531900867,41.4565224342434],[-73.0622361899638,41.4566354337047],[-73.0624521898284,41.4568104339506],[-73.0627431897472,41.4569444337243],[-73.0630901898621,41.457070433938],[-73.0636991907935,41.4572754340664],[-73.0640951907848,41.4573974337462],[-73.0642671909484,41.4574574340734],[-73.0644841907973,41.4575754343643],[-73.0653161908,41.4583434345418],[-73.0656031910177,41.4586664345799],[-73.0658571906788,41.4586484340925],[-73.0664851915926,41.4590784342535],[-73.0677771917556,41.459964433928],[-73.0692281926418,41.460266434616],[-73.0699041925467,41.4604084344332],[-73.0701991926468,41.4605474347938],[-73.0703031928065,41.4606144344444],[-73.0716321927243,41.461476434791],[-73.075933194791,41.464266434469],[-73.0773671952105,41.4651974345692],[-73.0785771962017,41.4659924354861],[-73.0822071970389,41.4683794353488],[-73.0824071971739,41.4685104357713],[-73.0834181981536,41.4691754358175],[-73.0860411988902,41.4708394360645],[-73.0876861988085,41.4718824357994],[-73.0925772008388,41.4749844367788],[-73.0938822019048,41.4758764364518],[-73.0964472017591,41.4776314365071],[-73.0971802024782,41.4780684372007],[-73.0978282028422,41.4784544364812],[-73.1019742044918,41.4809224371205],[-73.1033562043781,41.4817454369256],[-73.1033772049991,41.4818934376475],[-73.1034632047112,41.4825024376715],[-73.1034612044701,41.4826414374764],[-73.1034682048952,41.4827344373394],[-73.1035212051994,41.4828114376621],[-73.1036252054198,41.4828554376537],[-73.1036872053611,41.4829084376778],[-73.1042472052323,41.4834954378454],[-73.1043202048511,41.4836034375928],[-73.1043192046411,41.483949437727],[-73.104286205403,41.4844404377123],[-73.1043312057562,41.4846274375075],[-73.1042522048277,41.484727437518],[-73.1041902054081,41.4853104379656],[-73.104182205372,41.486027438385],[-73.1043662057762,41.4870434383667],[-73.1044002051595,41.4876274383297],[-73.1043922060075,41.4881084384371],[-73.1042522057036,41.4890624389408],[-73.1042442054793,41.4892164390266],[-73.1042322054398,41.4892924390613],[-73.1042342053018,41.4893594386676],[-73.1042352050672,41.4894044389506],[-73.1042372049533,41.4894244389835],[-73.1042372050227,41.4894444388779],[-73.1043632054002,41.4901764389181],[-73.1045182059575,41.4906774393315],[-73.1046282061868,41.4911664390552],[-73.1046312061446,41.4914014392982]]]},"properties":{"OBJECTID":6,"TOWN_NO":88,"TOWN":"Naugatuck","GRACE_PERIOD":"Yes"}},{"type":"Feature","id":7,"geometry":{"type":"Polygon","coordinates":[[[-72.3119989718747,41.8730815394317],[-72.3118829712556,41.8736595397827],[-72.311670971814,41.8739875394706],[-72.3110799709072,41.874245539859],[-72.310669971091,41.8742405397408],[-72.3101059715299,41.8742345399826],[-72.3096369712649,41.8742885395017],[-72.3092559710126,41.874365539516],[-72.3088119703007,41.8745445402072],[-72.3087849705782,41.8745625402593],[-72.3084389709926,41.8747875398637],[-72.308162970425,41.8750105398032],[-72.3080869711158,41.8753035396272],[-72.3080749700741,41.8755875402534],[-72.3081029705893,41.8758265400406],[-72.3081139700688,41.8759225400119],[-72.3083299705757,41.8762665405198],[-72.3084219702765,41.8764115400656],[-72.3088019707429,41.8773625399959],[-72.3089619712711,41.8779735408517],[-72.3089829714984,41.878054540502],[-72.3089289709816,41.878406540754],[-72.308701970603,41.8788035404578],[-72.3083419713035,41.8792465404103],[-72.3077959703467,41.8797345407758],[-72.3071979709868,41.8802115407775],[-72.306664970926,41.8806905407459],[-72.3064559702738,41.8809895411937],[-72.3064599707746,41.8811955407905],[-72.3065199706807,41.8813495410899],[-72.3066139704543,41.8815925411735],[-72.3069789702094,41.8819835415692],[-72.3070229704287,41.8821905415437],[-72.3069579707741,41.8824745410583],[-72.3066789710603,41.8828705412963],[-72.3063079708431,41.8832445419911],[-72.3060269709424,41.8833845414823],[-72.306007969942,41.8833845414536],[-72.3057379707453,41.883378541784],[-72.3054519707163,41.8832925418913],[-72.3052899705514,41.8830925414894],[-72.305131970196,41.8824705410379],[-72.3049909701283,41.8823885415157],[-72.3046989701011,41.8824705417702],[-72.3044099694713,41.8830815414168],[-72.3042529703395,41.8833725414733],[-72.3039469699457,41.8834735414566],[-72.3035489695922,41.8835525413993],[-72.3028849691679,41.8837235416105],[-72.3026029690304,41.8838745418341],[-72.3025649687111,41.8839655420567],[-72.3025299698053,41.8840495420677],[-72.3026409694331,41.884228542261],[-72.3025749697871,41.88453154234],[-72.3023239694991,41.884878542335],[-72.3020699690551,41.885304541747],[-72.3015829691085,41.8859515419345],[-72.3014289684515,41.8864775424218],[-72.3012539689773,41.8868865427853],[-72.300968968551,41.8871055421988],[-72.3005859685568,41.8873025421532],[-72.3000099681563,41.8874215421673],[-72.2994369688528,41.8874425423786],[-72.2989009678408,41.8873955422511],[-72.2985579682993,41.8874215424069],[-72.2983409683932,41.8875885426711],[-72.2981779681636,41.8878495422813],[-72.2981629676343,41.8879915429706],[-72.2981569677705,41.8880405427468],[-72.2981739686392,41.8881125432049],[-72.2981959682147,41.8882085426992],[-72.2982129686724,41.8882265428813],[-72.2983279685012,41.8883535431233],[-72.2986599683085,41.888592542966],[-72.2990369684447,41.8888535432275],[-72.2990619687012,41.8888715429641],[-72.2993279687219,41.8889465432615],[-72.2996289683439,41.8889785433385],[-72.2999779688358,41.8889475430757],[-72.3001949682962,41.8889425432494],[-72.3008279687102,41.8890555430639],[-72.3014549694612,41.8891295424668],[-72.3016979695376,41.8891305432543],[-72.3021209691018,41.8891185431132],[-72.3025539692772,41.8891065432063],[-72.3027759697785,41.8891265430565],[-72.3030719699836,41.8892515427405],[-72.3030999702058,41.8893075427846],[-72.3032099699288,41.8895345431668],[-72.3032229694524,41.8895605428143],[-72.3030819694315,41.8901905432114],[-72.3030739703146,41.8902115431949],[-72.3030509693893,41.890270543208],[-72.3030189698333,41.8903605429398],[-72.3029629698947,41.8905085430208],[-72.3027499702427,41.8910775433265],[-72.3026519695248,41.8912865431496],[-72.3023899694949,41.8918555431054],[-72.3020659692278,41.8922525438888],[-72.3012589691498,41.8929675437086],[-72.3009939687473,41.8931075433518],[-72.3003069691139,41.8934725440281],[-72.3002519691658,41.8934985433541],[-72.2997559689749,41.8937385437382],[-72.2992599686987,41.8939785437934],[-72.2992219685267,41.8939965436991],[-72.2984339690423,41.8942375436131],[-72.2971109675993,41.8945235443973],[-72.2970929679484,41.8945275443162],[-72.2964079678404,41.8947705444475],[-72.2957289673183,41.8948775444874],[-72.2953379677804,41.8949215441824],[-72.294870968015,41.8950785441063],[-72.2945899669352,41.895201544354],[-72.2939709671209,41.8953245441701],[-72.2934449672593,41.8954345441964],[-72.2931059672427,41.8955735439772],[-72.2930389666022,41.8956005440556],[-72.2926289667171,41.895865544388],[-72.291789966063,41.8963655446357],[-72.2914719660771,41.8966335450722],[-72.2910889665161,41.8969835447323],[-72.2909279661859,41.8971705450321],[-72.2908699657588,41.8973375443866],[-72.2909029658255,41.8975135445507],[-72.2909979661861,41.8976915446132],[-72.2922159665343,41.8991105454324],[-72.2925019674396,41.8995985450971],[-72.2925319666064,41.8996845455164],[-72.2926209672383,41.8999375450288],[-72.2926699667073,41.9002215449776],[-72.2926779665961,41.900527545346],[-72.2925209673182,41.9008525456363],[-72.2921929666393,41.9016005451851],[-72.2918639673948,41.9021125457776],[-72.2915739673252,41.9027205456101],[-72.2914999672065,41.902886546172],[-72.2914029672952,41.9031105457576],[-72.2913399664976,41.9033765463645],[-72.2913429662315,41.9034055462175],[-72.2913639664825,41.9035865455996],[-72.2913769673976,41.903705546174],[-72.2913779665545,41.9039345457034],[-72.2913359669213,41.904193545711],[-72.2912569670004,41.9043825458883],[-72.2909119663897,41.9047945459844],[-72.2908319665736,41.9049835463797],[-72.290946966669,41.9051855463317],[-72.2909509667895,41.9055675463444],[-72.2910379663265,41.9059205464998],[-72.2911849669175,41.9063215461766],[-72.2913879673488,41.9066085463571],[-72.2917179676912,41.9067775470151],[-72.2923879668371,41.9069075466546],[-72.2930079678062,41.9069985469644],[-72.2933479670967,41.9071675464169],[-72.2935529677207,41.9076455465459],[-72.2938059682038,41.9089275470719],[-72.2940589674279,41.909231546783],[-72.2945799675959,41.9094805468],[-72.2952849679963,41.909749546593],[-72.2959209683109,41.9101845466913],[-72.2964619686844,41.9106865469036],[-72.2968229685631,41.9110995469537],[-72.2969949688641,41.9113785473254],[-72.2971139692826,41.9116165469523],[-72.2971459690478,41.9116805469322],[-72.297276969483,41.9122105473487],[-72.2973959689972,41.9130305476178],[-72.2974999689382,41.9134835476004],[-72.2975589697274,41.9140275476581],[-72.2976619695007,41.9144965476685],[-72.2976369692141,41.9150765481731],[-72.297489970105,41.9156615481542],[-72.2974679692294,41.9159355478889],[-72.2975579697679,41.9164645478053],[-72.2978769695135,41.9173815482297],[-72.2984629696127,41.918289548497],[-72.2986089701106,41.9185985485326],[-72.2987969704204,41.9191065483689],[-72.2990519702372,41.9194795484331],[-72.2991489708523,41.9195495487022],[-72.2995189701433,41.9198195491497],[-72.3001199702643,41.9201085487773],[-72.3010579706173,41.9203205483987],[-72.3012299708546,41.9203595488507],[-72.3017219707328,41.9205585492022],[-72.3020819713885,41.9210065492131],[-72.3026669712015,41.9218105488948],[-72.3029159711941,41.922403549163],[-72.302937971836,41.9224575492596],[-72.3032509718734,41.9228635489922],[-72.3033839715466,41.9229615496612],[-72.3037649715091,41.9232435493011],[-72.3044589727078,41.9237545490575],[-72.3052019728413,41.9242185495792],[-72.3052309731436,41.9244315491584],[-72.3051679730905,41.9247385499941],[-72.3050939729598,41.924932549245],[-72.3050569721924,41.9250315498179],[-72.3051699731183,41.9252805495041],[-72.3054829726473,41.9255035500084],[-72.3055549722617,41.9255395496574],[-72.3058949731838,41.9257095497966],[-72.3062799730942,41.925965549407],[-72.3064839734785,41.9262045501125],[-72.3066479735125,41.9266335501399],[-72.3067189726591,41.9270785498211],[-72.3066959729652,41.927545549765],[-72.3066629734901,41.9282285503078],[-72.306665973245,41.9283615504108],[-72.3066599732765,41.9283895499968],[-72.3066679734064,41.928424550118],[-72.3066729727959,41.9286455500997],[-72.306677972789,41.9288515506791],[-72.3067179728742,41.9292025500714],[-72.3068039728849,41.9293975501099],[-72.3068779739743,41.9295645499851],[-72.3069049732574,41.9296355502311],[-72.3070019736167,41.9298955505355],[-72.3070219736118,41.9299485507986],[-72.3070049738118,41.9303415506072],[-72.3071519738425,41.9306555508291],[-72.3071859738142,41.930670550674],[-72.3074399740857,41.9307865503225],[-72.3075119731408,41.9308185503346],[-72.307627973535,41.9308365510356],[-72.3082119741419,41.9309285505683],[-72.308224973505,41.930930550295],[-72.3084029739788,41.9309775504084],[-72.3088729737801,41.9311005507728],[-72.3088809743386,41.9311115508038],[-72.3091449746122,41.9314645506377],[-72.3092669747238,41.9319805508864],[-72.3091869738601,41.9323475507443],[-72.3091489747838,41.9324985512219],[-72.3091109747281,41.9326565507835],[-72.3090859737977,41.9328695510276],[-72.3091079742809,41.9329915510937],[-72.3091649741038,41.9330875508275],[-72.3092199745907,41.9335445514033],[-72.3090799741953,41.9339375515631],[-72.3089579737847,41.9342845515412],[-72.3086179737257,41.935023551234],[-72.3084099743107,41.9355165517927],[-72.308203973865,41.9361105513142],[-72.3081779737799,41.9366475514125],[-72.3081269745491,41.9367165518005],[-72.3075449742917,41.9375175516117],[-72.307371973631,41.9378855517761],[-72.307356973467,41.937918552395],[-72.3072609743372,41.9382975516547],[-72.3072729741805,41.9387745524625],[-72.3072329739837,41.9389525522224],[-72.3071609743548,41.9390665526666],[-72.3070109744706,41.9393055521703],[-72.306954973782,41.9394175519794],[-72.3068229738641,41.9396645519489],[-72.3067149742457,41.9398945519946],[-72.3064349744092,41.9404105521987],[-72.3064029740591,41.9404705529513],[-72.3062919734996,41.9406525521789],[-72.306283974391,41.9406645524934],[-72.3062609738233,41.9407025523651],[-72.3062539735288,41.9407155522613],[-72.3061549737949,41.9407165528387],[-72.3051999736315,41.9407205527782],[-72.3020409721722,41.9407375529742],[-72.3009879724839,41.9407435525754],[-72.299263971585,41.9406875525012],[-72.2989219711313,41.9406855529502],[-72.2927239697181,41.9406505529746],[-72.2906579686899,41.940639552913],[-72.288142967737,41.940588553254],[-72.2853639667528,41.9405325535924],[-72.2805999650212,41.9404405534818],[-72.2789259646931,41.9404095532049],[-72.2788479652613,41.9404085532605],[-72.2787139651466,41.940406553664],[-72.2786119653712,41.9404035534472],[-72.2780859644491,41.940391553165],[-72.2776689644404,41.9403855530714],[-72.2764209638149,41.9403675533459],[-72.2760049636277,41.9403625534052],[-72.2745599636269,41.9403475539091],[-72.2702269625883,41.9403025535789],[-72.2694279619929,41.9402945533806],[-72.2687829620001,41.9402875536116],[-72.2671229609103,41.9402745534752],[-72.2648409605641,41.9402585537935],[-72.2621449595845,41.9402365539398],[-72.2604859585357,41.9402245540054],[-72.260137958884,41.94021355438],[-72.2590939582732,41.9401835544941],[-72.2587469579656,41.9401745536405],[-72.2560559576178,41.9401205544999],[-72.24952295478,41.9399915539065],[-72.2479849546299,41.9399565543244],[-72.2452949537636,41.9398975546217],[-72.2443379535031,41.9398945540687],[-72.2441939537664,41.9398945541559],[-72.2420509531797,41.9398905543956],[-72.2414699523236,41.9398885549016],[-72.2405139523328,41.9398865543925],[-72.2389659524486,41.9398795548547],[-72.2380609517107,41.9398765546254],[-72.2367059507715,41.9398715551213],[-72.236475950766,41.9422405548451],[-72.236382950797,41.9432075554782],[-72.236376951163,41.9432625557399],[-72.2363719507584,41.9433165556736],[-72.2363649513355,41.9433915557883],[-72.2363269511427,41.9437815558995],[-72.2363429512241,41.943891555515],[-72.2363549511893,41.9439335557434],[-72.2364159511536,41.9440535559565],[-72.2364879510395,41.9441665554023],[-72.2365309512382,41.9442435554655],[-72.2365809518769,41.9443775554279],[-72.236594950853,41.9444455559275],[-72.2365849509424,41.9445575559141],[-72.2365849514663,41.9446135560289],[-72.2366099512629,41.9447015555825],[-72.2366559519649,41.9448125560977],[-72.2367149510265,41.944961555656],[-72.2367599518306,41.9450615560381],[-72.2367939517289,41.9451635558577],[-72.2368229512706,41.9453115562124],[-72.2368389510704,41.9454605558984],[-72.2368519515831,41.9458345555109],[-72.2368539514872,41.9461595557542],[-72.2368549514211,41.9461945557385],[-72.2368509512051,41.9466475561479],[-72.2368429516719,41.9469145564083],[-72.2368289517257,41.9471805558954],[-72.236781951333,41.9476145559843],[-72.2367649519214,41.9478315564657],[-72.2367609513991,41.9480595561871],[-72.2367679520299,41.9483765565174],[-72.2367789518075,41.9485965567238],[-72.2367599519387,41.9487825564809],[-72.2367499514031,41.9489685565144],[-72.236750951536,41.9491405566884],[-72.2367639516806,41.9494835569069],[-72.2367579516507,41.9497095570378],[-72.2367389512708,41.9500865564136],[-72.2367329520641,41.9503145570214],[-72.2367349517151,41.9506275564414],[-72.2367289517212,41.9508565572659],[-72.2367269518046,41.9511815572929],[-72.2367329515755,41.9519805570577],[-72.2367419515895,41.9526365575194],[-72.2367559514576,41.9535985576894],[-72.2367569518113,41.9536665570589],[-72.2367809521345,41.9542785574885],[-72.2367709520908,41.9547525571824],[-72.236742951721,41.9553715573377],[-72.2367409520753,41.9556525573676],[-72.2367189524518,41.9557535576966],[-72.2366429517824,41.9560095580874],[-72.2366149525747,41.9560585580958],[-72.236627952173,41.9562245582638],[-72.2366689521915,41.9567245581888],[-72.2366829524805,41.9568915576068],[-72.2367129518618,41.9572925580773],[-72.2367939519062,41.9583005586465],[-72.2360379525163,41.9579665579212],[-72.2358569519795,41.9578825583692],[-72.2357849514371,41.9578495578756],[-72.2351179513914,41.9576555580384],[-72.2348989511553,41.9575915578277],[-72.2347009511948,41.9575965584639],[-72.2341069508154,41.9576135579498],[-72.2339099510974,41.9576195583452],[-72.2337809506827,41.9576225583654],[-72.2336549512794,41.9576255581221],[-72.2331439516246,41.9576405585957],[-72.2328899515773,41.9576465584508],[-72.2326359511164,41.957654558258],[-72.230982950689,41.9576925579034],[-72.2260249492037,41.9578085589622],[-72.2243729476487,41.9578475581695],[-72.2239059479053,41.9578605586804],[-72.2228939482569,41.9579075590431],[-72.2225739475555,41.9579235588231],[-72.2184589466504,41.9581035588687],[-72.2169809459479,41.9581695587977],[-72.2172609450275,41.9493615571093],[-72.2172889449759,41.9432495557992],[-72.2172769448528,41.9429155556288],[-72.217026944963,41.9358155548288],[-72.2169979441237,41.9350345541108],[-72.2169919442843,41.9347865547622],[-72.2168499435842,41.9287495532117],[-72.2168479442516,41.9286795533357],[-72.2168159437823,41.9275885528648],[-72.2167679438497,41.9259175526494],[-72.2167649439557,41.9257785531418],[-72.2167619442066,41.9256745530444],[-72.2167639436191,41.9255815528015],[-72.2167769437604,41.924993552424],[-72.2167799437946,41.9249075523366],[-72.2167809443416,41.9247975528426],[-72.2167819439928,41.9246345527188],[-72.2167729441748,41.9244625527245],[-72.2167209438031,41.9234575518679],[-72.2167039436115,41.9231235518122],[-72.2166809440219,41.9207345516609],[-72.216680943934,41.9206995521942],[-72.2166509435047,41.918670551651],[-72.2165379433716,41.9108715500586],[-72.2165349422609,41.9107115496423],[-72.2165489426722,41.9094575492026],[-72.2165649427744,41.9079285495208],[-72.2165929426444,41.9025795478954],[-72.2166049418663,41.9003935478225],[-72.2166379427592,41.8987975474814],[-72.2166399424243,41.8986405478851],[-72.2164539418139,41.896493546764],[-72.2164449422338,41.8963795468532],[-72.2163599421288,41.8953335468845],[-72.2163069420025,41.8928265463825],[-72.2163279420038,41.8914125465622],[-72.2163299413567,41.8913645461328],[-72.2163349419966,41.8912295463253],[-72.2164569410063,41.8880705458472],[-72.2169009414975,41.8844725449326],[-72.2169259412262,41.8827605446986],[-72.2169289416823,41.8826485444344],[-72.2169539414475,41.8810055445737],[-72.2170189403643,41.8751055433334],[-72.2170999402346,41.8726695426786],[-72.2171009406501,41.8726195422234],[-72.2171009409504,41.8723085420277],[-72.2171529408739,41.8690075415628],[-72.2172609398324,41.8624295406451],[-72.217263940584,41.8622225406545],[-72.2173719398665,41.8556195392324],[-72.217372939526,41.8555615389512],[-72.2173739401976,41.855502539288],[-72.21737693961,41.8552855396388],[-72.2174429397999,41.8512745383395],[-72.2174659393028,41.849895537864],[-72.217577938576,41.8430975366349],[-72.2177019393053,41.8361615353724],[-72.217719938775,41.8351925348815],[-72.2189199393317,41.8352085349931],[-72.2225219405776,41.8352585350715],[-72.2237229402664,41.83527553516],[-72.2245969415609,41.8352855351561],[-72.2250029411565,41.8352915348172],[-72.2272199421938,41.8353185350662],[-72.2280949419397,41.8353305353052],[-72.2281599416003,41.8353345347313],[-72.2283569427292,41.8353465346262],[-72.2284229420197,41.8353515351066],[-72.2286749423756,41.8353785349777],[-72.2299439428515,41.8353865350677],[-72.2345129438331,41.8354195349782],[-72.2360359444745,41.8354305350117],[-72.2370139444602,41.8354475347081],[-72.239948946358,41.8354985344561],[-72.240927946188,41.8355155342392],[-72.2413729461759,41.8355225350342],[-72.2427089464435,41.8355465341952],[-72.24308794672,41.835553534815],[-72.2431549466243,41.835554534607],[-72.243274947258,41.8355565348062],[-72.2438149477781,41.8355675342785],[-72.2444239475069,41.8355805348194],[-72.2457959483346,41.8356085345034],[-72.2464569479319,41.8356225345293],[-72.246890948309,41.8356305348466],[-72.2481949485261,41.8356545346968],[-72.2486299492136,41.8356635340144],[-72.2494159490079,41.8356575341471],[-72.2494299494006,41.8356575344772],[-72.2505619492255,41.8356955343834],[-72.2518209500893,41.8357375344781],[-72.2518819501648,41.8357405345297],[-72.2523919501747,41.8357495341565],[-72.2563579508621,41.8358175346009],[-72.2582909519902,41.8358515339016],[-72.2605919532404,41.8358865343393],[-72.2674949554399,41.8359915334543],[-72.2697959556546,41.836026533327],[-72.2701719564169,41.8360195339304],[-72.2713029564167,41.8360025338683],[-72.2716799557494,41.8359975333777],[-72.2745639575805,41.8360425338051],[-72.2790349591156,41.8361145335616],[-72.2832189601261,41.8361635334397],[-72.2848109609585,41.8361825334251],[-72.2861039608735,41.8361985332484],[-72.2881999619501,41.8362115336018],[-72.2910169632158,41.8362305332046],[-72.2940089638702,41.8362495327268],[-72.2944879641593,41.8362525330717],[-72.2965839643989,41.8362675331549],[-72.2986919653913,41.8360535324246],[-72.3002259661822,41.8358985326031],[-72.3006629658645,41.8359085331341],[-72.305038967502,41.8360335326998],[-72.3063639679612,41.8360725328334],[-72.3071579677345,41.8360945327275],[-72.3073689681411,41.8361025322799],[-72.3077759681921,41.836118532241],[-72.3080029684035,41.8361095320956],[-72.3082149684193,41.8361025323464],[-72.3086009687951,41.8360945322937],[-72.3097589685281,41.8360745327398],[-72.3099999683812,41.8360705321181],[-72.3100729686799,41.836068532201],[-72.3101459693891,41.8360675325247],[-72.3100719687813,41.8364115326011],[-72.3099849693112,41.8368185325762],[-72.3098299685838,41.8374385331006],[-72.3097449693786,41.8377805327026],[-72.3097369689879,41.8378125329441],[-72.3093209685184,41.8385695330776],[-72.308933969222,41.839289532734],[-72.3088559686178,41.8395915333712],[-72.3088349690483,41.8396745335289],[-72.308802968798,41.8401775336707],[-72.3088359691667,41.8408905336593],[-72.3091859692779,41.8420535338924],[-72.3095419692004,41.8429375340602],[-72.3095859691554,41.8433805338068],[-72.3095509688621,41.8437125340918],[-72.3095429691217,41.843724534011],[-72.3093299686952,41.844040533554],[-72.3089529694407,41.8445195337656],[-72.3089069686881,41.8448675341273],[-72.3090479689278,41.8452115339201],[-72.30909896869,41.845299534618],[-72.3095319693315,41.8460365340811],[-72.3098089698925,41.8468405345847],[-72.3098339697847,41.8471615349798],[-72.3098459694269,41.8473145347432],[-72.3097919699114,41.8476155346722],[-72.3097049691941,41.8478815349063],[-72.3096849697193,41.8479465346715],[-72.3094139696435,41.848234534758],[-72.3086859693076,41.8487755350846],[-72.3079899685689,41.8492635347033],[-72.3078429694533,41.8493675347186],[-72.3073189689509,41.849563535077],[-72.3072789682134,41.8495785355372],[-72.3069679683735,41.8498345350413],[-72.3069469690582,41.8498585351318],[-72.3065539689929,41.8503285351138],[-72.3061199680945,41.8505355353839],[-72.3057829678664,41.8505545352255],[-72.30573596801,41.8505575354812],[-72.3053079680488,41.8505175357203],[-72.3049619684012,41.850485535493],[-72.3046719675213,41.8504785355763],[-72.3044309681619,41.8505425349824],[-72.304187967375,41.8506375358006],[-72.3041399675728,41.8506915351145],[-72.3040579681159,41.8507895353656],[-72.3040239671849,41.8510835355947],[-72.3042769674048,41.8514765355267],[-72.3043469678478,41.8517955360134],[-72.3043629680749,41.8522765358587],[-72.3043579677859,41.8524005361491],[-72.3041809674726,41.8526515354524],[-72.3039129681055,41.8528705362271],[-72.3037989675981,41.8531155359852],[-72.3037759682939,41.8532835358256],[-72.3037689676424,41.853331535792],[-72.3039679682301,41.8535305360355],[-72.3042829683184,41.8536845358117],[-72.304341967687,41.8537085359732],[-72.3048429686087,41.8539145356773],[-72.3052659680164,41.8542195363688],[-72.305349968773,41.8543525358523],[-72.3055839684699,41.8547215363944],[-72.3056789690626,41.8548715358606],[-72.305844969046,41.8551165358255],[-72.3061529691143,41.8551935359245],[-72.3064039688281,41.8553845365771],[-72.3065509691859,41.8555295362715],[-72.306863968584,41.8558365361495],[-72.3068809685883,41.8558535358609],[-72.3069399687722,41.8559045359352],[-72.3071809696648,41.8561155363298],[-72.3072629689684,41.8563965365901],[-72.3072379692054,41.8564525366365],[-72.3071709693061,41.8565995362986],[-72.3071489695006,41.8566495362334],[-72.306966969547,41.8571565361746],[-72.3067109687315,41.8578175363476],[-72.3065719688876,41.858650536737],[-72.3065579693733,41.8593195366423],[-72.3065569692805,41.8593715374211],[-72.3065659691885,41.859650537294],[-72.3065299691148,41.8600295373674],[-72.3064789693377,41.8602515368819],[-72.3064539696154,41.8603605370872],[-72.3064719693031,41.8606555371736],[-72.3064959690204,41.8608325372594],[-72.30651196971,41.860950537012],[-72.3067459692229,41.8615525372161],[-72.3071879689827,41.8622525372834],[-72.3075549691241,41.8627065374487],[-72.3077689701683,41.8629715378284],[-72.307991970225,41.8633405380894],[-72.3079909693681,41.8633845374923],[-72.3079849696938,41.863766537905],[-72.3078189697385,41.8643755377274],[-72.3078219692094,41.8645535383152],[-72.3079189701329,41.8649505378594],[-72.308112969766,41.8652735382311],[-72.3084299698152,41.8656365384559],[-72.3089979705953,41.8661775383293],[-72.3101799703808,41.8677695384939],[-72.3105319708516,41.8687695384681],[-72.3106319714133,41.869229538784],[-72.3104439704608,41.8695045384323],[-72.3103179714601,41.8698035389187],[-72.3103069709491,41.8698625385808],[-72.3102629705247,41.8701115390037],[-72.3102189704985,41.8704285392532],[-72.3102719714076,41.8706385386019],[-72.3105629714799,41.870878539029],[-72.3109009712772,41.8709635394279],[-72.3111339709377,41.8711085394795],[-72.311467970872,41.8716665390376],[-72.3116549716596,41.8719305394411],[-72.3118589714121,41.8722175391462],[-72.3119879713508,41.8726085395644],[-72.3119989718747,41.8730815394317]]]},"properties":{"OBJECTID":7,"TOWN_NO":160,"TOWN":"Willington","GRACE_PERIOD":"No"}},{"type":"Feature","id":8,"geometry":{"type":"Polygon","coordinates":[[[-72.2532019433107,41.725804512687],[-72.2530229434261,41.7261825130655],[-72.2526929440193,41.7265405131745],[-72.2523659434031,41.7268175131527],[-72.2520839434916,41.727070513391],[-72.2520039434275,41.7271585136926],[-72.2519769429865,41.7272875135395],[-72.2519949433314,41.7273835135608],[-72.2520039429262,41.7274265137872],[-72.2521169432743,41.7275755138635],[-72.2526439433783,41.7282105137636],[-72.2525039434868,41.728210513295],[-72.2524009435591,41.7282105138065],[-72.2516749428742,41.7282105139146],[-72.2514339437515,41.7282115136766],[-72.2513249436054,41.7282095136724],[-72.2509979429101,41.7282065139886],[-72.2508889434863,41.7282055138914],[-72.2508569437127,41.7282075138167],[-72.2507729430691,41.7282065137364],[-72.2507409430899,41.7282065138969],[-72.2506419431574,41.7282065139436],[-72.2503919433279,41.728206513665],[-72.2502769434058,41.7282065134269],[-72.2501259423,41.7282065137336],[-72.2496739425889,41.7282065133187],[-72.2495239426788,41.7282065135785],[-72.2481209418406,41.7282095133931],[-72.2450919417314,41.7283055138412],[-72.2444679412741,41.7282045139043],[-72.243460940619,41.7281825137469],[-72.2432089408563,41.72817651423],[-72.242453940578,41.728160513802],[-72.2422029403444,41.7281555140999],[-72.2421089404985,41.7281535137948],[-72.2420919398777,41.7281545139873],[-72.2417599402036,41.7281845143662],[-72.2416499404059,41.7281955139338],[-72.2402939402149,41.7281835137766],[-72.2364489388694,41.7281515142702],[-72.2364199379277,41.7281495141719],[-72.236248938027,41.7281495144139],[-72.2345319381859,41.7281345145693],[-72.2325819375043,41.7281185144773],[-72.228502935309,41.7280845141111],[-72.2273429354669,41.7280815139861],[-72.2248519341737,41.7280735145638],[-72.2177689328318,41.7280525144031],[-72.2164439322761,41.7280435146875],[-72.2163179322098,41.728042514928],[-72.2096199302847,41.7280435153405],[-72.2095429291756,41.7280445150586],[-72.2062969286518,41.7280455152382],[-72.206234928671,41.7280465150264],[-72.2058849287304,41.728052515091],[-72.2057239287309,41.7280555155069],[-72.2056199287266,41.7280565148646],[-72.2051199286051,41.7280655150608],[-72.20455092829,41.7280745154726],[-72.2044549282258,41.7280755155935],[-72.204169927984,41.7280805150049],[-72.2040749278809,41.7280825153588],[-72.2026579270637,41.7281065149161],[-72.2019159267572,41.7281185151199],[-72.201618927256,41.7281235151423],[-72.2015409270231,41.7281255149936],[-72.2001229263908,41.7281355156082],[-72.1999609261016,41.728135515761],[-72.1989209263227,41.7281625153303],[-72.1986349260369,41.728170515259],[-72.1985319255764,41.7281725151258],[-72.1982269263426,41.7281805150501],[-72.1981269256324,41.7281845151379],[-72.1980089259653,41.7282315156891],[-72.1978889259097,41.728311515296],[-72.1977699256613,41.7284315152459],[-72.197748925645,41.7285425159232],[-72.1977469260309,41.7285595153861],[-72.1977339261203,41.7287205154182],[-72.1977419254794,41.7288895158949],[-72.1978799257795,41.7290275156089],[-72.1980929264995,41.7291255154911],[-72.1983599263533,41.7292245160343],[-72.1984459258204,41.7292445158845],[-72.198573926406,41.7292735158481],[-72.1988839261026,41.7293725154287],[-72.1989349258749,41.7293855156256],[-72.1990129266583,41.7294065158743],[-72.1991539259609,41.7296075160591],[-72.1991599264446,41.7296165160738],[-72.1991679262365,41.7298335155189],[-72.1991639262191,41.7298575157857],[-72.1991259267963,41.730076515888],[-72.199087927024,41.7302965153849],[-72.199046926112,41.7305365159117],[-72.1990059261991,41.7307755160975],[-72.1989929264591,41.7308525154869],[-72.1989689260386,41.731076515525],[-72.1989649264764,41.731106515894],[-72.198917926721,41.7314545158205],[-72.1988819260907,41.7315015163874],[-72.1987979264048,41.7316075162045],[-72.1985189268903,41.7317515162009],[-72.1983669259046,41.7317905158732],[-72.1981759260126,41.7318405159812],[-72.197895926175,41.7318725162919],[-72.1977129258078,41.7317835158944],[-72.1976589265538,41.7317005163002],[-72.19757992546,41.7315825163427],[-72.1974969263772,41.7314585159726],[-72.1972629259967,41.7311035161262],[-72.1972179253385,41.7310345161722],[-72.1971729258563,41.7309665156235],[-72.1970819260481,41.7308295156549],[-72.1968169260325,41.7306515154903],[-72.1967669253089,41.730632516339],[-72.1966949258825,41.7306065156597],[-72.1964599252149,41.7304295157052],[-72.1962369256154,41.730367515961],[-72.1960759255123,41.7302855163069],[-72.1955419247818,41.7300715160713],[-72.1951969254392,41.7299895156929],[-72.1949699250266,41.7299785159376],[-72.1944719247908,41.7300605156112],[-72.1943399250831,41.7301045160663],[-72.1940989245321,41.7301315160273],[-72.1938129250186,41.730109516066],[-72.1932339240839,41.7301095158921],[-72.1927949246906,41.7301745157477],[-72.1924429246487,41.7302955156931],[-72.1921049239781,41.7304215163442],[-72.1918119241611,41.7305915164378],[-72.1913289235248,41.7309475159718],[-72.1911159242506,41.7311725159224],[-72.1909619240691,41.7314035161073],[-72.1908959234132,41.7315895158743],[-72.1909039238595,41.7320945160759],[-72.19097692355,41.7325055166898],[-72.1909989234701,41.7325885165407],[-72.1912899239917,41.7330235164863],[-72.1914829241804,41.7333165163235],[-72.1915099243892,41.7333315167714],[-72.1915109237096,41.7333575163984],[-72.1917379241871,41.7336955164527],[-72.1920919239495,41.7340595164133],[-72.19250592498,41.7345335170331],[-72.1929119250599,41.734727517005],[-72.1932699247803,41.734735517265],[-72.1940029247502,41.7347805164867],[-72.1944399256918,41.7349535169025],[-72.194831924837,41.7353425173113],[-72.1951069258197,41.7357145172651],[-72.1953169256804,41.7360695173288],[-72.1954669255062,41.7364045166426],[-72.1954939256945,41.7364655172586],[-72.1956899255971,41.7370385167616],[-72.1956779259454,41.7379225175938],[-72.1957209253114,41.7387195171745],[-72.1956449263131,41.7396195177622],[-72.1954449259858,41.7400765181923],[-72.1951469260305,41.74052251799],[-72.1950069253611,41.7407325180434],[-72.194786925186,41.7411665181958],[-72.1945769259658,41.7415825180231],[-72.1943119257931,41.74214351817],[-72.1940999254657,41.7427205187855],[-72.1938459256985,41.743217518083],[-72.1937219259822,41.7433675188067],[-72.1934319253073,41.7437205185944],[-72.1929869247343,41.744225518932],[-72.1929159249729,41.7443065187022],[-72.1928759252305,41.7443525183907],[-72.1926669254689,41.7445105187992],[-72.1925819255672,41.7445765189208],[-72.1923329255926,41.7447665183659],[-72.1916499248241,41.7452835192112],[-72.1910429248662,41.7456575193665],[-72.1903289241975,41.7460775188166],[-72.1898949237993,41.7463805191681],[-72.1894359244908,41.7467015191735],[-72.1894189240681,41.7467125192891],[-72.1890479237346,41.7471215192614],[-72.1887719243223,41.7476345195845],[-72.1887719239705,41.7484225198839],[-72.189397924182,41.7500885202447],[-72.1894049247826,41.7501055199975],[-72.1893009245611,41.7503115199002],[-72.1892489244501,41.7504135199488],[-72.1892239242079,41.7504375203659],[-72.1889029240686,41.7507415197256],[-72.1883519244951,41.7510125203078],[-72.187598923759,41.7511285205178],[-72.1874409243491,41.7511435203912],[-72.1866549237108,41.7512195201365],[-72.1860479235107,41.7514635204572],[-72.1857309237969,41.7519225199749],[-72.1858869235245,41.7523585205555],[-72.1865109241753,41.7528415205681],[-72.1865579242709,41.7528785204116],[-72.1870809244048,41.7531395205257],[-72.187436923475,41.7533215203113],[-72.1875599242667,41.7533845202429],[-72.1879859237314,41.7537495208497],[-72.188087923838,41.7541215204649],[-72.1881499238216,41.7543465212109],[-72.1880979245285,41.7545435208101],[-72.1880269239157,41.7548135210098],[-72.187656924645,41.7551895212953],[-72.1869779236152,41.7554355210258],[-72.1864709240658,41.7555365207575],[-72.1861159235286,41.7556075214601],[-72.1851429232764,41.7556895210699],[-72.1847949237403,41.7557595210585],[-72.1844509229494,41.7558475209423],[-72.1842749229805,41.7558875207958],[-72.1836389223383,41.7560345212576],[-72.1831979232999,41.756125521271],[-72.1822749228931,41.7562195209909],[-72.1816199228551,41.7561275209381],[-72.181404921819,41.7560235212606],[-72.1811689225178,41.7559085213599],[-72.181096922185,41.7558745212953],[-72.1804129221517,41.7556045215899],[-72.1799839212496,41.7555375215555],[-72.1794159217595,41.7554775210253],[-72.1791499219421,41.7554675214064],[-72.1783749215044,41.755438521463],[-72.1778709214067,41.7553785214866],[-72.1776469205373,41.7552485213656],[-72.1776589214973,41.7549635208584],[-72.1777129211684,41.7547275207608],[-72.1776649203099,41.7545175208807],[-72.1776519205877,41.7544595209684],[-72.1774759208094,41.7541355209301],[-72.1774769207739,41.7538745210666],[-72.1775939206792,41.753670521267],[-72.1781169212085,41.7534985210722],[-72.17814292085,41.7534895210294],[-72.1783329206547,41.7533475208997],[-72.1783139212342,41.7530955210959],[-72.1779869207657,41.7526655207347],[-72.1769339205498,41.7519495210802],[-72.1764689206735,41.7517725202577],[-72.1763019206889,41.7516595205815],[-72.176037920085,41.7514445210129],[-72.1760869202956,41.7512285209197],[-72.1762439203089,41.7510845205652],[-72.1764049196773,41.7509355202885],[-72.1765609199701,41.7507275204162],[-72.1765459204235,41.7504125200879],[-72.1764119202946,41.750182520569],[-72.176385920004,41.7499915200089],[-72.1759559195086,41.7498655206917],[-72.1757099202972,41.7497735199456],[-72.1752459195908,41.7499055203948],[-72.1747579195879,41.7501645205498],[-72.1747249198947,41.7503175205743],[-72.1747239200996,41.7504635203442],[-72.174689919632,41.7506245205903],[-72.1746889192583,41.7508425205998],[-72.1746339195072,41.7510185208006],[-72.1744819199919,41.7511555210028],[-72.1743099190404,41.7512015203093],[-72.1741269199916,41.7511925209195],[-72.1739879194234,41.7510955203799],[-72.1738289196259,41.7507785204189],[-72.1736899195376,41.7505605208544],[-72.1736289191307,41.7504835204588],[-72.1734769198657,41.7502915206337],[-72.1732839191935,41.7501485202617],[-72.1730249194222,41.7494915202757],[-72.1724179190446,41.7489765203493],[-72.1721089183862,41.7487235200361],[-72.1718199182106,41.7485815201096],[-72.1716489187792,41.7484755200192],[-72.1712289179407,41.7486475205688],[-72.1708919181237,41.7489585201468],[-72.170573918596,41.7493975205425],[-72.1700609181702,41.7505525204786],[-72.1696229178833,41.7510845206594],[-72.1692129179504,41.7515095208814],[-72.1690029180825,41.7517235209509],[-72.1687669180375,41.7519905207877],[-72.1684849173775,41.7522395212348],[-72.1681239177071,41.7523285213471],[-72.1676439178874,41.7523345211474],[-72.1670819174246,41.7522565211595],[-72.1662919170891,41.7520685208189],[-72.16607191715,41.7519705211161],[-72.1658119167052,41.7517145205715],[-72.1655709162281,41.7506935209634],[-72.1653149164329,41.7503395209883],[-72.1649829160366,41.7500995206022],[-72.1648599162565,41.7500105205892],[-72.1648039165215,41.7499795202937],[-72.164616916354,41.7499355203232],[-72.1645179164395,41.7499085208947],[-72.164035916286,41.7497795210573],[-72.1634209164705,41.7497525211003],[-72.163013915688,41.7498425211114],[-72.1628769160672,41.7498735209359],[-72.1626029155319,41.7500405209933],[-72.1625549157778,41.7500425203743],[-72.1622149155877,41.7500535211576],[-72.1621609161504,41.750118520607],[-72.1614839150904,41.7501255212885],[-72.1614539157359,41.75012352071],[-72.1610929153351,41.750107520457],[-72.160801915227,41.7501315209689],[-72.160508915189,41.7502165208887],[-72.1600859153803,41.7504365205447],[-72.1599389152325,41.7505125205626],[-72.1593139151968,41.7506995209361],[-72.1591539145006,41.7507475210521],[-72.1590339143059,41.7508915212814],[-72.1589689151879,41.7511915212707],[-72.1588959143274,41.7514455214468],[-72.1587159147446,41.7515655214841],[-72.1586189144012,41.7516315216376],[-72.158231913909,41.7517535211447],[-72.1576269146417,41.7518125212528],[-72.1575509147127,41.7518995215309],[-72.1575319137505,41.7519205215746],[-72.1563219139588,41.7534995217057],[-72.1559899134205,41.7534535219228],[-72.1550839135313,41.7533285212883],[-72.1549749134674,41.7533135217735],[-72.1548669130751,41.7532995213256],[-72.1534779131168,41.753165521642],[-72.1534529133363,41.7531635214256],[-72.1507389114912,41.7528505218636],[-72.1502109123966,41.7527815218253],[-72.1488709113434,41.7525765213024],[-72.1487229107896,41.7525645216319],[-72.1486979119274,41.7525605215532],[-72.1479839114906,41.7524545214749],[-72.1468459104894,41.7522905214206],[-72.1434329096192,41.7517995214135],[-72.1422959090021,41.7516365215349],[-72.1410279086686,41.7514535213755],[-72.1372259077849,41.7509075215303],[-72.1359589071758,41.7507255215357],[-72.133270906755,41.7503355217509],[-72.1252089033985,41.7491655218094],[-72.1225219029629,41.7487765223239],[-72.1204259016874,41.748201521952],[-72.1141408993431,41.7464795215925],[-72.1120458988065,41.7459055213637],[-72.1123598994054,41.7449065212845],[-72.1133038994781,41.7419115210836],[-72.1136188996984,41.7409135208802],[-72.114287899113,41.7387845198937],[-72.1162968994654,41.7324005186595],[-72.1166738992949,41.7312055183232],[-72.1169678992232,41.7302725182406],[-72.1172738996763,41.7292925182386],[-72.1181938994349,41.7263525178631],[-72.1185008998406,41.7253735179151],[-72.1193028997917,41.7228365173133],[-72.1196419001533,41.7217675169588],[-72.1217099004591,41.7152255157313],[-72.1224899002985,41.712762515353],[-72.1224829007613,41.7126855149367],[-72.1223809007022,41.7116475146954],[-72.122077900019,41.708533513773],[-72.1219768994474,41.7074955139607],[-72.1218009001505,41.7054885139125],[-72.1212748995063,41.6994675127159],[-72.1210998988235,41.6974605122652],[-72.1209168989855,41.6946665115616],[-72.120756899127,41.6921985108989],[-72.1203708984715,41.6862845095258],[-72.1202128980194,41.6838575090795],[-72.1201888983097,41.6834915097801],[-72.1200868976887,41.679682508441],[-72.1200108973804,41.6768445082336],[-72.1197798972826,41.668258506163],[-72.1196778962748,41.6644515057791],[-72.1196938964118,41.6643715057506],[-72.1197438966629,41.6641345058983],[-72.1197968968501,41.6639505053435],[-72.1198008971149,41.6639055056022],[-72.1199178961389,41.6634585052279],[-72.1199578968575,41.6633095057404],[-72.1206938972963,41.6634265056519],[-72.1214448971423,41.6635475056891],[-72.1267678993949,41.6642855055773],[-72.1467179052698,41.6671775054203],[-72.1475409060777,41.6672105055414],[-72.1483569059788,41.6672665052026],[-72.1491999070659,41.6673255049027],[-72.1517479073129,41.6675245054552],[-72.1521249071389,41.6669155054847],[-72.1529229071872,41.6656305045175],[-72.1539819076652,41.6641705041576],[-72.1550109076338,41.6626745041747],[-72.1567389086753,41.6594955032001],[-72.1567939086847,41.6593685038982],[-72.1570159091092,41.6588575030787],[-72.1573059080275,41.658190503455],[-72.1573839083135,41.6580105033697],[-72.1574159084813,41.6579345035588],[-72.1574729080275,41.6578065030444],[-72.1575139082276,41.6577105030969],[-72.1575469086742,41.6576355033261],[-72.1578039085797,41.6577995033016],[-72.1585749090984,41.6582945034348],[-72.1588279091113,41.6584565032795],[-72.159131909212,41.6586515033379],[-72.1604619099141,41.6595055031464],[-72.1630979105895,41.6611995034174],[-72.1653479114862,41.6626455040524],[-72.1662279123018,41.6632115038371],[-72.1667899118039,41.6635915043891],[-72.1669759119722,41.6637115036655],[-72.1682479128836,41.6645255044946],[-72.1689399125246,41.6649695039714],[-72.1720699140432,41.667020504797],[-72.172767914548,41.6674775044316],[-72.1728419146119,41.6675265043291],[-72.1730999141005,41.6677055046939],[-72.1733349147037,41.6678675043381],[-72.1734549139126,41.667933504698],[-72.1738179150453,41.6681315047251],[-72.17393891503,41.6681985045088],[-72.1740049148456,41.6682345043163],[-72.1747809147182,41.6686415044265],[-72.1754699148096,41.6690035051687],[-72.1771079151902,41.6703015048869],[-72.1774779163557,41.6705945047919],[-72.177846915732,41.670887504803],[-72.1779379161162,41.6709555047629],[-72.1782129165392,41.6711655053187],[-72.178276915641,41.6712145051499],[-72.178306916691,41.6712325051219],[-72.1783189156926,41.6712385054209],[-72.1784609167053,41.6713215054317],[-72.1789259158602,41.6715905053258],[-72.1790809158941,41.6716815050124],[-72.1802909165045,41.6724005056342],[-72.1836979178419,41.6744285059819],[-72.1839179185892,41.6745665054105],[-72.1851119190919,41.6753205054451],[-72.1854659184477,41.6755435061134],[-72.1866519197175,41.6762915054071],[-72.1869319197609,41.6765025058324],[-72.1895299206885,41.6784555062775],[-72.1921539214635,41.6804275066612],[-72.1936719219455,41.6815685062423],[-72.1938969218901,41.6817365067273],[-72.1948829218294,41.6824765068344],[-72.195531922449,41.6829645070704],[-72.1978679233953,41.6846725072736],[-72.1984839232643,41.6851235074573],[-72.1988669238782,41.6854025070559],[-72.1996219235114,41.6859535069309],[-72.2018889243756,41.687612507416],[-72.2026449253543,41.6881655077021],[-72.2026659249297,41.6881825076485],[-72.2036449255717,41.6888995079765],[-72.2066479266093,41.691095508085],[-72.207632926534,41.6918155083253],[-72.2076509265295,41.6918285081238],[-72.2078219268881,41.6919535079091],[-72.2082399271659,41.6922585082052],[-72.2083369268328,41.6923205079759],[-72.2104239273564,41.6936665081493],[-72.2104679278074,41.69369450803],[-72.2111789278659,41.6941535085507],[-72.2112619287633,41.6942055082465],[-72.2115119286888,41.6943675081823],[-72.2115899278199,41.6944185082587],[-72.2121939287439,41.6948075083133],[-72.2139889291321,41.6959645085236],[-72.2145879297079,41.6963515087843],[-72.2151049293664,41.6966845085413],[-72.2166589303938,41.697686509369],[-72.2171769305757,41.6980205090918],[-72.2174339300972,41.6982075093772],[-72.218206931231,41.6987715088159],[-72.2184259313342,41.6989305088382],[-72.2184659311842,41.6989595090904],[-72.2192179310575,41.6995085088284],[-72.2195529311764,41.6997515096511],[-72.2228179325201,41.7021235093839],[-72.2234969332386,41.7026155100096],[-72.2239069326336,41.7029135096565],[-72.2247279327541,41.7034815098723],[-72.2261619336509,41.7044745098236],[-72.2271859336005,41.7051935103541],[-72.2279919347615,41.7057605102848],[-72.2280039346071,41.7057685104655],[-72.2288999350277,41.7063975099091],[-72.2291959345205,41.7066045102385],[-72.2315919362168,41.7082855107719],[-72.2317229358226,41.7083775106738],[-72.2324879360926,41.7089195102798],[-72.234997936898,41.71070051114],[-72.2361719377429,41.7116545106799],[-72.2363839371211,41.7118265108376],[-72.2372089380009,41.7125385110345],[-72.2372569381709,41.7125795107092],[-72.2373049376904,41.712621510681],[-72.2374539376194,41.7127495108324],[-72.2376019383737,41.7128775108473],[-72.2378899382756,41.7131255109095],[-72.2379479379017,41.7131755116549],[-72.2380589375296,41.7133615112077],[-72.2380649382959,41.7133705110163],[-72.2381619376864,41.713491511226],[-72.238826938623,41.7138625110584],[-72.2392139387739,41.7140475112485],[-72.2392809383259,41.7140815109299],[-72.2394209388082,41.7141405113541],[-72.2395599385596,41.7141995116789],[-72.2402309392975,41.7145375111824],[-72.2413799392851,41.7153175115805],[-72.2418579394251,41.7156915115654],[-72.2421979390181,41.7159755115864],[-72.2422939394086,41.7160565117302],[-72.2428149394766,41.7164545119073],[-72.2429019397281,41.7164905116045],[-72.2432099394954,41.7166185116297],[-72.2435409397362,41.7167175116351],[-72.2439259398806,41.7168165117514],[-72.2442469403465,41.7169315114594],[-72.2443119399153,41.7171535116628],[-72.2443289406539,41.7172135117065],[-72.2443719407154,41.7173375119939],[-72.2444429406766,41.7175365121618],[-72.2445969407263,41.7180845119006],[-72.2446729405628,41.718339512029],[-72.244731940741,41.7185385116089],[-72.2447909406687,41.7187365117286],[-72.245039940981,41.7195755125557],[-72.2451109403559,41.7198465126002],[-72.2451829402831,41.7201235125679],[-72.2452859409353,41.7204945123758],[-72.2454959406625,41.7208255127204],[-72.2461159417263,41.7218835125417],[-72.246344941011,41.7224725122943],[-72.2465969419936,41.7229095132002],[-72.2468519416384,41.7232325128981],[-72.2470949417045,41.7235005124521],[-72.247508941765,41.7236635128439],[-72.2478789420514,41.7237825133266],[-72.248173942528,41.7240285129373],[-72.2484839417246,41.7240955130171],[-72.2486549421713,41.7241575125477],[-72.249325942845,41.7244015134367],[-72.2495239424094,41.7244745125963],[-72.2518179437482,41.72426751331],[-72.2519149433278,41.724258512495],[-72.2520129428061,41.7242495132144],[-72.2521229439065,41.7244935125604],[-72.2525909433149,41.7247245133031],[-72.2528269438607,41.7248445126473],[-72.2529949434258,41.7249295126599],[-72.2531649441308,41.7252745133192],[-72.2532019433107,41.725804512687]]]},"properties":{"OBJECTID":8,"TOWN_NO":163,"TOWN":"Windham","GRACE_PERIOD":"No"}},{"type":"Feature","id":9,"geometry":{"type":"Polygon","coordinates":[[[-73.1245662038367,41.3453434101719],[-73.1245482028853,41.3453514098511],[-73.1245292032662,41.3453584106126],[-73.124289203817,41.3454644102314],[-73.1241542037117,41.3455224107046],[-73.1240292037628,41.3455774105862],[-73.1239292026548,41.3456154106624],[-73.1236302030307,41.3457314105467],[-73.1235312025022,41.3457704100903],[-73.1233852034213,41.3458144105056],[-73.1229482033976,41.3459484099399],[-73.1228032033751,41.3459934103387],[-73.1222442026624,41.3462364106143],[-73.1205682016982,41.3469664110166],[-73.1200102020989,41.3472104109663],[-73.1193552022314,41.3474864112289],[-73.1193482013569,41.3475814109167],[-73.1192522018936,41.3476044108764],[-73.1189642015959,41.3476744106529],[-73.1188692016771,41.3476984110516],[-73.1174922013798,41.3481104110167],[-73.1133632003715,41.3493504117576],[-73.1119871997171,41.3497634118548],[-73.1100601989618,41.3503904114949],[-73.1042801966226,41.3522754125522],[-73.1023541964665,41.3529044120711],[-73.1020041958816,41.3522244123349],[-73.1009541961956,41.3501844119168],[-73.100604195605,41.3495054117531],[-73.0997031958313,41.3478794112931],[-73.0982611944627,41.3452744107219],[-73.0981861944293,41.3450834111511],[-73.0980351944742,41.3446994114377],[-73.097117194851,41.342946410333],[-73.0962561935668,41.3413004101503],[-73.0962281938284,41.3411754100044],[-73.0959361942911,41.3409324105669],[-73.095867193916,41.3408374102167],[-73.095794194087,41.3407364106318],[-73.0958001935229,41.3405394104858],[-73.0958801943222,41.3400924102804],[-73.0958501937806,41.3397074103561],[-73.0957561934153,41.3394654103708],[-73.0956661930894,41.3393284097327],[-73.0954631931876,41.3392304103262],[-73.0954011933945,41.339218409832],[-73.0950641936458,41.339153409712],[-73.0947861928151,41.3391094101571],[-73.0945461927651,41.3391324100206],[-73.0942621936661,41.3391544096654],[-73.093433193231,41.3394124102221],[-73.0928641925144,41.3394704097313],[-73.0927551931046,41.339438410283],[-73.0927371922058,41.3394314101448],[-73.0926551932638,41.339405410473],[-73.0925131920846,41.3393564102991],[-73.092377192988,41.3393064105604],[-73.0922071922786,41.339234410254],[-73.0920001926396,41.3391454101408],[-73.0917711925012,41.3390434100335],[-73.0915251926316,41.3389194104374],[-73.0911321915812,41.3387234101874],[-73.0907951921407,41.3385334100749],[-73.0905561914102,41.3383994099602],[-73.09047819169,41.3383484099883],[-73.0903751919312,41.3382824101262],[-73.090250192081,41.3381904098835],[-73.0901761921656,41.3381354098419],[-73.0901071919367,41.3380824100784],[-73.089900191919,41.3379234096367],[-73.0898321921129,41.3378704103436],[-73.0897011914328,41.3377124097322],[-73.0893831909094,41.3371874098814],[-73.0892781914349,41.3370124100718],[-73.0891251914092,41.3367544093589],[-73.0887081914699,41.336051409391],[-73.0886661906849,41.3359814099501],[-73.0885141910887,41.3357244094275],[-73.0884441912029,41.3356084095755],[-73.0883891914431,41.3355174099073],[-73.0882681916018,41.335245409164],[-73.0882141914218,41.3351234092302],[-73.0880851913402,41.335080409803],[-73.087731191379,41.334876409547],[-73.0876141910192,41.3348094093521],[-73.0873251905037,41.3346424094871],[-73.0868361901271,41.3343604096552],[-73.0864551908311,41.3341534089273],[-73.0861631903725,41.3339954093166],[-73.086003189878,41.3339094093701],[-73.0859431907258,41.3338784096864],[-73.0856411895827,41.333725409316],[-73.0853631898241,41.3335914090071],[-73.085281190409,41.3335394096216],[-73.085072189708,41.3334074092421],[-73.0848711894765,41.3332634094213],[-73.0847361899177,41.3331674092618],[-73.084518189361,41.3330234089358],[-73.0842351901601,41.3328744094498],[-73.0840171895243,41.3327754088612],[-73.0836291893863,41.3325904094068],[-73.0830261888841,41.3323174087848],[-73.0829931895389,41.332304408817],[-73.0825721887541,41.3321354095043],[-73.0816651892278,41.3317384091832],[-73.0813041884188,41.3315554091515],[-73.0803811879354,41.3311874089998],[-73.0802241885135,41.3311384089482],[-73.0797551878172,41.3309914089632],[-73.0795991882952,41.3309434091583],[-73.0795781879962,41.3309364092789],[-73.0795151881753,41.3309234090168],[-73.0794181875033,41.3309034092546],[-73.0792661882715,41.3308654093609],[-73.0791831882156,41.3308454088055],[-73.0788471882628,41.3307624091274],[-73.0785931877466,41.3306994087739],[-73.0784261872168,41.3306584091207],[-73.0780581874269,41.3305694092116],[-73.0779311873077,41.3305264088667],[-73.0777691874606,41.3304734092571],[-73.0772591867642,41.3303424088516],[-73.077167186913,41.3300344090384],[-73.0772061870693,41.3299324088993],[-73.077135186535,41.3297344084235],[-73.0763791866499,41.328958408921],[-73.0760681872249,41.3288324083318],[-73.0753691869755,41.3285564088966],[-73.0723181849671,41.3273524081399],[-73.0723351847911,41.3271604088856],[-73.0723121852451,41.3269964083565],[-73.0722821855987,41.3269284086341],[-73.0720991853176,41.3268594081373],[-73.0711911854231,41.3267374086936],[-73.0708481852021,41.326672408394],[-73.0703821849185,41.3266194087508],[-73.0695811843584,41.3264814084081],[-73.0688641845552,41.32630640887],[-73.0687571837491,41.3263134083471],[-73.0684541846059,41.3263234087617],[-73.0684091843717,41.3263664085477],[-73.0683001844926,41.3264784084569],[-73.068135184435,41.326518408796],[-73.0679141836813,41.3265934080823],[-73.0676691841593,41.3265764082934],[-73.0674431838877,41.3266534086687],[-73.0672631842821,41.3266244089745],[-73.0670371838366,41.3266264083047],[-73.0668571840889,41.3266204085048],[-73.0666471835729,41.3265314088144],[-73.0663461833115,41.3264124082316],[-73.0661671829913,41.3263614084081],[-73.0660021834085,41.3262424081125],[-73.0658981831192,41.3261514084807],[-73.0658241826649,41.3260764086472],[-73.0657641836856,41.3259944080888],[-73.0656621835799,41.3257614088467],[-73.0655591834357,41.3256034080081],[-73.0653641830094,41.325469408109],[-73.0652001828653,41.3253424081074],[-73.0650201832074,41.3252534084831],[-73.0646281826498,41.3251814081693],[-73.0641901822057,41.3251784081452],[-73.0639001819725,41.3251204083101],[-73.0638551822931,41.3251124087687],[-73.0637591818965,41.3250954085755],[-73.0634731829808,41.3250454087171],[-73.0633781825892,41.3250294085473],[-73.0632421822842,41.3249824087597],[-73.0628341826218,41.3248444086532],[-73.0626991816938,41.3247984085718],[-73.0624321819561,41.3248274082604],[-73.0621201819872,41.3247964082945],[-73.061843182053,41.3247124085265],[-73.0617221813589,41.324684408381],[-73.061576181804,41.3246504080779],[-73.0614261821811,41.3246264087046],[-73.0613961820273,41.3246204087167],[-73.0608591818731,41.3245154086813],[-73.0606801814036,41.3244814084877],[-73.0604541816813,41.3244334085036],[-73.0597781815878,41.3242924079081],[-73.0596091811256,41.3242574083578],[-73.0595531805415,41.3242454083287],[-73.0591461804687,41.3241674086375],[-73.0588431803109,41.3241144086517],[-73.0584801812794,41.3240524083965],[-73.0582681807723,41.32401540838],[-73.0566931806561,41.3238714084356],[-73.0565691797048,41.3238604082614],[-73.0563031797539,41.3238414081092],[-73.0562601798358,41.3238384084256],[-73.0559741794731,41.3238584080497],[-73.0559421800289,41.3238604086721],[-73.0557991801369,41.3238804087767],[-73.0556971796442,41.3239144081711],[-73.0551131791957,41.3241104088269],[-73.054829179713,41.3242104086681],[-73.0546491791093,41.3242674088539],[-73.0543441799448,41.3243534085223],[-73.0542801799555,41.3243734085485],[-73.0540901789494,41.3244364087363],[-73.054027179645,41.324457408142],[-73.0539231794536,41.3244874088536],[-73.0536111792562,41.3245794084683],[-73.0535121795471,41.3246224085408],[-73.0530041794406,41.3246404086158],[-73.0514831790366,41.3246954085233],[-73.0509771784148,41.324714409135],[-73.0496721783115,41.3249574085769],[-73.045758176644,41.3256884093875],[-73.0444541767769,41.3259324092211],[-73.0433911760266,41.3260804088783],[-73.0413021757732,41.3263744089641],[-73.0402041746132,41.3265204095862],[-73.0391421745346,41.3266624091249],[-73.0391501743218,41.3266124098506],[-73.0393971751078,41.3250404090749],[-73.0401621747083,41.320174408087],[-73.0402821751096,41.319413407677],[-73.04042117423,41.3185534082266],[-73.0404351741289,41.3183634077068],[-73.0404381748387,41.3183094077526],[-73.0404921739234,41.3175804079078],[-73.0405111741979,41.3173374081055],[-73.0405141743297,41.3173074072486],[-73.0405331741057,41.3172234076947],[-73.0405301748843,41.3171904074119],[-73.0405651745757,41.3165314071453],[-73.0406721748479,41.3145574074424],[-73.040708174555,41.3138994065774],[-73.0411991739763,41.3137834068121],[-73.0426751749147,41.3134354070014],[-73.0431671750456,41.3133204065065],[-73.0440051749982,41.3130104069579],[-73.0441651754179,41.3129524067898],[-73.0465201762218,41.3120834068184],[-73.0473591760174,41.3117744065241],[-73.0477091768496,41.31168040614],[-73.0487601772797,41.3114004066089],[-73.0491111768733,41.311308406381],[-73.0497231770633,41.3112664061118],[-73.0499431773546,41.3112784059221],[-73.0501131775229,41.3112874063662],[-73.0501691774813,41.3112904058035],[-73.0506821777088,41.3113204058368],[-73.0513781772178,41.3113174061944],[-73.0514241779227,41.3113214064781],[-73.0522541779233,41.3113994063473],[-73.0524411779071,41.3114214057178],[-73.0531271783663,41.311502405747],[-73.0531511784595,41.3113594063802],[-73.0531971779578,41.3111514062702],[-73.0533191782535,41.3111874058415],[-73.0535341786236,41.311251406361],[-73.0543001782356,41.3114784063144],[-73.0546281792477,41.3115764056265],[-73.0549321789645,41.3116574056371],[-73.0558451786636,41.3119004062721],[-73.0561501797193,41.311982406164],[-73.056260179841,41.3120204057049],[-73.0565911791521,41.3121374057542],[-73.056702179304,41.3121764061747],[-73.0571771790672,41.3121754059442],[-73.0571901795078,41.312175406215],[-73.0575271802057,41.3121404058721],[-73.0579231798965,41.3120694062567],[-73.0585501799856,41.3118274061981],[-73.0586491805938,41.3117904057119],[-73.0589851807093,41.3116354062841],[-73.0594241803404,41.3113704060264],[-73.0600551807997,41.3109914054897],[-73.0601311801055,41.3109454058225],[-73.0607851804988,41.3106574056976],[-73.0612561804544,41.3104524053228],[-73.0617471814062,41.3100874053301],[-73.062258181467,41.3093914057865],[-73.0631811816534,41.3082734053135],[-73.0650281818759,41.306135404856],[-73.06495318189,41.3058534045883],[-73.0648811816465,41.3055834041553],[-73.0648131819027,41.3053284046484],[-73.0654551813725,41.3048434044844],[-73.0658681813801,41.3045244042128],[-73.066415182509,41.3029574036972],[-73.0671521819043,41.3018044038433],[-73.0672051827303,41.3016824036983],[-73.067437182507,41.3014154040203],[-73.0678521823656,41.3010044037841],[-73.0707071839083,41.3027544040645],[-73.0753531852296,41.3056044045313],[-73.0765481851533,41.306695404653],[-73.0768061855533,41.3069314039878],[-73.0770641854431,41.3071674045434],[-73.0776531854705,41.3077044043679],[-73.0781211866909,41.3091104052099],[-73.0789531862892,41.3116044054237],[-73.0795531868918,41.3120044057328],[-73.0820531872276,41.3131044049954],[-73.0826201877031,41.313210405399],[-73.0831861883913,41.3133174053854],[-73.0852601886733,41.3137084052698],[-73.0860871890203,41.3141804052014],[-73.0865241890568,41.3144634057074],[-73.0866801886811,41.3145414056024],[-73.0867051887595,41.3145664055295],[-73.0867411888689,41.3146084056635],[-73.0871211888676,41.3150534056172],[-73.0883101895248,41.3164464057103],[-73.0886621902924,41.3168614061178],[-73.088678189853,41.3168794061543],[-73.0890441897948,41.3173124059257],[-73.0891801908138,41.3174604060591],[-73.0909391905326,41.3192644061099],[-73.0910011912724,41.3193114059795],[-73.0932411916466,41.3210154064346],[-73.0956571925141,41.3221064063238],[-73.0964451924495,41.3224334071443],[-73.0966491926867,41.3225184068202],[-73.0968541925502,41.3226044070879],[-73.097421193004,41.3228894064997],[-73.0979891939704,41.3231754067558],[-73.1012231949469,41.3248014074488],[-73.1017731943885,41.325078407441],[-73.1023231955004,41.325354407119],[-73.1055821957925,41.3269924072829],[-73.10884219668,41.3286304073159],[-73.1117351978242,41.3300864081001],[-73.1131751987568,41.3308104079143],[-73.1146291987514,41.3315414081253],[-73.1147551988502,41.3316044083267],[-73.1157552001491,41.3322044081532],[-73.1158101994159,41.3322724077765],[-73.1208552022209,41.338504408674],[-73.1221922023841,41.3404274091399],[-73.1224012021703,41.3407274097849],[-73.122855202429,41.3414044091721],[-73.1230572030225,41.3421444096364],[-73.1234552032893,41.3436044096691],[-73.1235282034548,41.3437074096134],[-73.1236622027032,41.3438974100388],[-73.1237532033908,41.3440264095771],[-73.1237962027335,41.3440874103032],[-73.1240362037075,41.3444284104943],[-73.12427720272,41.3447684101456],[-73.1244292031587,41.3449844102045],[-73.1245552036897,41.3451624104727],[-73.1246552034315,41.3453044099908],[-73.1245662038367,41.3453434101719]]]},"properties":{"OBJECTID":9,"TOWN_NO":37,"TOWN":"Derby","GRACE_PERIOD":"No"}},{"type":"Feature","id":10,"geometry":{"type":"Polygon","coordinates":[[[-72.9039591254056,41.2408983979051],[-72.9027081256184,41.2428693976133],[-72.900591125599,41.246209398363],[-72.9004091250747,41.2464983984421],[-72.8997231244185,41.246905398922],[-72.8996011246926,41.2471393992626],[-72.899411124449,41.2475093991802],[-72.8995961252281,41.2477153993618],[-72.8996101245443,41.2477403986243],[-72.8996521246759,41.2478183993335],[-72.8996671249143,41.247844398559],[-72.8997491243202,41.247992398611],[-72.8997881244038,41.2482823986921],[-72.8995621252246,41.2485053993529],[-72.8992031248287,41.24870539949],[-72.898839124529,41.2487553996284],[-72.8983171248627,41.2486413991447],[-72.8975691237862,41.2484793995291],[-72.8969191235563,41.248493398861],[-72.8965851244092,41.2486573991153],[-72.8959281231392,41.2489803996911],[-72.8952141238075,41.2492923997982],[-72.8950811236234,41.2496143992243],[-72.8950281238285,41.2497433998508],[-72.8947371238912,41.2498673998325],[-72.8946901235751,41.2498733993748],[-72.894275122858,41.2499933993311],[-72.8939151233449,41.2500203997803],[-72.8937071230116,41.2499903993878],[-72.8935801230615,41.249901399942],[-72.8933911229562,41.2497643995593],[-72.8932031227214,41.2496814000037],[-72.8929701230556,41.2496373999383],[-72.8927991228596,41.2496813994518],[-72.8926581231675,41.2497643994763],[-72.8925931229136,41.2499424000125],[-72.8925621227772,41.2501814001275],[-72.8925311229803,41.2503224001332],[-72.892295122637,41.2505383997768],[-72.8920481230502,41.2507814002601],[-72.8917601219188,41.2510173997086],[-72.8914761225639,41.2511773999007],[-72.8914021221624,41.2512104002253],[-72.8913551223238,41.2512083998773],[-72.8910521226456,41.2511943999914],[-72.8909771225108,41.2511833999665],[-72.8898921215344,41.2510273995556],[-72.8898541224633,41.2510213995903],[-72.8896201213424,41.2509883998871],[-72.8894811221206,41.2510113997015],[-72.8892041210764,41.2510563999348],[-72.889095121501,41.2511673996289],[-72.8886261216631,41.2516424003924],[-72.8883631216873,41.251910400078],[-72.8879241210983,41.2523714005032],[-72.8874441214175,41.2527814003816],[-72.8872551205701,41.2529854006373],[-72.8872401215456,41.2531294000189],[-72.8873481209428,41.2533024006288],[-72.887349121714,41.2534014007658],[-72.8872761211745,41.2534944009417],[-72.8871451210044,41.2535794009046],[-72.887104121189,41.2536614008051],[-72.8870461216354,41.2537794004041],[-72.8870521213985,41.253798400391],[-72.887026121311,41.2538024006025],[-72.8868331213187,41.253932400418],[-72.8868501214176,41.2540944006964],[-72.886852121619,41.2541094003627],[-72.8868721216555,41.2542914009927],[-72.8870641210265,41.2549184006238],[-72.8870571214012,41.2549954011269],[-72.8871071213844,41.2551604007976],[-72.8871111217849,41.2555864008921],[-72.8871281213367,41.2564194011004],[-72.8871301217343,41.2577814016055],[-72.8871371217154,41.2586094018335],[-72.8871931221867,41.265000402866],[-72.8872281224886,41.2689574038533],[-72.8872501223971,41.2714064036249],[-72.8872561227107,41.2720144042093],[-72.8872561227407,41.272069404157],[-72.8872591223213,41.2724074041479],[-72.8872681223912,41.2728744039589],[-72.8872951225339,41.2742784043902],[-72.8872951228119,41.2742944040929],[-72.8873051230283,41.274746404192],[-72.8873101219475,41.2755444050479],[-72.8873151225662,41.2757414045448],[-72.8873711231159,41.2760704050181],[-72.8874741225925,41.276188404954],[-72.8873871221165,41.2764574049682],[-72.8873801231559,41.2765934049573],[-72.8873631222187,41.2770014046212],[-72.8873581221289,41.277138405281],[-72.8874391227432,41.2776214055433],[-72.8875321221852,41.2781664055675],[-72.8876501224377,41.2788624050533],[-72.8874981233365,41.281281405694],[-72.8874331231011,41.2823234058648],[-72.8874571224756,41.2825534064983],[-72.8875301231241,41.2832434062346],[-72.8875551232238,41.2834744060006],[-72.8875551229292,41.2837254063508],[-72.8875581230586,41.284478406462],[-72.887559122841,41.2847304068613],[-72.8876041232113,41.2849274067552],[-72.8877391227446,41.2855214065338],[-72.8877511237667,41.2855724066903],[-72.8877071232207,41.2857174067107],[-72.8874721227405,41.2861594068633],[-72.8867671224757,41.2874854069893],[-72.8865331224803,41.2879284070035],[-72.8864771226206,41.28798340696],[-72.8864401231091,41.2880704070349],[-72.8864311224324,41.2881134068239],[-72.8863941228079,41.2882894068528],[-72.8863881232078,41.2883164069852],[-72.8862961231743,41.2883664073145],[-72.886270122835,41.2884614071408],[-72.8861071225912,41.2886954074841],[-72.8857961227521,41.2891464076298],[-72.8856051226908,41.2893854071771],[-72.8854281221687,41.2896094076538],[-72.8848451231367,41.2903344073888],[-72.8838521220014,41.2915744081501],[-72.8835921227478,41.2918994080351],[-72.8831001218916,41.2925124082744],[-72.882593121533,41.2931454086702],[-72.8825181224739,41.2932384086138],[-72.8820661223264,41.2940584083021],[-72.8807121220454,41.2965234092687],[-72.8802611219201,41.2973444088451],[-72.8783231204753,41.2999494099683],[-72.8775391206622,41.3009384103132],[-72.8767551209328,41.3023184103118],[-72.8762881211193,41.3035694102563],[-72.8757211201458,41.3042724111856],[-72.8743021206275,41.3060334110786],[-72.8736411204924,41.3068554116991],[-72.8735341197396,41.307128411608],[-72.8735121194407,41.3071614115757],[-72.8733351200421,41.3074284115473],[-72.8729011197396,41.3080904116884],[-72.8724321199905,41.3088024120837],[-72.8723921195909,41.3090214119383],[-72.8722841193258,41.309634411947],[-72.8719741196357,41.3102814118086],[-72.8710481189364,41.3122224126365],[-72.8707401195623,41.3128704126159],[-72.8704121192539,41.3135704124102],[-72.8703581192049,41.3136864131322],[-72.8701601196079,41.3141764128273],[-72.8696971197341,41.3153204131659],[-72.8695881196605,41.3155234131519],[-72.868949119295,41.3168294134325],[-72.8683081189042,41.3183714139129],[-72.8677311183568,41.3197614136602],[-72.8676991191305,41.319896413685],[-72.8676031183233,41.3203054142771],[-72.8675721188714,41.3204414145028],[-72.8675211190581,41.3205534146341],[-72.8673701185775,41.3208904141063],[-72.867320118377,41.3210034143891],[-72.8672981182483,41.3211284147515],[-72.8672581182407,41.3213634139171],[-72.8672191187061,41.3215034146906],[-72.8671851192414,41.321626414849],[-72.8670541188555,41.3219224142535],[-72.8666631183862,41.3228104148695],[-72.8665331183584,41.3231074147876],[-72.866482118822,41.3232284150481],[-72.8663291184602,41.323594414993],[-72.8662791184992,41.3237164145113],[-72.8658721183495,41.3244734151306],[-72.8646511183639,41.3267484156595],[-72.8642451177526,41.3275064158813],[-72.863912118688,41.3283214162509],[-72.8629171175076,41.3307664161271],[-72.8625861176867,41.3315824161154],[-72.8625051180554,41.3317624161824],[-72.8622661175756,41.3323054168085],[-72.8621861177644,41.3324864169238],[-72.8619121177679,41.3330764170165],[-72.861094117361,41.3348484171638],[-72.8608221170135,41.3354394174063],[-72.8607191174095,41.3356804175454],[-72.8604121172955,41.3364054170755],[-72.8603101174801,41.3366474171235],[-72.8596791167015,41.3367574174337],[-72.8574921167671,41.3371364178486],[-72.8570221163689,41.3372184177273],[-72.854239115939,41.3377004175181],[-72.8490411139406,41.3386014185154],[-72.8462241129383,41.3390904184921],[-72.8455061124146,41.3392164186956],[-72.8433541125894,41.3395964184218],[-72.8426371121599,41.339724418572],[-72.8418531121567,41.3398654186856],[-72.8397071113843,41.3402514193308],[-72.8352161096957,41.3410604193693],[-72.8350891096623,41.3410844189633],[-72.8309181085534,41.3418374196897],[-72.8279891070769,41.3423664197021],[-72.8279801068433,41.3423864196634],[-72.8278971068926,41.3426224195955],[-72.8278911068936,41.3427834197712],[-72.8279221077723,41.3432694196038],[-72.827907107637,41.3436164203426],[-72.8279061076369,41.3436494196318],[-72.8279191074783,41.3445284201321],[-72.8279121068821,41.3451614203963],[-72.8279241071297,41.3454554201801],[-72.8279221076628,41.3458354205017],[-72.8279451071583,41.346350420924],[-72.8279241071533,41.3467594204457],[-72.8279241081211,41.3472824204684],[-72.8279251072917,41.3474204208731],[-72.8279311075885,41.3478464208311],[-72.8279621080177,41.3485074205897],[-72.8279851078403,41.3486874214092],[-72.8279721079252,41.3493684214282],[-72.8279571077159,41.3501674209635],[-72.8279621084156,41.3511244214763],[-72.8279621073963,41.351196421736],[-72.8279351077989,41.3512694218047],[-72.8278761074661,41.3513244217037],[-72.827818108389,41.3513364213518],[-72.8275511082464,41.3513964216108],[-72.8271471080864,41.3514484214262],[-72.8271601079018,41.3520554215552],[-72.8271641076691,41.3522744216117],[-72.8271781075982,41.3529234219735],[-72.8271961077647,41.3537924217643],[-72.8272161080059,41.3547554220887],[-72.8272321074581,41.3554954226732],[-72.8272341083593,41.3555824225301],[-72.8272161079119,41.3560904223335],[-72.8271641077791,41.3576174230894],[-72.8271471076815,41.3581264224486],[-72.8271411083272,41.3596634234279],[-72.8271341076942,41.3614984237197],[-72.8243611069384,41.3616934237465],[-72.82282710701,41.3618014237162],[-72.8228201071218,41.3618634237736],[-72.8227881072871,41.3620804233251],[-72.8227801062253,41.3621524240605],[-72.8227621072219,41.3623084239696],[-72.8227151062876,41.3625604241638],[-72.8226401073917,41.3629764235564],[-72.8225911065756,41.363370423614],[-72.8225621066201,41.3637914244274],[-72.822543107095,41.3640704238343],[-72.8225371072104,41.3642044242664],[-72.821374106082,41.3641374244376],[-72.8178871059104,41.3639364241496],[-72.8170041055954,41.3638854241691],[-72.8170871053991,41.3608384238254],[-72.8170631052939,41.3604454240707],[-72.8170701050039,41.3597354236904],[-72.8177361043722,41.3403134194758],[-72.8177531040473,41.3399904195024],[-72.8179121039995,41.3394274192633],[-72.8179741033961,41.3391964191729],[-72.8186251036285,41.3368114185506],[-72.8188421045228,41.3360174186381],[-72.8189561037283,41.3356604186565],[-72.8194381037583,41.3339704186895],[-72.8211951043511,41.3278224175399],[-72.8217811040092,41.3257734170009],[-72.8219501038685,41.3251964167883],[-72.8224611046749,41.323466415864],[-72.8226311041252,41.3228904160306],[-72.8226811048484,41.3227114163476],[-72.8227841049519,41.3223494162241],[-72.8228351041034,41.3221764162451],[-72.8228871042743,41.3219984155564],[-72.8229591040365,41.3218904162765],[-72.8230151040243,41.3218054158344],[-72.8231761039894,41.3215664157172],[-72.8232491048245,41.3214594159799],[-72.8232951043983,41.3211354153805],[-72.8234341045773,41.3201674160391],[-72.823481104328,41.3198444159473],[-72.8235151040601,41.3196864158526],[-72.8236191050749,41.3192144158451],[-72.823654104948,41.3190574154253],[-72.8236961045993,41.3189974157573],[-72.8237061047901,41.3189424150947],[-72.823781104876,41.3185624153573],[-72.8238061042715,41.3184364156774],[-72.8238131044038,41.3184154151058],[-72.8238361041016,41.3183524148013],[-72.8238441050124,41.3183324148532],[-72.8260771054866,41.3175454154101],[-72.8272791061382,41.3171234149079],[-72.8322911066147,41.3153594146426],[-72.8327791073648,41.3151864142266],[-72.8341741073245,41.3146964142023],[-72.8343661075839,41.3146294138815],[-72.8350141078791,41.3144014142265],[-72.8365031081706,41.3134754137574],[-72.8372941085916,41.3125804132589],[-72.8376411081124,41.3113554136228],[-72.8383661092335,41.3088024124879],[-72.8401821091465,41.2998044115215],[-72.8406101083746,41.2990934107396],[-72.8411691084583,41.2981674104841],[-72.8412661090276,41.2980054107115],[-72.8437451096007,41.2964054102082],[-72.8469561104776,41.2951624101059],[-72.848185111146,41.2946854093797],[-72.850166111146,41.2939184093979],[-72.8508601121983,41.2936494097848],[-72.8558231131697,41.290881408389],[-72.8589721144677,41.2877374080816],[-72.8595651144075,41.2865964074951],[-72.8603241138913,41.2851394076374],[-72.8608241138379,41.283021407016],[-72.8604201143138,41.2823444070114],[-72.8603411138388,41.2822124067341],[-72.8603251142067,41.282177407248],[-72.8602951138105,41.2821134067884],[-72.8601971139791,41.2818994066238],[-72.8601871137787,41.2815494068278],[-72.860091114421,41.2814894064439],[-72.8593451136454,41.2810204070048],[-72.8593971139785,41.2801384062932],[-72.8594701133357,41.2788874066147],[-72.860080113881,41.2780644061047],[-72.8604761136974,41.2775914059333],[-72.8605351140022,41.2774934059439],[-72.8606001134333,41.2773984057566],[-72.860659113643,41.277310405846],[-72.8607731139372,41.277094405618],[-72.8608741146244,41.2767734055251],[-72.8608841135348,41.2767434062151],[-72.8609281136654,41.2764334059233],[-72.8608761136361,41.2763424059626],[-72.8609071145924,41.2762114060946],[-72.8610381143085,41.275997406073],[-72.8611801140481,41.2757784059515],[-72.8614071145977,41.2755204056312],[-72.8615871137034,41.2754974054786],[-72.8616921136384,41.2754844054145],[-72.8620091144334,41.2754834052262],[-72.862057114213,41.2751944057168],[-72.8621071146543,41.2748954058742],[-72.8623211149221,41.2743634055473],[-72.862431114013,41.274092404906],[-72.8624501139128,41.274045405547],[-72.8625541148988,41.2737864052624],[-72.8626321148699,41.2735934056769],[-72.8626601147765,41.2731914047518],[-72.8626761141867,41.2729734053918],[-72.8626371138395,41.27259140491],[-72.8626261139033,41.2714574044669],[-72.8627511148733,41.2711754043653],[-72.8628441140489,41.270966404522],[-72.8631271140149,41.2706624047348],[-72.8633161148455,41.270427404321],[-72.8635991145381,41.2699964042972],[-72.8638431146173,41.2697684041826],[-72.8640481146192,41.2695574046462],[-72.8642421146932,41.2694364044799],[-72.8642811148284,41.2691924045194],[-72.8641711144459,41.2689404043001],[-72.8639941150236,41.2687754042997],[-72.8638631141542,41.2686954046274],[-72.8637531139612,41.2686514046703],[-72.8636111145795,41.2686554039562],[-72.8634471146311,41.2688194039037],[-72.8634771147308,41.2691174041381],[-72.8634701140799,41.2693444044601],[-72.8634161148766,41.2695464041247],[-72.8632691147235,41.2696984040703],[-72.8630591146963,41.2698254044233],[-72.8627821138365,41.2698444046335],[-72.8624751140791,41.2697914048095],[-72.8623711142125,41.2695864047282],[-72.8623721146415,41.26931240443],[-72.8624201146534,41.2690624039282],[-72.8625091141024,41.2687664043859],[-72.8625151144354,41.2685754042077],[-72.8625111139279,41.2684384044152],[-72.8623811136618,41.2683164043011],[-72.8620531135525,41.2683224046873],[-72.8618221139866,41.2683654043976],[-72.8615041139962,41.2684374047238],[-72.8613621140144,41.2684164044407],[-72.8612061135046,41.2683664039861],[-72.8609721133928,41.2682484038662],[-72.8606221134151,41.2680234040573],[-72.8604071136494,41.2678864043047],[-72.8603971128055,41.2676954043451],[-72.8603961139103,41.267504403808],[-72.8605091131348,41.2674164040432],[-72.8607781139201,41.2674034040016],[-72.8611411138721,41.2674404038591],[-72.8615041132883,41.2674594039099],[-72.8616491138752,41.2673724037471],[-72.8616691134426,41.2672354039227],[-72.8616181135679,41.2671094036096],[-72.8613791139384,41.266932404129],[-72.8611401130523,41.266736404215],[-72.8610331130431,41.2666214035736],[-72.8608751139441,41.2665984039397],[-72.8606541137569,41.2665004034867],[-72.8605291138062,41.2663424036091],[-72.8604881127294,41.2661404042001],[-72.8605041128456,41.2658414033829],[-72.8605141131704,41.26552940346],[-72.8603971131793,41.2654784034978],[-72.860274113314,41.265449403954],[-72.8601371132589,41.2654644036623],[-72.8599751128299,41.2655174036781],[-72.8598141133788,41.2655704034049],[-72.8594651125327,41.2657554036477],[-72.8591921124322,41.2657864039863],[-72.8590481129145,41.2657704037198],[-72.8589031127012,41.2657554036992],[-72.8587661124345,41.2657594039365],[-72.8585521125139,41.265767403789],[-72.8583921126339,41.2657214038903],[-72.8582391119707,41.2657134042269],[-72.8580791119883,41.2657024035347],[-72.8579721121855,41.2656834036821],[-72.8578501126391,41.2656224038775],[-72.857705111944,41.2655764042001],[-72.8575601128859,41.2654734036314],[-72.8574381119619,41.2653814034466],[-72.8571101118596,41.2651564037442],[-72.8567901114734,41.2648364040635],[-72.856431111915,41.2645384038799],[-72.8560721123042,41.2644474038216],[-72.8557061121607,41.2643254037533],[-72.8553401117386,41.2642334038849],[-72.8549131117621,41.2642184039436],[-72.8544861115751,41.2642024038356],[-72.8542341115375,41.2641954039428],[-72.853991111392,41.2641874039518],[-72.8537461108618,41.2642444035712],[-72.8533411103793,41.2641344033663],[-72.8529441101036,41.2635814036357],[-72.8524491107232,41.2628984035375],[-72.851928109808,41.2621894038327],[-72.8520191101133,41.2597974029277],[-72.8521591100276,41.2593684030647],[-72.8522451103665,41.2591064024204],[-72.8522721104351,41.259059402946],[-72.8525341102333,41.2586544025435],[-72.8527961107419,41.2582504027999],[-72.8532331104393,41.2575784023582],[-72.8536691103676,41.2569054025292],[-72.8537351103237,41.2568024021277],[-72.8537471108727,41.256782402635],[-72.8538021099845,41.2566994025815],[-72.8539751104516,41.2564324026212],[-72.8541491101941,41.2561644020068],[-72.8541681109539,41.2561354017168],[-72.8541771107905,41.2561224021405],[-72.8545801106325,41.2555984020289],[-72.8550561105035,41.2549784018059],[-72.8555611105855,41.2543774015971],[-72.8557111115946,41.254183401727],[-72.8558611105179,41.2539894016581],[-72.8560771110918,41.2537114013566],[-72.856235111174,41.2535084016892],[-72.8567151118636,41.2528834014345],[-72.8572441118838,41.2522044013182],[-72.8582131119513,41.2500364010092],[-72.85886011195,41.2485914005601],[-72.8589581120168,41.2483754005284],[-72.8590161114126,41.248188400822],[-72.8591191120079,41.2478564007346],[-72.8592211113012,41.2475234002213],[-72.8592571113635,41.2474194004603],[-72.8593671120669,41.2471084004698],[-72.8594051116771,41.2470054000258],[-72.8595431115546,41.2465623998067],[-72.8595831112897,41.2464373998851],[-72.8596611112863,41.246188399587],[-72.8601181118311,41.2447363995863],[-72.8602971123844,41.2441693994273],[-72.8606451115869,41.243186399157],[-72.861691112238,41.2402393983445],[-72.86204111223,41.2392573981872],[-72.862754112387,41.2392543984267],[-72.864893113023,41.2392483988467],[-72.8656071132046,41.2392463986999],[-72.8691281143086,41.239236398376],[-72.8745481163134,41.2392213985499],[-72.8796911183177,41.2392063977341],[-72.8803021186502,41.2392043982656],[-72.8832121195095,41.2391963982304],[-72.887585120429,41.2391823981291],[-72.9007081244347,41.2391423977023],[-72.9050821262472,41.2391293972948],[-72.9039591254056,41.2408983979051]]]},"properties":{"OBJECTID":10,"TOWN_NO":44,"TOWN":"East Haven","GRACE_PERIOD":"No"}},{"type":"Feature","id":11,"geometry":{"type":"Polygon","coordinates":[[[-72.6650730804585,41.7665235071795],[-72.6649500801451,41.7687825071182],[-72.664917079752,41.7693765074069],[-72.6649090796218,41.7695365073807],[-72.6645750798331,41.7707215077081],[-72.6643370803338,41.771571508087],[-72.6641610798674,41.7721985083321],[-72.6596230784776,41.7756315086946],[-72.6591010790262,41.7760275092745],[-72.6585190790972,41.7764675095269],[-72.657937078463,41.7769075095038],[-72.6571260780218,41.7771865093132],[-72.6563150777921,41.7774655097139],[-72.6548250776435,41.7779785091932],[-72.653335076683,41.7784915101024],[-72.6527690762262,41.7786855101892],[-72.6518370762403,41.7790075101056],[-72.6510400765234,41.7799395100835],[-72.6490790752722,41.7822325110185],[-72.6471190756993,41.784524511369],[-72.6459360747759,41.7859075114837],[-72.6452360750262,41.7913075129159],[-72.6453470756018,41.7921855123138],[-72.6460360754047,41.7976075134802],[-72.6456830758767,41.7976445135372],[-72.6446250750639,41.7977575141124],[-72.6442730753019,41.7977965140388],[-72.6433970752016,41.797895513727],[-72.6407710743356,41.7981945140924],[-72.639896074334,41.7982955139441],[-72.6310790704795,41.798670514087],[-72.6277880704603,41.7989145145469],[-72.6250140689429,41.7987445145014],[-72.6247640689789,41.7987965149771],[-72.6247090685892,41.7987935147919],[-72.6245290686337,41.7987855142731],[-72.6237790690837,41.7988135143025],[-72.6234700681787,41.7988255144795],[-72.6229370680181,41.7988485146923],[-72.6213390675131,41.7989175151914],[-72.6208070673035,41.7989415150746],[-72.6204170669566,41.7989565145254],[-72.619246067342,41.7990015146493],[-72.6188570665131,41.7990175147488],[-72.6186590668357,41.7990265146622],[-72.6184440670888,41.799039514911],[-72.6178840662145,41.7990745148597],[-72.6172090663943,41.7991185148146],[-72.6170670668766,41.799128514538],[-72.6167970657939,41.7991375147884],[-72.6164000667496,41.7991495151611],[-72.6152080661955,41.7991885149724],[-72.6148120655236,41.7992015149363],[-72.6141110650352,41.7992325148838],[-72.6133370654057,41.7992675153791],[-72.61200806484,41.7993275149751],[-72.6113080641528,41.7993595155938],[-72.6098920642453,41.7994255149723],[-72.6056430627021,41.7996235157353],[-72.6042280619442,41.7996905156313],[-72.6041170619274,41.7996945152513],[-72.6037850619674,41.7997085153039],[-72.6036750619211,41.7997135151481],[-72.6034860614564,41.7997205151913],[-72.6029220621447,41.7997435151542],[-72.6027350615404,41.7997525152814],[-72.6024440613009,41.7997675154197],[-72.6015710611881,41.7998145156043],[-72.6012810616981,41.7998315155656],[-72.600985061008,41.7998435155425],[-72.6000970607624,41.7998805157092],[-72.5998020607969,41.7998935160374],[-72.5950450599314,41.8001165156778],[-72.5892950580687,41.8003615164657],[-72.5864670560562,41.8004855161173],[-72.5843300553347,41.8005855165249],[-72.5841820557047,41.8005925167801],[-72.5837400553862,41.8006125163007],[-72.5835930553624,41.8006205166234],[-72.5834900553323,41.8006525167843],[-72.5834860559989,41.8006295162028],[-72.5834820558018,41.8006045159532],[-72.5834670555466,41.8005365164629],[-72.583436055154,41.800365516011],[-72.5834230559976,41.8002975166958],[-72.5830770555325,41.7983955163156],[-72.5830350553235,41.7981615160744],[-72.5830100551993,41.7980245157302],[-72.5829410547569,41.7976465155888],[-72.5829010556789,41.797423515873],[-72.5828710546476,41.7972585155802],[-72.5828120547045,41.7969385156435],[-72.5827910552725,41.7968195153159],[-72.5827260548144,41.7964655158425],[-72.5827050544911,41.7963465154832],[-72.5826960548558,41.7962995151798],[-72.5826250549626,41.7959075158988],[-72.5825980551399,41.795760515941],[-72.5825200554168,41.795328515707],[-72.5824990547381,41.7952155151827],[-72.5824890552105,41.7951575156672],[-72.5824220546629,41.7947915149493],[-72.5824060547538,41.794703515269],[-72.5823450550361,41.7943705154732],[-72.5823210552341,41.7942335153954],[-72.5822410543472,41.793797515255],[-72.5822210548949,41.7936885154297],[-72.5821060545285,41.7930555151925],[-72.5820750542916,41.7928835146541],[-72.5820000546141,41.7924715148141],[-72.5819640550584,41.7922735148257],[-72.581895054402,41.7918915150469],[-72.5818730541052,41.7917705150674],[-72.581801054985,41.7913775148746],[-72.5817720549288,41.7912165148357],[-72.581695054363,41.790794514245],[-72.5816780546488,41.7906985142276],[-72.5815880546908,41.7902055147571],[-72.581567054091,41.7900905142398],[-72.5815590543003,41.7900515148177],[-72.5815330548763,41.7899075140026],[-72.5815160547976,41.789785514599],[-72.5814410538761,41.7895115139617],[-72.5814590539061,41.7888075141651],[-72.5814330543977,41.7886075143407],[-72.5799910536424,41.7827245128117],[-72.5799500532269,41.7821975130625],[-72.5799410530008,41.7820525129345],[-72.5799160529817,41.7816175127607],[-72.5799080534967,41.7814735125709],[-72.5798930535012,41.7813175130052],[-72.5798530535266,41.7808745126356],[-72.579850052695,41.7808515123807],[-72.5798450536333,41.7807975128402],[-72.5798450527241,41.7807855129776],[-72.5798370531488,41.7806965124185],[-72.5798260534697,41.7806295128836],[-72.5798150526131,41.7805625124444],[-72.5796140531149,41.7793515127185],[-72.5795700525431,41.7790845119731],[-72.5791240530868,41.7767545120597],[-72.578789052263,41.7753485113492],[-72.5786860519629,41.774913511501],[-72.5786770521886,41.7748765117221],[-72.5786230520898,41.7746515112539],[-72.5785630528406,41.7744025119806],[-72.5785530527778,41.7743595116616],[-72.5784950520719,41.7741145110612],[-72.5784790519012,41.7740505110284],[-72.5784730519814,41.7740235113826],[-72.5784500521808,41.7738995114362],[-72.5783830525204,41.7735265115275],[-72.5783610523018,41.7734035115234],[-72.5782870523401,41.7729685110006],[-72.5778580513914,41.7704445109484],[-72.5778360514037,41.7703145105101],[-72.5776850517671,41.7694295108661],[-72.5776110512734,41.7689945103691],[-72.5775720519633,41.7687655104978],[-72.5775390513258,41.7685705105716],[-72.5775090513516,41.7683945107487],[-72.5774480516632,41.7680365105118],[-72.5773110510556,41.7672265103758],[-72.5770940516478,41.7659515099068],[-72.5769810509137,41.7652735096806],[-72.5766430508684,41.7632415097324],[-72.5765310514134,41.7625645094984],[-72.576350050567,41.7614655092341],[-72.5758070509544,41.7581695088166],[-72.5756260503558,41.7570715082996],[-72.575616050526,41.7569525085626],[-72.5746340495313,41.7525255070806],[-72.5746560494708,41.7522285076228],[-72.5743180495969,41.7501315073764],[-72.5743040490779,41.7500605073457],[-72.5730890493204,41.7439295054321],[-72.5728320482584,41.7424185054933],[-72.5720610485362,41.7378855051816],[-72.5718040482329,41.7363755046128],[-72.5716870472975,41.7358615047703],[-72.5713480476915,41.7343715041162],[-72.5713370474396,41.7343225038917],[-72.571328047759,41.7342825040623],[-72.5712340480659,41.7338075040042],[-72.5716040475138,41.7337645038276],[-72.572714047557,41.7336395036852],[-72.5730850483911,41.7335975042004],[-72.5732790483267,41.7335755041259],[-72.5738650478548,41.7335125035507],[-72.5740600482198,41.7334915039908],[-72.5743440486705,41.7334655039963],[-72.5751970493167,41.733389503734],[-72.5754820486279,41.7333645036527],[-72.5776970497298,41.7330645036505],[-72.5792260497711,41.7328585031863],[-72.5800580508357,41.732745503126],[-72.5843430513515,41.7321675029562],[-72.5854460524388,41.7320195029355],[-72.5865110530274,41.7318705030479],[-72.5865590529542,41.7318675035362],[-72.5866700523286,41.7318605028814],[-72.5867700527847,41.7318505027634],[-72.5868360526816,41.7318435030935],[-72.5876670527551,41.7317625031776],[-72.5879440531165,41.7317355027766],[-72.5899090533125,41.7314995033175],[-72.5929670547727,41.7311335027174],[-72.594590055341,41.730605502729],[-72.596811056107,41.7302295027854],[-72.5993130561486,41.7298805024637],[-72.6028720581533,41.7296525019717],[-72.6039520584958,41.7294615024599],[-72.6101850593845,41.728659501583],[-72.610917060537,41.7285535019799],[-72.6131160606132,41.7282365016668],[-72.6136090606607,41.7281655015616],[-72.6138490608415,41.7281315011514],[-72.6141850617769,41.7280435016401],[-72.6152380618124,41.7279255009625],[-72.6157360619725,41.7278075014858],[-72.6158870620202,41.7277635009481],[-72.6163430620511,41.7276315016238],[-72.6164950615902,41.7275885008479],[-72.6167810618829,41.7275585010502],[-72.6225760643925,41.7269585011973],[-72.6247390646954,41.7265875006136],[-72.6271000658063,41.7261835004026],[-72.6309400667516,41.7256705001335],[-72.6319590672176,41.7254935001549],[-72.6329780669022,41.7253165001755],[-72.6336100674057,41.7252065005649],[-72.634241067638,41.7250975003894],[-72.6363360677567,41.7249074999221],[-72.6383300694457,41.7254465001989],[-72.6435980706511,41.7268705003132],[-72.6443130714481,41.727063499807],[-72.6449920710124,41.7272465005028],[-72.6463080711009,41.7276025004429],[-72.6466130715173,41.7276634999006],[-72.646987071399,41.7277385004655],[-72.6475310725316,41.7278465005933],[-72.6476670724968,41.7278735006736],[-72.6477520726365,41.7278905001172],[-72.6478370716175,41.7279075003974],[-72.6460990716193,41.7303455011059],[-72.6426370710251,41.7352075019181],[-72.6425720712401,41.7382195019873],[-72.6425370706186,41.7399075025783],[-72.64280707071,41.7406535028153],[-72.6429820714166,41.7411355032577],[-72.6437410717862,41.7432335030193],[-72.6446370721499,41.7457075035752],[-72.6474770727465,41.7486125045572],[-72.6489390738988,41.7501085041987],[-72.6490370732489,41.7502085042196],[-72.6500070740753,41.750766504889],[-72.6509790748117,41.7513265050222],[-72.6529200748387,41.7524435049598],[-72.653405075972,41.7527225051324],[-72.653889076109,41.7530015051116],[-72.653991075959,41.7530665046898],[-72.6540570752081,41.7531085053037],[-72.6541650752932,41.7531775045881],[-72.6542430760623,41.7532265045135],[-72.6542980759038,41.7532615046063],[-72.6545960754242,41.753452504983],[-72.6552670757114,41.7538805046773],[-72.6555270764356,41.7540465045884],[-72.6559370760655,41.7543085050056],[-72.6569710766419,41.7552435048498],[-72.6580370767613,41.7562075057921],[-72.6602250776263,41.7578655058358],[-72.6613370785881,41.7587075054014],[-72.6614370785163,41.7588945054404],[-72.6615370790227,41.7590815053843],[-72.6616780783257,41.75934450572],[-72.6618190786142,41.7596085061589],[-72.6620920786037,41.7601195063477],[-72.6634670790178,41.7626895066727],[-72.6643590799684,41.764357506464],[-72.6650540798651,41.7656565067264],[-72.665115080019,41.7657705073285],[-72.6650730804585,41.7665235071795]]]},"properties":{"OBJECTID":11,"TOWN_NO":43,"TOWN":"East Hartford","GRACE_PERIOD":"No"}},{"type":"Feature","id":12,"geometry":{"type":"Polygon","coordinates":[[[-72.7181960994047,41.8065745130234],[-72.7175911000759,41.8066315129784],[-72.7170630998652,41.8066375129582],[-72.7154800992998,41.8066565133992],[-72.7149530981349,41.806663513315],[-72.7135140981575,41.806726513028],[-72.7091970969794,41.8069155135317],[-72.707759095916,41.8069795132998],[-72.7067560962807,41.8069985129927],[-72.7065430964115,41.8070025133996],[-72.7028980950585,41.8070715137342],[-72.7016830949208,41.8070955137725],[-72.7009090941022,41.8071065137001],[-72.6985900932661,41.807141513969],[-72.6978170929547,41.8071535137085],[-72.697368093218,41.8071795135366],[-72.6960230922047,41.8072585136653],[-72.695575092579,41.8072855135727],[-72.6947380922444,41.8073425138489],[-72.692230090832,41.8075175142152],[-72.6913940911418,41.8075765138259],[-72.6913840914457,41.8074845135978],[-72.6913770913762,41.8074195143485],[-72.6913380909861,41.8072115137127],[-72.6913220908139,41.8071215136841],[-72.6913020913927,41.8069565140129],[-72.6912450906917,41.8064635134202],[-72.6912260907489,41.8062995135961],[-72.6912110909739,41.806160513805],[-72.6911660914197,41.8057455140507],[-72.6911520909687,41.8056075141213],[-72.6911340911002,41.8054545133401],[-72.6910820904073,41.8049985137053],[-72.69106509113,41.8048465136804],[-72.6910270903286,41.8046615134666],[-72.6909150903387,41.8041065137211],[-72.6908780903524,41.8039215130344],[-72.6908340903166,41.8037385129045],[-72.6907040909505,41.803191513051],[-72.6906610909219,41.803009513615],[-72.6906030904876,41.8028175135318],[-72.6904310898973,41.8022415131811],[-72.6903740907561,41.8020495134608],[-72.6903260898783,41.8018055127162],[-72.6901860897941,41.8010935125756],[-72.6901790908095,41.8010775125459],[-72.6900770898573,41.8008525124157],[-72.6897790898754,41.8007995126395],[-72.6893940904153,41.8007325129444],[-72.6888860896639,41.8006425124851],[-72.6885890893689,41.8005905131462],[-72.6880790891644,41.8005075127436],[-72.6865490891739,41.8002585124129],[-72.686040089491,41.8001765128307],[-72.686059088995,41.8007225125181],[-72.686118089283,41.80236051311],[-72.6861380890339,41.8029075133127],[-72.6850210890033,41.8031355135031],[-72.6848820881252,41.8031365138252],[-72.6844870889955,41.8032095135454],[-72.6843550884306,41.8032345131492],[-72.6843380889977,41.8032385136139],[-72.6834580883442,41.8034225136613],[-72.6832470886543,41.803466513213],[-72.6816190879445,41.8037235135737],[-72.6756330858767,41.804668513771],[-72.6729150847219,41.8050855144405],[-72.6724190848432,41.805162514574],[-72.6680160831818,41.8058375148687],[-72.6634790814804,41.8065345151211],[-72.6633020821643,41.8065845152666],[-72.6627740822633,41.8067365150978],[-72.6625980816942,41.8067875151975],[-72.6623690815431,41.8068195145158],[-72.6616830818016,41.8069175146735],[-72.6615990811077,41.8069305152806],[-72.6615240807849,41.8069555152836],[-72.6614810810155,41.807005515268],[-72.6613980819051,41.8070225149173],[-72.6611530806987,41.8070735147806],[-72.6610710812411,41.8070915152442],[-72.6609240807318,41.8070945153505],[-72.6607070808791,41.8071005151351],[-72.6604830809839,41.8071065153894],[-72.6603370812493,41.8071115151848],[-72.6602690808489,41.8070875150661],[-72.6601470807657,41.8070945149181],[-72.660006081436,41.8071165148501],[-72.6590090799801,41.8072755147775],[-72.6587880803225,41.8073115153189],[-72.6586760808405,41.8073245150939],[-72.6586020809727,41.8070365153343],[-72.6584760806739,41.8065395146987],[-72.6583970797071,41.8061695147753],[-72.658335080201,41.805879514709],[-72.6583390807541,41.8058485145807],[-72.6583540806962,41.8057575144331],[-72.6583590797938,41.805727514476],[-72.6584970802707,41.8057285152305],[-72.6586090800989,41.8057295150565],[-72.6587800804259,41.8057685144384],[-72.6589430803234,41.8058055148008],[-72.6600180805302,41.8060865151768],[-72.6604310808942,41.8061945144868],[-72.6621010818304,41.8057925151148],[-72.6627430817532,41.8056385148158],[-72.6628620809034,41.801500513614],[-72.6625060814843,41.8014775134787],[-72.660856080895,41.8013725140389],[-72.6607910813396,41.8013685140399],[-72.6606020804182,41.8013865143198],[-72.660295080352,41.8014165143121],[-72.6601240804359,41.8016125140469],[-72.6600010805525,41.8017565137706],[-72.6593370805606,41.8024375140285],[-72.658335080313,41.8031065147119],[-72.6580360798665,41.8034235147984],[-72.657859079607,41.8036165144692],[-72.6577870798665,41.8036975149108],[-72.657456080246,41.8042735148309],[-72.6573110801219,41.8044165143958],[-72.6568780801663,41.8048475150455],[-72.6567340796098,41.804991514954],[-72.6563790791306,41.8053505149906],[-72.6557360799299,41.8060015151775],[-72.655139079785,41.8060585150697],[-72.6546370793199,41.8061075151802],[-72.6534060791035,41.8061065147153],[-72.649716077312,41.806103515529],[-72.6484860767861,41.8061035150917],[-72.6479170764655,41.8060505154822],[-72.6471530761137,41.8059805148809],[-72.646210076662,41.8058935156933],[-72.6458200764706,41.8058585148641],[-72.6457310766199,41.8058505151333],[-72.6456410756071,41.8058425153294],[-72.6456710760802,41.8052035149844],[-72.6457020759197,41.8045645154295],[-72.6457190763719,41.8041945149081],[-72.6458370760494,41.8017445145794],[-72.6459570755553,41.7992545138991],[-72.6459730755081,41.7989235139626],[-72.6460050757081,41.7982655142312],[-72.6460360754047,41.7976075134802],[-72.6453470756018,41.7921855123138],[-72.6452360750262,41.7913075129159],[-72.6459360747759,41.7859075114837],[-72.6471190756993,41.784524511369],[-72.6490790752722,41.7822325110185],[-72.6510400765234,41.7799395100835],[-72.6518370762403,41.7790075101056],[-72.6527690762262,41.7786855101892],[-72.653335076683,41.7784915101024],[-72.6548250776435,41.7779785091932],[-72.6563150777921,41.7774655097139],[-72.6571260780218,41.7771865093132],[-72.657937078463,41.7769075095038],[-72.6585190790972,41.7764675095269],[-72.6591010790262,41.7760275092745],[-72.6596230784776,41.7756315086946],[-72.6641610798674,41.7721985083321],[-72.6643370803338,41.771571508087],[-72.6645750798331,41.7707215077081],[-72.6649090796218,41.7695365073807],[-72.664917079752,41.7693765074069],[-72.6649500801451,41.7687825071182],[-72.6650730804585,41.7665235071795],[-72.665115080019,41.7657705073285],[-72.6650540798651,41.7656565067264],[-72.6643590799684,41.764357506464],[-72.6634670790178,41.7626895066727],[-72.6620920786037,41.7601195063477],[-72.6618190786142,41.7596085061589],[-72.6616780783257,41.75934450572],[-72.6615370790227,41.7590815053843],[-72.6614370785163,41.7588945054404],[-72.6613370785881,41.7587075054014],[-72.6602250776263,41.7578655058358],[-72.6580370767613,41.7562075057921],[-72.6569710766419,41.7552435048498],[-72.6559370760655,41.7543085050056],[-72.6555270764356,41.7540465045884],[-72.6552670757114,41.7538805046773],[-72.6545960754242,41.753452504983],[-72.6542980759038,41.7532615046063],[-72.6542430760623,41.7532265045135],[-72.6541650752932,41.7531775045881],[-72.6540570752081,41.7531085053037],[-72.653991075959,41.7530665046898],[-72.653889076109,41.7530015051116],[-72.653405075972,41.7527225051324],[-72.6529200748387,41.7524435049598],[-72.6509790748117,41.7513265050222],[-72.6500070740753,41.750766504889],[-72.6490370732489,41.7502085042196],[-72.6489390738988,41.7501085041987],[-72.6474770727465,41.7486125045572],[-72.6446370721499,41.7457075035752],[-72.6437410717862,41.7432335030193],[-72.6429820714166,41.7411355032577],[-72.64280707071,41.7406535028153],[-72.6425370706186,41.7399075025783],[-72.6425720712401,41.7382195019873],[-72.6426370710251,41.7352075019181],[-72.6460990716193,41.7303455011059],[-72.6478370716175,41.7279075003974],[-72.6481260720562,41.7279835005833],[-72.6489950722388,41.7282125006361],[-72.6492850726224,41.7282894999864],[-72.6512830728429,41.7288035004147],[-72.6556030747089,41.7299165000547],[-72.6573250753823,41.7297555002434],[-72.6587120758591,41.7296275000095],[-72.6591100756576,41.7294305004594],[-72.6593140755503,41.7293305004967],[-72.6648360770774,41.7286014996116],[-72.6650370781812,41.7286045001694],[-72.665166078214,41.7286024999721],[-72.6652610774042,41.7286004998691],[-72.6653650776925,41.7285984999897],[-72.6657780784675,41.7285455000625],[-72.6661010784644,41.7285055001553],[-72.6670180789533,41.7283884999281],[-72.6674320781413,41.728336499598],[-72.66759807914,41.7283044997608],[-72.6680020791035,41.7282274998538],[-72.6682380787901,41.7282274999006],[-72.6683630784496,41.7282184992979],[-72.670154079199,41.7280814999282],[-72.6703490795504,41.7280664996883],[-72.6709330800787,41.7280214999066],[-72.6711290800311,41.7280074993331],[-72.6711650793735,41.7280034993324],[-72.6718740800004,41.7279114994276],[-72.6724190799442,41.7278124990314],[-72.6737580806984,41.7276794992731],[-72.6750820804328,41.7275034991501],[-72.6774920821022,41.727184499325],[-72.6790550820749,41.7269764994362],[-72.6803800830955,41.726801498831],[-72.6806380826921,41.7267644990967],[-72.6814120825406,41.7266564991321],[-72.6816710824204,41.726621499182],[-72.681874083468,41.7265964992043],[-72.6824850833378,41.7265224985959],[-72.6825380837007,41.7265164989925],[-72.6826890838774,41.726498498969],[-72.6827590833175,41.7263884986847],[-72.6828610830349,41.7263344986756],[-72.6828910839839,41.7263194990269],[-72.6830080837825,41.7263074986077],[-72.683134083829,41.7263494987831],[-72.6832790831787,41.7263984984063],[-72.6833960839494,41.7264194984925],[-72.6835780834388,41.7263944986936],[-72.6837180831371,41.7263944990903],[-72.6838210833432,41.7264214988027],[-72.6853550838903,41.7262054989338],[-72.6899580860497,41.7255604980618],[-72.6903380852062,41.725507498346],[-72.6910360865257,41.7254094982985],[-72.6914930861458,41.7254684984079],[-72.6915620862374,41.7254784985713],[-72.6917390859955,41.7255044986706],[-72.6917720861457,41.7254994985261],[-72.6918420861942,41.7254894984248],[-72.6921800861468,41.7254294981682],[-72.6922820867649,41.7254124982287],[-72.6931970866293,41.7252524983329],[-72.6935370870202,41.7251944983844],[-72.6939290865854,41.7251744981166],[-72.6939470875007,41.7251734984617],[-72.6943200871734,41.7251544978352],[-72.6949530877388,41.7251214982193],[-72.6951770869843,41.7251094977516],[-72.6955870875908,41.7250884983021],[-72.6959490873127,41.7250604980216],[-72.6963240878907,41.7250314978531],[-72.696561087355,41.725017498345],[-72.6974360882559,41.7249654976176],[-72.699189088437,41.7248624976788],[-72.7013110891939,41.7247294977823],[-72.7025240901312,41.7246534979832],[-72.7029880892718,41.724623498038],[-72.7047160903694,41.7245164972455],[-72.7048390904231,41.7245084980455],[-72.7050590910135,41.7244684972234],[-72.7057190911497,41.7243484976395],[-72.7059390906507,41.7243084978386],[-72.7067980911353,41.7242854971159],[-72.7093750913038,41.7242164970807],[-72.7102340917331,41.7241934977804],[-72.7111060923076,41.7241094970507],[-72.7137240934793,41.7238574973481],[-72.714139093246,41.7238184974454],[-72.7145620932917,41.7236384975576],[-72.7145860939637,41.7243254970228],[-72.7146020931013,41.7246874971914],[-72.7146930936804,41.7246854974689],[-72.7146980936109,41.7247554975066],[-72.7147030936474,41.7249134978502],[-72.7147190934101,41.7253904973497],[-72.7147250941456,41.7255494973747],[-72.7147320938771,41.7257124979985],[-72.7147550939585,41.7262044977399],[-72.7147630932466,41.7263684980419],[-72.7147880941153,41.7268884977013],[-72.7148520938521,41.7281684982202],[-72.7148660943988,41.7284504977794],[-72.7148830936673,41.7288014981739],[-72.7148910944072,41.7289484977823],[-72.7148920939471,41.7289714977663],[-72.7149130944883,41.729451498305],[-72.7149790944475,41.7308914986833],[-72.7149920937056,41.7311934983154],[-72.7149980941409,41.7313174984602],[-72.7150010938847,41.7313714983925],[-72.714992094639,41.7315784989602],[-72.7149660937762,41.732202499096],[-72.71495809381,41.7324104984219],[-72.7149450945677,41.7326054986417],[-72.7150100942843,41.7340174991889],[-72.71515509459,41.7373725000089],[-72.7152960942755,41.7405805000113],[-72.7153690952907,41.7422155004071],[-72.7153730944054,41.7423265011612],[-72.7153980944327,41.7429025008966],[-72.7154610954324,41.7440405007665],[-72.7154700947966,41.7441965009635],[-72.7154720950225,41.7442375010781],[-72.7153700948022,41.7443625011612],[-72.7153000953501,41.744445501065],[-72.7151020955306,41.7447005014128],[-72.7150250946565,41.744779501445],[-72.7149630946338,41.7449565016233],[-72.7149630950268,41.745033500964],[-72.7149630944488,41.7451345010906],[-72.715021095019,41.7455645016378],[-72.71504909442,41.7458235010667],[-72.7150750950976,41.746088501639],[-72.7150980947801,41.7462495011985],[-72.715168095572,41.7467355019],[-72.7151920954491,41.7468975020126],[-72.7151940953341,41.7470485012393],[-72.7152180953428,41.7473985018535],[-72.7152180947526,41.747502501907],[-72.7152310948901,41.74765450202],[-72.7152270955862,41.7477585017626],[-72.7152170952343,41.7480715018708],[-72.715215094725,41.7481765015993],[-72.7152040946717,41.7482735016568],[-72.7151950955208,41.74834750184],[-72.7151570956291,41.7490925018368],[-72.7151630955619,41.7491675023235],[-72.7151680952364,41.7492335016574],[-72.7151780950364,41.7494675024386],[-72.7151740947315,41.7495015022366],[-72.7151460957594,41.7497535022314],[-72.7151410953446,41.7497625024695],[-72.7151020950018,41.7500725026749],[-72.7150950954186,41.7502615021426],[-72.7150650953194,41.7509475021455],[-72.7150250959544,41.7518515027292],[-72.7149970948821,41.7523445031032],[-72.7149740958153,41.7527675023868],[-72.7148780959939,41.754610503378],[-72.7148300959589,41.7555185036334],[-72.7147830955654,41.7564365033004],[-72.7148560959725,41.7569415031676],[-72.7148890951948,41.7571085035451],[-72.7149690958867,41.7575105040789],[-72.7150050957447,41.7578955033216],[-72.7150480952648,41.7583545037539],[-72.715160096022,41.7590695043056],[-72.7152970964185,41.7599485041864],[-72.7153100954199,41.7600695037897],[-72.7153530958441,41.7601675038861],[-72.7153530960426,41.7602345045281],[-72.7153530962324,41.7603105041933],[-72.7153730965039,41.7604335037627],[-72.7153850964926,41.7605005043984],[-72.7154030960624,41.7605715043955],[-72.7153960958587,41.7606555042893],[-72.715395095886,41.7607175040655],[-72.7155070956562,41.7613635044618],[-72.7155480959464,41.7615795040352],[-72.7155690960305,41.7617685041562],[-72.7156070961934,41.7619805043278],[-72.7156510962802,41.7623325047238],[-72.7156860956752,41.7625215044519],[-72.7157060957699,41.7626995046055],[-72.7157450957757,41.7630305045079],[-72.7157660963292,41.7632365049717],[-72.7157890967147,41.7634155044598],[-72.7158610969246,41.7638585052054],[-72.7159440966874,41.7643635046227],[-72.7160740964737,41.7651885053912],[-72.7161520962371,41.7656325051144],[-72.7162240962194,41.767087505576],[-72.7162900970755,41.7684385059989],[-72.7163970974386,41.769840505626],[-72.7164220964451,41.7701715060428],[-72.716468096967,41.7707695060178],[-72.7164710965507,41.7708065058841],[-72.7164190974355,41.7710325065974],[-72.7163290966409,41.7712345063659],[-72.7161630964083,41.7716065059222],[-72.715252096752,41.7738695068885],[-72.715111097322,41.7741835071966],[-72.7150210970178,41.7743845073028],[-72.714461096592,41.7758755074462],[-72.7143070969064,41.7763215072972],[-72.7142650963519,41.7764175075282],[-72.7141000967543,41.7767985074472],[-72.7139720966159,41.7771635077429],[-72.7139030965572,41.7774235078396],[-72.7139930972259,41.7788585080467],[-72.7140520967106,41.7791615080982],[-72.7141340963338,41.779575507488],[-72.7142310965386,41.7800725082267],[-72.7142910972802,41.7803765077602],[-72.7144850964954,41.7817325079072],[-72.7147200968646,41.7833755082736],[-72.7150310974426,41.7858065088369],[-72.7152060978251,41.7871655091196],[-72.7153510970914,41.7872495091428],[-72.7153710982092,41.7877235097883],[-72.7154320978241,41.7877485090797],[-72.7155110980863,41.788319509899],[-72.7156700975735,41.7893915095142],[-72.71593509783,41.7911785099337],[-72.7162310983943,41.7931735103665],[-72.7163280978825,41.7938275107147],[-72.7163720983781,41.7941215105113],[-72.7164500985384,41.7946545104143],[-72.7166200990021,41.7957975113677],[-72.7168780987113,41.797551511565],[-72.7170610992088,41.7987965111166],[-72.7171890988248,41.7996635120675],[-72.7173970987459,41.801088512374],[-72.7174160991552,41.8012155120758],[-72.7174730994986,41.8016135123201],[-72.7175810994193,41.8023585118812],[-72.7178340998682,41.8041125127848],[-72.7181960994047,41.8065745130234]]]},"properties":{"OBJECTID":12,"TOWN_NO":64,"TOWN":"Hartford","GRACE_PERIOD":"No"}},{"type":"Feature","id":13,"geometry":{"type":"Polygon","coordinates":[[[-72.118566895977,41.6616445056077],[-72.1132838944893,41.660778505583],[-72.1120308940241,41.6605735056121],[-72.1115228934651,41.6604905051898],[-72.11144489339,41.6604775052142],[-72.1112148938802,41.6604295051634],[-72.1111788941453,41.6604335050414],[-72.1111348937287,41.6604255050693],[-72.1110588938774,41.6604135054584],[-72.1109338933814,41.6603915052467],[-72.1103378937928,41.660288505276],[-72.110271893205,41.6602775051699],[-72.110139893025,41.6602565051911],[-72.110111893432,41.660251505565],[-72.1100278934962,41.6602365048385],[-72.1100008938061,41.6602325056784],[-72.1099418932613,41.660221505545],[-72.109769893198,41.6601905055245],[-72.1097148937498,41.660182505121],[-72.1094248934823,41.660132505023],[-72.108900893456,41.6600495048942],[-72.1064638916688,41.6596645049923],[-72.1056518921253,41.6595365054169],[-72.105355891223,41.6595065052486],[-72.1052268921884,41.6594925053026],[-72.1043268914402,41.6593975050174],[-72.103949891741,41.6593575048969],[-72.1035238915147,41.6593135054838],[-72.1032538914535,41.6592615049792],[-72.1024438902501,41.6591085051763],[-72.1021738902867,41.6590575051737],[-72.1017258907586,41.658969505279],[-72.1009948908908,41.6588285053108],[-72.1007138900028,41.6587815052082],[-72.1003778906658,41.6587335055507],[-72.1001648904662,41.6587035052254],[-72.0999288903329,41.6586635054743],[-72.0996958904725,41.6586245054065],[-72.0994558893633,41.6585785052537],[-72.098043889374,41.6583115049832],[-72.0975738891487,41.6582235048469],[-72.097359889658,41.6581825051864],[-72.0965378893917,41.658020505169],[-72.0934318874032,41.6574125049169],[-72.0930628875866,41.6573405054322],[-72.0927188869665,41.6572725055833],[-72.0924078875039,41.6571975051597],[-72.0880828860038,41.656492505123],[-72.0763198818848,41.6545805055052],[-72.0756948818876,41.6544795051731],[-72.0751318811369,41.6543875048627],[-72.0712388800831,41.6537555052313],[-72.0708158805102,41.6536865051548],[-72.0706158798714,41.653653504879],[-72.0691018795386,41.6534045057104],[-72.0639608783622,41.6525595050352],[-72.0622478773647,41.6522785049518],[-72.0622038777152,41.6522715054745],[-72.0620738777258,41.6522505053709],[-72.0620518774163,41.6522475053219],[-72.0620298771088,41.6522445052686],[-72.0615978773366,41.6521825054415],[-72.0609058773315,41.6520855055188],[-72.060303876411,41.6520005050603],[-72.0600098764334,41.6519595051265],[-72.0598748762012,41.6519375055532],[-72.0596408758866,41.651899504943],[-72.0595418769522,41.6518835048868],[-72.0592088768868,41.651828505602],[-72.0589388762559,41.6517835049628],[-72.0588158762429,41.6517635056872],[-72.0587038757783,41.6517455054465],[-72.0580898759171,41.6516445049455],[-72.0562518759027,41.651343504907],[-72.0556598749889,41.651247504957],[-72.0556388752318,41.6512435057586],[-72.0554308747779,41.6512085057373],[-72.0507568735235,41.6504445051573],[-72.0361088682648,41.6480505052302],[-72.0312168664185,41.6472505049122],[-72.0311758673138,41.647130504908],[-72.0311188672634,41.6469495051244],[-72.0310738664837,41.646795505052],[-72.0310618667241,41.6467505052677],[-72.0309748669801,41.6465005054762],[-72.03091086684,41.6462835050174],[-72.0307628661554,41.6458875050229],[-72.0307288664644,41.645798505409],[-72.0306998664266,41.6457305047797],[-72.0306658665899,41.645638504986],[-72.0306408661154,41.645563505237],[-72.0306168665289,41.6454855052718],[-72.0306038668209,41.6454465048951],[-72.0305838668362,41.645381504764],[-72.0305668671452,41.6451205047247],[-72.0305648661103,41.6449745047062],[-72.0305648671528,41.6449345050224],[-72.0305638663541,41.6448645047159],[-72.0305668670835,41.6447965048919],[-72.0305668659945,41.6447475047224],[-72.0305738664748,41.6446915052924],[-72.0305818667345,41.6445995048179],[-72.0306068662517,41.6444935047191],[-72.0306298662488,41.644410504737],[-72.0306598669132,41.6442825046871],[-72.0306698667921,41.6441825048614],[-72.0307178660095,41.6439885047669],[-72.0307348661286,41.6438975049915],[-72.0307788668424,41.6436695048229],[-72.0308328668527,41.6435055049889],[-72.030909866311,41.6433765043721],[-72.0310318670884,41.643231504308],[-72.0311778670833,41.643083504246],[-72.0313798662212,41.6428745040827],[-72.0315698661836,41.6426195043429],[-72.0317568668998,41.6423705048098],[-72.0319598665615,41.6420525047137],[-72.0320248663093,41.6419085042816],[-72.0320458667834,41.6417575044436],[-72.0320278669646,41.6415715039855],[-72.0319658665615,41.641289504203],[-72.0319278671116,41.6411955042677],[-72.0318928673485,41.6410625038442],[-72.0318938663778,41.6410525038399],[-72.0319188664479,41.6408445043007],[-72.0320228672199,41.6404545043036],[-72.0320398669535,41.6402495036318],[-72.0320368665809,41.6402085037625],[-72.0320288671752,41.6401885035636],[-72.0320218662148,41.6401605040599],[-72.0320168670432,41.6401425043583],[-72.0320088669972,41.6401205043474],[-72.0319978669053,41.6400915038725],[-72.0319888666378,41.6400665037688],[-72.031980866879,41.6400435043045],[-72.0319718666246,41.6400185041992],[-72.0319578672735,41.6399885035792],[-72.0319538666165,41.6399755037612],[-72.03194586716,41.6399515039425],[-72.0319438663947,41.6399335040191],[-72.0319358669471,41.6399095041994],[-72.0319318662761,41.6398835042889],[-72.0319038666702,41.63977050411],[-72.0318988661503,41.6397315041754],[-72.0318948665115,41.639697504143],[-72.0318968672438,41.6395675039892],[-72.0318968672867,41.6395325042257],[-72.0320168666671,41.6389515039426],[-72.0320708672681,41.6386935034956],[-72.0321018661332,41.6385425037426],[-72.0321218671212,41.6384385033799],[-72.0322688668507,41.6377035030719],[-72.0322788663387,41.6376765036036],[-72.0323768663433,41.6374365034519],[-72.0324258664022,41.6373175036963],[-72.0325598669315,41.6369735035592],[-72.0326078671827,41.6367975034307],[-72.0326158670114,41.6366925034872],[-72.0325878661566,41.6364445033263],[-72.032581866592,41.6363885028604],[-72.0324508662951,41.6359615027104],[-72.0322898662663,41.6355635030884],[-72.0322448667499,41.6353705027768],[-72.0322768671719,41.6351655026018],[-72.0322998664837,41.6350425032907],[-72.0323498671482,41.6349455031426],[-72.0324848669874,41.6347935024822],[-72.0326428661618,41.6346855029274],[-72.0330858671596,41.6343635025365],[-72.0335548663591,41.6340065029958],[-72.0341228675283,41.6335755027323],[-72.0343788675307,41.6333795024227],[-72.0345078669946,41.6332675024011],[-72.0346008672575,41.6331885028346],[-72.0346618671457,41.6331445023425],[-72.0347028667167,41.6331075025475],[-72.0347568672846,41.6330675022738],[-72.0348188669274,41.6330225021504],[-72.0349038667544,41.632961502262],[-72.0349798678425,41.632909502762],[-72.0350588677634,41.6328535024006],[-72.0351718677302,41.6327635028631],[-72.0352358672564,41.6327195026766],[-72.0352838673714,41.632685502162],[-72.0353208669641,41.6326555023179],[-72.0353918678933,41.6326015023259],[-72.0354398674228,41.6325585021539],[-72.0355518680284,41.6324675019929],[-72.035626867835,41.6324065025702],[-72.0359498675668,41.6321645018323],[-72.0366258682329,41.6316635018662],[-72.0368878674043,41.6314715021585],[-72.0369538683282,41.6314295024166],[-72.0370598683465,41.6313475019511],[-72.0371238679349,41.631295502385],[-72.0377168684856,41.6308765020774],[-72.0380378686024,41.6306295020734],[-72.0387738687052,41.6300985022265],[-72.0390328681679,41.6299275018881],[-72.0392838686926,41.6297935016505],[-72.0394328687667,41.6297145015948],[-72.0397048690482,41.6295765016266],[-72.0399798685743,41.629461501556],[-72.0400478685709,41.6294345014864],[-72.0402748691995,41.6293065018502],[-72.0403618687754,41.6291985017043],[-72.0404428688764,41.6290645012274],[-72.0405418687659,41.6285185014085],[-72.0406208687037,41.628381501816],[-72.0406118687184,41.6280025009555],[-72.0406038682608,41.6278545008874],[-72.0405918691702,41.6276895016626],[-72.0405868687555,41.6276195009345],[-72.0405528691965,41.627147501172],[-72.0405288692339,41.6269185006997],[-72.0405088690693,41.626707500632],[-72.0404798683492,41.6264815009991],[-72.0404408681062,41.6261365010011],[-72.0403978682187,41.6258435011033],[-72.0403818688926,41.6256965006414],[-72.040380868869,41.6256245013021],[-72.0403808687729,41.6254345003919],[-72.040400869008,41.6252405006344],[-72.0404088686456,41.6251725005372],[-72.0404118686371,41.6251315008429],[-72.04043286846,41.6250115011263],[-72.0404388685995,41.624936500622],[-72.0404228690171,41.6246755010134],[-72.0404198680526,41.624623500946],[-72.0404058691472,41.624403500316],[-72.040402868363,41.6243005010134],[-72.0403998687801,41.6242475005941],[-72.0403948691577,41.6241835010449],[-72.0403898683551,41.6241195005869],[-72.0403838685556,41.6240015008721],[-72.0403658683036,41.6238945004521],[-72.0403648689436,41.6238845006404],[-72.040346869117,41.6237915006968],[-72.040331868772,41.6237355008842],[-72.0403108682678,41.6236395002811],[-72.0402358682153,41.6233685007686],[-72.0401888688554,41.6232235007329],[-72.0401058685604,41.6229585007528],[-72.0400688688587,41.6228405007755],[-72.0399298677693,41.6223915004537],[-72.0397938682125,41.6221085001229],[-72.0394408681718,41.6216455004501],[-72.0391348677134,41.6213475001167],[-72.0390368677206,41.6212404998708],[-72.0389998681777,41.6211825001719],[-72.0389298677562,41.6210724996528],[-72.0388408679839,41.6209024999269],[-72.0387918683389,41.6207295002919],[-72.0387708683793,41.6205644999378],[-72.0387618673288,41.6205234999546],[-72.038758868128,41.6205125000177],[-72.0387498675772,41.6204545002761],[-72.0387368679302,41.6203594995524],[-72.0387278672571,41.6203094999584],[-72.0387158677746,41.6202534995091],[-72.0386988678138,41.6201994994977],[-72.0386838678402,41.6201544997406],[-72.0386388677088,41.6200494994501],[-72.0385378672741,41.6198094993768],[-72.0385248679384,41.6197774994856],[-72.0384428678162,41.6196004996209],[-72.0383588682076,41.6194624994501],[-72.0381308678662,41.6192404993344],[-72.0379798669084,41.6190964993992],[-72.037870867085,41.6189734999862],[-72.0377778668221,41.6188144992293],[-72.037702867509,41.6185424991525],[-72.0376678675425,41.618380499413],[-72.037636867316,41.6181784993069],[-72.0376038676067,41.6179094997931],[-72.0375988678247,41.6178444996626],[-72.0375838677123,41.6176474994454],[-72.0375698673828,41.6174494996437],[-72.037548867186,41.6173014996044],[-72.0375148677946,41.6171584992474],[-72.0374998668137,41.6171014995057],[-72.0374418668928,41.6168864995517],[-72.0373768665574,41.6166124990672],[-72.0373308666502,41.616501498834],[-72.037296866705,41.6163784992301],[-72.0372638673252,41.6162754994521],[-72.0372408668323,41.6162144991411],[-72.0372148665612,41.6161604989662],[-72.0371728676444,41.6160924991854],[-72.0370988671091,41.6159944994275],[-72.0367648667403,41.6156794991721],[-72.0364768668189,41.6154244992011],[-72.0364308666954,41.6153844987651],[-72.0363748664785,41.6153414991896],[-72.0364888671078,41.6152634988341],[-72.0364498666571,41.6151374992906],[-72.0363478665046,41.6144004992057],[-72.036331866682,41.614238498697],[-72.0363148671357,41.614095498789],[-72.0363078662899,41.61404849889],[-72.0363008670276,41.6140054986318],[-72.0362968668293,41.613976498566],[-72.0362798664824,41.6138264988332],[-72.0362668661126,41.6136894988311],[-72.0362258671674,41.6133784988279],[-72.0362118663808,41.6131724984928],[-72.036190866593,41.6130324982202],[-72.0361778664895,41.6129244986751],[-72.0361658670285,41.6128624984063],[-72.0361458670508,41.6127844986245],[-72.0361188660871,41.6127244988005],[-72.0360868665819,41.6126484982577],[-72.0360588670019,41.612596498695],[-72.036017866305,41.6125394986512],[-72.0359038669806,41.612378498419],[-72.0356698661908,41.6120954986501],[-72.0355388661372,41.611891498691],[-72.0355098660825,41.6118204985649],[-72.0354618665248,41.6116994985504],[-72.035444866411,41.6115924987311],[-72.0354438668095,41.6115824979443],[-72.0354438660497,41.6114554982992],[-72.0355118663983,41.6110984986682],[-72.0355678664876,41.6108924985149],[-72.0356308658627,41.6106634983846],[-72.0357038660846,41.6105004984072],[-72.0357368657263,41.6104274977438],[-72.0357768668651,41.6103554976418],[-72.0358048661555,41.6103084977825],[-72.0358718659561,41.610216497664],[-72.0359658666502,41.6100764982591],[-72.036025866771,41.6099724980538],[-72.0361158668378,41.6097924980722],[-72.0362018658308,41.6096154976998],[-72.0362818663892,41.6094694982198],[-72.0362978659699,41.6094414982043],[-72.0363568664973,41.6093214975838],[-72.0364418668804,41.6091694980111],[-72.0364528667856,41.6091484974139],[-72.0365498668111,41.6089534981561],[-72.036610866361,41.6088394975353],[-72.0366388666037,41.6087874974777],[-72.0366878669134,41.6086994975365],[-72.0367218664677,41.6086434980738],[-72.0367458670473,41.608601497512],[-72.0370338662761,41.6080384979357],[-72.0372388668416,41.607645497806],[-72.0374268665159,41.6072894972153],[-72.0374398662505,41.6072654970141],[-72.037680866177,41.6068324973942],[-72.0376968667124,41.6068054975428],[-72.037933867052,41.6064514974305],[-72.0382108673546,41.606135497573],[-72.0386348669542,41.6057014968006],[-72.0389808669616,41.6053474971526],[-72.039057866588,41.6052804965666],[-72.0390908676343,41.6052544974119],[-72.0391498669076,41.6052044970739],[-72.0392108673494,41.605160496812],[-72.0393028674655,41.6050984968288],[-72.0394398667169,41.6050134970181],[-72.0395788674715,41.604938496785],[-72.0396648676506,41.6048904969398],[-72.0396868674741,41.6048794972602],[-72.0398308670534,41.6048094969496],[-72.0399788674568,41.6047454971801],[-72.0400848678616,41.6046884964761],[-72.0402268671968,41.6046154966662],[-72.0403398679211,41.6045364967582],[-72.0404618669798,41.6044404965609],[-72.0405698672731,41.6043424965932],[-72.0406828679157,41.6042404970807],[-72.0407848675759,41.604146496495],[-72.0409758676352,41.6039514971156],[-72.0412608679953,41.6035524967263],[-72.0414778674728,41.6033054964941],[-72.0414958681698,41.6032844961732],[-72.0416708682083,41.6030954965705],[-72.041792867994,41.6029064966206],[-72.0419478682327,41.6026004962294],[-72.0419628679811,41.6025724964683],[-72.0420098681159,41.6024884959719],[-72.0420258681667,41.602461496411],[-72.0419888682871,41.6024734964872],[-72.0419088676577,41.6025004967906],[-72.0419138675584,41.6024714963966],[-72.0419208681698,41.6024344964244],[-72.041976867605,41.6023814967184],[-72.0421298681582,41.6022404963368],[-72.0421468673986,41.6022234965973],[-72.0421588682481,41.6022134965546],[-72.0422068678903,41.6021744967085],[-72.0423388676928,41.6020184965934],[-72.0425958684661,41.6017794962874],[-72.0426108684908,41.6017664964393],[-72.0427368684341,41.6016554959084],[-72.0428548678665,41.6015554959772],[-72.0429568675834,41.6014704958032],[-72.0430028686634,41.6014334957766],[-72.0430748681167,41.6013764960131],[-72.0431458684902,41.6013164961935],[-72.0432268679201,41.6012504961316],[-72.0433088682344,41.6011784963951],[-72.0433718677328,41.6011224964831],[-72.0434328682314,41.6010704956124],[-72.0434468676604,41.6010554959976],[-72.0435938677612,41.60093749574],[-72.0439868688375,41.600418495727],[-72.0440928679454,41.6002544960273],[-72.0442168685141,41.6000194954837],[-72.0442488685387,41.5999584959184],[-72.0442878678649,41.5998844958519],[-72.0443008682765,41.5998614961307],[-72.044429868091,41.5995414953749],[-72.0444718684249,41.5994064952617],[-72.0445138683395,41.5992744953087],[-72.0445688684914,41.5991464954076],[-72.0450238684779,41.5985434956703],[-72.0450938681534,41.5984524953539],[-72.0454068686046,41.5978584956997],[-72.045742868671,41.5972864952379],[-72.0459138692687,41.5970034956052],[-72.0460748690965,41.5965974946443],[-72.0460858683572,41.5965794950858],[-72.0464558692268,41.5959714947153],[-72.0464778683738,41.5959384948079],[-72.0466088693218,41.5957464949668],[-72.0469818694892,41.595318495109],[-72.0470458687445,41.5951794945447],[-72.0470938696136,41.5951454944692],[-72.0473848687705,41.594943494586],[-72.0476578696089,41.5948794942811],[-72.0478648697812,41.5948314945199],[-72.0480888695481,41.595209495126],[-72.0485178691908,41.5959334945376],[-72.0488098700884,41.5963114946974],[-72.0490798697782,41.5966594951607],[-72.0494828697559,41.5974624949499],[-72.0505268707648,41.5988604953655],[-72.0533328710899,41.6026164962161],[-72.0539098712057,41.6033894964215],[-72.0553408726635,41.6046444964198],[-72.0556808718989,41.604803496513],[-72.0580748737515,41.605927496422],[-72.0590588741708,41.6064114968441],[-72.0593348742186,41.6065474961408],[-72.0605958739724,41.607167496838],[-72.0607388741351,41.6072374965345],[-72.0620678743178,41.607740496814],[-72.0630948754085,41.6081304965241],[-72.0632628751516,41.6081654964441],[-72.0637688753762,41.6082704967473],[-72.0639378754197,41.6083064965934],[-72.0642028748504,41.6082514971498],[-72.0650018757792,41.6080894966453],[-72.0652678756363,41.6080364969221],[-72.065559875215,41.6079834962815],[-72.0661918765648,41.6078714966283],[-72.0664208756953,41.6077724966911],[-72.0666948763886,41.6076554967546],[-72.0667278764416,41.6075994961542],[-72.0667768765754,41.6075194963961],[-72.066865876526,41.6074784966556],[-72.0669248758061,41.6074524961847],[-72.0675628760065,41.6073694962526],[-72.0694808774706,41.6071214965972],[-72.0701188773306,41.6070624964884],[-72.0710958776869,41.6068564959979],[-72.0740298781186,41.6062404956888],[-72.075007878618,41.606036495711],[-72.0776058801806,41.6055854954274],[-72.0854018824636,41.604234495541],[-72.0880008827812,41.6037854947435],[-72.0911308834989,41.6032064950123],[-72.0913398834323,41.6031684952136],[-72.1005238868372,41.6014704938617],[-72.1036548874139,41.6008924937838],[-72.1037478875965,41.6008744935798],[-72.1040278875366,41.6008224943333],[-72.1041218884372,41.6008064938497],[-72.1044308880277,41.6020174944297],[-72.1053578888041,41.6056504944984],[-72.1056678891182,41.6068624954068],[-72.1062248884937,41.6090704956012],[-72.1075598899589,41.6143634963412],[-72.1078968896865,41.61569649636],[-72.108529890216,41.6178934972157],[-72.1088338902209,41.619054497721],[-72.1088508901477,41.6191224973601],[-72.1093088909979,41.6209974979506],[-72.1103398915199,41.6252134985052],[-72.110379891672,41.6253594988325],[-72.1107808918047,41.6268154988937],[-72.1113128919268,41.6287444988031],[-72.1117298922592,41.6299974997833],[-72.1119108926713,41.630542499372],[-72.1124608921009,41.6321934997478],[-72.1129808924573,41.6337574996534],[-72.1133988931472,41.6350115006303],[-72.1135468933974,41.6355925008045],[-72.1137348928942,41.6363245002886],[-72.1137598930181,41.6364235007248],[-72.1139938936716,41.6373365003828],[-72.1141438931737,41.6379185009339],[-72.114562893344,41.6395455012425],[-72.1158208938249,41.6444265017474],[-72.1158238943396,41.6444355024602],[-72.1162418949642,41.6460545019467],[-72.1164248945433,41.6467635020136],[-72.1164378947719,41.6468145028273],[-72.1170588947233,41.6492295024987],[-72.1181948953673,41.6536455035314],[-72.11977389701,41.6618425053156],[-72.118566895977,41.6616445056077]]]},"properties":{"OBJECTID":13,"TOWN_NO":133,"TOWN":"Sprague","GRACE_PERIOD":"No"}},{"type":"Feature","id":14,"geometry":{"type":"Polygon","coordinates":[[[-71.8844228189041,41.6412125089208],[-71.8843938192101,41.6412155091133],[-71.884307818811,41.6412245090487],[-71.8842798190055,41.6412275086233],[-71.8789948173441,41.6417195095565],[-71.8745168157106,41.6421375093218],[-71.8631828124158,41.6435695102712],[-71.8579178101733,41.644235510779],[-71.8578318101477,41.6442275108062],[-71.8577108097472,41.6442175108533],[-71.8575738099244,41.64421251024],[-71.8574818098964,41.6442095104006],[-71.8571578102693,41.6441985104578],[-71.8561708098378,41.6441625101011],[-71.8558418097289,41.6441535107165],[-71.8556618097222,41.644145510594],[-71.8553958095504,41.6441345102515],[-71.8551208094068,41.6441205102991],[-71.8549418089093,41.6441115101401],[-71.8546268089786,41.6440975106539],[-71.8536818087525,41.644055510619],[-71.8533678086371,41.6440425104344],[-71.8520938082199,41.6439865106096],[-71.8482778068979,41.6438215105928],[-71.8470338062243,41.6437675111257],[-71.84700580711,41.6437655106079],[-71.8469928067593,41.643765510448],[-71.841632804934,41.6433835104745],[-71.8255188002706,41.6422375110937],[-71.8201437973782,41.6418565110434],[-71.8200897984756,41.6418525112407],[-71.8195807983648,41.641856511259],[-71.8178767967858,41.6418705116171],[-71.8174377971144,41.6418745112209],[-71.8173057969701,41.6418665110025],[-71.8168487974055,41.6418345111322],[-71.8154687960465,41.6417425110301],[-71.8150087959468,41.6417145116246],[-71.8143027957613,41.6416675113773],[-71.8134377963462,41.6416105115082],[-71.8125037955594,41.6415495111372],[-71.8087247942441,41.6413025116956],[-71.8071557937852,41.6412005112591],[-71.8070967937588,41.6411915111523],[-71.8067967941101,41.641164511149],[-71.8050117931826,41.6410465118985],[-71.8049577932157,41.6410435116614],[-71.7985457903833,41.640623512052],[-71.7964017899651,41.6404845117663],[-71.7963207895747,41.6404795118955],[-71.7957007895572,41.6404365121254],[-71.7935767891523,41.6402965119108],[-71.7934037892631,41.6402865122344],[-71.7928697886078,41.6402515120578],[-71.7922277892868,41.6402085115522],[-71.7903037882564,41.6400805118434],[-71.7896627879814,41.6400385120198],[-71.7895237873555,41.6400295121031],[-71.7891097877515,41.6400025120779],[-71.7889727878259,41.6399945114571],[-71.7888547873285,41.6399855121528],[-71.7885067872386,41.6399625120052],[-71.7883907869767,41.6399555116736],[-71.7883747880709,41.6399545118944],[-71.7883237876789,41.639952512159],[-71.7882457877097,41.6399485122199],[-71.7878047878504,41.6399315118717],[-71.7876587867246,41.6399265121749],[-71.7876717870971,41.6395315117625],[-71.7877127872796,41.6383485115861],[-71.7877267876086,41.6379545116754],[-71.7877317875029,41.6377845111444],[-71.7877487874454,41.6372755112999],[-71.7877557876547,41.6371065116294],[-71.7877607870423,41.6369455108955],[-71.7877777874021,41.6364645108437],[-71.7877837872495,41.6363045116243],[-71.7877957873008,41.6359345111991],[-71.7877987870296,41.635838511326],[-71.7878347871119,41.6348275107458],[-71.7878437872084,41.6345885108671],[-71.7878467873536,41.6344585105912],[-71.7878647874162,41.6337835111571],[-71.7878737874475,41.6334375108583],[-71.7879227867464,41.6316245106569],[-71.7879567864608,41.6303755103542],[-71.7879847872086,41.6293555095091],[-71.7879867863802,41.6292875100714],[-71.787988786318,41.6292205101218],[-71.787990787028,41.6291435099494],[-71.7879937870155,41.6290675095015],[-71.7879977864342,41.6289235093627],[-71.7880027866736,41.6287275093651],[-71.7880367871199,41.627505509679],[-71.7881087864283,41.6248685092362],[-71.7881277862004,41.6241975084693],[-71.7881447862521,41.623562508339],[-71.7881957859291,41.6216595082265],[-71.7882137861974,41.6210255084071],[-71.788216785966,41.6209845077875],[-71.7882917860356,41.6192325077462],[-71.7883767857244,41.6172915078527],[-71.7885547864521,41.6138565065093],[-71.7886477855256,41.6120655067524],[-71.7886667861848,41.6116685066],[-71.7886697860016,41.6116285062848],[-71.7887237859172,41.6104795058022],[-71.7887427864149,41.6100835059057],[-71.788761785436,41.6096735059519],[-71.7887767861459,41.6093605056077],[-71.788803786398,41.6087715058276],[-71.7888537852329,41.607721506001],[-71.7888567854564,41.6076685060247],[-71.7889027863578,41.6073245056205],[-71.7889947857413,41.6048405046683],[-71.7890447851148,41.6035295044957],[-71.7890847851285,41.6021945048449],[-71.7892067857698,41.5981895033948],[-71.7892477851313,41.5968555038813],[-71.7892917857835,41.5963515038273],[-71.789417785076,41.5949345028306],[-71.7894247848131,41.5948405030098],[-71.7894627852384,41.5943365030688],[-71.7894807851873,41.5938925027327],[-71.7895017856906,41.5934115030656],[-71.7895367846142,41.5925625027493],[-71.7895557846868,41.5921195028898],[-71.7895757856772,41.5916425025781],[-71.7896027854719,41.5910045022801],[-71.7896357844717,41.5902115022405],[-71.7896567853728,41.5897355023798],[-71.7896887846479,41.5889905017508],[-71.7897067849475,41.5886025021258],[-71.7897087851319,41.5885655016536],[-71.7897887846676,41.5867565014764],[-71.7898217843882,41.5860125010455],[-71.7898457847963,41.5854535014365],[-71.7898677844763,41.5849735015941],[-71.7898797851547,41.5846935010984],[-71.7899057852818,41.5841015006021],[-71.7899197851646,41.5837795011868],[-71.7899377847619,41.5833745008015],[-71.7899447849066,41.583221501058],[-71.7899527841927,41.5830445011416],[-71.7899757843823,41.5825155010208],[-71.7899847844883,41.5823395008162],[-71.7899867844104,41.5822875007198],[-71.7899927845559,41.5821305009388],[-71.7899957842536,41.5820795005676],[-71.7900007843323,41.5819605010316],[-71.7900437842082,41.5809865003242],[-71.790121784467,41.5792354999561],[-71.7901877847384,41.5777084995009],[-71.7902197842952,41.5769774999276],[-71.7902277848663,41.5767965000361],[-71.790235784998,41.5766164996272],[-71.7902747844844,41.5757084995003],[-71.7903007841724,41.5751204995412],[-71.7903647838901,41.5736244987934],[-71.7903917847743,41.5729844990849],[-71.7903967842285,41.5728694991088],[-71.7904287842273,41.5721134989186],[-71.7904307842858,41.5720774987192],[-71.7904307838834,41.5720604983241],[-71.7904317846876,41.5720104986848],[-71.7904327839114,41.5719944989156],[-71.7904327847018,41.5719684985874],[-71.7904347843299,41.5718914984438],[-71.7904367847736,41.5718664989768],[-71.7904377843926,41.5718404988735],[-71.790442783637,41.5716684989304],[-71.7904527844778,41.5713604988223],[-71.7904607836162,41.5710774981569],[-71.7904677843412,41.5708804987262],[-71.7904727845981,41.5706784986446],[-71.7904907840024,41.57007549843],[-71.7904957846026,41.5699264985041],[-71.7904987845398,41.5698754980132],[-71.7905377838884,41.5691594976996],[-71.7906567834583,41.5670124979289],[-71.7906967836813,41.5662974978473],[-71.7906917845302,41.5662504979372],[-71.7906827834059,41.5661574978196],[-71.7906777834867,41.5661124977904],[-71.7906727839758,41.5660664973691],[-71.7906937834844,41.5656944976336],[-71.7907607834713,41.5645794969033],[-71.7907837838287,41.5642084970266],[-71.7907777839971,41.5640814967586],[-71.7907987835356,41.5636574970325],[-71.7908137835451,41.5633794968755],[-71.790884784202,41.5624244968316],[-71.7909367840815,41.5620084965322],[-71.7909567843403,41.5618514966928],[-71.7909787842397,41.5615594970175],[-71.7909727833142,41.5614594965688],[-71.7909837839492,41.5604044966624],[-71.7910207841371,41.5572394957501],[-71.7910337836556,41.5561854958921],[-71.7910457840243,41.5557934953523],[-71.79108378338,41.554618495312],[-71.7910967837188,41.5542274952892],[-71.7911047839755,41.5539874955061],[-71.791118783256,41.5535824955044],[-71.7911297837659,41.5532684949138],[-71.791138783141,41.5530294948099],[-71.7911467830947,41.5527894949719],[-71.7911737829863,41.5520694951895],[-71.7911827832318,41.5518304950405],[-71.7911867830285,41.5517074948033],[-71.7911927829661,41.5515454948333],[-71.7911997828465,41.5513394947076],[-71.7912047831111,41.5512174941916],[-71.7912217834349,41.5507454941612],[-71.7912767836708,41.5493304942417],[-71.7912947834722,41.5488594937731],[-71.7913187829119,41.5482404942643],[-71.7913907827605,41.5464004940008],[-71.7913917825656,41.5463844932581],[-71.7914027833815,41.546100493407],[-71.7914117833732,41.5459014936271],[-71.7914167830118,41.5457664932073],[-71.7914207836094,41.5456454936388],[-71.7914357830577,41.5452854931822],[-71.7914407828324,41.5451654933245],[-71.7915837827633,41.5414894924011],[-71.7916537831968,41.5397274926867],[-71.7919367827097,41.5333164911228],[-71.792053782299,41.5304654904923],[-71.7922067819305,41.5267914901595],[-71.7922487825162,41.5258844899977],[-71.7923737823473,41.5232554893832],[-71.7923757817673,41.5231654887381],[-71.7924057824389,41.5222594893002],[-71.7924457823449,41.5210104889203],[-71.7924857821176,41.5197804887229],[-71.7925507818408,41.5184304878136],[-71.7926067821704,41.5172684883594],[-71.7926677821805,41.5160214878987],[-71.7927617810777,41.5140864877558],[-71.7927667821349,41.5139594871175],[-71.7929897820067,41.5088984861484],[-71.7929947819649,41.5087854865506],[-71.7930467811381,41.5077724860285],[-71.7931507809764,41.5057554853992],[-71.7931607816652,41.5057124854925],[-71.795314781787,41.5059714859583],[-71.8017767842126,41.5067504855072],[-71.8039307846774,41.5070104854986],[-71.8057167852777,41.5072394859865],[-71.8110767874949,41.5079284860068],[-71.8128637880169,41.5081584853275],[-71.8149247880404,41.5084404854154],[-71.8211107902886,41.5092894856847],[-71.8231727907819,41.5095724853193],[-71.8236537912732,41.5096354851063],[-71.8250967921638,41.5098244858452],[-71.8255787919034,41.5098884850848],[-71.8262747928986,41.5099954859561],[-71.8268287930187,41.5100804851853],[-71.8273827923067,41.5101664857271],[-71.8277407930762,41.5102214854967],[-71.8280977929623,41.5102764851238],[-71.8315797944533,41.5107714857467],[-71.8411917971979,41.5118644849992],[-71.8457347993023,41.5126454855662],[-71.8473057988356,41.5129424852662],[-71.8489677995076,41.5131484849994],[-71.8539558011232,41.5137664856503],[-71.8556188022483,41.5139724849164],[-71.8569008029825,41.5141334851053],[-71.8583248033546,41.5143124854892],[-71.8607498036402,41.5146164849002],[-71.8620338040562,41.5147784849195],[-71.8623088041552,41.514809485047],[-71.8631338047802,41.514902485074],[-71.8634088042161,41.5149344856527],[-71.863620804266,41.5160464856879],[-71.8642578050206,41.5193854862441],[-71.8644708053234,41.5204984863452],[-71.8651798054813,41.5243354869064],[-71.8652968063375,41.5249644872771],[-71.8653028059085,41.5249964874864],[-71.8673188072814,41.5358454890631],[-71.8680318079106,41.5396824899503],[-71.868514807966,41.5422684908192],[-71.8693838090029,41.546912491415],[-71.8699658093092,41.5500294915356],[-71.8701148092841,41.5508264917824],[-71.870438809043,41.5526184921745],[-71.8704448085984,41.5526414920346],[-71.8704648091312,41.5527104925117],[-71.8704718092676,41.5527344923039],[-71.870493808987,41.5528504920548],[-71.8705058088132,41.5529144924431],[-71.8705598087105,41.5532014924306],[-71.870581809576,41.5533184925486],[-71.8707558096704,41.5542594924338],[-71.8712798094436,41.5570834932716],[-71.8714548100093,41.5580254930284],[-71.8715278099848,41.5584054931717],[-71.8717478097227,41.559546493942],[-71.8718218102234,41.5599274936873],[-71.8718758102827,41.5602304933771],[-71.8720378103848,41.5611414938419],[-71.8720928107757,41.5614454941633],[-71.872334810269,41.5628464945851],[-71.8723528108192,41.5629564942113],[-71.8724698099567,41.563633494082],[-71.8725008105237,41.5638054942458],[-71.8727948111453,41.5651454950885],[-71.872986810176,41.5658144946313],[-71.8732848114498,41.5673754946969],[-71.8732998114374,41.5674554947807],[-71.873396810441,41.5679624949829],[-71.8735108107687,41.5685514948867],[-71.8735488105734,41.5687564957382],[-71.8735888114766,41.5689624950856],[-71.8736398115615,41.5692394956035],[-71.8737928108443,41.5700704960083],[-71.8738448111722,41.5703484953615],[-71.8738658117277,41.5704924953409],[-71.8739318118371,41.5709274957981],[-71.873953811275,41.5710724956281],[-71.8739678118187,41.5711444956834],[-71.8740008108149,41.5713034954688],[-71.8740118118495,41.5713624956053],[-71.8740278110393,41.5714354959403],[-71.8740728114974,41.5716844955222],[-71.8740758110891,41.5717014960635],[-71.8741188111079,41.5719334963748],[-71.8742128119095,41.57245349644],[-71.8742208112407,41.5724994957231],[-71.8742688113583,41.5727664960851],[-71.8744258112032,41.5739894964396],[-71.8745188114699,41.5747034960716],[-71.874838811867,41.5776674969549],[-71.8749718119822,41.5788944970688],[-71.875080811925,41.5789554973219],[-71.8751908123604,41.5790364974096],[-71.8752118123383,41.5790584970702],[-71.8752908128267,41.5791384969362],[-71.8754088122508,41.5793034969532],[-71.8754538118266,41.5794054970165],[-71.8754598117862,41.5794584971266],[-71.8754568128003,41.5795034969276],[-71.8754588120423,41.5796694971881],[-71.8754578127092,41.5796874973692],[-71.8754508118977,41.5798574973886],[-71.8754508123686,41.5798724977181],[-71.8754438127732,41.5801504975621],[-71.8756258127504,41.581040497749],[-71.8761738127564,41.5837114984174],[-71.8763568134728,41.5846024983725],[-71.8763258128597,41.585121498526],[-71.8763788135688,41.5859554989314],[-71.876486812599,41.5865564983858],[-71.8766528135659,41.5875734990321],[-71.8768018133279,41.5884844992112],[-71.878042813694,41.5960795006146],[-71.8784568148131,41.5986115011049],[-71.8788698150887,41.6008085014596],[-71.8789668143666,41.601241501139],[-71.8791558143572,41.6022995014048],[-71.8799398150734,41.6071925022593],[-71.8800698152138,41.6080065030909],[-71.8804048156138,41.6098205026902],[-71.8813298164212,41.6148245040554],[-71.8814108164179,41.6152655040466],[-71.8817468164728,41.6170815048498],[-71.8822208167156,41.619663504558],[-71.8828608178249,41.6231495056685],[-71.8832198180264,41.6251065055404],[-71.8835258179444,41.627427506427],[-71.8838708174909,41.6300305070077],[-71.8839808185721,41.6322665075197],[-71.8843118189526,41.6389755088968],[-71.8844008189415,41.6407575089728],[-71.8844228189041,41.6412125089208]]]},"properties":{"OBJECTID":14,"TOWN_NO":147,"TOWN":"Voluntown","GRACE_PERIOD":"Yes"}},{"type":"Feature","id":15,"geometry":{"type":"Polygon","coordinates":[[[-73.1021871965785,41.3530284122727],[-73.1020191969147,41.3531274122512],[-73.1019941961171,41.3531534122728],[-73.1017731968224,41.3533944124432],[-73.1015431959318,41.3536154124838],[-73.1012531964592,41.3537904129657],[-73.1009661966383,41.353962412309],[-73.1008541960442,41.3539544125714],[-73.1006641960199,41.3539694131358],[-73.1005411964523,41.3540264124906],[-73.1002121960533,41.3544114126088],[-73.0992251959976,41.3555694127415],[-73.0988971952115,41.3559554135011],[-73.0986881956129,41.3561294135885],[-73.0984511955418,41.3563274136837],[-73.0981261960449,41.3565984132522],[-73.098096195427,41.356676413678],[-73.0979991954168,41.3569304129891],[-73.0979681952259,41.3570504131786],[-73.0978771950005,41.3574134132384],[-73.097848195461,41.3575344130943],[-73.0976591949757,41.35768541314],[-73.0975541954482,41.3577444139436],[-73.0974091957735,41.3577804137901],[-73.0972491948412,41.3578284138289],[-73.0970841957131,41.3578414139099],[-73.0969401956258,41.3578574134793],[-73.0968561951191,41.3579624131977],[-73.0967531952131,41.3580284134281],[-73.0965641948937,41.3581804138217],[-73.0964501948491,41.3583304135211],[-73.0963791944813,41.3586084138273],[-73.0963731951324,41.3588054135813],[-73.0963381955582,41.3588894137441],[-73.0963061951598,41.3589704136247],[-73.0963001950206,41.3591664138954],[-73.0962151953225,41.3592674137445],[-73.096122194696,41.3593984137451],[-73.095996195001,41.3594924138873],[-73.095808194819,41.35964641432],[-73.0956341942826,41.3597164138671],[-73.095446194955,41.3598044143018],[-73.095382194957,41.3598624143736],[-73.0952981942252,41.3599904142813],[-73.0952031949311,41.3601444137006],[-73.0951381943793,41.3602764145127],[-73.0950111946367,41.3604414142121],[-73.0949031950824,41.360582414316],[-73.0948121949874,41.3607034142821],[-73.0947061950347,41.3607604137962],[-73.0945961944304,41.3607374143283],[-73.0945311951121,41.3605974142632],[-73.0943821943199,41.3606424139137],[-73.0942821947711,41.3606734141427],[-73.0940161943224,41.3605524144729],[-73.0939211943291,41.3605104145078],[-73.0938091944511,41.3603574141558],[-73.0934981945407,41.3603074143565],[-73.0931581940022,41.3605734138443],[-73.092891193636,41.3607994141915],[-73.0927561935084,41.3607484142369],[-73.0917521937914,41.3602834142321],[-73.0914851935303,41.3604404144108],[-73.0911701937371,41.3605514144596],[-73.0909661931865,41.3605774140101],[-73.0908551936657,41.3606904141645],[-73.0904911928142,41.360791414665],[-73.0903481932622,41.3608714141881],[-73.0903171926914,41.3609514144161],[-73.0902871935453,41.3609564143458],[-73.0897221935505,41.3611764144896],[-73.0895481924378,41.3612694142252],[-73.0895291926995,41.3612844148291],[-73.089502192476,41.3613154144555],[-73.0894541931203,41.3613314148167],[-73.0890051927816,41.3614824142063],[-73.0887151930288,41.361581414647],[-73.0884251921529,41.3616884146308],[-73.088175192735,41.3618754148595],[-73.0879951928791,41.3619834147796],[-73.0879471924307,41.3620134143176],[-73.087676192524,41.3621734148476],[-73.0874731929034,41.3623354144063],[-73.087408192932,41.3623884146655],[-73.0872931922106,41.3624414151709],[-73.0872151922566,41.3625184147569],[-73.0872071926618,41.3625264151408],[-73.0870571916792,41.3625564152017],[-73.0869701921338,41.3626344144251],[-73.0869271921323,41.3626544149285],[-73.0868991926125,41.3626684150442],[-73.0868211927522,41.3626624149913],[-73.0865191922656,41.3627924151952],[-73.0864661921034,41.3628094149353],[-73.0863031919661,41.3628654149898],[-73.0861491920035,41.3628924145633],[-73.0859961922654,41.362897414521],[-73.0858581921467,41.3629474150054],[-73.0856281913063,41.3629814148014],[-73.0853381912895,41.3629824152211],[-73.0852661911421,41.3629834153799],[-73.0849551919453,41.3629744148653],[-73.0846291913364,41.362969414643],[-73.0846091914002,41.3629694153648],[-73.0841511911062,41.3629694152781],[-73.0837391912317,41.3629164146829],[-73.0836551906303,41.3629144152178],[-73.0833301911353,41.362910415067],[-73.0825401905505,41.3629574152519],[-73.0824751907059,41.3629554147573],[-73.0818771907297,41.3629394154988],[-73.0814511908496,41.3629264152494],[-73.0810891898086,41.3629404152129],[-73.0809001906701,41.3628884154579],[-73.0806631897994,41.362898414763],[-73.0804261896044,41.3628704147567],[-73.0800481905825,41.3628114150781],[-73.0799261897713,41.3627754150425],[-73.0796361893243,41.3626914153728],[-73.0792721895203,41.3626314148538],[-73.0791041899028,41.3625554149679],[-73.0785401890522,41.3624024155135],[-73.078156189294,41.362354414679],[-73.0771271893341,41.362206415105],[-73.077100189555,41.3619954154812],[-73.0764561885936,41.3615844146618],[-73.0759471884443,41.3614844150877],[-73.0754951880741,41.3614374152769],[-73.0749401885247,41.3613714148477],[-73.0746921877472,41.3613364153669],[-73.0744301885993,41.3613014153298],[-73.0740361874694,41.3612994145946],[-73.0738781882765,41.3612024151301],[-73.073613188088,41.3611054148675],[-73.0733691874509,41.3610164153888],[-73.0728111877941,41.3608354154088],[-73.0725431880673,41.3607494153045],[-73.072474187695,41.3607094152801],[-73.0724131872393,41.3606744152937],[-73.0722551876534,41.3606294149169],[-73.07219018733,41.3605874153452],[-73.0720261876305,41.3605654148453],[-73.071748186856,41.3604274153369],[-73.0715791873287,41.3604054147188],[-73.0715671871287,41.3604054150496],[-73.0715221872697,41.3604054151508],[-73.0714211875131,41.360343414981],[-73.071161186749,41.3603184146087],[-73.0709171865817,41.3602944151704],[-73.0707401863581,41.3602314150637],[-73.0700001870226,41.3602604147343],[-73.0697791861745,41.3602624150922],[-73.0689151867738,41.3602724150127],[-73.0677681857561,41.3602834152777],[-73.0665091853854,41.3602534152441],[-73.0654231855902,41.3602274152512],[-73.0649091845978,41.3603034152587],[-73.0648551850234,41.3602934148318],[-73.0646961850629,41.3602654149175],[-73.0646431847247,41.3602564147218],[-73.0644201847078,41.3601684155307],[-73.0639731845086,41.3601794151026],[-73.0624411846378,41.3601624154485],[-73.0611531838844,41.3601574152008],[-73.0606191837807,41.3601554149672],[-73.0588801832469,41.360174415704],[-73.0566951826286,41.3601934157425],[-73.0561341821623,41.3602864156336],[-73.0557961825909,41.3602734156844],[-73.0555161815555,41.3602674150244],[-73.0544611810305,41.3602714153763],[-73.0537601814395,41.3602734154957],[-73.0511301799533,41.3602734158847],[-73.0506411801742,41.3602504152251],[-73.0499351803556,41.3602184158776],[-73.0493031804891,41.3603294152813],[-73.0481391799718,41.3605324158041],[-73.0471631790561,41.3605394157654],[-73.0470191794875,41.3588494152449],[-73.0467061790655,41.3551524146042],[-73.0465891787986,41.3537824146911],[-73.046446178939,41.3520944139103],[-73.0464461785276,41.3519014142179],[-73.046446178911,41.3517944140677],[-73.0464441787188,41.3517094137584],[-73.0464421789305,41.351617414447],[-73.0464261778599,41.3507734139896],[-73.0464211780401,41.3505324138451],[-73.0463351780497,41.3460864126312],[-73.0462101786122,41.3458824129296],[-73.045511177565,41.3447454127348],[-73.0453921774507,41.3445524124637],[-73.0450571781216,41.3441074123044],[-73.044053176613,41.3427724123345],[-73.0437191774554,41.3423284123313],[-73.0438441772234,41.341585412101],[-73.0431741762028,41.3396354114885],[-73.0430811771397,41.3393634118378],[-73.0429441771308,41.338831411341],[-73.0427891763739,41.3387674115216],[-73.0423331757819,41.338579411859],[-73.041882176646,41.3375864115502],[-73.0416521761003,41.3370434115503],[-73.0411941763662,41.3356404109235],[-73.0410731757522,41.3353014115361],[-73.0399821753009,41.3323654102534],[-73.0389351744152,41.3280184101988],[-73.0391421745346,41.3266624091249],[-73.0402041746132,41.3265204095862],[-73.0413021757732,41.3263744089641],[-73.0433911760266,41.3260804088783],[-73.0444541767769,41.3259324092211],[-73.045758176644,41.3256884093875],[-73.0496721783115,41.3249574085769],[-73.0509771784148,41.324714409135],[-73.0514831790366,41.3246954085233],[-73.0530041794406,41.3246404086158],[-73.0535121795471,41.3246224085408],[-73.0536111792562,41.3245794084683],[-73.0539231794536,41.3244874088536],[-73.054027179645,41.324457408142],[-73.0540901789494,41.3244364087363],[-73.0542801799555,41.3243734085485],[-73.0543441799448,41.3243534085223],[-73.0546491791093,41.3242674088539],[-73.054829179713,41.3242104086681],[-73.0551131791957,41.3241104088269],[-73.0556971796442,41.3239144081711],[-73.0557991801369,41.3238804087767],[-73.0559421800289,41.3238604086721],[-73.0559741794731,41.3238584080497],[-73.0562601798358,41.3238384084256],[-73.0563031797539,41.3238414081092],[-73.0565691797048,41.3238604082614],[-73.0566931806561,41.3238714084356],[-73.0582681807723,41.32401540838],[-73.0584801812794,41.3240524083965],[-73.0588431803109,41.3241144086517],[-73.0591461804687,41.3241674086375],[-73.0595531805415,41.3242454083287],[-73.0596091811256,41.3242574083578],[-73.0597781815878,41.3242924079081],[-73.0604541816813,41.3244334085036],[-73.0606801814036,41.3244814084877],[-73.0608591818731,41.3245154086813],[-73.0613961820273,41.3246204087167],[-73.0614261821811,41.3246264087046],[-73.061576181804,41.3246504080779],[-73.0617221813589,41.324684408381],[-73.061843182053,41.3247124085265],[-73.0621201819872,41.3247964082945],[-73.0624321819561,41.3248274082604],[-73.0626991816938,41.3247984085718],[-73.0628341826218,41.3248444086532],[-73.0632421822842,41.3249824087597],[-73.0633781825892,41.3250294085473],[-73.0634731829808,41.3250454087171],[-73.0637591818965,41.3250954085755],[-73.0638551822931,41.3251124087687],[-73.0639001819725,41.3251204083101],[-73.0641901822057,41.3251784081452],[-73.0646281826498,41.3251814081693],[-73.0650201832074,41.3252534084831],[-73.0652001828653,41.3253424081074],[-73.0653641830094,41.325469408109],[-73.0655591834357,41.3256034080081],[-73.0656621835799,41.3257614088467],[-73.0657641836856,41.3259944080888],[-73.0658241826649,41.3260764086472],[-73.0658981831192,41.3261514084807],[-73.0660021834085,41.3262424081125],[-73.0661671829913,41.3263614084081],[-73.0663461833115,41.3264124082316],[-73.0666471835729,41.3265314088144],[-73.0668571840889,41.3266204085048],[-73.0670371838366,41.3266264083047],[-73.0672631842821,41.3266244089745],[-73.0674431838877,41.3266534086687],[-73.0676691841593,41.3265764082934],[-73.0679141836813,41.3265934080823],[-73.068135184435,41.326518408796],[-73.0683001844926,41.3264784084569],[-73.0684091843717,41.3263664085477],[-73.0684541846059,41.3263234087617],[-73.0687571837491,41.3263134083471],[-73.0688641845552,41.32630640887],[-73.0695811843584,41.3264814084081],[-73.0703821849185,41.3266194087508],[-73.0708481852021,41.326672408394],[-73.0711911854231,41.3267374086936],[-73.0720991853176,41.3268594081373],[-73.0722821855987,41.3269284086341],[-73.0723121852451,41.3269964083565],[-73.0723351847911,41.3271604088856],[-73.0723181849671,41.3273524081399],[-73.0753691869755,41.3285564088966],[-73.0760681872249,41.3288324083318],[-73.0763791866499,41.328958408921],[-73.077135186535,41.3297344084235],[-73.0772061870693,41.3299324088993],[-73.077167186913,41.3300344090384],[-73.0772591867642,41.3303424088516],[-73.0777691874606,41.3304734092571],[-73.0779311873077,41.3305264088667],[-73.0780581874269,41.3305694092116],[-73.0784261872168,41.3306584091207],[-73.0785931877466,41.3306994087739],[-73.0788471882628,41.3307624091274],[-73.0791831882156,41.3308454088055],[-73.0792661882715,41.3308654093609],[-73.0794181875033,41.3309034092546],[-73.0795151881753,41.3309234090168],[-73.0795781879962,41.3309364092789],[-73.0795991882952,41.3309434091583],[-73.0797551878172,41.3309914089632],[-73.0802241885135,41.3311384089482],[-73.0803811879354,41.3311874089998],[-73.0813041884188,41.3315554091515],[-73.0816651892278,41.3317384091832],[-73.0825721887541,41.3321354095043],[-73.0829931895389,41.332304408817],[-73.0830261888841,41.3323174087848],[-73.0836291893863,41.3325904094068],[-73.0840171895243,41.3327754088612],[-73.0842351901601,41.3328744094498],[-73.084518189361,41.3330234089358],[-73.0847361899177,41.3331674092618],[-73.0848711894765,41.3332634094213],[-73.085072189708,41.3334074092421],[-73.085281190409,41.3335394096216],[-73.0853631898241,41.3335914090071],[-73.0856411895827,41.333725409316],[-73.0859431907258,41.3338784096864],[-73.086003189878,41.3339094093701],[-73.0861631903725,41.3339954093166],[-73.0864551908311,41.3341534089273],[-73.0868361901271,41.3343604096552],[-73.0873251905037,41.3346424094871],[-73.0876141910192,41.3348094093521],[-73.087731191379,41.334876409547],[-73.0880851913402,41.335080409803],[-73.0882141914218,41.3351234092302],[-73.0882681916018,41.335245409164],[-73.0883891914431,41.3355174099073],[-73.0884441912029,41.3356084095755],[-73.0885141910887,41.3357244094275],[-73.0886661906849,41.3359814099501],[-73.0887081914699,41.336051409391],[-73.0891251914092,41.3367544093589],[-73.0892781914349,41.3370124100718],[-73.0893831909094,41.3371874098814],[-73.0897011914328,41.3377124097322],[-73.0898321921129,41.3378704103436],[-73.089900191919,41.3379234096367],[-73.0901071919367,41.3380824100784],[-73.0901761921656,41.3381354098419],[-73.090250192081,41.3381904098835],[-73.0903751919312,41.3382824101262],[-73.09047819169,41.3383484099883],[-73.0905561914102,41.3383994099602],[-73.0907951921407,41.3385334100749],[-73.0911321915812,41.3387234101874],[-73.0915251926316,41.3389194104374],[-73.0917711925012,41.3390434100335],[-73.0920001926396,41.3391454101408],[-73.0922071922786,41.339234410254],[-73.092377192988,41.3393064105604],[-73.0925131920846,41.3393564102991],[-73.0926551932638,41.339405410473],[-73.0927371922058,41.3394314101448],[-73.0927551931046,41.339438410283],[-73.0928641925144,41.3394704097313],[-73.093433193231,41.3394124102221],[-73.0942621936661,41.3391544096654],[-73.0945461927651,41.3391324100206],[-73.0947861928151,41.3391094101571],[-73.0950641936458,41.339153409712],[-73.0954011933945,41.339218409832],[-73.0954631931876,41.3392304103262],[-73.0956661930894,41.3393284097327],[-73.0957561934153,41.3394654103708],[-73.0958501937806,41.3397074103561],[-73.0958801943222,41.3400924102804],[-73.0958001935229,41.3405394104858],[-73.095794194087,41.3407364106318],[-73.095867193916,41.3408374102167],[-73.0959361942911,41.3409324105669],[-73.0962281938284,41.3411754100044],[-73.0962561935668,41.3413004101503],[-73.097117194851,41.342946410333],[-73.0980351944742,41.3446994114377],[-73.0981861944293,41.3450834111511],[-73.0982611944627,41.3452744107219],[-73.0997031958313,41.3478794112931],[-73.100604195605,41.3495054117531],[-73.1009541961956,41.3501844119168],[-73.1020041958816,41.3522244123349],[-73.1023541964665,41.3529044120711],[-73.1021871965785,41.3530284122727]]]},"properties":{"OBJECTID":15,"TOWN_NO":2,"TOWN":"Ansonia","GRACE_PERIOD":"Yes"}},{"type":"Feature","id":16,"geometry":{"type":"Polygon","coordinates":[[[-71.9336718505314,41.9168755605774],[-71.9333458512633,41.9168885604744],[-71.932811850379,41.9169095603536],[-71.932161850997,41.9169235604837],[-71.9313068504863,41.9169675603612],[-71.9309348500216,41.9169795607705],[-71.9294098494299,41.917007560346],[-71.9291808497392,41.9170125606608],[-71.928924849319,41.9170255603327],[-71.9286208497562,41.9170485610513],[-71.928277849362,41.917062560424],[-71.9282388496466,41.9170575610501],[-71.9281238492367,41.9170425608418],[-71.9280858488953,41.9170375604124],[-71.9273558486957,41.9170575602805],[-71.9276308493063,41.917999561195],[-71.9290688496889,41.9229105619514],[-71.9290738493276,41.9229285612853],[-71.9294608504156,41.9242825617361],[-71.9295448500378,41.9245755615837],[-71.9297298497148,41.9251375619627],[-71.9302868501598,41.9268235622045],[-71.9304728501643,41.9273855626168],[-71.9304918510265,41.9274555627467],[-71.9305378505737,41.9276135627572],[-71.9305518511642,41.9276655627268],[-71.9305548511259,41.9276745622869],[-71.9305728512031,41.9277355625886],[-71.9305938502415,41.9278015621718],[-71.930605850753,41.9278365628195],[-71.9306598508556,41.9280015629318],[-71.9306818501404,41.9280685626639],[-71.9308798505095,41.9287075624208],[-71.9314768507714,41.9306265634585],[-71.9316758513026,41.9312665632223],[-71.9316988511897,41.9313295631934],[-71.9317688506831,41.9315185629373],[-71.9317928508932,41.9315825630445],[-71.9315208516759,41.931588563497],[-71.9307058513301,41.9316095635512],[-71.9304348507912,41.9316165634117],[-71.9292128510149,41.9316235629656],[-71.9276518496708,41.9316335638299],[-71.9268668497747,41.9316355635562],[-71.9255468497894,41.9316385634861],[-71.9243248494115,41.9316425636733],[-71.9233068489977,41.9316545639794],[-71.9202558479276,41.9316925638889],[-71.9192388466728,41.9317055637866],[-71.9182078467059,41.9317135634111],[-71.9151188455361,41.9317385642354],[-71.9140888451423,41.931747563485],[-71.9133898447606,41.9317535638634],[-71.9112928451923,41.9317725642846],[-71.9105948438863,41.9317795643212],[-71.9100128445502,41.9317835640454],[-71.9082688434651,41.9317995640567],[-71.9076878436291,41.931805564448],[-71.9072088432359,41.9318005642294],[-71.9067508436624,41.9317965640976],[-71.9057728430649,41.9317785641277],[-71.9052948431717,41.9317705642043],[-71.9049388431249,41.9317735642779],[-71.904850842882,41.9317755641405],[-71.9038738426062,41.9317905642017],[-71.903519841891,41.9317965646061],[-71.9029338418976,41.9318085639393],[-71.9011758407773,41.9318485642174],[-71.9005908406856,41.9318625641161],[-71.9004818406269,41.9318635646799],[-71.9003658411761,41.9318645641699],[-71.8996918410648,41.9318725642289],[-71.8994678411147,41.9318755647736],[-71.8990258410565,41.9318825648612],[-71.8983438404986,41.9318935648451],[-71.8976998401258,41.9319025646033],[-71.897579839876,41.931904564541],[-71.8974188403221,41.9319065648098],[-71.8972578395526,41.9319085648457],[-71.8971578401582,41.9319065646989],[-71.8971358399509,41.9319065646199],[-71.8970148399652,41.931905564725],[-71.8968608395872,41.9319025648196],[-71.8967618398187,41.9319015647915],[-71.8964038392432,41.9319065640698],[-71.896279839429,41.9319085646695],[-71.8961558395809,41.9319095648419],[-71.8947278394573,41.9319275642024],[-71.8922898389988,41.9319385647954],[-71.8906118382606,41.9319605646247],[-71.8855818361054,41.9320285647911],[-71.8839048360818,41.9320515652074],[-71.8832468359141,41.9320385650494],[-71.8812758354221,41.9319995646364],[-71.8806188342583,41.9319875654262],[-71.880349834473,41.9319865651511],[-71.879542833901,41.9319835650663],[-71.8792748336826,41.9319825653091],[-71.8768188332317,41.9320285651079],[-71.8744298327352,41.9320745650937],[-71.8713848315393,41.9321075650776],[-71.8694538311657,41.9321275656643],[-71.868677830965,41.9321365654128],[-71.8680008305094,41.9321435657779],[-71.8669988301918,41.9321545652782],[-71.8649398293247,41.9321665657112],[-71.8641308297494,41.9321645656183],[-71.8566538268797,41.9321545661538],[-71.8555288259245,41.9321605659515],[-71.8526618260851,41.9321765662049],[-71.8519828247491,41.9321735660134],[-71.8499488241721,41.9321665663918],[-71.8492708241374,41.9321645664768],[-71.847480824383,41.9321715665206],[-71.844536822466,41.9321845662333],[-71.8421108216637,41.9321955661836],[-71.8403218214484,41.9322045665889],[-71.8391368211374,41.9322125662256],[-71.8355848200543,41.9322375667694],[-71.8344808193865,41.9322465666373],[-71.8344008192033,41.9322475669356],[-71.834335819737,41.932247566729],[-71.8321118187302,41.9322605666567],[-71.8291658182033,41.932279566506],[-71.8252448160261,41.932288567277],[-71.8229568157733,41.9322945673818],[-71.8229058162971,41.9322935672659],[-71.8227538162594,41.9322905666802],[-71.8227038151581,41.9322895672723],[-71.8225628156798,41.9322895672597],[-71.8225168154452,41.9322895668257],[-71.8224228157887,41.9322895669846],[-71.8220968157459,41.9322895671257],[-71.821957815429,41.9322895671004],[-71.8217718152773,41.9322895671637],[-71.8202908148156,41.932292567244],[-71.8170048139739,41.9323005670937],[-71.8164068139197,41.9323005673433],[-71.8158508133603,41.9322995674162],[-71.8143708134315,41.9322985670263],[-71.813386812166,41.9322995672259],[-71.8132558132459,41.9322985671847],[-71.8106338116242,41.9322955671784],[-71.8099138115175,41.9323005677879],[-71.8087998117403,41.9323085670891],[-71.8045468102285,41.9323415674823],[-71.7990158076802,41.9323695675345],[-71.7985308080949,41.9323675678561],[-71.7978948081143,41.9323725675918],[-71.7978938075919,41.932224568098],[-71.7978928081825,41.9321525675549],[-71.7978918074984,41.931971567854],[-71.7978868076134,41.9313695675005],[-71.797883808117,41.93101956797],[-71.7977788072077,41.9286535674326],[-71.7977748079202,41.9285615674951],[-71.7977328068238,41.9276005667531],[-71.7977268073922,41.9274545670367],[-71.797725807501,41.9274225669774],[-71.797547806886,41.9233865660344],[-71.7974628065684,41.9207505660762],[-71.7973558064338,41.9174535648607],[-71.7973008069352,41.9169235650566],[-71.7972998062583,41.9168995646688],[-71.7972688068784,41.9164125650692],[-71.7972658066905,41.9163385650875],[-71.7972628067702,41.9162555650106],[-71.7972618070623,41.9162405647213],[-71.7971128065046,41.9124265639875],[-71.7971058059853,41.9122395641411],[-71.7971058062253,41.9122145644476],[-71.7970248056391,41.9101355634319],[-71.796900806202,41.9069055628086],[-71.7968288060092,41.9044545624639],[-71.7973368054879,41.9043425625702],[-71.7988618068847,41.9040105626737],[-71.7993708065373,41.9038995624292],[-71.7995558068653,41.9038585626453],[-71.800397806872,41.9036645620428],[-71.8034778082481,41.9029565621506],[-71.8045048084034,41.9027205620811],[-71.8058478087457,41.9023995617311],[-71.806199808122,41.9023155621084],[-71.809865810301,41.90138956154],[-71.8112048096653,41.9010525617163],[-71.8114638100974,41.9009895613666],[-71.8116208105395,41.9009525613278],[-71.8122458110646,41.9008185616148],[-71.8125078111392,41.9007635614559],[-71.8132728103504,41.9006065609277],[-71.8155698110609,41.9001375612392],[-71.816335812277,41.8999815606578],[-71.8180228124264,41.8996055605879],[-71.8221078139878,41.89869756048],[-71.8230848138207,41.8984795607542],[-71.8247728139317,41.8981045601646],[-71.8262328147973,41.8977415601072],[-71.8262498149117,41.8977375604846],[-71.8281828159503,41.897256560164],[-71.8306118156671,41.8966515595881],[-71.8320128170743,41.8963045595223],[-71.8320728165357,41.896289560172],[-71.8321338164556,41.8962755600391],[-71.8330258168934,41.896067559761],[-71.8339238176567,41.8958595596483],[-71.8358828178852,41.895383559544],[-71.8368348183819,41.8951525595065],[-71.8420188196945,41.8939105594055],[-71.8436088201545,41.8935305586464],[-71.8437658207589,41.8934935593048],[-71.851227822695,41.8917185578898],[-71.8512438222835,41.8917175585731],[-71.8512938230192,41.8917175581931],[-71.8513108232179,41.8916995586529],[-71.8523998229153,41.8914405577748],[-71.8526928233712,41.8913735580303],[-71.8575888247834,41.8902435578693],[-71.8598388257487,41.8897255575162],[-71.8627818267079,41.8890465576852],[-71.864242827222,41.88871855695],[-71.8679868281445,41.8878285571512],[-71.8743268301854,41.8862575564289],[-71.8757348298066,41.8859215565437],[-71.8867738335156,41.8832575553131],[-71.8872028335063,41.8831635552192],[-71.8884888341777,41.8828825553996],[-71.8889188338544,41.8827895549233],[-71.889423834924,41.8826595549209],[-71.890581834352,41.8823645553686],[-71.8909438350279,41.8822775552297],[-71.8914518347625,41.8821565552656],[-71.8916298352037,41.8821135552756],[-71.8921638350575,41.8819855548679],[-71.8924388353113,41.8819245554821],[-71.8924718355947,41.8819175549646],[-71.8930748356442,41.8817955552205],[-71.8952718366845,41.8813555550981],[-71.8960048362987,41.881209554544],[-71.8964718366766,41.8810975549101],[-71.8965268368702,41.881085554728],[-71.8978748376785,41.8807635546963],[-71.8981108377583,41.8807075549171],[-71.8982268377418,41.8806805548284],[-71.8983428375682,41.8806525543141],[-71.8984428377355,41.8804985545136],[-71.899071837844,41.880028554539],[-71.9000108375607,41.8791735542829],[-71.9008898382465,41.8784795543893],[-71.9017088377967,41.8778445535246],[-71.9023318390797,41.8775565534878],[-71.9028318380692,41.8773275540118],[-71.9033868385196,41.877060553537],[-71.9037848393306,41.8766715539932],[-71.903794839457,41.8766615538635],[-71.9041328386445,41.8760645538127],[-71.9044498386485,41.8754155532216],[-71.9045868390903,41.8750085530485],[-71.905207839606,41.8736015526852],[-71.9056138391988,41.8731835529474],[-71.9061098397045,41.8729265527866],[-71.9067638396737,41.8728275527118],[-71.9076188399929,41.8728015524983],[-71.9081458403068,41.872760552838],[-71.908570840821,41.8726315528117],[-71.9088378397139,41.8723805524318],[-71.9089668407954,41.8720835525749],[-71.9089318398394,41.8706775525123],[-71.9090978400772,41.8701295518796],[-71.9096278401613,41.8696155520267],[-71.9104038405441,41.8693545523194],[-71.9112408408389,41.8691995520444],[-71.9120258406318,41.8690855515881],[-71.9126278419613,41.8692765521759],[-71.9126568415636,41.869286551944],[-71.9132298420085,41.8696515517258],[-71.9137308417051,41.8698095524428],[-71.9142128415716,41.8699605518919],[-71.9143998418669,41.8699835521556],[-71.9151288423888,41.8700215519945],[-71.9158288423248,41.8699855518538],[-71.9164848429364,41.8698185516341],[-71.9170098433497,41.8695015523158],[-71.917360843242,41.8692495520566],[-71.9175338431179,41.8692865516011],[-71.9177078429852,41.8693235517818],[-71.9185288433296,41.8694975521641],[-71.9220358441598,41.8702415522055],[-71.9232048444288,41.8704895515248],[-71.9231888448136,41.8705055518829],[-71.9231418446906,41.8705565520096],[-71.9231268453227,41.8705735517186],[-71.9232388449563,41.8709355515083],[-71.9233188450699,41.87116655202],[-71.9234028446299,41.8713485524317],[-71.9234758454682,41.8714805523524],[-71.9237278456543,41.8719315524933],[-71.9240728454886,41.8723415519365],[-71.9242658456373,41.8726185519273],[-71.9245598452768,41.8731185526662],[-71.9247098452527,41.8733125523946],[-71.9247978453743,41.8734445522008],[-71.9248588461195,41.8735925523378],[-71.9248728458146,41.8736515524614],[-71.9249228459984,41.8739795528249],[-71.9249258452858,41.8739965524476],[-71.9249638459128,41.8742075526926],[-71.924985846004,41.8744205527943],[-71.9249658462252,41.8745425529282],[-71.9248348452198,41.8748565527867],[-71.9248038452834,41.8749155522469],[-71.9245698456289,41.8753255528792],[-71.924452846089,41.8756145527054],[-71.9242588457286,41.8765485525696],[-71.924235845528,41.8766605532314],[-71.9240318451898,41.8772285533721],[-71.9237268453151,41.8780335531814],[-71.9236588458918,41.8782845529258],[-71.9236338459604,41.8784375535008],[-71.9236168459077,41.8787025537273],[-71.9235928458934,41.8789195531213],[-71.9235508456806,41.8791135536476],[-71.9234128453023,41.8796505536594],[-71.9232708453597,41.8804155541012],[-71.9231228451737,41.8809075538791],[-71.9230718453419,41.8811755538299],[-71.9230628454409,41.8814855536363],[-71.9230768451141,41.8815955541304],[-71.9230798459171,41.8816135540822],[-71.9231258456174,41.8817775541175],[-71.9232298453536,41.8820135541794],[-71.9233898458086,41.882419554423],[-71.9234738457101,41.8826785542095],[-71.923546845956,41.8829345545092],[-71.9235558457299,41.8831325541174],[-71.9235468454257,41.8832515540164],[-71.9234748463269,41.8835065547744],[-71.9234618460482,41.8835225540648],[-71.9229598451471,41.8842185542074],[-71.9227928456522,41.8844505549474],[-71.9226408452482,41.8846735546737],[-71.9221868451431,41.8853455543496],[-71.922036845109,41.8855705546802],[-71.9212308451513,41.8867635553303],[-71.9211988457724,41.8868485553435],[-71.9212158446906,41.8869955553558],[-71.9212228455406,41.8870135551876],[-71.9212488455693,41.8870835548489],[-71.9217318452114,41.8878775555351],[-71.9218398455933,41.8880045555285],[-71.9220098457908,41.8881695553233],[-71.9222988452996,41.8884175549327],[-71.9225078461632,41.8886605551758],[-71.9226058454454,41.8888385550509],[-71.9227078456822,41.889046555647],[-71.9233128460181,41.8904265559538],[-71.9235478457506,41.8910715556441],[-71.9236678457711,41.8914095557534],[-71.9240388468485,41.8924525559946],[-71.9242018460133,41.893021555969],[-71.9244768466317,41.8939815566872],[-71.9245508464786,41.8942365559462],[-71.9247888467356,41.8950245564661],[-71.9254038467429,41.8968325566482],[-71.9256598467704,41.8975825572035],[-71.9257488475467,41.8977695572015],[-71.9258978474459,41.898193557117],[-71.9261508476458,41.8987135575718],[-71.9266308474723,41.8995695574766],[-71.9271718473791,41.9007585577007],[-71.9273098479205,41.900930557309],[-71.9279098477618,41.9013805573303],[-71.9283708480417,41.9017095578957],[-71.9286718485255,41.9019515577448],[-71.9287898489531,41.9020575575765],[-71.9289168484351,41.9021715578323],[-71.9290988486986,41.9023545574847],[-71.9297048488847,41.9029655575047],[-71.9298888488905,41.9031955579558],[-71.9299258491196,41.9032415576268],[-71.9301538486767,41.9035585579235],[-71.9304578491208,41.903962557688],[-71.9311988500462,41.9047005578172],[-71.9314908496077,41.904985558475],[-71.9316738496456,41.9051725584852],[-71.9318658497615,41.9054225586839],[-71.932107849945,41.9058565581236],[-71.9322088493786,41.9060625583561],[-71.9322828496604,41.9062615582155],[-71.9323168497503,41.9064585582778],[-71.932324849631,41.9066675581703],[-71.9322628498759,41.9072335583506],[-71.9322708498557,41.907567558448],[-71.9325688497004,41.9089875591789],[-71.9327018502431,41.9094835594035],[-71.9327798499722,41.9096575588437],[-71.9328548502744,41.9097675594682],[-71.933001849886,41.9099125594395],[-71.9330048505296,41.909941559519],[-71.9330298508341,41.9101465591667],[-71.9338478514032,41.9168695607647],[-71.9336718505314,41.9168755605774]]]},"properties":{"OBJECTID":16,"TOWN_NO":116,"TOWN":"Putnam","GRACE_PERIOD":"No"}},{"type":"Feature","id":17,"geometry":{"type":"Polygon","coordinates":[[[-72.8612361291041,41.5281104549067],[-72.8593271286448,41.5316314549132],[-72.8589181286133,41.5322464552626],[-72.8588311285766,41.5323784555679],[-72.8579781282498,41.5345544559714],[-72.8578211281242,41.5345154558714],[-72.856954128666,41.5342994555828],[-72.8569071282738,41.5342884559311],[-72.8566701283226,41.5342104559262],[-72.8557031272582,41.5339304559463],[-72.8552731274233,41.5338864554679],[-72.8543361268105,41.5336614559182],[-72.8536891274586,41.5335074557479],[-72.8536071267084,41.5334864558902],[-72.8535691275518,41.5336074556019],[-72.8535021276378,41.5338634561396],[-72.8534631274019,41.5340024556208],[-72.853377126721,41.5343114560475],[-72.8530141269447,41.5356214558547],[-72.8528811270727,41.5361024563355],[-72.8528351269293,41.5362754562381],[-72.8526881272124,41.5368274561243],[-72.852621127039,41.5370284562524],[-72.8525741274215,41.537217456937],[-72.852546127113,41.5373294568629],[-72.8525271275289,41.5374064566958],[-72.8524801273626,41.5375954564291],[-72.8524331269242,41.5377844570373],[-72.8523861270298,41.5379724563799],[-72.8523391272431,41.5381614569361],[-72.8522921271815,41.5383504565664],[-72.8522321267051,41.5385044567666],[-72.852122127315,41.5387884571541],[-72.8520951272738,41.5388584571249],[-72.852073127098,41.5390764568769],[-72.8520621267102,41.5392104571146],[-72.8520451274086,41.5393614567248],[-72.8520011268757,41.5394744566021],[-72.8518951264774,41.5397394575445],[-72.8518411265367,41.5398834569014],[-72.8518001269649,41.5399954572964],[-72.8517781266136,41.5400544571302],[-72.8517111269413,41.540234457601],[-72.8516901262809,41.5402944568698],[-72.8517011266463,41.5403954570291],[-72.8518491270655,41.5409314570892],[-72.8520781273315,41.5418724572525],[-72.8521781271238,41.5422864571819],[-72.8524061275043,41.5432234578117],[-72.8524751275683,41.5435074581489],[-72.8525461267677,41.5437994575517],[-72.852618127247,41.5440974580304],[-72.8527011279319,41.5444384577532],[-72.852757127174,41.544670458206],[-72.8528651273856,41.5451964583072],[-72.8531121281052,41.5463154582936],[-72.8531241277509,41.5463674587849],[-72.8531481275604,41.5464204587555],[-72.8527081280727,41.5462994586998],[-72.8521651275815,41.5460934585753],[-72.8519261273412,41.5460194583532],[-72.8517371271176,41.5459824583238],[-72.8515631270887,41.5459694582439],[-72.8513651269572,41.5459574586827],[-72.8511371266533,41.5459324582654],[-72.8507891266045,41.5459014579411],[-72.8502941263092,41.5458184583358],[-72.849441126952,41.5456244581753],[-72.8471611256961,41.5452694582196],[-72.8470211259251,41.5452494579961],[-72.846989125577,41.5452454584231],[-72.8455551247215,41.5450004585862],[-72.8442811249375,41.5447334581651],[-72.8444691244927,41.5456184586465],[-72.8447571244076,41.5464344584111],[-72.8448071248521,41.5465574587088],[-72.8449741246215,41.5469744589117],[-72.8451121253432,41.5473204588811],[-72.8451501255801,41.5474194590391],[-72.8451781255936,41.547636458628],[-72.8452961254296,41.5485364590458],[-72.8453431248567,41.5488944588115],[-72.8455671256819,41.5514654598087],[-72.8456131256569,41.5519464600737],[-72.8456641257022,41.5524834596495],[-72.8457321259443,41.5533544600568],[-72.8457421261915,41.5535054601767],[-72.8459231264072,41.5543174598335],[-72.845967125984,41.5545384604731],[-72.8459871264766,41.5547024601658],[-72.846006126315,41.554858459799],[-72.8460401256835,41.5551344601959],[-72.8461471260978,41.5556724605439],[-72.8485421275203,41.5673374621457],[-72.8463371273722,41.5678074631076],[-72.8444461260585,41.5682094631963],[-72.8426221250646,41.5685964632822],[-72.8402451252945,41.5691064629626],[-72.8386301245987,41.5693524631952],[-72.8343511224596,41.5699634634965],[-72.8309701218164,41.5704354636189],[-72.8294001211838,41.5706604639022],[-72.8291111211372,41.5707004637856],[-72.8285951210185,41.57079946408],[-72.8276451210191,41.5710074642666],[-72.8278991211882,41.5701614639203],[-72.8283401204548,41.5682054638168],[-72.8289631212464,41.5654374626361],[-72.8296451209067,41.5624054626046],[-72.8295671211005,41.5624424623169],[-72.8277611209236,41.5633244621947],[-72.8271971198321,41.5635984626597],[-72.8261591199551,41.5641044627098],[-72.825744119775,41.5643064628878],[-72.8257531196725,41.5640404626648],[-72.8257751203537,41.5634144623511],[-72.8257861196183,41.5630344622859],[-72.8258241203729,41.5618994620999],[-72.8258381196387,41.5615224618503],[-72.8258451200403,41.5613064624201],[-72.8261501191335,41.5565074615175],[-72.8261451197688,41.5564874608203],[-72.8261421198577,41.5559054611639],[-72.8251431193606,41.5554054613805],[-72.8212441172778,41.5542034606407],[-72.8191461177698,41.5543064608771],[-72.8126021152518,41.5602594623641],[-72.8102431146975,41.5624054630267],[-72.8099611145614,41.5622924627378],[-72.8098691145972,41.5622554631701],[-72.8092441141788,41.5620054627593],[-72.8062741138559,41.56542146348],[-72.8052441129119,41.5666064637238],[-72.8050061128437,41.5669914638758],[-72.8026241126725,41.5708634647773],[-72.8012441126371,41.5731064653668],[-72.7987441118382,41.5734364654424],[-72.7970541105903,41.5736594659504],[-72.7959291103475,41.5738084657435],[-72.7868821075368,41.575002466331],[-72.7824651063088,41.5755864666319],[-72.7822621067069,41.5756134660504],[-72.7820591069365,41.5756404660112],[-72.7810751065376,41.5757704666229],[-72.7800921053663,41.5758994663271],[-72.7800431057647,41.5759064661448],[-72.7798271056516,41.5759324661287],[-72.7797371059712,41.5759424666264],[-72.7797221051752,41.5759444666631],[-72.779645105737,41.5759514663372],[-72.7794171060974,41.5759774668414],[-72.7793441061376,41.5759884666173],[-72.779176105968,41.5760064666832],[-72.779010105024,41.5760254663312],[-72.7787781051705,41.5760524669087],[-72.7783411050024,41.5761044665534],[-72.7770891047482,41.5762684668126],[-72.7765271049767,41.5763434668349],[-72.7763491047321,41.5763664667339],[-72.7760431047276,41.5764064668178],[-72.7758151048448,41.5764334668166],[-72.7756391045946,41.5764544672067],[-72.7750021038629,41.5765314672238],[-72.7731291037497,41.5767584668655],[-72.7730961039866,41.576763467047],[-72.7727431037253,41.5768064669697],[-72.7724611031144,41.5768364665731],[-72.7722101032337,41.5768544672354],[-72.7710301026444,41.5769394668028],[-72.7708991031515,41.5769574669206],[-72.7697341019914,41.5771444671485],[-72.7691981028671,41.5772104671388],[-72.7688721021494,41.5772434671714],[-72.7683851025347,41.5772914673729],[-72.768080102525,41.577321467113],[-72.7678221013634,41.5773474673541],[-72.7675651024494,41.5773734668635],[-72.7646921013947,41.5776584669469],[-72.7601320996258,41.5781114677726],[-72.7584520991056,41.5782794672876],[-72.755309098352,41.5785914677105],[-72.7521820974005,41.578902468079],[-72.751914097084,41.5759624672476],[-72.7516820969566,41.5734024673285],[-72.751111095515,41.5671454658192],[-72.7508750952547,41.5645594649564],[-72.7508650951962,41.5644494652595],[-72.7508430951867,41.564207464835],[-72.750808095473,41.5639154649133],[-72.7507030958348,41.5630404653243],[-72.750668094993,41.562749464731],[-72.7505800949468,41.5620214652197],[-72.7503190952421,41.5598414643283],[-72.7502430947139,41.5592074640686],[-72.7502410950786,41.5591854639169],[-72.750234095189,41.5591144644915],[-72.750070095405,41.5573854641039],[-72.7495810947263,41.552200462569],[-72.7495290943978,41.5516454632681],[-72.7494160941861,41.5504734624557],[-72.7493970943586,41.5502834624266],[-72.7493950941235,41.5502574626809],[-72.7493810945874,41.5501104627162],[-72.7493490940922,41.5497654627084],[-72.749270093567,41.5474934623322],[-72.7491710935015,41.5470634618642],[-72.7491600938187,41.5470174616032],[-72.7489920934927,41.5463164618879],[-72.7489820936403,41.5462704616124],[-72.7489430936055,41.5461074621791],[-72.7489320944883,41.5456814617188],[-72.7488790934539,41.5442874613497],[-72.7488660937935,41.5439184610412],[-72.7485690930636,41.5411614609544],[-72.7477450927374,41.53349745986],[-72.7475610925411,41.5317824595671],[-72.7472430920623,41.5288114589399],[-72.7472430921789,41.5286674586129],[-72.7472470925038,41.5282264582478],[-72.747201092681,41.528080458818],[-72.7471430919305,41.5279074579909],[-72.7471170919,41.5277274582558],[-72.7470570927652,41.5272974581459],[-72.7470430917027,41.5271984583246],[-72.7470420920726,41.5269164578017],[-72.7470400923547,41.5263104577275],[-72.7470390924907,41.5257974577623],[-72.7467590914197,41.5230914576023],[-72.7467540919742,41.5230624574799],[-72.7467490917852,41.5230244578904],[-72.74655009186,41.5211424566983],[-72.7465030919903,41.5206894573561],[-72.7461630908145,41.5154894558351],[-72.7460410909501,41.5136054559107],[-72.7460390905693,41.5135634558629],[-72.7460300906626,41.5134434558685],[-72.7459670914355,41.5126744558385],[-72.745738090939,41.5098814551033],[-72.7456620911573,41.5089514545223],[-72.7456610911607,41.5089304544787],[-72.7454760906041,41.5067024546333],[-72.7449320897512,41.5001024535022],[-72.7449200896885,41.4999554527149],[-72.7447810897542,41.4981914530244],[-72.7461950905454,41.4981214528279],[-72.7466750899546,41.4980994529089],[-72.7478870904411,41.4980444526658],[-72.7507350921619,41.4979134523711],[-72.7516160919436,41.4978784528693],[-72.7517800917344,41.4978654522587],[-72.7520490921839,41.4978524522886],[-72.7523240927028,41.4978394524681],[-72.7525130919436,41.4978304525835],[-72.7548490925349,41.4977214526421],[-72.7577780937741,41.4975844523841],[-72.758788093962,41.4975364521437],[-72.7596560943306,41.4974824520769],[-72.7615730956304,41.4973724522157],[-72.7642070957128,41.4972024519181],[-72.7654490963523,41.497142451921],[-72.7680390976243,41.497023452141],[-72.7684870970809,41.4970074519533],[-72.7691840975653,41.4969574519065],[-72.7726490990587,41.4967584512359],[-72.7733070985804,41.4969804512558],[-72.7755630991102,41.4977494513665],[-72.7760670996741,41.4979124520426],[-72.7770501004161,41.49824445201],[-72.7783031008238,41.4986674519975],[-72.7808861011152,41.4995414521319],[-72.7810621017756,41.4996024518495],[-72.7812611012271,41.4996674518257],[-72.7815061015019,41.499752452056],[-72.7819781020281,41.4999134519526],[-72.7820931024399,41.4999484517761],[-72.78251310174,41.5000744519115],[-72.7827361025611,41.5001404518863],[-72.7830411022617,41.5002374520786],[-72.7831371020362,41.50027145147],[-72.7837231030561,41.5004584517423],[-72.7840531021222,41.5005634518683],[-72.7847471028355,41.5007854521395],[-72.7848191025945,41.5008084517842],[-72.7848841026594,41.5008284515739],[-72.7855041026041,41.5010274518709],[-72.7854671030049,41.5011234522635],[-72.7859001026839,41.5012724520206],[-72.786549103209,41.5014954521801],[-72.7869771038771,41.5016424523745],[-72.7873091040009,41.5017564518958],[-72.7876411040932,41.5018704522572],[-72.7886371035754,41.502213452424],[-72.7891211043524,41.5023794521361],[-72.7900251051257,41.5026934516361],[-72.7907781054915,41.5029504519431],[-72.7920091047738,41.5033654522599],[-72.7923191051877,41.5034714524728],[-72.7925701055966,41.503555451734],[-72.792585105306,41.503561451845],[-72.7926281051832,41.503575452431],[-72.7927141056498,41.5036044520978],[-72.793204105189,41.5037704521664],[-72.7941691064628,41.5041044524792],[-72.7950551067896,41.5044204523676],[-72.7959191068817,41.5047264525642],[-72.7960771070502,41.5047724519857],[-72.7967591075132,41.5048984522303],[-72.7996041077926,41.5054264524924],[-72.8002691076798,41.5055604518961],[-72.8004181086952,41.5055764524674],[-72.8006351083216,41.5056144520891],[-72.8010841085035,41.5056984524922],[-72.8014301083235,41.5057594524445],[-72.8014701083257,41.5057714521741],[-72.8017471083589,41.5058224524963],[-72.801924109045,41.5058554524581],[-72.8025271086762,41.5059674520138],[-72.8030871090971,41.5060714520146],[-72.8032641087491,41.506104452614],[-72.8038321088395,41.5062094519237],[-72.8041321100161,41.506264452405],[-72.804504109834,41.5063334525141],[-72.8049231100739,41.5064114518751],[-72.8051021095161,41.5064444522895],[-72.8052281096337,41.5064684522965],[-72.8092141105379,41.5073234520998],[-72.8093681108403,41.5073544526539],[-72.8108431119537,41.5076714521598],[-72.815188112919,41.5085244523349],[-72.8165481140232,41.5087504521151],[-72.8170361133854,41.5088524521244],[-72.8175021144066,41.5089484519157],[-72.8203221146403,41.5095484522685],[-72.8214431149625,41.5097854520192],[-72.8229101152772,41.5100964526107],[-72.823005115399,41.51011645231],[-72.823157115237,41.5101484522061],[-72.8238441157713,41.5102934526181],[-72.8267961171222,41.5109174524743],[-72.8281851178576,41.5112114526794],[-72.828232117133,41.5112374521405],[-72.8286351175832,41.511322452169],[-72.8308241184559,41.5117774524673],[-72.8333411186613,41.5123014522452],[-72.8373771200847,41.5131294524912],[-72.8375601204633,41.5131674523477],[-72.8387781212237,41.5134094521072],[-72.8407111220661,41.5137974529257],[-72.8413711215966,41.5139274520611],[-72.8422161216783,41.5140954526555],[-72.8422531225207,41.5141064528542],[-72.8453391234037,41.5147274521494],[-72.8472691237734,41.5151224529166],[-72.8503001250174,41.5157394524094],[-72.8513761250876,41.5159684524232],[-72.8521331258586,41.5180954526485],[-72.8532681267817,41.5209234533864],[-72.8534411264933,41.521345453877],[-72.853577126682,41.5216854539825],[-72.8536501267005,41.5218654533291],[-72.8537351267674,41.5221434536833],[-72.8537991267692,41.5222194534117],[-72.8537431264403,41.5224464536728],[-72.8536721266616,41.5227304535838],[-72.8536231260178,41.5229304535369],[-72.8535721266142,41.5231364537104],[-72.853526126277,41.5233204535435],[-72.8533561258381,41.5240164543013],[-72.8530841265588,41.5249334541655],[-72.8532631259213,41.5249964546122],[-72.8536371268934,41.525128453999],[-72.8538531264852,41.5252044543202],[-72.8541011263918,41.5252974544792],[-72.854755127035,41.5255434540802],[-72.8551271274837,41.5256844544075],[-72.8554561277742,41.5257834543345],[-72.8558381273536,41.5258994544673],[-72.8564371273316,41.5261054544432],[-72.8565531271581,41.5261454542944],[-72.8567681274544,41.5262034547235],[-72.857042128202,41.5262774539198],[-72.8573911283628,41.5263714540918],[-72.8577681280156,41.5263764542331],[-72.8577501280759,41.5264754544482],[-72.8577441286062,41.5266204546016],[-72.85772812758,41.5268634543235],[-72.8579311283964,41.5271754540847],[-72.8579811277177,41.5272484545427],[-72.8583901279232,41.5273024546072],[-72.8587371284718,41.5273534541157],[-72.8591211286144,41.5274074545097],[-72.8592521288101,41.5273754542669],[-72.8595811285187,41.5273914545963],[-72.8599281281651,41.5274474540178],[-72.8600031286529,41.5274594548142],[-72.8601531290092,41.5274844548011],[-72.8604941286461,41.527570454084],[-72.8606361295535,41.5276294547112],[-72.8609471288039,41.5277994543232],[-72.8612361291041,41.5281104549067]]]},"properties":{"OBJECTID":17,"TOWN_NO":80,"TOWN":"Meriden","GRACE_PERIOD":"No"}},{"type":"Feature","id":18,"geometry":{"type":"Polygon","coordinates":[[[-72.3167819692684,41.8163675286327],[-72.3166309697277,41.8165115279972],[-72.3152079688309,41.8173105289513],[-72.3149609693454,41.8174485285376],[-72.3142579696143,41.8181445286118],[-72.3138169689276,41.8185295288972],[-72.3135729685243,41.8189265290143],[-72.3133259694036,41.8197575294404],[-72.3131559683348,41.8202055295232],[-72.3130699685462,41.820433529533],[-72.3131069688691,41.8207835294052],[-72.3135149685516,41.8211885294736],[-72.3136149687613,41.8214265294833],[-72.3138109692999,41.8218925292059],[-72.3140049689666,41.8224705299006],[-72.3139559687729,41.8228955297445],[-72.3136369697486,41.8235775294783],[-72.3133339697108,41.8241435300615],[-72.3133289692724,41.8241765296769],[-72.3132279685937,41.8248155300898],[-72.3133519693243,41.8253215305369],[-72.3134209691887,41.8256485307184],[-72.3132069694076,41.8260695299588],[-72.3128729690642,41.8263725306269],[-72.3128529689013,41.8264775301765],[-72.3128199688136,41.8266495304116],[-72.3128179695536,41.8268495308498],[-72.3128169690864,41.8269595307861],[-72.3129649689934,41.8271415308361],[-72.3132929698626,41.8272265305925],[-72.3138059700386,41.8273465304211],[-72.3140719696062,41.8275625304666],[-72.3141599692282,41.8279285309495],[-72.31405196974,41.8282675305516],[-72.3137079699645,41.8288165312543],[-72.3133079695444,41.8292335307446],[-72.3130719694783,41.8294145313392],[-72.3127399696226,41.8294375306921],[-72.3119799696309,41.8292645310389],[-72.3114499692907,41.8293145308849],[-72.3109589686877,41.8294035310442],[-72.3106919684229,41.8295905313581],[-72.3105729691136,41.8298355308703],[-72.3105039687465,41.8304925316019],[-72.3104129685158,41.8306815313126],[-72.3102439685072,41.8310295317651],[-72.309924969003,41.8314715314542],[-72.3092509687802,41.8320985314414],[-72.3088039677931,41.8323825318678],[-72.3087299680346,41.8324435314423],[-72.3085139679718,41.8326235321356],[-72.3084079683618,41.8329235316643],[-72.3085129681267,41.8331505315076],[-72.3090929681213,41.8336365317671],[-72.3092229683412,41.8337725318585],[-72.30979796902,41.834373532347],[-72.3101259687474,41.8348485324711],[-72.310183969255,41.834932532359],[-72.3101869685439,41.8349795319887],[-72.3102199690335,41.8354265322299],[-72.3102309686427,41.8355605322141],[-72.310229968441,41.8355755326887],[-72.3102339690447,41.835598531971],[-72.3102369682917,41.8356395325793],[-72.310228968467,41.8356745319288],[-72.3101659685937,41.8359685326901],[-72.3101459693891,41.8360675325247],[-72.3100729686799,41.836068532201],[-72.3099999683812,41.8360705321181],[-72.3097589685281,41.8360745327398],[-72.3086009687951,41.8360945322937],[-72.3082149684193,41.8361025323464],[-72.3080029684035,41.8361095320956],[-72.3077759681921,41.836118532241],[-72.3073689681411,41.8361025322799],[-72.3071579677345,41.8360945327275],[-72.3063639679612,41.8360725328334],[-72.305038967502,41.8360335326998],[-72.3006629658645,41.8359085331341],[-72.3002259661822,41.8358985326031],[-72.2986919653913,41.8360535324246],[-72.2965839643989,41.8362675331549],[-72.2944879641593,41.8362525330717],[-72.2940089638702,41.8362495327268],[-72.2910169632158,41.8362305332046],[-72.2881999619501,41.8362115336018],[-72.2861039608735,41.8361985332484],[-72.2848109609585,41.8361825334251],[-72.2832189601261,41.8361635334397],[-72.2790349591156,41.8361145335616],[-72.2745639575805,41.8360425338051],[-72.2716799557494,41.8359975333777],[-72.2713029564167,41.8360025338683],[-72.2701719564169,41.8360195339304],[-72.2697959556546,41.836026533327],[-72.2674949554399,41.8359915334543],[-72.2605919532404,41.8358865343393],[-72.2582909519902,41.8358515339016],[-72.2563579508621,41.8358175346009],[-72.2523919501747,41.8357495341565],[-72.2518819501648,41.8357405345297],[-72.2518209500893,41.8357375344781],[-72.2505619492255,41.8356955343834],[-72.2494299494006,41.8356575344772],[-72.2494159490079,41.8356575341471],[-72.2486299492136,41.8356635340144],[-72.2481949485261,41.8356545346968],[-72.246890948309,41.8356305348466],[-72.2464569479319,41.8356225345293],[-72.2457959483346,41.8356085345034],[-72.2444239475069,41.8355805348194],[-72.2438149477781,41.8355675342785],[-72.243274947258,41.8355565348062],[-72.2431549466243,41.835554534607],[-72.24308794672,41.835553534815],[-72.2427089464435,41.8355465341952],[-72.2413729461759,41.8355225350342],[-72.240927946188,41.8355155342392],[-72.239948946358,41.8354985344561],[-72.2370139444602,41.8354475347081],[-72.2360359444745,41.8354305350117],[-72.2345129438331,41.8354195349782],[-72.2299439428515,41.8353865350677],[-72.2286749423756,41.8353785349777],[-72.2284229420197,41.8353515351066],[-72.2283569427292,41.8353465346262],[-72.2281599416003,41.8353345347313],[-72.2280949419397,41.8353305353052],[-72.2272199421938,41.8353185350662],[-72.2250029411565,41.8352915348172],[-72.2245969415609,41.8352855351561],[-72.2237229402664,41.83527553516],[-72.2225219405776,41.8352585350715],[-72.2189199393317,41.8352085349931],[-72.217719938775,41.8351925348815],[-72.2105849361222,41.8351505358595],[-72.2104659362324,41.8351485351861],[-72.2066199346889,41.8351125358703],[-72.20029293249,41.835054536033],[-72.2002339335733,41.8350535359457],[-72.1941109305401,41.8350255357472],[-72.1939769314986,41.8350245362543],[-72.1938439315334,41.8350245363061],[-72.1935129302523,41.8350225365446],[-72.1933109305646,41.8350215364818],[-72.1932309306869,41.8350205360751],[-72.1930239311543,41.8350195357275],[-72.1929919301123,41.835018536031],[-72.1929129304972,41.8350185360177],[-72.1927309302374,41.8350175359272],[-72.1925489299756,41.8350165364503],[-72.192218930199,41.835015536306],[-72.192066930278,41.8350145359332],[-72.1904279296502,41.8350075364664],[-72.1902869299108,41.8350065366045],[-72.1886169289453,41.8349985365478],[-72.1885509291907,41.8349985363887],[-72.1880899294674,41.8349965366875],[-72.1876489291794,41.8349945361475],[-72.1872079288953,41.8349925366254],[-72.1805489271559,41.8349615361343],[-72.1735709237456,41.8349305371215],[-72.1691769230949,41.8349105368435],[-72.1690199230871,41.8349105371318],[-72.1662239224983,41.8348875371754],[-72.1661599218346,41.8348885373228],[-72.1660829213155,41.8348895365644],[-72.1660069218331,41.834891536608],[-72.1645589218972,41.834921536774],[-72.1644989212015,41.8349215370656],[-72.1640699211233,41.8304425361182],[-72.1639249207259,41.8289195358421],[-72.1635319208107,41.8248375347554],[-72.1634119205414,41.8241345350204],[-72.163341919831,41.8233815345074],[-72.1633139203316,41.8231175349224],[-72.1632469200578,41.8224995348215],[-72.1632119203887,41.8222305350108],[-72.1632189196844,41.8220425350429],[-72.1632439202301,41.821942534878],[-72.1629669194909,41.8191345338127],[-72.1605849180271,41.7941485289772],[-72.1593429163182,41.7811675270525],[-72.1587239159022,41.7746655258075],[-72.1583239157231,41.7704905252564],[-72.1583059151687,41.7702965244926],[-72.1582929149673,41.770159524857],[-72.1581629150797,41.7688435243577],[-72.1578569150299,41.765654524063],[-72.1571889146716,41.758659522376],[-72.156728914601,41.7538015217652],[-72.1567199137426,41.7537275213729],[-72.1563219139588,41.7534995217057],[-72.1575319137505,41.7519205215746],[-72.1575509147127,41.7518995215309],[-72.1576269146417,41.7518125212528],[-72.158231913909,41.7517535211447],[-72.1586189144012,41.7516315216376],[-72.1587159147446,41.7515655214841],[-72.1588959143274,41.7514455214468],[-72.1589689151879,41.7511915212707],[-72.1590339143059,41.7508915212814],[-72.1591539145006,41.7507475210521],[-72.1593139151968,41.7506995209361],[-72.1599389152325,41.7505125205626],[-72.1600859153803,41.7504365205447],[-72.160508915189,41.7502165208887],[-72.160801915227,41.7501315209689],[-72.1610929153351,41.750107520457],[-72.1614539157359,41.75012352071],[-72.1614839150904,41.7501255212885],[-72.1621609161504,41.750118520607],[-72.1622149155877,41.7500535211576],[-72.1625549157778,41.7500425203743],[-72.1626029155319,41.7500405209933],[-72.1628769160672,41.7498735209359],[-72.163013915688,41.7498425211114],[-72.1634209164705,41.7497525211003],[-72.164035916286,41.7497795210573],[-72.1645179164395,41.7499085208947],[-72.164616916354,41.7499355203232],[-72.1648039165215,41.7499795202937],[-72.1648599162565,41.7500105205892],[-72.1649829160366,41.7500995206022],[-72.1653149164329,41.7503395209883],[-72.1655709162281,41.7506935209634],[-72.1658119167052,41.7517145205715],[-72.16607191715,41.7519705211161],[-72.1662919170891,41.7520685208189],[-72.1670819174246,41.7522565211595],[-72.1676439178874,41.7523345211474],[-72.1681239177071,41.7523285213471],[-72.1684849173775,41.7522395212348],[-72.1687669180375,41.7519905207877],[-72.1690029180825,41.7517235209509],[-72.1692129179504,41.7515095208814],[-72.1696229178833,41.7510845206594],[-72.1700609181702,41.7505525204786],[-72.170573918596,41.7493975205425],[-72.1708919181237,41.7489585201468],[-72.1712289179407,41.7486475205688],[-72.1716489187792,41.7484755200192],[-72.1718199182106,41.7485815201096],[-72.1721089183862,41.7487235200361],[-72.1724179190446,41.7489765203493],[-72.1730249194222,41.7494915202757],[-72.1732839191935,41.7501485202617],[-72.1734769198657,41.7502915206337],[-72.1736289191307,41.7504835204588],[-72.1736899195376,41.7505605208544],[-72.1738289196259,41.7507785204189],[-72.1739879194234,41.7510955203799],[-72.1741269199916,41.7511925209195],[-72.1743099190404,41.7512015203093],[-72.1744819199919,41.7511555210028],[-72.1746339195072,41.7510185208006],[-72.1746889192583,41.7508425205998],[-72.174689919632,41.7506245205903],[-72.1747239200996,41.7504635203442],[-72.1747249198947,41.7503175205743],[-72.1747579195879,41.7501645205498],[-72.1752459195908,41.7499055203948],[-72.1757099202972,41.7497735199456],[-72.1759559195086,41.7498655206917],[-72.176385920004,41.7499915200089],[-72.1764119202946,41.750182520569],[-72.1765459204235,41.7504125200879],[-72.1765609199701,41.7507275204162],[-72.1764049196773,41.7509355202885],[-72.1762439203089,41.7510845205652],[-72.1760869202956,41.7512285209197],[-72.176037920085,41.7514445210129],[-72.1763019206889,41.7516595205815],[-72.1764689206735,41.7517725202577],[-72.1769339205498,41.7519495210802],[-72.1779869207657,41.7526655207347],[-72.1783139212342,41.7530955210959],[-72.1783329206547,41.7533475208997],[-72.17814292085,41.7534895210294],[-72.1781169212085,41.7534985210722],[-72.1775939206792,41.753670521267],[-72.1774769207739,41.7538745210666],[-72.1774759208094,41.7541355209301],[-72.1776519205877,41.7544595209684],[-72.1776649203099,41.7545175208807],[-72.1777129211684,41.7547275207608],[-72.1776589214973,41.7549635208584],[-72.1776469205373,41.7552485213656],[-72.1778709214067,41.7553785214866],[-72.1783749215044,41.755438521463],[-72.1791499219421,41.7554675214064],[-72.1794159217595,41.7554775210253],[-72.1799839212496,41.7555375215555],[-72.1804129221517,41.7556045215899],[-72.181096922185,41.7558745212953],[-72.1811689225178,41.7559085213599],[-72.181404921819,41.7560235212606],[-72.1816199228551,41.7561275209381],[-72.1822749228931,41.7562195209909],[-72.1831979232999,41.756125521271],[-72.1836389223383,41.7560345212576],[-72.1842749229805,41.7558875207958],[-72.1844509229494,41.7558475209423],[-72.1847949237403,41.7557595210585],[-72.1851429232764,41.7556895210699],[-72.1861159235286,41.7556075214601],[-72.1864709240658,41.7555365207575],[-72.1869779236152,41.7554355210258],[-72.187656924645,41.7551895212953],[-72.1880269239157,41.7548135210098],[-72.1880979245285,41.7545435208101],[-72.1881499238216,41.7543465212109],[-72.188087923838,41.7541215204649],[-72.1879859237314,41.7537495208497],[-72.1875599242667,41.7533845202429],[-72.187436923475,41.7533215203113],[-72.1870809244048,41.7531395205257],[-72.1865579242709,41.7528785204116],[-72.1865109241753,41.7528415205681],[-72.1858869235245,41.7523585205555],[-72.1857309237969,41.7519225199749],[-72.1860479235107,41.7514635204572],[-72.1866549237108,41.7512195201365],[-72.1874409243491,41.7511435203912],[-72.187598923759,41.7511285205178],[-72.1883519244951,41.7510125203078],[-72.1889029240686,41.7507415197256],[-72.1892239242079,41.7504375203659],[-72.1892489244501,41.7504135199488],[-72.1893009245611,41.7503115199002],[-72.1894049247826,41.7501055199975],[-72.189397924182,41.7500885202447],[-72.1887719239705,41.7484225198839],[-72.1887719243223,41.7476345195845],[-72.1890479237346,41.7471215192614],[-72.1894189240681,41.7467125192891],[-72.1894359244908,41.7467015191735],[-72.1898949237993,41.7463805191681],[-72.1903289241975,41.7460775188166],[-72.1910429248662,41.7456575193665],[-72.1916499248241,41.7452835192112],[-72.1923329255926,41.7447665183659],[-72.1925819255672,41.7445765189208],[-72.1926669254689,41.7445105187992],[-72.1928759252305,41.7443525183907],[-72.1929159249729,41.7443065187022],[-72.1929869247343,41.744225518932],[-72.1934319253073,41.7437205185944],[-72.1937219259822,41.7433675188067],[-72.1938459256985,41.743217518083],[-72.1940999254657,41.7427205187855],[-72.1943119257931,41.74214351817],[-72.1945769259658,41.7415825180231],[-72.194786925186,41.7411665181958],[-72.1950069253611,41.7407325180434],[-72.1951469260305,41.74052251799],[-72.1954449259858,41.7400765181923],[-72.1956449263131,41.7396195177622],[-72.1957209253114,41.7387195171745],[-72.1956779259454,41.7379225175938],[-72.1956899255971,41.7370385167616],[-72.1954939256945,41.7364655172586],[-72.1954669255062,41.7364045166426],[-72.1953169256804,41.7360695173288],[-72.1951069258197,41.7357145172651],[-72.194831924837,41.7353425173113],[-72.1944399256918,41.7349535169025],[-72.1940029247502,41.7347805164867],[-72.1932699247803,41.734735517265],[-72.1929119250599,41.734727517005],[-72.19250592498,41.7345335170331],[-72.1920919239495,41.7340595164133],[-72.1917379241871,41.7336955164527],[-72.1915109237096,41.7333575163984],[-72.1915099243892,41.7333315167714],[-72.1914829241804,41.7333165163235],[-72.1912899239917,41.7330235164863],[-72.1909989234701,41.7325885165407],[-72.19097692355,41.7325055166898],[-72.1909039238595,41.7320945160759],[-72.1908959234132,41.7315895158743],[-72.1909619240691,41.7314035161073],[-72.1911159242506,41.7311725159224],[-72.1913289235248,41.7309475159718],[-72.1918119241611,41.7305915164378],[-72.1921049239781,41.7304215163442],[-72.1924429246487,41.7302955156931],[-72.1927949246906,41.7301745157477],[-72.1932339240839,41.7301095158921],[-72.1938129250186,41.730109516066],[-72.1940989245321,41.7301315160273],[-72.1943399250831,41.7301045160663],[-72.1944719247908,41.7300605156112],[-72.1949699250266,41.7299785159376],[-72.1951969254392,41.7299895156929],[-72.1955419247818,41.7300715160713],[-72.1960759255123,41.7302855163069],[-72.1962369256154,41.730367515961],[-72.1964599252149,41.7304295157052],[-72.1966949258825,41.7306065156597],[-72.1967669253089,41.730632516339],[-72.1968169260325,41.7306515154903],[-72.1970819260481,41.7308295156549],[-72.1971729258563,41.7309665156235],[-72.1972179253385,41.7310345161722],[-72.1972629259967,41.7311035161262],[-72.1974969263772,41.7314585159726],[-72.19757992546,41.7315825163427],[-72.1976589265538,41.7317005163002],[-72.1977129258078,41.7317835158944],[-72.197895926175,41.7318725162919],[-72.1981759260126,41.7318405159812],[-72.1983669259046,41.7317905158732],[-72.1985189268903,41.7317515162009],[-72.1987979264048,41.7316075162045],[-72.1988819260907,41.7315015163874],[-72.198917926721,41.7314545158205],[-72.1989649264764,41.731106515894],[-72.1989689260386,41.731076515525],[-72.1989929264591,41.7308525154869],[-72.1990059261991,41.7307755160975],[-72.199046926112,41.7305365159117],[-72.199087927024,41.7302965153849],[-72.1991259267963,41.730076515888],[-72.1991639262191,41.7298575157857],[-72.1991679262365,41.7298335155189],[-72.1991599264446,41.7296165160738],[-72.1991539259609,41.7296075160591],[-72.1990129266583,41.7294065158743],[-72.1989349258749,41.7293855156256],[-72.1988839261026,41.7293725154287],[-72.198573926406,41.7292735158481],[-72.1984459258204,41.7292445158845],[-72.1983599263533,41.7292245160343],[-72.1980929264995,41.7291255154911],[-72.1978799257795,41.7290275156089],[-72.1977419254794,41.7288895158949],[-72.1977339261203,41.7287205154182],[-72.1977469260309,41.7285595153861],[-72.197748925645,41.7285425159232],[-72.1977699256613,41.7284315152459],[-72.1978889259097,41.728311515296],[-72.1980089259653,41.7282315156891],[-72.1981269256324,41.7281845151379],[-72.1982269263426,41.7281805150501],[-72.1985319255764,41.7281725151258],[-72.1986349260369,41.728170515259],[-72.1989209263227,41.7281625153303],[-72.1999609261016,41.728135515761],[-72.2001229263908,41.7281355156082],[-72.2015409270231,41.7281255149936],[-72.201618927256,41.7281235151423],[-72.2019159267572,41.7281185151199],[-72.2026579270637,41.7281065149161],[-72.2040749278809,41.7280825153588],[-72.204169927984,41.7280805150049],[-72.2044549282258,41.7280755155935],[-72.20455092829,41.7280745154726],[-72.2051199286051,41.7280655150608],[-72.2056199287266,41.7280565148646],[-72.2057239287309,41.7280555155069],[-72.2058849287304,41.728052515091],[-72.206234928671,41.7280465150264],[-72.2062969286518,41.7280455152382],[-72.2095429291756,41.7280445150586],[-72.2096199302847,41.7280435153405],[-72.2163179322098,41.728042514928],[-72.2164439322761,41.7280435146875],[-72.2177689328318,41.7280525144031],[-72.2248519341737,41.7280735145638],[-72.2273429354669,41.7280815139861],[-72.228502935309,41.7280845141111],[-72.2325819375043,41.7281185144773],[-72.2345319381859,41.7281345145693],[-72.236248938027,41.7281495144139],[-72.2364199379277,41.7281495141719],[-72.2364489388694,41.7281515142702],[-72.2402939402149,41.7281835137766],[-72.2416499404059,41.7281955139338],[-72.2417599402036,41.7281845143662],[-72.2420919398777,41.7281545139873],[-72.2421089404985,41.7281535137948],[-72.2422029403444,41.7281555140999],[-72.242453940578,41.728160513802],[-72.2432089408563,41.72817651423],[-72.243460940619,41.7281825137469],[-72.2444679412741,41.7282045139043],[-72.2450919417314,41.7283055138412],[-72.2481209418406,41.7282095133931],[-72.2495239426788,41.7282065135785],[-72.2496739425889,41.7282065133187],[-72.2501259423,41.7282065137336],[-72.2502769434058,41.7282065134269],[-72.2503919433279,41.728206513665],[-72.2506419431574,41.7282065139436],[-72.2507409430899,41.7282065138969],[-72.2507729430691,41.7282065137364],[-72.2508569437127,41.7282075138167],[-72.2508889434863,41.7282055138914],[-72.2509979429101,41.7282065139886],[-72.2513249436054,41.7282095136724],[-72.2514339437515,41.7282115136766],[-72.2516749428742,41.7282105139146],[-72.2524009435591,41.7282105138065],[-72.2525039434868,41.728210513295],[-72.2526439433783,41.7282105137636],[-72.252797943682,41.7283965134126],[-72.2531019442192,41.7289165136434],[-72.2533639444014,41.7291175142081],[-72.253682944167,41.7294015137007],[-72.2540039440796,41.7295235138894],[-72.2542419442846,41.7295065142108],[-72.2543909439268,41.7294705137567],[-72.2546779447594,41.729412513581],[-72.2552569449051,41.7293495141357],[-72.2557269453797,41.7293385140804],[-72.2558239444426,41.7293445137875],[-72.2564709446429,41.7293845133025],[-72.2568229447835,41.7294255136693],[-72.257353945119,41.7295175139216],[-72.2575619453952,41.7295815137527],[-72.257814945615,41.7296215139766],[-72.2581499460535,41.7296445140082],[-72.2589919457599,41.7295865137333],[-72.2592459461485,41.7295635132253],[-72.2595169461045,41.7295815136279],[-72.2597019463321,41.7296275132634],[-72.259822945782,41.7297425136021],[-72.2599049461827,41.7298835138797],[-72.2601109468696,41.7304015139328],[-72.2603149464433,41.7308365140347],[-72.260555946966,41.7312815135967],[-72.260777946681,41.7316695140271],[-72.2610529470667,41.7321145143631],[-72.2613409463419,41.7324875140003],[-72.2613509463858,41.7327565139535],[-72.2611209465516,41.733051514538],[-72.2606879466309,41.7336755143487],[-72.2606789464126,41.7341475145537],[-72.2608579463827,41.734525514466],[-72.2611539462865,41.7349555148038],[-72.2614639464613,41.7353365150237],[-72.2616039473849,41.7356245147425],[-72.2615969466526,41.736031514569],[-72.2615909466829,41.7361085151055],[-72.2615659470027,41.7365015153295],[-72.2616069466186,41.7366985147365],[-72.2617229466616,41.7367655153339],[-72.2619499472846,41.7367955146653],[-72.2622319469894,41.7368105145048],[-72.262860948145,41.7368175146911],[-72.2630089470304,41.7369105149827],[-72.2630659478516,41.7370985146316],[-72.2629939477525,41.7372755146393],[-72.2628699480703,41.7374265146989],[-72.2627189479227,41.7376105153565],[-72.2625959475305,41.7379415153475],[-72.2625029476047,41.7383455153374],[-72.2625299479056,41.7384895151098],[-72.2625559477431,41.7386235156188],[-72.262754947835,41.738807515212],[-72.263094947831,41.7389775154848],[-72.2634559476388,41.7391655152924],[-72.2636379481128,41.7393645156458],[-72.2636069475168,41.7395675150264],[-72.2634799474852,41.7397595158345],[-72.2634379477126,41.7399865158844],[-72.2634409476949,41.7401735158254],[-72.2635359476367,41.7404765158608],[-72.2636219477944,41.7405255155894],[-72.2639069482321,41.7406885151903],[-72.2645789481214,41.7409645152603],[-72.2648219488669,41.7411335159962],[-72.2649579479676,41.7412665152736],[-72.2650789480336,41.7414645157403],[-72.264994948836,41.741657515487],[-72.2647689481868,41.7418635154422],[-72.2647099481641,41.741984515717],[-72.2647499489794,41.7421885161792],[-72.2649489491643,41.7426165157917],[-72.2652369492056,41.7429975159839],[-72.2657719494119,41.7436845158301],[-72.2659809494692,41.743884515966],[-72.2662599487692,41.7439645161496],[-72.2666059497852,41.7440055159343],[-72.2670069499068,41.7440235162759],[-72.2672009489407,41.7440525161036],[-72.2673939492559,41.7441055161941],[-72.2675379490022,41.7442965160785],[-72.2677049500125,41.7444545161188],[-72.2678539498567,41.7445155158592],[-72.2682219498104,41.7445395163811],[-72.2684039502922,41.7447475161376],[-72.2684319494714,41.7448455167147],[-72.2682339492007,41.7448985160607],[-72.2678969497945,41.74492251599],[-72.2677969497315,41.7449615163058],[-72.2675439497111,41.7450605167946],[-72.2674889500562,41.7453275165812],[-72.2675889497652,41.7455175165889],[-72.2678419493027,41.7457015166255],[-72.2682719503466,41.7458015160237],[-72.2686749500947,41.7457625164571],[-72.269229950561,41.7457345166889],[-72.2694679498023,41.7458415167431],[-72.2696509506308,41.7460455164595],[-72.2696879501172,41.7462175168148],[-72.2695729500704,41.7463695165182],[-72.2695259500014,41.7463875163801],[-72.2692569503651,41.7464895161346],[-72.2691529507538,41.746530516881],[-72.2686569504819,41.746713517052],[-72.2682199494158,41.7470285170179],[-72.2679419503956,41.7472395171721],[-72.2676589497704,41.7474535164849],[-72.2673039498506,41.747892516943],[-72.2669679499532,41.7482445166123],[-72.2667309490634,41.7485945169706],[-72.2665189494532,41.7489885172772],[-72.2664689495514,41.7490845176054],[-72.2659929487799,41.7499965171625],[-72.2659869493216,41.7500095176346],[-72.2659879492774,41.7500245174732],[-72.2659209495326,41.7501015177835],[-72.2657719491707,41.7503185171714],[-72.2656869488341,41.7506885172544],[-72.2657169489106,41.7510205172825],[-72.2657179494771,41.7510375177418],[-72.265863949186,41.7512615172548],[-72.2659089499565,41.7516695181021],[-72.2658669493044,41.7522845177673],[-72.2659549492967,41.7527635182561],[-72.2660059500141,41.7529375176621],[-72.266131950167,41.7533605177414],[-72.2664159491564,41.7538765179975],[-72.266448950012,41.7539375184642],[-72.2668729497532,41.7546185184357],[-72.2670959503838,41.754975518487],[-72.267450950127,41.7555975179798],[-72.2679049507808,41.7563895185882],[-72.2686709501919,41.7569885187841],[-72.2692549504401,41.757490519094],[-72.2697079505133,41.7581525183581],[-72.2701889511631,41.7588395191541],[-72.2702129508526,41.7588735186402],[-72.2705829508907,41.7593005191381],[-72.2708729517176,41.7597725188421],[-72.2709479521026,41.7602045189854],[-72.2709319518679,41.7603355189038],[-72.2708989510762,41.7606335193182],[-72.2706929520657,41.761104518921],[-72.2703949519584,41.7615275190668],[-72.2697919509558,41.7618385191436],[-72.2695279514367,41.761883519133],[-72.2692609507589,41.7619305192372],[-72.2689099511299,41.7621435193522],[-72.2688839511304,41.7622615191918],[-72.2688519508463,41.7624095194146],[-72.2688609515375,41.7625255195796],[-72.2688689514419,41.762626519973],[-72.2688719511739,41.7626675198389],[-72.2688779504862,41.7627285194327],[-72.2688929509272,41.7629095195043],[-72.268984951515,41.7630705201493],[-72.2690569508444,41.7631955199729],[-72.2692469508464,41.7635255195177],[-72.2692689510245,41.7635635201559],[-72.2693759516304,41.7637885197032],[-72.2694109512269,41.7638635200496],[-72.2695129517865,41.7640405199451],[-72.2696939508451,41.7641665195783],[-72.2699459509973,41.7642425198386],[-72.2700269514602,41.7642425199809],[-72.2702409521897,41.7642435195758],[-72.2704079512255,41.7642245199361],[-72.2704909511319,41.7642145195977],[-72.2707209518765,41.7640925201117],[-72.2708979521003,41.7641315196262],[-72.2710549521598,41.7642865199999],[-72.271053951908,41.764419519639],[-72.2710529516729,41.7645075199094],[-72.2709249516446,41.7647835197084],[-72.2707669512295,41.7650235197316],[-72.2707349520865,41.7653245203455],[-72.2708259523962,41.7657335199402],[-72.2711179520002,41.7661825203294],[-72.2716789523199,41.7664975199396],[-72.2717739520307,41.7665645198937],[-72.2721909523818,41.7668585206649],[-72.2724109526615,41.7671665204205],[-72.2720239521104,41.7678655201557],[-72.2720509519907,41.7681575202663],[-72.2721339522512,41.7683915202333],[-72.2721829526624,41.7686945210703],[-72.2721239525081,41.769007520802],[-72.2719339518481,41.7694445208767],[-72.2718269521909,41.7697675209212],[-72.2717929525293,41.7702085207066],[-72.2718209518828,41.7706505209943],[-72.271982952031,41.7712125212109],[-72.2722059525218,41.7714495216983],[-72.2722689528763,41.7714895209153],[-72.2726679534161,41.7717395216235],[-72.273395953677,41.7725005216225],[-72.2738629532063,41.7728375218411],[-72.2746789541579,41.7733565220051],[-72.2751889537539,41.7737875215341],[-72.2752799542609,41.7741485218461],[-72.2753219542985,41.7743135213243],[-72.2752099536895,41.775135521553],[-72.2752139541738,41.7752135220342],[-72.275230953534,41.7755435217941],[-72.2753629542513,41.7761045223783],[-72.2756649540544,41.7766575220684],[-72.2761089541865,41.777179521873],[-72.2768089547155,41.7775305219885],[-72.2770639547958,41.7776585225252],[-72.2773189546825,41.7777865224896],[-72.2788349546932,41.778553522165],[-72.2795899550391,41.7789355220094],[-72.2802219556285,41.77922952284],[-72.2805539554683,41.7794695223264],[-72.2805589553167,41.779481522869],[-72.2806679564824,41.779716522846],[-72.2805429564127,41.7800855229498],[-72.2804279553778,41.7805195228323],[-72.2802289558528,41.7812865233234],[-72.2802299553327,41.7813945230121],[-72.280231956357,41.7815655232409],[-72.2803929565301,41.7821745234008],[-72.2804349557356,41.782504523454],[-72.2805099559861,41.7830835227955],[-72.2805449566534,41.7840835237295],[-72.2805919555819,41.784189523396],[-72.2806479556833,41.7843145230255],[-72.2806869560013,41.7844005237353],[-72.2808829568211,41.7846515232646],[-72.2809679560531,41.7847605231968],[-72.2830979572138,41.7867905234595],[-72.2831349569055,41.7868255242042],[-72.2852279582924,41.7888215245648],[-72.2862289578933,41.7897765241302],[-72.2874019584533,41.7909995248775],[-72.2894799594183,41.7931665249369],[-72.2901829593321,41.7938995248649],[-72.2915579598134,41.7953335254674],[-72.2917929598526,41.7952785253089],[-72.2922459611207,41.7950875248507],[-72.2927159611283,41.794975525168],[-72.2932359604563,41.794980524726],[-72.2933369610913,41.7949815247403],[-72.2941389613124,41.7951105248946],[-72.2946999612563,41.7951995254767],[-72.2952149619008,41.7952745252867],[-72.2957109618847,41.7950375247052],[-72.2959919617764,41.795021524882],[-72.296214962071,41.7951195247763],[-72.2962319624294,41.795189525024],[-72.2963039615828,41.7954775251491],[-72.2964369620691,41.7957525250763],[-72.296892961719,41.7960035250732],[-72.2977639621035,41.7963505255641],[-72.2984199630893,41.7966125251992],[-72.2993699626978,41.7970135250333],[-72.2994679626208,41.7970545252085],[-72.2996459635983,41.797129525069],[-72.2997699632548,41.7971495256258],[-72.2998159636479,41.7971575254641],[-72.2998759630278,41.7971645255352],[-72.2999339627928,41.7971765255644],[-72.3000879633447,41.7972015253359],[-72.3005989635811,41.797128525347],[-72.3012069640125,41.7969415251468],[-72.3014779631247,41.7968935248378],[-72.3018509634159,41.7969025252048],[-72.3022319633538,41.7969425249458],[-72.3024759645942,41.7970485253087],[-72.3024749636956,41.7973275256539],[-72.3026769641059,41.7974415254244],[-72.3027179645518,41.7974655256749],[-72.3030289642447,41.7974495249595],[-72.3035419649057,41.7973145247704],[-72.3039779645219,41.7970295253808],[-72.3046879648371,41.7962715247616],[-72.3049639647822,41.7958835249524],[-72.3053089650952,41.7955575249503],[-72.3054469645345,41.7954685248507],[-72.3056769644002,41.795419524928],[-72.3057169650613,41.7954165248885],[-72.3059259647377,41.7954025251638],[-72.3062819654625,41.7955655247887],[-72.3067969653396,41.7958715250409],[-72.3074199655984,41.7960725250209],[-72.3081229660889,41.7960965251142],[-72.3085219657424,41.7961855244594],[-72.3090159661638,41.7962955250211],[-72.3095669664492,41.7965375251032],[-72.3099099662571,41.7966885251285],[-72.3110309665826,41.7972215250729],[-72.3114689664028,41.7974305249853],[-72.3119169672982,41.7976115249784],[-72.3122559672237,41.797913524836],[-72.3125819677951,41.7981455248988],[-72.3128289672123,41.7983225247687],[-72.3129179679732,41.798680525183],[-72.312855967593,41.7991595253631],[-72.3127049673451,41.7992885255957],[-72.3126309675008,41.7993505256306],[-72.3125989680351,41.7993785252288],[-72.3123699671406,41.7994715250645],[-72.3122739679495,41.7994775249328],[-72.3119939675043,41.7994885253182],[-72.311568966978,41.7994785257413],[-72.3113809671379,41.7995355255088],[-72.3111819674821,41.7995855252267],[-72.3109949668018,41.7996955257783],[-72.3109689671339,41.7997125255844],[-72.3105759667102,41.7999665255447],[-72.3102249664861,41.8001745256028],[-72.3097659670717,41.8006295260382],[-72.3095929664528,41.8010595260703],[-72.3094479670146,41.8015595253836],[-72.3095169665581,41.8021265259758],[-72.3097879669761,41.8025825256734],[-72.3100459671302,41.8027895261903],[-72.3102239671376,41.802933526207],[-72.31119496679,41.8032355260725],[-72.3112679675025,41.8032645256307],[-72.3126409680485,41.8038195258177],[-72.3137169677059,41.8043245266014],[-72.3149109679787,41.8049395259049],[-72.3150859682278,41.8050305265615],[-72.3157909682862,41.8052565264625],[-72.3159509690764,41.8053915264086],[-72.3160319691349,41.8055645267464],[-72.3159919687797,41.8057835261192],[-72.3159379685098,41.8060815265966],[-72.3159249693684,41.8066465269986],[-72.3160489692911,41.8075095269741],[-72.3161009689556,41.8077505272088],[-72.3163769688475,41.80783452681],[-72.3166499694938,41.8079885268514],[-72.316722969314,41.8082305266196],[-72.3166209689595,41.8084335264707],[-72.3165759695991,41.8085215264775],[-72.3157149692838,41.8088185266094],[-72.3155119695079,41.8089695266184],[-72.3153219694463,41.8092975269475],[-72.3151319691245,41.8100065274148],[-72.3149869692259,41.8110025276524],[-72.3149209695098,41.8118295273343],[-72.3148839689032,41.812588528018],[-72.3150149693859,41.8131725278884],[-72.3155179693738,41.8135255276864],[-72.3164979691667,41.8142615280335],[-72.3165519699631,41.8143015280301],[-72.3166789697477,41.8145055281123],[-72.3166819695495,41.8147925282198],[-72.3167829699907,41.8161045281068],[-72.3167819692684,41.8163675286327]]]},"properties":{"OBJECTID":18,"TOWN_NO":78,"TOWN":"Mansfield","GRACE_PERIOD":"No"}},{"type":"Feature","id":19,"geometry":{"type":"Polygon","coordinates":[[[-72.4073090069947,41.9422995495535],[-72.4072410064773,41.9441745501909],[-72.4072190075699,41.9448005502898],[-72.4071240071378,41.9472745500808],[-72.4070020075658,41.9504885514152],[-72.4069260078124,41.9524045517379],[-72.4068380074973,41.9546975515456],[-72.4068030076308,41.9556315517768],[-72.4067470071725,41.9571725522238],[-72.4068090075023,41.9571815527849],[-72.4069960073199,41.9572085527261],[-72.4070590071513,41.9572185527587],[-72.4069990076415,41.9577405527137],[-72.4068560073962,41.9589905526251],[-72.406819008321,41.9593085523997],[-72.4067710081047,41.9597285526028],[-72.4067600080064,41.9598315524162],[-72.406692008041,41.9603645532915],[-72.4066420080775,41.9607615534594],[-72.4064930078323,41.9619675529828],[-72.4064240077268,41.9625015533444],[-72.4062920075401,41.9636275532307],[-72.4060260083525,41.9658165535865],[-72.4056860082432,41.9686285548793],[-72.4048250079818,41.9757615561325],[-72.4044250086897,41.9790775564106],[-72.4044910079244,41.9798095564132],[-72.4039230086097,41.9843625578236],[-72.4038760082856,41.9848165575475],[-72.4038430081154,41.9851225576291],[-72.4036020088448,41.9874035583194],[-72.4035230078805,41.9881645586289],[-72.4035070082904,41.9883525587805],[-72.4031230087636,41.9914075590523],[-72.4026530090627,41.9951645599315],[-72.4025670082553,41.9956565594117],[-72.4020320081881,42.0001065606256],[-72.4018660091252,42.0011305609786],[-72.4016210082901,42.0026555609372],[-72.4013490081475,42.0043575616761],[-72.4012100089583,42.0054105621885],[-72.4007950085575,42.0085735622239],[-72.4006570082589,42.0096275621508],[-72.4004930092648,42.0108885630138],[-72.4003470090751,42.0120165627279],[-72.4000530088747,42.0146795634862],[-72.3999140084529,42.0159445641399],[-72.3998730090608,42.0162405634424],[-72.3997510094496,42.0171325641272],[-72.3997110088,42.0174295638087],[-72.3995240090847,42.0189065640033],[-72.3989650092144,42.0233405654364],[-72.3987790093775,42.0248185658632],[-72.3986300094045,42.0257555659874],[-72.3985240086474,42.0264255659637],[-72.398183009348,42.0285695660487],[-72.3980340095001,42.0295075663406],[-72.3979130086527,42.030224566822],[-72.3975520089597,42.032377566784],[-72.3974350090504,42.033077567314],[-72.3930890072794,42.032987566949],[-72.3919080074021,42.0329625676219],[-72.3918190076735,42.03296056767],[-72.3892500063469,42.0329345675654],[-72.3859610051186,42.0329005678557],[-72.3702330006297,42.0327385681371],[-72.3677419995319,42.0327255684832],[-72.367718999677,42.0327255682523],[-72.3670709996685,42.0327165681017],[-72.3669919997332,42.0327135683908],[-72.366527999592,42.0327005680851],[-72.3655929993361,42.0326905683743],[-72.3550369949829,42.0325805684941],[-72.3537059945681,42.0325665686639],[-72.3388499901122,42.0321695692751],[-72.33880999036,42.0321685693986],[-72.3372769889982,42.0321565693078],[-72.3355809884772,42.0321435692226],[-72.3337109880853,42.0321545695343],[-72.3297629867631,42.0320985696506],[-72.3248169858349,42.0320585696874],[-72.3218219849126,42.0320355694229],[-72.3212669842589,42.032030569344],[-72.3171059824348,42.0319985692179],[-72.308534979919,42.0319295696666],[-72.3056309794131,42.0319065695753],[-72.2999279776609,42.0318605697995],[-72.2915619749768,42.0317945706702],[-72.2884359730304,42.0317695708864],[-72.2874359733345,42.0317615707774],[-72.2798149711707,42.0316975711432],[-72.2789339704555,42.0316925705022],[-72.2716989677434,42.0316325708945],[-72.2706579679727,42.0316235707831],[-72.269859966927,42.0316175713732],[-72.262116964843,42.0315605714142],[-72.2489649604936,42.0314595719207],[-72.2488139604148,42.0314585715557],[-72.2472279604672,42.031442571764],[-72.2412929579704,42.031382572275],[-72.2409819575098,42.0313815723805],[-72.2397859580657,42.031370572487],[-72.2394769575573,42.0313675723926],[-72.2322689551382,42.0313105724573],[-72.2285829539252,42.0312825726483],[-72.2283069539652,42.0312805726193],[-72.2268869529811,42.031269572712],[-72.226779953651,42.0312675727314],[-72.2125789485438,42.0311225730069],[-72.2124019491034,42.0311215729968],[-72.2108899476525,42.031112572881],[-72.2050819465928,42.0310775731093],[-72.2070699469012,42.0248125718379],[-72.2071599467988,42.0245255717942],[-72.2099949468064,42.0155945702695],[-72.2129529470959,42.0063365679214],[-72.2130949472211,42.0058925685911],[-72.2133869474276,42.0049785675932],[-72.2134179472512,42.0048765676267],[-72.2148949482658,42.0001035668394],[-72.2152009475334,41.999367567067],[-72.2156169475963,41.9983715665138],[-72.2164209478332,41.9964265660357],[-72.2170749485862,41.9949975663106],[-72.2185679488118,41.9917385653868],[-72.220760949339,41.987261563971],[-72.2217449485409,41.9850105635773],[-72.2225619492248,41.9831445631367],[-72.2232389490942,41.9817855632256],[-72.2232839493776,41.9816745629157],[-72.2233239489599,41.9815715634422],[-72.2234479493838,41.9812625633096],[-72.2234939499157,41.9811625629874],[-72.2244489493415,41.9791285629451],[-72.224768949658,41.9784485629164],[-72.224786949006,41.9784105621343],[-72.2257419503507,41.9763775620251],[-72.2270239499636,41.9736125618488],[-72.228541950868,41.9703465605377],[-72.2285659508,41.970293560729],[-72.2295669500396,41.9681185603851],[-72.2298229500513,41.967571560596],[-72.2303959501882,41.9664465603307],[-72.232113951524,41.9630725590249],[-72.2326879516631,41.9619485590558],[-72.2330179508177,41.9612965591017],[-72.234008951271,41.9593425588775],[-72.2343399518532,41.9586915585747],[-72.2344509515915,41.958471558342],[-72.2347869516521,41.9578105583323],[-72.2348989511553,41.9575915578277],[-72.2351179513914,41.9576555580384],[-72.2357849514371,41.9578495578756],[-72.2358569519795,41.9578825583692],[-72.2360379525163,41.9579665579212],[-72.2367939519062,41.9583005586465],[-72.2367129518618,41.9572925580773],[-72.2366829524805,41.9568915576068],[-72.2366689521915,41.9567245581888],[-72.236627952173,41.9562245582638],[-72.2366149525747,41.9560585580958],[-72.2366429517824,41.9560095580874],[-72.2367189524518,41.9557535576966],[-72.2367409520753,41.9556525573676],[-72.236742951721,41.9553715573377],[-72.2367709520908,41.9547525571824],[-72.2367809521345,41.9542785574885],[-72.2367569518113,41.9536665570589],[-72.2367559514576,41.9535985576894],[-72.2367419515895,41.9526365575194],[-72.2367329515755,41.9519805570577],[-72.2367269518046,41.9511815572929],[-72.2367289517212,41.9508565572659],[-72.2367349517151,41.9506275564414],[-72.2367329520641,41.9503145570214],[-72.2367389512708,41.9500865564136],[-72.2367579516507,41.9497095570378],[-72.2367639516806,41.9494835569069],[-72.236750951536,41.9491405566884],[-72.2367499514031,41.9489685565144],[-72.2367599519387,41.9487825564809],[-72.2367789518075,41.9485965567238],[-72.2367679520299,41.9483765565174],[-72.2367609513991,41.9480595561871],[-72.2367649519214,41.9478315564657],[-72.236781951333,41.9476145559843],[-72.2368289517257,41.9471805558954],[-72.2368429516719,41.9469145564083],[-72.2368509512051,41.9466475561479],[-72.2368549514211,41.9461945557385],[-72.2368539514872,41.9461595557542],[-72.2368519515831,41.9458345555109],[-72.2368389510704,41.9454605558984],[-72.2368229512706,41.9453115562124],[-72.2367939517289,41.9451635558577],[-72.2367599518306,41.9450615560381],[-72.2367149510265,41.944961555656],[-72.2366559519649,41.9448125560977],[-72.2366099512629,41.9447015555825],[-72.2365849514663,41.9446135560289],[-72.2365849509424,41.9445575559141],[-72.236594950853,41.9444455559275],[-72.2365809518769,41.9443775554279],[-72.2365309512382,41.9442435554655],[-72.2364879510395,41.9441665554023],[-72.2364159511536,41.9440535559565],[-72.2363549511893,41.9439335557434],[-72.2363429512241,41.943891555515],[-72.2363269511427,41.9437815558995],[-72.2363649513355,41.9433915557883],[-72.2363719507584,41.9433165556736],[-72.236376951163,41.9432625557399],[-72.236382950797,41.9432075554782],[-72.236475950766,41.9422405548451],[-72.2367059507715,41.9398715551213],[-72.2380609517107,41.9398765546254],[-72.2389659524486,41.9398795548547],[-72.2405139523328,41.9398865543925],[-72.2414699523236,41.9398885549016],[-72.2420509531797,41.9398905543956],[-72.2441939537664,41.9398945541559],[-72.2443379535031,41.9398945540687],[-72.2452949537636,41.9398975546217],[-72.2479849546299,41.9399565543244],[-72.24952295478,41.9399915539065],[-72.2560559576178,41.9401205544999],[-72.2587469579656,41.9401745536405],[-72.2590939582732,41.9401835544941],[-72.260137958884,41.94021355438],[-72.2604859585357,41.9402245540054],[-72.2621449595845,41.9402365539398],[-72.2648409605641,41.9402585537935],[-72.2671229609103,41.9402745534752],[-72.2687829620001,41.9402875536116],[-72.2694279619929,41.9402945533806],[-72.2702269625883,41.9403025535789],[-72.2745599636269,41.9403475539091],[-72.2760049636277,41.9403625534052],[-72.2764209638149,41.9403675533459],[-72.2776689644404,41.9403855530714],[-72.2780859644491,41.940391553165],[-72.2786119653712,41.9404035534472],[-72.2787139651466,41.940406553664],[-72.2788479652613,41.9404085532605],[-72.2789259646931,41.9404095532049],[-72.2805999650212,41.9404405534818],[-72.2853639667528,41.9405325535924],[-72.288142967737,41.940588553254],[-72.2906579686899,41.940639552913],[-72.2927239697181,41.9406505529746],[-72.2989219711313,41.9406855529502],[-72.299263971585,41.9406875525012],[-72.3009879724839,41.9407435525754],[-72.3020409721722,41.9407375529742],[-72.3051999736315,41.9407205527782],[-72.3061549737949,41.9407165528387],[-72.3062539735288,41.9407155522613],[-72.3062679737562,41.9407155528193],[-72.3063139743446,41.940715552711],[-72.3063289733993,41.940716552845],[-72.306392974267,41.940703552656],[-72.3064329735776,41.9406945524039],[-72.3067449744006,41.9406305528339],[-72.3068499743318,41.9406095525021],[-72.3107289752336,41.940707552873],[-72.3143729770848,41.9408005522977],[-72.3223679788256,41.9410035522428],[-72.3231529788431,41.9410235524782],[-72.3262479809705,41.9411015518841],[-72.3273509801891,41.9411015515928],[-72.3306609821885,41.9411035521182],[-72.3317649828043,41.9411045514571],[-72.3322899823744,41.941100552125],[-72.3338649830302,41.9410885515526],[-72.3343909827495,41.9410855519432],[-72.3343519831555,41.9411005516531],[-72.3343429826927,41.9411145516987],[-72.3348279829014,41.9411345518488],[-72.3362829841073,41.9411975516656],[-72.3367689835843,41.9412185520047],[-72.3388329842487,41.9412545518898],[-72.3448319861937,41.941360551383],[-72.3450249863536,41.9413635514791],[-72.3470889872365,41.9414035509649],[-72.3510289888269,41.9414415516121],[-72.3535779894934,41.9414665511624],[-72.3628509924959,41.9414965507746],[-72.3667919935774,41.9415095510907],[-72.367553994175,41.9415585503983],[-72.3683469947144,41.9416095510818],[-72.3691209938085,41.9416585508178],[-72.3698419949923,41.9417065502199],[-72.3706049954153,41.9417585505686],[-72.3708369949106,41.9417685507806],[-72.3715329955132,41.9418015502884],[-72.3717649954616,41.9418125506934],[-72.3720119956596,41.9417885502883],[-72.3727529953049,41.9417175506635],[-72.3730009958316,41.9416945507618],[-72.3735389960314,41.9417155507084],[-72.3736679962126,41.9417215503914],[-72.3743349959198,41.9417485506745],[-72.3750139962176,41.9417765502323],[-72.3751539965766,41.9417815503335],[-72.3756929968525,41.9418035500553],[-72.3758689964268,41.9418015505056],[-72.3763999970262,41.9417975505408],[-72.3765769964838,41.941796550693],[-72.3768439970687,41.9418125506569],[-72.3777169966188,41.941866550385],[-72.3783649979172,41.9418345505087],[-72.3803089978312,41.9417385507173],[-72.3809579976748,41.9417075505754],[-72.3830699988143,41.9417065497982],[-72.3894080012007,41.9417065500924],[-72.3915210014602,41.9417065497203],[-72.3931270026137,41.9416835498934],[-72.3962170036902,41.9416395494933],[-72.3979470032901,41.9416135494927],[-72.3995540038502,41.9415905499686],[-72.4001610046356,41.9415715493935],[-72.4019830056844,41.9415165491834],[-72.4025910047478,41.9414995492742],[-72.4035640053641,41.9414785497982],[-72.4058680063774,41.9414315492989],[-72.4064840068623,41.9414195494853],[-72.4072270069046,41.9414055493523],[-72.4072850065595,41.9416295494126],[-72.4072870063469,41.9416385494843],[-72.4072930066592,41.9416685495525],[-72.4072960068499,41.9416785492353],[-72.4073270073563,41.9418055494684],[-72.4073090069947,41.9422995495535]]]},"properties":{"OBJECTID":19,"TOWN_NO":134,"TOWN":"Stafford","GRACE_PERIOD":"No"}},{"type":"Feature","id":20,"geometry":{"type":"Polygon","coordinates":[[[-71.8579178101733,41.644235510779],[-71.8577968105501,41.6449795107352],[-71.857434810584,41.6472115107144],[-71.8573148100685,41.6479565115966],[-71.8570608100219,41.6495305118322],[-71.8562988107849,41.6542515125705],[-71.8560458100908,41.6558265124839],[-71.8560338106667,41.6558945129049],[-71.8559978104487,41.6560975128713],[-71.8559868104723,41.6561665124039],[-71.8557058101446,41.657200513027],[-71.8550878098597,41.6612265140744],[-71.8538268109428,41.6694535150081],[-71.8527488106806,41.676481516612],[-71.8519698109548,41.6815675181583],[-71.8517388101026,41.6830075179447],[-71.8510458106913,41.6873275185934],[-71.8508148107307,41.6887675195273],[-71.8505618103887,41.6904035198005],[-71.8505598106179,41.6904155193486],[-71.8497948103825,41.6953595205132],[-71.8495408112182,41.6970085206377],[-71.8483578110362,41.7046725221338],[-71.8464978106934,41.7167285243891],[-71.8462308114756,41.7185925249079],[-71.846198811223,41.7188085248708],[-71.8461038104531,41.7194595254534],[-71.846088810403,41.7195635250619],[-71.8460808108984,41.7196205249812],[-71.8460728109132,41.71967652544],[-71.8460628106681,41.7197525254448],[-71.846051811236,41.7198275253638],[-71.8459008106326,41.7208915254231],[-71.8453848107883,41.7245395267586],[-71.8452138115316,41.7257555264511],[-71.8451968108867,41.7258485269284],[-71.8451498112406,41.7261305265812],[-71.8451348108655,41.7262245268817],[-71.8449498105026,41.7274405266909],[-71.8443958115226,41.7310925273713],[-71.8442118114991,41.7323095276335],[-71.8437408105605,41.735361528637],[-71.8423308114455,41.7445185302616],[-71.841861811712,41.7475715313379],[-71.8418078107972,41.7480345312464],[-71.8416498108779,41.7494235314461],[-71.8416268110938,41.7496335309381],[-71.8415328108512,41.7498705310182],[-71.8413208117114,41.7502055310758],[-71.8413078116595,41.7502275318297],[-71.841169811734,41.7513835312812],[-71.8411238111409,41.7517785319673],[-71.8407738116524,41.7542415318498],[-71.8397278116059,41.7616305338023],[-71.8393788110967,41.7640945344264],[-71.839335810913,41.7643725345119],[-71.8392108112929,41.7652085344268],[-71.839169811229,41.7654875343086],[-71.8390758117889,41.7661575347348],[-71.8387978114596,41.7681705351697],[-71.8387058119598,41.7688415348408],[-71.8374618107971,41.7689905351847],[-71.8342918100055,41.7693715353052],[-71.8337298096267,41.7694395350568],[-71.8324868099732,41.7695905356046],[-71.8322058091548,41.7696195355591],[-71.8313648093608,41.7697085353537],[-71.8310848086165,41.7697395358353],[-71.829333808907,41.7699385353872],[-71.8292718089574,41.7699465352194],[-71.8240808070646,41.7705395358637],[-71.8223308056026,41.7707405363339],[-71.8193458047849,41.7711215361319],[-71.8167628039489,41.7714525366484],[-71.810388801843,41.7722285366761],[-71.8074028009659,41.7725935372495],[-71.8070368017938,41.7726325372873],[-71.8059408014751,41.7727515366839],[-71.8055758008483,41.7727925373644],[-71.8041468004757,41.7729705371897],[-71.7998587991835,41.7735045369825],[-71.7984307980518,41.7736835369758],[-71.7980837986663,41.773722537481],[-71.7970457983756,41.7738415374952],[-71.7966997973964,41.773882537391],[-71.7965817975832,41.7738955370819],[-71.7964967981294,41.7739055371858],[-71.79629479825,41.7739285376786],[-71.7962307973681,41.773935537154],[-71.7962047973598,41.7739385376636],[-71.7961137980989,41.7739485374321],[-71.7951417972176,41.7740585376818],[-71.7922257961273,41.7743905379033],[-71.7914787957299,41.7744765378858],[-71.7912547959642,41.7745055380831],[-71.7910667963131,41.7702105368311],[-71.7910667964949,41.7701885372176],[-71.7906477946081,41.753874533642],[-71.7906337948021,41.7533385340353],[-71.7905547943629,41.7501255333733],[-71.7903277948764,41.7478915324371],[-71.7903237940379,41.7478005324603],[-71.7903147949651,41.7475605323439],[-71.7901957941096,41.7444175324126],[-71.7901037941394,41.7429435314148],[-71.7900897934181,41.7409995315122],[-71.7900907939668,41.7409425311334],[-71.7900947937038,41.7406405310022],[-71.7900717937045,41.7401685307341],[-71.7900557938211,41.7397925312111],[-71.7900167941419,41.7388845313262],[-71.7899027937287,41.7357225303242],[-71.7898717935716,41.7347475305465],[-71.7898617932586,41.7344365299704],[-71.7897687931361,41.7315645291588],[-71.7897297931953,41.7274715285791],[-71.7897117933194,41.7272625283169],[-71.789709792697,41.7267005282576],[-71.7897047924853,41.7252065280114],[-71.7897047929962,41.7250885285403],[-71.7897037931826,41.7245715285046],[-71.789675792847,41.7237685277881],[-71.7895927922566,41.7213625277803],[-71.7895657929877,41.7205605270113],[-71.7895637922812,41.7205045269443],[-71.7895577929487,41.7203385274878],[-71.7895347930525,41.7196755274569],[-71.7895277927285,41.7194545275686],[-71.789476792213,41.7179505270006],[-71.7893237919679,41.7134405262584],[-71.7892747914231,41.711995525617],[-71.789272792067,41.7119375256121],[-71.7892447918802,41.7111455254784],[-71.7891637918238,41.7087705251985],[-71.7891367912396,41.707979525035],[-71.789128792,41.7077285250159],[-71.7890637913194,41.7076295251936],[-71.7890707916273,41.7075615253306],[-71.7890787921337,41.7074895251339],[-71.7891177914353,41.7074085251424],[-71.7890697911157,41.7059725249769],[-71.7890327914035,41.7049275243195],[-71.7889237914496,41.7017925238901],[-71.7888877912799,41.7007475232868],[-71.78880479153,41.6983445232804],[-71.7887187907533,41.6957025230887],[-71.7887157910524,41.6956065230111],[-71.7887147904901,41.6955695226364],[-71.7886927906703,41.6949515227839],[-71.7886857903203,41.6947435227496],[-71.7886637905192,41.6941015220198],[-71.7885987907751,41.6921755221654],[-71.7885797900221,41.69160052219],[-71.788577790548,41.6915345216389],[-71.7885757901255,41.691487521799],[-71.7885407902318,41.6904725218116],[-71.7884327907642,41.6872875208913],[-71.7883977899969,41.6862265208207],[-71.7883817898012,41.68577652029],[-71.7883467903336,41.6847135209054],[-71.7883367897313,41.6844295202403],[-71.7883217905243,41.6839805201342],[-71.7882257899264,41.6811495200697],[-71.7879387887194,41.6726555182323],[-71.7878437890185,41.6698255175058],[-71.7878427891854,41.669802517653],[-71.7878107895989,41.6691305174206],[-71.7877127889871,41.6670475174256],[-71.7876827893422,41.6663885167049],[-71.7876817890414,41.6663695174295],[-71.7876807886379,41.6663535165776],[-71.7876437889774,41.665523516448],[-71.7875347889378,41.6630335164429],[-71.787498788013,41.6622045162592],[-71.7874447887985,41.6609775155993],[-71.7874307889633,41.6606585162678],[-71.7872887877667,41.6572985154779],[-71.7872397877027,41.6561195147371],[-71.7872477878124,41.6560735146977],[-71.7873077880834,41.6537035142744],[-71.7874887876505,41.6465935133847],[-71.7875417872149,41.6445265126662],[-71.7875497877802,41.6442245124969],[-71.787561787809,41.6437095124989],[-71.7876017879354,41.6421665121397],[-71.7876147878273,41.6416525125528],[-71.787621787394,41.6413785117947],[-71.7876387875968,41.6407185124805],[-71.7876427868993,41.6405565121354],[-71.7876497874162,41.6402825122236],[-71.7876517875432,41.6402275115935],[-71.7876517878558,41.6402105123265],[-71.7876567867497,41.6399975116993],[-71.7876587867246,41.6399265121749],[-71.7878047878504,41.6399315118717],[-71.7882457877097,41.6399485122199],[-71.7883237876789,41.639952512159],[-71.7883747880709,41.6399545118944],[-71.7883907869767,41.6399555116736],[-71.7885067872386,41.6399625120052],[-71.7888547873285,41.6399855121528],[-71.7889727878259,41.6399945114571],[-71.7891097877515,41.6400025120779],[-71.7895237873555,41.6400295121031],[-71.7896627879814,41.6400385120198],[-71.7903037882564,41.6400805118434],[-71.7922277892868,41.6402085115522],[-71.7928697886078,41.6402515120578],[-71.7934037892631,41.6402865122344],[-71.7935767891523,41.6402965119108],[-71.7957007895572,41.6404365121254],[-71.7963207895747,41.6404795118955],[-71.7964017899651,41.6404845117663],[-71.7985457903833,41.640623512052],[-71.8049577932157,41.6410435116614],[-71.8050117931826,41.6410465118985],[-71.8067967941101,41.641164511149],[-71.8070967937588,41.6411915111523],[-71.8071557937852,41.6412005112591],[-71.8087247942441,41.6413025116956],[-71.8125037955594,41.6415495111372],[-71.8134377963462,41.6416105115082],[-71.8143027957613,41.6416675113773],[-71.8150087959468,41.6417145116246],[-71.8154687960465,41.6417425110301],[-71.8168487974055,41.6418345111322],[-71.8173057969701,41.6418665110025],[-71.8174377971144,41.6418745112209],[-71.8178767967858,41.6418705116171],[-71.8195807983648,41.641856511259],[-71.8200897984756,41.6418525112407],[-71.8201437973782,41.6418565110434],[-71.8255188002706,41.6422375110937],[-71.841632804934,41.6433835104745],[-71.8469928067593,41.643765510448],[-71.84700580711,41.6437655106079],[-71.8470338062243,41.6437675111257],[-71.8482778068979,41.6438215105928],[-71.8520938082199,41.6439865106096],[-71.8533678086371,41.6440425104344],[-71.8536818087525,41.644055510619],[-71.8546268089786,41.6440975106539],[-71.8549418089093,41.6441115101401],[-71.8551208094068,41.6441205102991],[-71.8553958095504,41.6441345102515],[-71.8556618097222,41.644145510594],[-71.8558418097289,41.6441535107165],[-71.8561708098378,41.6441625101011],[-71.8571578102693,41.6441985104578],[-71.8574818098964,41.6442095104006],[-71.8575738099244,41.64421251024],[-71.8577108097472,41.6442175108533],[-71.8578318101477,41.6442275108062],[-71.8579178101733,41.644235510779]]]},"properties":{"OBJECTID":20,"TOWN_NO":136,"TOWN":"Sterling","GRACE_PERIOD":"No"}},{"type":"Feature","id":21,"geometry":{"type":"Polygon","coordinates":[[[-73.3592173204924,42.0089645293105],[-73.3591593201314,42.00988152989],[-73.3586963203949,42.0108755293406],[-73.3586153198599,42.0111225293958],[-73.3582333199779,42.0121765298782],[-73.358115320216,42.0125335300863],[-73.357755319946,42.0129775300107],[-73.3572703201231,42.0133675305732],[-73.3566153200684,42.0138235305002],[-73.3559383191149,42.0142135300915],[-73.3548633188949,42.0147465303444],[-73.353867319071,42.0151995303845],[-73.3536933189862,42.0152795310601],[-73.3531863191118,42.0155155307596],[-73.3526343189217,42.015647530724],[-73.3517073190125,42.016015531168],[-73.351353317704,42.0162025309828],[-73.3511113176703,42.0164435308702],[-73.3509423177035,42.0172785311333],[-73.35091331837,42.0177955316974],[-73.3508983184982,42.0180745314141],[-73.3509643182385,42.0184035310323],[-73.3513333184409,42.0189855316214],[-73.3517973191597,42.0195615313505],[-73.3519673181785,42.0200285313523],[-73.3523433184712,42.0211255322116],[-73.3522473191114,42.0214445321549],[-73.3522403191956,42.0217055317289],[-73.3522263189506,42.0222515321092],[-73.3521523184445,42.022360532446],[-73.3521083185846,42.0225805324163],[-73.3521163187523,42.022915532134],[-73.3521673188354,42.0230635324464],[-73.3523663194526,42.0232885320745],[-73.3527793189994,42.0235515322956],[-73.3532503196951,42.0239145323484],[-73.3533463194683,42.0242485326745],[-73.3532503189116,42.0246825329358],[-73.3528833189388,42.0255385331228],[-73.3528453197215,42.0257175325817],[-73.3526773189877,42.02653253276],[-73.3525093197556,42.0276855334318],[-73.3525313194407,42.0280585328336],[-73.3525023195456,42.0283875328943],[-73.3524283197232,42.0286955331192],[-73.3523033188574,42.0288825334607],[-73.3520833198838,42.0291075330301],[-73.3515313192202,42.0294865334323],[-73.3511483196067,42.029799533791],[-73.3506333194925,42.0301675332897],[-73.3500813183923,42.0307275337689],[-73.349823318751,42.0310625339578],[-73.3497663193155,42.0311325341282],[-73.349571318885,42.0313715340971],[-73.3494483191923,42.031523534037],[-73.349107318325,42.0321705337217],[-73.349073318236,42.0322375345567],[-73.3489463182521,42.0324335344481],[-73.3487363185896,42.0327575342786],[-73.34867631881,42.0328515343626],[-73.3484113187604,42.0333515344595],[-73.3480593187761,42.0336795340864],[-73.3477783180775,42.0339445341075],[-73.347704318655,42.034087534647],[-73.3476903185676,42.0341315344604],[-73.3476463181977,42.0342135341304],[-73.3476313181227,42.0342575345892],[-73.3476093185282,42.0343015342221],[-73.3475803180968,42.0343395343086],[-73.3475353183461,42.0344225348177],[-73.347476318622,42.034504534312],[-73.3474103186647,42.0345755348334],[-73.3473813180779,42.0346195344892],[-73.3473153187109,42.0346915342865],[-73.347285318079,42.034735534568],[-73.3472193176746,42.0348065349752],[-73.347190318061,42.0348505345736],[-73.3471603179503,42.0348835349095],[-73.3471013185425,42.0349655350946],[-73.3470793178885,42.0350045343339],[-73.3470503180438,42.0350425351731],[-73.3470283177845,42.0350865346844],[-73.3469253180494,42.0352515343919],[-73.3468953180577,42.0352895349372],[-73.3468513183445,42.0353775347831],[-73.3468223181891,42.0354155346603],[-73.3467703182971,42.0354985348659],[-73.3467483176991,42.0355425352178],[-73.3466893179453,42.0356195348875],[-73.3466673176473,42.0356625349833],[-73.346638318041,42.0356955345231],[-73.3465793180348,42.0357785346534],[-73.3465113183148,42.0358585353409],[-73.3464833176875,42.035893534673],[-73.3464463182693,42.035926534815],[-73.3463513174206,42.0360415349759],[-73.3462043180165,42.0361845345608],[-73.3461743183727,42.0362225349015],[-73.3459173173589,42.0364755352576],[-73.345806317475,42.0365795353665],[-73.3456963183354,42.0366895352406],[-73.3456223177404,42.0367555349929],[-73.3455493172145,42.0368325348584],[-73.3453283181673,42.0370465350026],[-73.3452613174825,42.0371075351922],[-73.3452253173302,42.0371505348561],[-73.3451513181467,42.0372165351856],[-73.3450773174748,42.0372885350898],[-73.344893317649,42.0374695355786],[-73.3447763172796,42.0376235349343],[-73.3447543170174,42.0376675357648],[-73.3447243170352,42.0377055357056],[-73.3447023179089,42.0377495356187],[-73.3446733178332,42.0377875349163],[-73.3445403173575,42.038040535016],[-73.3445263178811,42.0380845352718],[-73.3445043174649,42.0381225355325],[-73.3444673171186,42.0382165349929],[-73.344430317043,42.0382985352083],[-73.3443713173069,42.0384745353332],[-73.3443493178737,42.0385125355534],[-73.3443423169096,42.0385565359063],[-73.344320317465,42.0386055351112],[-73.3443123176815,42.0386495351801],[-73.3442683171246,42.0387815352876],[-73.3442463174454,42.0388695355611],[-73.3442023178106,42.0390015356278],[-73.3441953171279,42.0390445357269],[-73.344136317274,42.0392205356829],[-73.3441293172951,42.0392645360065],[-73.3441063172226,42.0393085355076],[-73.3440993174255,42.0393465353147],[-73.3440773173201,42.0393905359857],[-73.3440703170594,42.0394405359161],[-73.3440483168938,42.03948453568],[-73.34400431787,42.0396105360261],[-73.3439823176012,42.0396545357749],[-73.3439673173795,42.0396985356623],[-73.3439233169378,42.0397805355263],[-73.3439083178541,42.0398245353981],[-73.3437983167878,42.0400335358956],[-73.3437613172323,42.0401155358361],[-73.3437313178894,42.040164536263],[-73.3437173172038,42.0402035361161],[-73.3435623172631,42.0404995360885],[-73.3435483177919,42.0405435361844],[-73.3435033169738,42.040626535816],[-73.3434593174865,42.0407575361751],[-73.3434443174365,42.0408455364065],[-73.3434453175612,42.0409825355526],[-73.3434523173615,42.0410265361583],[-73.3434523169369,42.0410705356886],[-73.3434673167708,42.0411635356499],[-73.3434673175724,42.0412075360724],[-73.3434743174039,42.0412515357732],[-73.3434743170027,42.0412955362006],[-73.3434823178174,42.0413455357847],[-73.3434823170678,42.0414765359235],[-73.3434603171192,42.0416145359887],[-73.3434453175733,42.0416525361655],[-73.343438316858,42.0416965364121],[-73.3434133174402,42.0417735357039],[-73.3434083172861,42.0417895362437],[-73.3433713169854,42.0418725362429],[-73.3433423175658,42.0419595358266],[-73.3431873172725,42.0422565362323],[-73.343136317358,42.0423385364197],[-73.343106317417,42.0423775361015],[-73.3430843171123,42.0424155360266],[-73.3429673177707,42.0425805367095],[-73.3429083170602,42.042651536421],[-73.3428783169651,42.0426955363098],[-73.3426433170024,42.0429595366598],[-73.3425403166305,42.043074536427],[-73.342466317658,42.0431455360339],[-73.3423483167226,42.0432505361201],[-73.3422313175402,42.0433485365275],[-73.3421423171521,42.0434035367891],[-73.3420913166232,42.0434255368475],[-73.3420323166553,42.0434425369544],[-73.3419733170663,42.043453536526],[-73.3419393165122,42.0434625366934],[-73.3419143175122,42.0434695363364],[-73.3418553166788,42.0434805367542],[-73.3417373169598,42.0435135364607],[-73.3416863174133,42.043535536334],[-73.3415833169134,42.0435745363523],[-73.3411563166582,42.0437495362978],[-73.3411043161671,42.0437775370162],[-73.3410533161953,42.0437995366092],[-73.340974316943,42.0438355363437],[-73.3409493171879,42.0438485362822],[-73.3408173161346,42.0439365364398],[-73.3407803171432,42.0439755369475],[-73.3407363168782,42.0440085366068],[-73.3406623166006,42.0440735363306],[-73.3406263162574,42.0441175364673],[-73.3405893163775,42.044150536414],[-73.3405003171435,42.0442665370227],[-73.3404783165223,42.0443105369207],[-73.3404053162223,42.0444305370156],[-73.3403903167184,42.0444805368494],[-73.340368315949,42.0445245367234],[-73.3402943166361,42.0447385367522],[-73.3402723165662,42.0448705364247],[-73.3402733159654,42.0453205372545],[-73.3402803164057,42.0453695373419],[-73.340280317094,42.0455015365989],[-73.3402873163515,42.0455505366892],[-73.3402873170624,42.0456825368385],[-73.3402953165226,42.0457265369696],[-73.3402953161289,42.0458195370337],[-73.3403023167102,42.0458635368468],[-73.3403023165576,42.0459075371948],[-73.340310316056,42.0459515373216],[-73.3403103170389,42.0460005370266],[-73.3403173164424,42.0460445368423],[-73.3403173163,42.0460885371877],[-73.3403243169257,42.0461325369955],[-73.3403243167881,42.0461765373396],[-73.3403473164783,42.046313536749],[-73.3403473163564,42.0463575370904],[-73.3403693161146,42.0464895368147],[-73.3403693172155,42.0465335371474],[-73.3403913172351,42.0466725375876],[-73.3403983165473,42.0467145369244],[-73.3403983164602,42.04675853726],[-73.3404283173084,42.0469395373183],[-73.3404283171731,42.0469885370134],[-73.3405133173475,42.047500537342],[-73.3405073173055,42.0478825378352],[-73.3405453171014,42.0483655374755],[-73.3404603173378,42.0483645371442],[-73.3359573148161,42.0482295373288],[-73.3283383124156,42.0479805383041],[-73.3277293126843,42.047968537969],[-73.3267453127626,42.0479405377941],[-73.3256483123167,42.0479065380482],[-73.324166311647,42.0478625378822],[-73.3197203095188,42.0477305381119],[-73.3192473098005,42.0477165382947],[-73.3182393093026,42.0476865383282],[-73.3169883090559,42.0476495381925],[-73.3145073078384,42.0475765385714],[-73.3118913078282,42.0474965381559],[-73.3118263073386,42.0474945385145],[-73.3117393073579,42.0474915380703],[-73.3087693059693,42.0474015384503],[-73.3054033059517,42.0472975387901],[-73.3042843048446,42.0472625384939],[-73.2963283020139,42.0470185385737],[-73.2958993018532,42.0470055389156],[-73.2955903018863,42.0469965383938],[-73.2953003018884,42.0469875386106],[-73.2949413021328,42.0469765387969],[-73.2946123012767,42.0469685389828],[-73.2929563010408,42.0469125386363],[-73.2884722996466,42.0467745386242],[-73.2882032996046,42.0467635392352],[-73.287267299916,42.0467385392659],[-73.2869782990238,42.046728539025],[-73.2860382991477,42.0467095391342],[-73.2859502994702,42.046703539489],[-73.2858242990526,42.0466975389629],[-73.2723802939684,42.0462785391909],[-73.2713282940026,42.046232539523],[-73.2704942939804,42.0462075396571],[-73.2700232939013,42.0461935398955],[-73.2686052936448,42.0461505395706],[-73.2643532922696,42.0460235395993],[-73.2629362912562,42.0459815395837],[-73.2616802908499,42.0459435400995],[-73.2579142903311,42.0458305397279],[-73.2566592897341,42.0457935402356],[-73.255469289221,42.0457575401931],[-73.2543502881173,42.0457165402496],[-73.250418287094,42.0455955404808],[-73.2502022871494,42.0455865397263],[-73.2495332876287,42.0455585397841],[-73.2422082844083,42.0453515406045],[-73.2410572842109,42.0453025401611],[-73.2349672823608,42.0451145408032],[-73.2336232824836,42.045072540757],[-73.2333632818881,42.0450635409471],[-73.2329512818325,42.0450555402999],[-73.2330962819917,42.0444115407735],[-73.2331252813715,42.0442625402315],[-73.2332132822256,42.0438195406406],[-73.2332432813927,42.0436715405978],[-73.2334212812541,42.0427765404475],[-73.2337422814991,42.0411715401465],[-73.2339512813404,42.0400915398414],[-73.2341262820303,42.0391965391882],[-73.2344732817629,42.0374795393291],[-73.2345162818235,42.0372655394469],[-73.2350462813895,42.0346905384868],[-73.2356962819459,42.0314755381272],[-73.2359042817973,42.030452538026],[-73.2360782819316,42.029543537742],[-73.2364672822666,42.0276325372714],[-73.236580281804,42.0271215369739],[-73.2370792822413,42.0248685370376],[-73.2372282813857,42.0242005368414],[-73.2380262816213,42.020453535451],[-73.2381562816534,42.0198455352509],[-73.2390802822983,42.0157795351995],[-73.2394152813337,42.0142175342075],[-73.2399132818526,42.0119055345077],[-73.2401372824504,42.0108565341941],[-73.2404732814996,42.0092905339835],[-73.2408122815865,42.0077135337179],[-73.240821281619,42.0076705330651],[-73.2410562813503,42.0065265330937],[-73.2411272816899,42.0061795328637],[-73.2411612818516,42.0059935333908],[-73.2412642813759,42.0054375328831],[-73.2412992818041,42.005252532921],[-73.2414212820525,42.0046525328616],[-73.2415172821841,42.0041875329273],[-73.2417912821675,42.0028545326754],[-73.2419152821934,42.0022555323532],[-73.242264281737,42.0006125322873],[-73.2422812820434,42.0005355315554],[-73.243270282333,41.9956745305524],[-73.2436062816518,41.9940295307833],[-73.2464742828564,41.9943125308671],[-73.2493412839281,41.9945955300585],[-73.2495382837502,41.9946155309107],[-73.26051628711,41.9955095300303],[-73.2694092903794,41.9962345299728],[-73.288082296662,41.9977565294052],[-73.2990332997212,41.9986485292193],[-73.3005033003781,41.9987685290418],[-73.3112743038576,41.9996455288922],[-73.3165883054652,42.0000795293375],[-73.3282103095202,42.0008105287366],[-73.3319813106719,42.0010425292167],[-73.3322353114147,42.0010585289953],[-73.3334003112879,42.0011305287332],[-73.3338073115435,42.0011555291549],[-73.3346883118102,42.0012105291313],[-73.3360783122407,42.0012955289608],[-73.3432943149903,42.0017405282208],[-73.3470653154683,42.0019735282062],[-73.3476903162161,42.0020115288776],[-73.3495673167217,42.0021265284966],[-73.3501933172208,42.0021655287579],[-73.3514843174945,42.0022515284227],[-73.355356319316,42.0025115279366],[-73.3566483186611,42.0025985281679],[-73.3567903189953,42.0025955283038],[-73.3571023192925,42.0025905283249],[-73.3572153190499,42.0025875286599],[-73.3572303190378,42.0025875283647],[-73.3573583197476,42.0025855285062],[-73.3572693193124,42.00272952846],[-73.3572113197045,42.0030615286646],[-73.3571603195621,42.0033615282944],[-73.3571303197518,42.0038495283623],[-73.3573133193408,42.0045515282626],[-73.3573963192779,42.0048705286795],[-73.3574883200694,42.0050225286957],[-73.3578903199245,42.0056885287121],[-73.3587153206572,42.0070275290981],[-73.3590613198077,42.0078395291],[-73.3591873198866,42.0087995293388],[-73.3592173204924,42.0089645293105]]]},"properties":{"OBJECTID":21,"TOWN_NO":100,"TOWN":"North Canaan","GRACE_PERIOD":"No"}},{"type":"Feature","id":22,"geometry":{"type":"Polygon","coordinates":[[[-71.9915498518604,41.6055384985854],[-71.9909088518641,41.6061734986211],[-71.9901428508188,41.6066664990504],[-71.9894618512926,41.6070294989739],[-71.9873008503981,41.6086124996483],[-71.98634785064,41.6093124990643],[-71.9857308503542,41.6096404998],[-71.9851148491985,41.609968499385],[-71.9844068493263,41.6101124995174],[-71.984165848929,41.6108215000727],[-71.9833428492744,41.6132515000681],[-71.9827918490423,41.6150165004862],[-71.9827568494989,41.6151325003076],[-71.9827288499437,41.6162895006929],[-71.982720849682,41.6163865006056],[-71.9827128492241,41.6164825010521],[-71.9827748491227,41.6164955010985],[-71.9827828490656,41.6165335006639],[-71.9828498491608,41.6168265014472],[-71.9828508489769,41.6168355014699],[-71.982868850029,41.6169375008398],[-71.9829358493426,41.6173345014541],[-71.9830178499272,41.6177905008565],[-71.9830228492861,41.6181805009147],[-71.9829478493428,41.618487501641],[-71.9828308493767,41.6187535011693],[-71.9825318490446,41.6194715014325],[-71.9823618496673,41.6196215013601],[-71.9814308491984,41.6206025022461],[-71.9810748488398,41.6210115023799],[-71.9810088496476,41.6210885019506],[-71.9800518492564,41.62219250216],[-71.9791338490592,41.6237005028054],[-71.9790108484055,41.6241035023459],[-71.9785698480821,41.6262205027458],[-71.9792238484733,41.6277665032011],[-71.9793528489045,41.6286765037238],[-71.9793748491142,41.6297875033978],[-71.9791798485653,41.6303425034139],[-71.9790618488512,41.6311095042489],[-71.979012848928,41.6314495040748],[-71.9783788485086,41.6327955042463],[-71.9779958482833,41.6333925045931],[-71.9775858483746,41.6340305048142],[-71.9773208487515,41.6344445043381],[-71.9772398482678,41.6345405051067],[-71.9763118487372,41.6356435051093],[-71.9757998487684,41.6367495051579],[-71.9756608486226,41.6371725053522],[-71.9755398478494,41.6375435050373],[-71.9752538484237,41.6381255053128],[-71.9750168476578,41.6380865051172],[-71.9743088477916,41.6379715054216],[-71.9740728479894,41.6379335058731],[-71.9739138477385,41.6379075058378],[-71.9734398472226,41.6378295057273],[-71.9732838469777,41.6378045055943],[-71.9732498479093,41.6377995050357],[-71.9730988469463,41.6377745050481],[-71.9725508478194,41.6376845056522],[-71.9723678469136,41.6376555051737],[-71.9720008469373,41.6375955057837],[-71.9709018470552,41.6374165054497],[-71.9705358471355,41.6373575057938],[-71.9681198463432,41.6369645049998],[-71.9608728438394,41.6357875054931],[-71.9584588430331,41.6353955051872],[-71.9580678428304,41.6353315055164],[-71.9568978420722,41.635141505477],[-71.9567368424874,41.6351155056729],[-71.9565088413351,41.6350755054296],[-71.9564918420515,41.6350725051871],[-71.9562448413932,41.6350285053383],[-71.9554588413231,41.6348875058863],[-71.9551968409891,41.6348415058312],[-71.9551538412566,41.6348345055057],[-71.9550258418917,41.6348135050304],[-71.9549838417069,41.6348075055992],[-71.9544428418275,41.6347235052571],[-71.9536668411141,41.6346035053611],[-71.9528218412567,41.6344725058174],[-71.9522818403258,41.6343895052585],[-71.9522508403142,41.6343845057396],[-71.9521638407875,41.6343715053023],[-71.9521348400459,41.6343675055567],[-71.9520948402798,41.6343605050561],[-71.9520278402347,41.6343505054841],[-71.9519748400842,41.6343425054526],[-71.9519368407881,41.6343365056136],[-71.9513518406098,41.6343955050954],[-71.9508168398501,41.634448505115],[-71.9496168402143,41.6345715055188],[-71.9474588394712,41.6347895055126],[-71.9463348380912,41.6349035055153],[-71.9462258389549,41.6349145061717],[-71.9460088383772,41.6349355056731],[-71.9450188385229,41.6350345060824],[-71.9446888386596,41.6350685058966],[-71.943700838241,41.6351665059182],[-71.94127583678,41.6354125057279],[-71.9407378369408,41.6354665058751],[-71.9400818369373,41.6355335060468],[-71.9397418363977,41.6355695058646],[-71.9391428359256,41.6356295065296],[-71.9373248362187,41.635812505791],[-71.9369278356773,41.6358525062848],[-71.9368188351016,41.6358645065171],[-71.9367418351574,41.6358725060358],[-71.9367198360058,41.6358745063053],[-71.9365498350442,41.6358915059724],[-71.9337228349627,41.6361775068371],[-71.9276828329938,41.6367895065596],[-71.9260458321547,41.6369555065414],[-71.9247318311563,41.6370875066187],[-71.9217348309017,41.6373915069764],[-71.9212238301577,41.6374435069522],[-71.9191988295564,41.6376475072865],[-71.9115938271497,41.6384175072318],[-71.9090618263816,41.6386745079674],[-71.908657826534,41.6387245078864],[-71.9074548256166,41.6388755077271],[-71.907200826351,41.6389075080407],[-71.907064826353,41.6389215075718],[-71.9025268249329,41.6393795083248],[-71.899689823114,41.639667507984],[-71.8889488197597,41.6407535091853],[-71.8844228189041,41.6412125089208],[-71.8844008189415,41.6407575089728],[-71.8843118189526,41.6389755088968],[-71.8839808185721,41.6322665075197],[-71.8838708174909,41.6300305070077],[-71.8835258179444,41.627427506427],[-71.8832198180264,41.6251065055404],[-71.8828608178249,41.6231495056685],[-71.8822208167156,41.619663504558],[-71.8817468164728,41.6170815048498],[-71.8814108164179,41.6152655040466],[-71.8813298164212,41.6148245040554],[-71.8804048156138,41.6098205026902],[-71.8800698152138,41.6080065030909],[-71.8799398150734,41.6071925022593],[-71.8791558143572,41.6022995014048],[-71.8789668143666,41.601241501139],[-71.8788698150887,41.6008085014596],[-71.8784568148131,41.5986115011049],[-71.878042813694,41.5960795006146],[-71.8768018133279,41.5884844992112],[-71.8766528135659,41.5875734990321],[-71.876486812599,41.5865564983858],[-71.8763788135688,41.5859554989314],[-71.8763258128597,41.585121498526],[-71.8763568134728,41.5846024983725],[-71.8761738127564,41.5837114984174],[-71.8756258127504,41.581040497749],[-71.8754438127732,41.5801504975621],[-71.8754508123686,41.5798724977181],[-71.8754508118977,41.5798574973886],[-71.8754578127092,41.5796874973692],[-71.8754588120423,41.5796694971881],[-71.8754568128003,41.5795034969276],[-71.8754598117862,41.5794584971266],[-71.8754538118266,41.5794054970165],[-71.8754088122508,41.5793034969532],[-71.8752908128267,41.5791384969362],[-71.8752118123383,41.5790584970702],[-71.8751908123604,41.5790364974096],[-71.875080811925,41.5789554973219],[-71.8749718119822,41.5788944970688],[-71.874838811867,41.5776674969549],[-71.8745188114699,41.5747034960716],[-71.8744258112032,41.5739894964396],[-71.8742688113583,41.5727664960851],[-71.8742208112407,41.5724994957231],[-71.8742128119095,41.57245349644],[-71.8741188111079,41.5719334963748],[-71.8740758110891,41.5717014960635],[-71.8740728114974,41.5716844955222],[-71.8740278110393,41.5714354959403],[-71.8740118118495,41.5713624956053],[-71.8740008108149,41.5713034954688],[-71.8739678118187,41.5711444956834],[-71.873953811275,41.5710724956281],[-71.8739318118371,41.5709274957981],[-71.8738658117277,41.5704924953409],[-71.8738448111722,41.5703484953615],[-71.8737928108443,41.5700704960083],[-71.8736398115615,41.5692394956035],[-71.8735888114766,41.5689624950856],[-71.8735488105734,41.5687564957382],[-71.8735108107687,41.5685514948867],[-71.873396810441,41.5679624949829],[-71.8732998114374,41.5674554947807],[-71.8732848114498,41.5673754946969],[-71.872986810176,41.5658144946313],[-71.8727948111453,41.5651454950885],[-71.8725008105237,41.5638054942458],[-71.8724698099567,41.563633494082],[-71.8723528108192,41.5629564942113],[-71.872334810269,41.5628464945851],[-71.8720928107757,41.5614454941633],[-71.8720378103848,41.5611414938419],[-71.8718758102827,41.5602304933771],[-71.8718218102234,41.5599274936873],[-71.8717478097227,41.559546493942],[-71.8715278099848,41.5584054931717],[-71.8714548100093,41.5580254930284],[-71.8712798094436,41.5570834932716],[-71.8707558096704,41.5542594924338],[-71.870581809576,41.5533184925486],[-71.8705598087105,41.5532014924306],[-71.8705058088132,41.5529144924431],[-71.870493808987,41.5528504920548],[-71.8704718092676,41.5527344923039],[-71.8704648091312,41.5527104925117],[-71.8704448085984,41.5526414920346],[-71.870438809043,41.5526184921745],[-71.8701148092841,41.5508264917824],[-71.8699658093092,41.5500294915356],[-71.8693838090029,41.546912491415],[-71.868514807966,41.5422684908192],[-71.8680318079106,41.5396824899503],[-71.8673188072814,41.5358454890631],[-71.8653028059085,41.5249964874864],[-71.8652968063375,41.5249644872771],[-71.8651798054813,41.5243354869064],[-71.8644708053234,41.5204984863452],[-71.8642578050206,41.5193854862441],[-71.863620804266,41.5160464856879],[-71.8634088042161,41.5149344856527],[-71.8641498050298,41.5150354856165],[-71.8663748056143,41.5153394850937],[-71.8671168057452,41.5154414856374],[-71.8687528066242,41.515695484863],[-71.8736618083644,41.5164594856753],[-71.8745138082478,41.5165924847934],[-71.8753018087047,41.5166944854239],[-71.8754998088235,41.516720485559],[-71.876096808837,41.5167984851014],[-71.8762958087488,41.5168244851571],[-71.8785058091416,41.5171104852802],[-71.879089810484,41.5171864851581],[-71.8828418108154,41.5176724855201],[-71.8851388121108,41.517969485085],[-71.8873508121472,41.5182564848557],[-71.887845813224,41.5183154850619],[-71.8893328128196,41.5184934854845],[-71.8898288129388,41.5185534849938],[-71.8924348140973,41.5188964849877],[-71.9002538168276,41.5199264854639],[-71.902860817772,41.5202704847384],[-71.9108318211735,41.5274034856992],[-71.9141448225287,41.5303734865444],[-71.916685823502,41.532653486868],[-71.9235808258737,41.5388384877859],[-71.9240678258599,41.5392824882703],[-71.9249398265273,41.5400614881973],[-71.9260408271067,41.5410444885367],[-71.9275628267186,41.5423954884584],[-71.9284378274942,41.5431734882094],[-71.9313318289829,41.5457464892522],[-71.9314258289515,41.5458304889038],[-71.9331408290777,41.5473584889634],[-71.9379938311411,41.551681490162],[-71.9382868309765,41.5519424899219],[-71.940003831497,41.5534694901787],[-71.9401168317579,41.5535684904688],[-71.9498008358219,41.562250491969],[-71.9545808367227,41.5665384924102],[-71.9563598383917,41.566483491939],[-71.9603638389127,41.5663824923359],[-71.9654628412679,41.5662644920154],[-71.9655408404054,41.5662634922137],[-71.9656188407503,41.566262491467],[-71.9657558414246,41.5662624916206],[-71.9658828414596,41.566251492273],[-71.9660078406953,41.5662504919004],[-71.9685118416782,41.5661884918133],[-71.9720438424374,41.5661044916826],[-71.9721548434705,41.5660984916651],[-71.9740568432024,41.5660664914422],[-71.9748808433213,41.5660544917418],[-71.9751338438276,41.5660514911613],[-71.9766008445357,41.5660214915699],[-71.977352845069,41.5660044916488],[-71.9775878453353,41.5660004913816],[-71.9781778455511,41.5659894910525],[-71.9802948455066,41.5659544915638],[-71.9804978456379,41.5659514913536],[-71.9807678458172,41.5659444915437],[-71.9821618462064,41.5659274916102],[-71.9884568486059,41.5656654910165],[-71.9886848483955,41.5656564910343],[-71.9889118479436,41.5656464908154],[-71.9889758484503,41.5656464909567],[-71.9891688480155,41.5656484913074],[-71.9892338487072,41.5656494910878],[-71.9890608485449,41.5659654911205],[-71.9890578484936,41.5662144909804],[-71.9890468487952,41.5672954916101],[-71.9889508490242,41.5680384912464],[-71.9888728490127,41.5686444913478],[-71.9884558484549,41.5701424919672],[-71.9880368488814,41.5713304921584],[-71.9880178488342,41.5720664926976],[-71.9882718487836,41.5730824919869],[-71.9883838483042,41.5733234925053],[-71.9887458488345,41.5741044923297],[-71.9893918489496,41.5751664924091],[-71.9896548493208,41.5759924932108],[-71.9895488490479,41.5769044931343],[-71.9890138492893,41.5796054935249],[-71.9887768489801,41.5802034940743],[-71.9883628486773,41.580808494157],[-71.9876638493921,41.5814664940602],[-71.9867768492134,41.5822164944456],[-71.9859178482673,41.5830404941418],[-71.9858938488772,41.5830804945389],[-71.9855148481374,41.5837304947116],[-71.9849858476633,41.5843924951338],[-71.9845038480087,41.5850564949277],[-71.984600847688,41.5858464950125],[-71.9846148477498,41.5859534952127],[-71.9848428481321,41.5862614950267],[-71.9854808484023,41.586713494714],[-71.986216848257,41.5871554954618],[-71.9866308495515,41.5876014952731],[-71.9870178492894,41.5882634957834],[-71.9869718490202,41.5889154956129],[-71.9868078490379,41.5894934952411],[-71.9867988492521,41.589526495427],[-71.9867588485531,41.5895834960646],[-71.9867268485351,41.5896284958073],[-71.9866908486966,41.5896794955335],[-71.9866338492944,41.5897644954418],[-71.9866028496049,41.5898104958488],[-71.986289848888,41.5902624954893],[-71.985483848405,41.5910914955562],[-71.9848818487557,41.5921464958064],[-71.984792848218,41.5923254967026],[-71.9847518482464,41.5928674962343],[-71.9848318490381,41.5935704966482],[-71.9849268485902,41.5951554971302],[-71.9848678485114,41.595734496597],[-71.9847918483847,41.5960064972718],[-71.984635849164,41.5965734973946],[-71.9845858483077,41.5972854971249],[-71.9845768489399,41.5976894971294],[-71.9845738491104,41.5978384975742],[-71.9845718482971,41.5979494970352],[-71.9846738483717,41.5982734970663],[-71.9847198489394,41.5984164978101],[-71.9848328495174,41.5987724978725],[-71.9849438486764,41.5991194974016],[-71.9852308490667,41.5995254974212],[-71.9854478494962,41.5996714975862],[-71.9857588496338,41.599881497435],[-71.9858078495615,41.5999144980442],[-71.9858558499251,41.599962497486],[-71.9861268492,41.6002324976471],[-71.9862178497564,41.6003224977791],[-71.986268849135,41.6003734973263],[-71.986583849683,41.6012154977072],[-71.9870878502357,41.601796498181],[-71.9871828498341,41.6020994982837],[-71.9873548500481,41.6026494980581],[-71.9877788503499,41.6032044986886],[-71.9878278500006,41.6032414980509],[-71.9882298505912,41.6035424980639],[-71.9888498503919,41.6037274983688],[-71.9893788510931,41.6037654986942],[-71.9901518516363,41.6037614982358],[-71.9902708506596,41.6038014986126],[-71.9908808509922,41.6040104982097],[-71.9911598511771,41.6042194985696],[-71.9913318512536,41.6043484987424],[-71.9916008514056,41.604790498104],[-71.9915498518604,41.6055384985854]]]},"properties":{"OBJECTID":22,"TOWN_NO":58,"TOWN":"Griswold","GRACE_PERIOD":"Yes"}},{"type":"Feature","id":23,"geometry":{"type":"Polygon","coordinates":[[[-72.0971158740074,41.396650454284],[-72.0970828733604,41.3967854549637],[-72.0969648733099,41.3972754547945],[-72.0968148742096,41.3979004553692],[-72.0966218732697,41.3987064549854],[-72.0964808737837,41.3990054552987],[-72.0963488737899,41.399285455193],[-72.0961728740109,41.3996604554581],[-72.0959528741484,41.4001254557436],[-72.0958648740068,41.400315455668],[-72.0958218736553,41.4004064556977],[-72.0946698736644,41.4003604556037],[-72.094266873279,41.4003314555845],[-72.0941858725878,41.4003294556778],[-72.0941688728173,41.4003394551598],[-72.0941328725628,41.4003384552348],[-72.0939338727185,41.4003304555198],[-72.0936898730116,41.4003204557676],[-72.0935028723525,41.4003154557577],[-72.0934508729748,41.4003134555504],[-72.093334872377,41.4003094557251],[-72.0932218729275,41.4003064553377],[-72.0931098723127,41.4003074558073],[-72.0926328721459,41.4003114552751],[-72.0917328721408,41.4003074553105],[-72.0915558716703,41.4003044553378],[-72.0910238717828,41.4002954552511],[-72.090847872316,41.4002924554316],[-72.090468871782,41.4002904553389],[-72.0900368710804,41.4002884553662],[-72.0876048703457,41.4002774557718],[-72.0867948707805,41.4002744560728],[-72.0859838706094,41.4002634561604],[-72.0835538699827,41.4002314560454],[-72.0829978699606,41.400224455731],[-72.0827438697326,41.4002214556347],[-72.0808938685863,41.4001984562855],[-72.0804918684897,41.4001944558424],[-72.0804488685282,41.40019245632],[-72.0778588678575,41.4000984556397],[-72.0778268672761,41.4000954561347],[-72.0777318677083,41.4000864562332],[-72.0777008680922,41.4000834562535],[-72.0776338678044,41.4000804560522],[-72.0753698673516,41.4000054557718],[-72.0725908658858,41.400005456486],[-72.0725098656153,41.4000054564643],[-72.07234386633,41.3999924563756],[-72.0720488657735,41.3999694564129],[-72.0719128655332,41.3999644559512],[-72.0709018653221,41.3999314564488],[-72.0701208650899,41.3999064561178],[-72.0698958648902,41.3999064564777],[-72.0688918648328,41.3999064558182],[-72.0683108646801,41.399906456586],[-72.0628838625212,41.3999084567238],[-72.0610758617385,41.3999094562977],[-72.0572068606661,41.3998064568218],[-72.0471988582288,41.3995434565306],[-72.0456328577951,41.3995014566307],[-72.0456028570739,41.3995004566877],[-72.0450778568299,41.3994874569091],[-72.0440288568158,41.3994594573121],[-72.042543855943,41.399419456856],[-72.0423308555701,41.3994144571613],[-72.0422988559485,41.3994194571929],[-72.0417428554191,41.3995114570557],[-72.0401558555154,41.399517457168],[-72.0386288553404,41.3995244573981],[-72.0369858542368,41.3994504573284],[-72.0349558539141,41.399436457178],[-72.0348548533781,41.3994354568359],[-72.0348348536465,41.399435457364],[-72.0347748532759,41.3994354571191],[-72.0337188531621,41.3994274571678],[-72.0284738518911,41.3993914576297],[-72.0263478503529,41.3993774579366],[-72.0223728499686,41.399350457721],[-72.0201418493625,41.3992854575796],[-72.0198278487281,41.3992754578704],[-72.0158728471187,41.3991614576234],[-72.0149148477449,41.3991344582367],[-72.0139578469905,41.3991064577569],[-72.0134478471341,41.3990914581608],[-72.0112178465632,41.3990264583191],[-72.0107338459294,41.3990154580336],[-72.0092828451309,41.398985457977],[-72.00879984534,41.3989754581882],[-72.0074128448924,41.3989494577154],[-72.0032548437176,41.3988744583285],[-72.0018688434835,41.3988494580579],[-72.0000918429037,41.3988364585915],[-71.9948838407676,41.3987984583574],[-71.9947638403663,41.3987974588793],[-71.9929878399083,41.3987844586259],[-71.9913468398886,41.3987484588465],[-71.9908758394442,41.3987384584137],[-71.9864268375509,41.3986404583498],[-71.9847868374539,41.3986044587146],[-71.9843728375019,41.3985844591828],[-71.9831318366083,41.3985254586904],[-71.9827188363135,41.3985064584634],[-71.9822248371478,41.3984874587322],[-71.9807438363237,41.3984314592511],[-71.9802508356828,41.3984134590082],[-71.9788848351578,41.3983914586456],[-71.9747868344021,41.3983264594174],[-71.9734218341485,41.3983054587892],[-71.9718598328684,41.3982384592349],[-71.9671728314706,41.3980384588364],[-71.965611830892,41.3979724588165],[-71.9612958294681,41.3979074592491],[-71.9611948299543,41.3978734591476],[-71.9610628300036,41.3978784595996],[-71.9609968297561,41.3979074596055],[-71.9600108294683,41.397887459323],[-71.95960482954,41.3978704590491],[-71.9586858289006,41.3978674591267],[-71.958820828942,41.3975264596031],[-71.9590968294004,41.3971034596592],[-71.9593708294685,41.3966854589861],[-71.9594078290229,41.3966324593758],[-71.9595028294095,41.396355459509],[-71.9595668285866,41.3962234591971],[-71.9596118287742,41.3961334592339],[-71.9597508291545,41.395975458876],[-71.9604138295013,41.3954294585555],[-71.9606358295427,41.3951674587328],[-71.9608058289742,41.3948684587737],[-71.9608438292091,41.3947124583864],[-71.9608718299338,41.3945994587363],[-71.960827829585,41.3943194586514],[-71.9606758296111,41.3940854590578],[-71.9606388298235,41.3939404586778],[-71.9606898292722,41.3938254588834],[-71.9607038295261,41.3936584582947],[-71.9609078293231,41.3931864585433],[-71.9609078295602,41.3931144583938],[-71.9608568298858,41.3930184580428],[-71.9607188298,41.3929474582286],[-71.9605938292618,41.3928274586258],[-71.9604848288902,41.3927114580251],[-71.9604758296412,41.3926774580617],[-71.9604498294033,41.3925404581482],[-71.9605158289768,41.3922674584206],[-71.9606318294959,41.3919304581114],[-71.9606098290174,41.3918344581172],[-71.9605348287142,41.3917454582817],[-71.96047382889,41.3916734580199],[-71.9604198291449,41.3914114582193],[-71.9604348290973,41.391143458042],[-71.9605088295339,41.3908474581484],[-71.9605088293583,41.3906644582979],[-71.9604998286423,41.3905654582542],[-71.9604808290849,41.3904614576309],[-71.9604338287061,41.3903624581372],[-71.9604148286467,41.3902824581567],[-71.9604338285001,41.3902214580798],[-71.9605238295331,41.3901464582586],[-71.9606448287475,41.390059457882],[-71.9606248292892,41.3900254578793],[-71.9602878287159,41.3894464576234],[-71.9601778290299,41.3893764574859],[-71.9601778286467,41.3893984573418],[-71.9600468290774,41.3894404575953],[-71.9598418284909,41.3894074581749],[-71.9594128284306,41.389148457557],[-71.9590628279472,41.3888064576872],[-71.9588298278702,41.3885074578501],[-71.9586468287973,41.3882054571981],[-71.9586328286786,41.3881234572417],[-71.9589098281377,41.3876714571895],[-71.9592808284492,41.3872134571764],[-71.9593358283006,41.38717145728],[-71.9601878283734,41.3866204573274],[-71.9604048290304,41.3866554576492],[-71.9608118291034,41.3867224574223],[-71.9612188289665,41.3867884571416],[-71.9618018295343,41.3859744571601],[-71.9620608294339,41.3856124567677],[-71.9623848293877,41.3851634572362],[-71.9642198295998,41.382601456339],[-71.9638978300555,41.3809874555568],[-71.9635298292568,41.3791204555242],[-71.9637068294442,41.3784034553524],[-71.9637668297368,41.3781574556514],[-71.9638278290038,41.3779114555568],[-71.9643108300151,41.3759524553253],[-71.9644798293312,41.3752714549656],[-71.9645288299711,41.3750734547194],[-71.9654928293116,41.3741484543512],[-71.965825829444,41.373436454243],[-71.9659268296031,41.373220453995],[-71.9660278303719,41.3730034541571],[-71.9668828302819,41.3708544538017],[-71.9673248306603,41.3697444533479],[-71.9673658299634,41.3685924532756],[-71.9673228301414,41.3676074535654],[-71.9669218299551,41.3656744526237],[-71.9672598291797,41.3640804524401],[-71.9673258300035,41.3637714525245],[-71.9674188295882,41.3633324526142],[-71.9676328297788,41.3618004521471],[-71.9677108294337,41.3612004517821],[-71.9674428291075,41.3603344521271],[-71.9670868289969,41.3591804517654],[-71.9670748288948,41.3580694518242],[-71.968060829279,41.356086451124],[-71.9683448299072,41.3555164510671],[-71.9685388293849,41.3551254509463],[-71.9687338291787,41.3547344510063],[-71.9689258300827,41.3544074509102],[-71.9695008304098,41.3534294502956],[-71.9696938297695,41.3531034507143],[-71.9698618294407,41.3529384506266],[-71.9698868300832,41.3529144506669],[-71.9701738299702,41.3523084500367],[-71.9702758295963,41.3520964505423],[-71.970468829842,41.3519684500066],[-71.9705888298276,41.351739450428],[-71.9708098302403,41.3517844497179],[-71.9711218300423,41.3513744504404],[-71.9705178297207,41.3492064496784],[-71.9703458292861,41.3491494493705],[-71.9702178293355,41.3491064493665],[-71.9701878292495,41.3490014493608],[-71.9691338288028,41.3451984491521],[-71.9695508293375,41.3451324492038],[-71.9732598308586,41.3403274475899],[-71.9734568300626,41.3397004477308],[-71.9750598312382,41.3371584470925],[-71.9761178309984,41.3330064460475],[-71.9799178321862,41.3304064460434],[-71.981247832215,41.3287394453993],[-71.9811388317864,41.3282164455249],[-71.9807478316646,41.326339444475],[-71.9775458309811,41.3211674435047],[-71.9768478309054,41.320039443307],[-71.9775188300137,41.3188804436213],[-71.9778878308503,41.3182414432793],[-71.9789968311932,41.3163264431066],[-71.9793678311096,41.3156884428703],[-71.9796758308228,41.3151564423346],[-71.9797988314845,41.3149414425307],[-71.979922831223,41.3147284429241],[-71.9801478306008,41.3143404421548],[-71.9804468309697,41.3124714425605],[-71.9805478312648,41.3118404424351],[-71.9805218314037,41.3116184415871],[-71.9811128308627,41.3111604421126],[-71.9810988307881,41.311085441697],[-71.9809358306313,41.3101624417309],[-71.9808238315704,41.3095254418199],[-71.9795668296612,41.3024114402314],[-71.9794078301807,41.3015104404846],[-71.9792778301699,41.3007754399022],[-71.9791478294992,41.3000404399925],[-71.9865618326859,41.2984954392124],[-71.9994868362304,41.2958024380301],[-71.9995178367194,41.2957944379115],[-72.0077658392007,41.2936204374369],[-72.0086888395524,41.2933764379388],[-72.0160128417205,41.2914464368836],[-72.0173998415122,41.2910804367943],[-72.0192148421699,41.2906024362032],[-72.0214248428376,41.2896004366526],[-72.0227318433227,41.2890084359092],[-72.0281968447719,41.2865304351682],[-72.0445928503648,41.2790994332566],[-72.0500588511543,41.2766224332791],[-72.0506868513597,41.2766204332789],[-72.0525718529283,41.2766134327167],[-72.0532008531253,41.2766124326331],[-72.0535838528571,41.2766104325258],[-72.0547358527235,41.2766064327421],[-72.0551198527328,41.2766064325826],[-72.0551198532156,41.2768864328717],[-72.0551198534799,41.277726432786],[-72.0551198527691,41.2780064330375],[-72.0601848552486,41.2823644333113],[-72.0621778556504,41.2839554338134],[-72.0645848571497,41.2858774342653],[-72.0687198584258,41.2897064349813],[-72.0793538620889,41.298622435841],[-72.0796498623675,41.2988704360819],[-72.0802148627413,41.3035564367169],[-72.081321863849,41.3127234391771],[-72.0817838645002,41.3157814390414],[-72.0820028648216,41.3172324397947],[-72.082108864926,41.3179314399896],[-72.0828948653743,41.3231394411931],[-72.0831688647956,41.3249594408118],[-72.0832628654622,41.3255784410593],[-72.0836318659709,41.3280184415337],[-72.0837548653046,41.3288344423011],[-72.0838778660054,41.3296494424537],[-72.0839688653489,41.3302554425168],[-72.0845988656442,41.3344284426081],[-72.08498186596,41.3369684432249],[-72.0850568663973,41.3374634435932],[-72.085320866536,41.3392064440203],[-72.0853808664439,41.3394864437284],[-72.0855608668553,41.3403264443967],[-72.0856208664375,41.340606443929],[-72.0858868674104,41.3424254443612],[-72.0866878672418,41.3478834451465],[-72.0867208672745,41.3481064460383],[-72.0861208678952,41.3492064454408],[-72.0859208675568,41.349506446076],[-72.0859598678458,41.3501264462378],[-72.0859788675718,41.3504074458853],[-72.0860368679879,41.3513084464622],[-72.0860388676716,41.351341445875],[-72.0860798670972,41.3519744463534],[-72.0860798678185,41.3519864465989],[-72.0861208679601,41.3526064463779],[-72.0861778678593,41.3528594468142],[-72.086250868063,41.3531824468217],[-72.0863488683321,41.3536214463801],[-72.0863808674491,41.3537594465556],[-72.0863948681935,41.3538164465401],[-72.0864078674571,41.3538754469199],[-72.0864898677232,41.3542414464512],[-72.0867378685727,41.3553394471277],[-72.0868208685854,41.3557064471107],[-72.086996868394,41.3570734473931],[-72.08752586881,41.3611774483678],[-72.0876208685524,41.3619064486686],[-72.0877268692467,41.3625424486938],[-72.0877488692064,41.3626614488077],[-72.0878158687082,41.3630224483534],[-72.0878388687644,41.3631424483059],[-72.0880558694517,41.3638014485074],[-72.0882178694822,41.3643314483989],[-72.088497869635,41.3649854489511],[-72.0893398700763,41.3669514491826],[-72.0896208699019,41.3676064492009],[-72.0898008693255,41.3680064494905],[-72.0903408701029,41.3692064493837],[-72.0905208699993,41.3696064493161],[-72.0916208700936,41.3719064503191],[-72.0916638706812,41.3720474498829],[-72.0926058713239,41.3751064503915],[-72.0932208709357,41.3771064514113],[-72.093064871388,41.3799004518674],[-72.092920872166,41.3825064518352],[-72.0929208719756,41.3825944520158],[-72.0929208714186,41.3834764518554],[-72.0929208721935,41.3845514522604],[-72.0929208715845,41.3861234529735],[-72.0929218719423,41.3865084532323],[-72.0929218721862,41.3867574531868],[-72.0929218712346,41.3870064531263],[-72.0929218723288,41.3873864528705],[-72.0929218720154,41.38852645287],[-72.0929218719049,41.3889064534325],[-72.0936678723601,41.3910874534356],[-72.0942218730004,41.3927064535749],[-72.0972218731898,41.3962064543103],[-72.0971158740074,41.396650454284]]]},"properties":{"OBJECTID":23,"TOWN_NO":59,"TOWN":"Groton","GRACE_PERIOD":"Yes"}},{"type":"Feature","id":24,"geometry":{"type":"Polygon","coordinates":[[[-72.1644989212015,41.8349215370656],[-72.1605099203974,41.8349115375206],[-72.1592669199717,41.8349055376418],[-72.156144918954,41.8348935377051],[-72.1555389182329,41.8349145375369],[-72.1544179179244,41.8349555373028],[-72.1542979179579,41.8349535375418],[-72.154216918071,41.8349525373768],[-72.1539749180752,41.8349505374921],[-72.1538949178539,41.8349505371523],[-72.1520779176318,41.8349395370981],[-72.1498929160496,41.8349265374181],[-72.1473879163925,41.8348935371664],[-72.1466269156274,41.8348825375122],[-72.145113914817,41.8348635378619],[-72.1448119152266,41.8348415372521],[-72.1445329148832,41.8348175378324],[-72.1436989142695,41.8347465380605],[-72.1434209142239,41.8347235378957],[-72.1432869141297,41.8347145375492],[-72.1431389140084,41.8347065376433],[-72.1429459143367,41.8346945376376],[-72.142885914004,41.8346905381222],[-72.1427529137647,41.8346835376019],[-72.1426259147706,41.8346805381523],[-72.1424859137728,41.834678538025],[-72.1422469143367,41.8346785380443],[-72.1421209143165,41.8346795381813],[-72.1403789130131,41.8346225377837],[-72.1401389130989,41.8346215377692],[-72.139504913389,41.8346175377875],[-72.1369369129215,41.8346035382519],[-72.1339859112285,41.8345865381534],[-72.1324179104986,41.8345365378934],[-72.1316589107733,41.8344925377084],[-72.1308289100917,41.8344445380336],[-72.1293159104116,41.8343435383485],[-72.1290499099669,41.8343095377326],[-72.1277819092519,41.8341425379154],[-72.1263179093387,41.8339635377665],[-72.1261789085733,41.8339465376912],[-72.125950908659,41.8339185378965],[-72.1243089080517,41.8335755379371],[-72.1181909066469,41.832402537945],[-72.1154829052331,41.8318835383918],[-72.1151849057416,41.831846537983],[-72.1142929052598,41.8317355377225],[-72.1139959050952,41.8316985379358],[-72.1113249039729,41.8316945380117],[-72.1033149013443,41.8316825383814],[-72.1031979017777,41.8316825380168],[-72.1006449007008,41.8316785384494],[-72.0998489005444,41.8316765388463],[-72.0974618995296,41.8316725385903],[-72.0966718988911,41.8316715386797],[-72.0962788992493,41.8316725390181],[-72.0951178981081,41.8316775382943],[-72.0946828980405,41.8316785391308],[-72.0944808980399,41.8316725384781],[-72.0944198982251,41.8316705384052],[-72.0937368982998,41.8316525387435],[-72.0936718980909,41.8316505389623],[-72.0935778980861,41.831648539153],[-72.093483898618,41.8316455389679],[-72.0933398985871,41.8316505387701],[-72.0932758984084,41.8316515390543],[-72.0926538972623,41.8316715391453],[-72.0924468979453,41.8316785392354],[-72.0924618981874,41.8311225383244],[-72.0925058977358,41.8294575384118],[-72.0925218979665,41.828902538664],[-72.0925258969925,41.8285565384325],[-72.0925468970028,41.8267925375953],[-72.0926098970647,41.8218145368455],[-72.0926118977475,41.8216385368536],[-72.092625897326,41.8204645363614],[-72.0926528967352,41.818355536014],[-72.0926568967515,41.8181855364717],[-72.0926698964638,41.8176785363033],[-72.0926748972494,41.8175095364294],[-72.0926808970513,41.8170485356383],[-72.0927008969017,41.8156665356198],[-72.0927018971999,41.8156105358435],[-72.0927168973316,41.8152065359999],[-72.092757896726,41.8141965358529],[-72.0927798967684,41.8139205357661],[-72.0930978962928,41.8100725345218],[-72.0932048966336,41.8087905345014],[-72.0933218964169,41.8073955343413],[-72.0936728962039,41.8032115333266],[-72.0937908968523,41.8018175332004],[-72.0937958965033,41.8017555333768],[-72.0938108966115,41.8015695330055],[-72.0938168968501,41.8015085328704],[-72.0939228959307,41.8005395327817],[-72.0939438967558,41.8003315325882],[-72.0940488959162,41.7991255329119],[-72.0940458967761,41.7990525328025],[-72.0940578960426,41.7990285322766],[-72.0944898959507,41.7937225313375],[-72.0949128964955,41.7885175305486],[-72.0951268953905,41.7858905295794],[-72.0951548963386,41.7854665300045],[-72.0952398963713,41.7841975294762],[-72.0952688962195,41.7837745293788],[-72.0953228953496,41.783055529218],[-72.0953698952083,41.7824535296687],[-72.0954888960466,41.7808985289359],[-72.0955448962669,41.7801805290375],[-72.0956788956355,41.778635528124],[-72.0957538955707,41.7777615285079],[-72.0963858955225,41.7705045267756],[-72.0965758948452,41.7683285268903],[-72.0966428951477,41.7680945264521],[-72.0967678959167,41.767626526714],[-72.0971468953143,41.7662235259441],[-72.0972728949522,41.7657565260517],[-72.0976258948792,41.7645145256754],[-72.0977888958408,41.7639395259503],[-72.0993368959605,41.7584895244599],[-72.0993738957061,41.7583625248899],[-72.0997288957647,41.7571135244275],[-72.09983089569,41.7566675238662],[-72.1003998956469,41.7542245234802],[-72.1013158962853,41.7502975228638],[-72.1020788955817,41.7468905222365],[-72.1025048959276,41.7449945216067],[-72.1026288954445,41.744443521433],[-72.1038438965794,41.7446315212734],[-72.1074908976294,41.7451955214935],[-72.1087068976232,41.7453845217381],[-72.1093658975462,41.7454875215907],[-72.1113428988502,41.7457965218987],[-72.1120018995646,41.7459005213721],[-72.1120458988065,41.7459055213637],[-72.1141408993431,41.7464795215925],[-72.1204259016874,41.748201521952],[-72.1225219029629,41.7487765223239],[-72.1252089033985,41.7491655218094],[-72.133270906755,41.7503355217509],[-72.1359589071758,41.7507255215357],[-72.1372259077849,41.7509075215303],[-72.1410279086686,41.7514535213755],[-72.1422959090021,41.7516365215349],[-72.1434329096192,41.7517995214135],[-72.1468459104894,41.7522905214206],[-72.1479839114906,41.7524545214749],[-72.1486979119274,41.7525605215532],[-72.1487229107896,41.7525645216319],[-72.1488709113434,41.7525765213024],[-72.1502109123966,41.7527815218253],[-72.1507389114912,41.7528505218636],[-72.1534529133363,41.7531635214256],[-72.1534779131168,41.753165521642],[-72.1548669130751,41.7532995213256],[-72.1549749134674,41.7533135217735],[-72.1550839135313,41.7533285212883],[-72.1559899134205,41.7534535219228],[-72.1563219139588,41.7534995217057],[-72.1567199137426,41.7537275213729],[-72.156728914601,41.7538015217652],[-72.1571889146716,41.758659522376],[-72.1578569150299,41.765654524063],[-72.1581629150797,41.7688435243577],[-72.1582929149673,41.770159524857],[-72.1583059151687,41.7702965244926],[-72.1583239157231,41.7704905252564],[-72.1587239159022,41.7746655258075],[-72.1593429163182,41.7811675270525],[-72.1605849180271,41.7941485289772],[-72.1629669194909,41.8191345338127],[-72.1632439202301,41.821942534878],[-72.1632189196844,41.8220425350429],[-72.1632119203887,41.8222305350108],[-72.1632469200578,41.8224995348215],[-72.1633139203316,41.8231175349224],[-72.163341919831,41.8233815345074],[-72.1634119205414,41.8241345350204],[-72.1635319208107,41.8248375347554],[-72.1639249207259,41.8289195358421],[-72.1640699211233,41.8304425361182],[-72.1644989212015,41.8349215370656]]]},"properties":{"OBJECTID":24,"TOWN_NO":24,"TOWN":"Chaplin","GRACE_PERIOD":"Yes"}},{"type":"Feature","id":25,"geometry":{"type":"Polygon","coordinates":[[[-73.2440952350489,41.226605383304],[-73.2434032345431,41.2266603827887],[-73.2411062337065,41.2268443828339],[-73.240341233698,41.2269063835043],[-73.2399212332785,41.2269473829594],[-73.2386632324659,41.2270733836143],[-73.2382442324797,41.2271163833279],[-73.2380812327556,41.2271283836269],[-73.237592232666,41.2271663830212],[-73.2374302324918,41.2271793830302],[-73.2369952328371,41.2271893837693],[-73.2362302316773,41.2272093836],[-73.2356922321468,41.2272443837396],[-73.2352592316607,41.2272743835788],[-73.2346432313011,41.2272783838902],[-73.2327982316989,41.2272943835605],[-73.2321832310406,41.2273003834096],[-73.2312082312363,41.2273313839755],[-73.228285229325,41.2274253836898],[-73.2273112292605,41.2274573841771],[-73.227152229725,41.2274483835731],[-73.2269182294361,41.2274353839633],[-73.2266862293821,41.2275013841196],[-73.2265342294342,41.227546383757],[-73.2262662295753,41.2275143836239],[-73.2254622292235,41.2274183839709],[-73.2251942292433,41.2273863840336],[-73.2251522291244,41.2274563842401],[-73.2250962282744,41.2275013840887],[-73.2250312289567,41.2275123835697],[-73.2249112282976,41.2275123836075],[-73.2238932282469,41.2275123836017],[-73.2235982282961,41.2275133840364],[-73.2235562275938,41.2275023842113],[-73.223429228226,41.2275023837384],[-73.2230492275187,41.2275053839344],[-73.2229232277222,41.2275063836642],[-73.2226702278709,41.2275263840117],[-73.221915227782,41.2275873836068],[-73.2216632280728,41.2276083842983],[-73.2214032274466,41.2276273841853],[-73.2206252272855,41.2276853841669],[-73.2203662267969,41.2277053842794],[-73.2201172269322,41.2277253841492],[-73.2193742268805,41.2277883841913],[-73.2191262271555,41.2278103839898],[-73.2164172263071,41.2280593841558],[-73.2124392243744,41.2284743842192],[-73.2108522239708,41.2282203841725],[-73.2101822233272,41.2281243841469],[-73.2093672233882,41.2279723847033],[-73.2089782237645,41.2279003844799],[-73.2084752229315,41.2278023846285],[-73.2080512237719,41.2277793848998],[-73.207905223418,41.227768384898],[-73.2077312234609,41.2277563846422],[-73.2072942231957,41.2277583844818],[-73.2070502234409,41.2277813848304],[-73.2069072226692,41.2277953849856],[-73.2064832225748,41.2278723844575],[-73.2063262225641,41.2279023847623],[-73.2060862230748,41.2279493846193],[-73.2058422229943,41.228038384859],[-73.2057752222095,41.2280633850491],[-73.2054542225034,41.22817338503],[-73.205304222341,41.2282783845795],[-73.2051722217215,41.2284053849075],[-73.205043222822,41.2285313844597],[-73.205003222594,41.2285983851565],[-73.2049812220409,41.2286363848606],[-73.2049182219336,41.2287523845059],[-73.2048982224793,41.2287913847355],[-73.2047572224803,41.2289423847247],[-73.2046072219135,41.2290023846142],[-73.2043732218143,41.2290343853626],[-73.2041222225889,41.2290613853862],[-73.2038142223544,41.2290793849388],[-73.2035122217345,41.2291363850794],[-73.2031512211483,41.229205385008],[-73.2028182220003,41.2292883847577],[-73.2024862213035,41.229372385382],[-73.2018192213615,41.2295293849537],[-73.2016552211444,41.2295693851609],[-73.2014912207715,41.229624384706],[-73.20141622146,41.2294743849421],[-73.2013832210963,41.2293683853182],[-73.2012712206987,41.2289973853595],[-73.201151220725,41.2285673846954],[-73.2011282216019,41.2284833848069],[-73.2011182209059,41.2284083849323],[-73.201073221488,41.2283033851745],[-73.2008482208229,41.2282833850103],[-73.200173220361,41.228225385346],[-73.1999492206752,41.2282063852741],[-73.1996062206108,41.2281763851443],[-73.1992242206968,41.2281283850403],[-73.1981082203101,41.227990385355],[-73.1976262193241,41.2279223853779],[-73.1970572200042,41.2278473846105],[-73.1966252189708,41.2277913852134],[-73.1964062190463,41.2277273852068],[-73.196347219709,41.2277013845139],[-73.196122219033,41.2276213848935],[-73.1960942189211,41.2276113847605],[-73.195832219771,41.2275293848152],[-73.1954582190467,41.2273603845715],[-73.1952422194857,41.2272623852687],[-73.1949442184163,41.2270653846685],[-73.1948492192992,41.2270033847933],[-73.1945002183788,41.2267983845244],[-73.1942352183924,41.226728384685],[-73.1939722184753,41.2267043845815],[-73.1939592181456,41.2267013852111],[-73.1936082180824,41.226643384512],[-73.1934152182182,41.226559384553],[-73.1933072187931,41.2264873848317],[-73.1932702179518,41.2264623850858],[-73.1928262177971,41.2261283846623],[-73.1924992182161,41.2259363847251],[-73.1924622182109,41.225920384638],[-73.1921522180045,41.2257833845499],[-73.1917882173764,41.2256073850189],[-73.1914882176969,41.2254683842743],[-73.1913072180838,41.2253673845586],[-73.1911242172672,41.22523738452],[-73.1909872176971,41.2251463843014],[-73.190858217618,41.2250403850529],[-73.190408217494,41.2261113846887],[-73.1900282175328,41.2263683845819],[-73.1895882177045,41.2266493853305],[-73.1889602172626,41.2270873853853],[-73.1883162162694,41.2275483855863],[-73.1881192163735,41.2275843849457],[-73.1875112170676,41.2274563851868],[-73.1871242161089,41.2273803853298],[-73.1868032159047,41.2277083848322],[-73.1857432154293,41.2273333851245],[-73.1852062155591,41.2272593850612],[-73.1846192158091,41.2271783850306],[-73.1845102152916,41.2271633851218],[-73.1831122155435,41.2270203856079],[-73.1826962153517,41.22697138484],[-73.1825712144703,41.2269543851658],[-73.1824422150085,41.2269433856997],[-73.1822282143312,41.226977385241],[-73.1821202150613,41.2269853855656],[-73.1819352147126,41.2270183854277],[-73.1817502147179,41.2270503854983],[-73.1813962146144,41.2271023854785],[-73.1813222146689,41.2268873849594],[-73.1830772144728,41.2263693851378],[-73.183720215211,41.2261803850375],[-73.1841622151307,41.2260503854418],[-73.1845142158534,41.22594738523],[-73.1842142153908,41.2255733852389],[-73.18410721537,41.2254513850469],[-73.1840102157034,41.2252733852635],[-73.1838482151527,41.2249933848223],[-73.1837922151624,41.2248883849397],[-73.1836762148796,41.2247243849237],[-73.1834962151391,41.2244473849236],[-73.1833202153326,41.2240993849476],[-73.1831832147236,41.2237033849019],[-73.1834462153002,41.2236873841879],[-73.1842132155076,41.2236403848446],[-73.1847992160439,41.2236623846791],[-73.1851872161716,41.223680384743],[-73.1853212151342,41.2236863844348],[-73.1857702158654,41.2237393847867],[-73.185937215921,41.2237633849019],[-73.1860862158197,41.2237873849278],[-73.1862242159532,41.2238043843279],[-73.1864282154216,41.22383038485],[-73.1865642155071,41.2238503845375],[-73.1867082156204,41.2238733844265],[-73.1867862159122,41.2238833842284],[-73.1868752155506,41.2238913844295],[-73.1870312163127,41.2238903845383],[-73.1870602160537,41.2238593841253],[-73.1870962160988,41.2238213848454],[-73.1873242158781,41.2238563847752],[-73.1876512164165,41.2239033840975],[-73.1878562169524,41.2239303849438],[-73.1880702162073,41.2239623844526],[-73.1882772161881,41.2239833844494],[-73.1885752162559,41.2240153845667],[-73.1888732167138,41.2240443845343],[-73.1890902170073,41.224080384803],[-73.1893342170264,41.2241033848856],[-73.1895382166319,41.2241143848046],[-73.189713217042,41.2241063847891],[-73.1898202176773,41.2241173840502],[-73.1899932167847,41.2241413849163],[-73.1902892173197,41.2241613844657],[-73.1907492168461,41.2241903847353],[-73.1907462171539,41.224119384695],[-73.1906912174749,41.2237333841117],[-73.1906692177767,41.2236693843301],[-73.1906412169334,41.2235843841185],[-73.1905912176677,41.2234653841399],[-73.1904222175108,41.2232653845143],[-73.1899392169609,41.2227123841331],[-73.1894502170458,41.2221803841671],[-73.1894112164981,41.2221413844753],[-73.1893642174088,41.2220963843134],[-73.189299216512,41.2220223842477],[-73.1892632171311,41.2219823842997],[-73.1889832169057,41.2217253837204],[-73.188717216649,41.2215033839199],[-73.1883142166239,41.2213043842313],[-73.1874282164789,41.221052384319],[-73.1872032158782,41.2210233836219],[-73.187272215645,41.220534384129],[-73.1870762164871,41.2205393838371],[-73.1868062153251,41.2205463837282],[-73.1864912158572,41.2205413842359],[-73.1862962156983,41.2205393841606],[-73.186110215901,41.2205473839863],[-73.185552215526,41.2205753841191],[-73.1853672151427,41.2205853842182],[-73.1851902154078,41.2205933843269],[-73.1846592154583,41.2206183843043],[-73.1846282148972,41.2206203839657],[-73.1844832151102,41.2206163837125],[-73.184336215095,41.2206273841326],[-73.1841212154372,41.2206443835492],[-73.1838982148831,41.2206563839258],[-73.1837522150703,41.2206653844226],[-73.183709214339,41.2206683837851],[-73.1835832153651,41.2206813836686],[-73.1835412146767,41.2206853840726],[-73.1834122151484,41.2206913842907],[-73.1833462148577,41.2206983839388],[-73.1832782147817,41.2207073837987],[-73.1831052142591,41.2207593836606],[-73.1828442148003,41.2208413838913],[-73.1827852146132,41.2208553837907],[-73.1826722146196,41.220883384403],[-73.1825992150909,41.2209103836905],[-73.1825742142092,41.2209213843479],[-73.1824392145837,41.2209833839383],[-73.1823012143217,41.2210473837797],[-73.1822702141568,41.2210683839315],[-73.1822242142988,41.2210883845067],[-73.1820472141162,41.2211923839961],[-73.1819202141048,41.2212683843594],[-73.181713214184,41.2213823842991],[-73.1814022145555,41.2215553839147],[-73.1810902139635,41.221717383945],[-73.1808812139662,41.2218263843412],[-73.1807922141287,41.2218273839126],[-73.180525214136,41.2218333842873],[-73.1804372143145,41.221835384714],[-73.1803532141611,41.2218463843585],[-73.1801012141689,41.2218803842113],[-73.1800182139264,41.221892384745],[-73.1799702140221,41.2218933844922],[-73.1798282137691,41.2218993844804],[-73.1797812138729,41.2219013843853],[-73.1795922138827,41.2219173843929],[-73.1790292139287,41.2219663841447],[-73.1788872129478,41.2219793848038],[-73.1788412135747,41.2219833840563],[-73.178799213625,41.2219923846678],[-73.178775213414,41.2219993845797],[-73.1786762136916,41.2220223844498],[-73.1786352136886,41.2220323843478],[-73.1784852127608,41.2220673843524],[-73.1783612131375,41.2220953840542],[-73.1775392131017,41.2222863845016],[-73.1772652134168,41.2223503846638],[-73.1760482121705,41.2224393848919],[-73.1749302123477,41.2225213845777],[-73.173060211247,41.2224573846564],[-73.1729692119812,41.2224543848694],[-73.1728792121212,41.2224513849191],[-73.172709211176,41.2224453847942],[-73.1725402108519,41.2224393843244],[-73.1723922115495,41.2224343848267],[-73.1716762109567,41.222410384693],[-73.1712022104363,41.222577384593],[-73.1695462102175,41.2227723852602],[-73.1681212101883,41.2236453852567],[-73.1681102101881,41.2236523849539],[-73.1676942103663,41.2238953851923],[-73.1676092100182,41.2239453853289],[-73.1675232101187,41.2239953854464],[-73.1670662100033,41.2242623856325],[-73.1646852092169,41.2256553854194],[-73.16460720946,41.2256523858953],[-73.164404209139,41.2256693857562],[-73.1641922094342,41.225743386023],[-73.1639692083934,41.2258273854641],[-73.1634452088962,41.2260933860648],[-73.1632492082072,41.2261723854551],[-73.1631512083059,41.226218386205],[-73.1631052086272,41.2262353859866],[-73.1630272089265,41.2262763854261],[-73.1628092089938,41.2263733858188],[-73.1625342088681,41.2264853855001],[-73.1622792077895,41.2265773857239],[-73.1620212088265,41.2266863856848],[-73.1614442081133,41.2269303863806],[-73.1612492081076,41.2270133856868],[-73.1609922079099,41.227123386416],[-73.1609752077279,41.2271243857193],[-73.1609272074661,41.2271293862277],[-73.1609112074263,41.2271323863117],[-73.1602562083233,41.2273823859812],[-73.1582912066816,41.2281343865669],[-73.157637206427,41.2283853859915],[-73.1576612072487,41.228339386152],[-73.1576672075683,41.2283303864888],[-73.1577252068014,41.2281983860284],[-73.1577462075615,41.2281513865627],[-73.1578902073305,41.2277223862703],[-73.1579012066443,41.2276903859356],[-73.1580152067545,41.2272723859027],[-73.1581622065881,41.2270813861836],[-73.1584172070844,41.2269453861327],[-73.1586622067976,41.2268043859531],[-73.1587202068322,41.2267533858934],[-73.1587412068188,41.2267353858285],[-73.1588202069099,41.2265373858227],[-73.1589112069093,41.2263463861324],[-73.1589312076218,41.2262943862611],[-73.1589952073785,41.2261383858457],[-73.1590162077166,41.2260873854769],[-73.1590282067528,41.2260433857834],[-73.1590392072748,41.226006386081],[-73.1590852077056,41.2259423858305],[-73.1590992070612,41.2259303860437],[-73.1591342075184,41.2259013856008],[-73.1592652068364,41.2258083861549],[-73.1592952076286,41.2257873859469],[-73.1595002068617,41.2257233858966],[-73.159730206993,41.2257183856014],[-73.1598402079047,41.2257173857576],[-73.1598912072999,41.2257103858866],[-73.1600502070971,41.2256863859772],[-73.1601592075476,41.2256713857563],[-73.1603072077688,41.2255793858018],[-73.1603632076014,41.2255133853206],[-73.1604142080234,41.2254373853349],[-73.1604292080818,41.2254193857601],[-73.160477208046,41.225366385659],[-73.1605512075107,41.2253163852912],[-73.1606302072726,41.2251823855214],[-73.1606982080332,41.225098385223],[-73.160721207602,41.225071385811],[-73.1610882076619,41.2245743854082],[-73.1611512082521,41.2244533856666],[-73.1612732081321,41.2242203850515],[-73.1612812081258,41.2242023853034],[-73.1613092076431,41.2241503850682],[-73.1613182073855,41.2241333857161],[-73.161363207817,41.2240083850487],[-73.16142620841,41.223831385823],[-73.1614732075189,41.2236273849378],[-73.1614972076159,41.2235263853277],[-73.161504208181,41.2234983852566],[-73.1615632080257,41.2233183856534],[-73.1617442078285,41.2227813851229],[-73.1618042076523,41.2226033852642],[-73.1618932082666,41.2222163849705],[-73.1619012085464,41.2221833847255],[-73.1620142080506,41.2218483848612],[-73.1621212079628,41.2216623853664],[-73.1622682075896,41.2214863851511],[-73.1624702086794,41.2212123851038],[-73.1624782086919,41.221196385145],[-73.1625662078742,41.2210283850829],[-73.1626672084168,41.2208483847117],[-73.1626932076068,41.2207233844522],[-73.1627322085423,41.2205373846264],[-73.1627892084651,41.220354384966],[-73.1628282075616,41.2202333843616],[-73.1626512079193,41.2197023841644],[-73.1623332078495,41.218747384124],[-73.1621212080896,41.2181103840538],[-73.1619452077176,41.2175803840112],[-73.1611862069939,41.215263383755],[-73.1610892072647,41.2149643840598],[-73.1609792068899,41.2146293835925],[-73.1603792065155,41.2127963837322],[-73.1600152065157,41.2116833829492],[-73.1590422056859,41.2082723826825],[-73.1589272066321,41.2078683827443],[-73.1581562055628,41.2060043816234],[-73.1579892053666,41.2054383821741],[-73.1578772054577,41.2050583816299],[-73.157040205644,41.2022233812136],[-73.1567612047886,41.2012783814434],[-73.1567312054883,41.2012003810307],[-73.1567012050732,41.2011223815143],[-73.1565212055283,41.200655381026],[-73.1564612048443,41.2005003813629],[-73.1563602050966,41.2002383809629],[-73.1560572047695,41.1994523810197],[-73.1559572051841,41.1991913806987],[-73.1558872043322,41.1989603810547],[-73.1556772047439,41.1982673809418],[-73.155608204892,41.1980363802703],[-73.155459203987,41.1975633801625],[-73.155015204072,41.1961443805987],[-73.1548672036185,41.1956713797455],[-73.1547842039933,41.1954973801914],[-73.1545382039798,41.1949773803475],[-73.1544932039394,41.1948833801868],[-73.1544562041293,41.1948043801106],[-73.1544622045061,41.1947563797123],[-73.1544752042108,41.1946603798843],[-73.1544772040912,41.1946433796604],[-73.1545352039465,41.1942313796492],[-73.1545552040823,41.1940883798596],[-73.1545782033915,41.1939503795208],[-73.1546492038965,41.1935383793701],[-73.1546732043919,41.1934013794575],[-73.1545322041324,41.1933403797228],[-73.154111204025,41.1931573796161],[-73.1539712037658,41.1930963792618],[-73.1538742037052,41.1929773797917],[-73.1537872040282,41.1927733800684],[-73.153773202998,41.1927243796729],[-73.1537952030845,41.1926853794816],[-73.1538202036046,41.192541379775],[-73.1538312036528,41.1924773797957],[-73.1538972039236,41.1922523791694],[-73.1539692034269,41.1921373797128],[-73.154151204067,41.1920213793263],[-73.1542532034007,41.1919083798285],[-73.1542752040406,41.1918843791145],[-73.1542822041724,41.1918353792922],[-73.1543692043055,41.1917913796011],[-73.1545822033347,41.1917553795343],[-73.1547042037651,41.1917363790478],[-73.1548132040483,41.1916543790324],[-73.1549662043777,41.1913133791523],[-73.1550242036117,41.1910013792611],[-73.155002203562,41.1909133794341],[-73.155024203677,41.1907923792649],[-73.155022203553,41.1907683796389],[-73.1550092041577,41.1904743788335],[-73.1550732032842,41.1903963791657],[-73.1551042041271,41.1903583787448],[-73.1551272044498,41.1903263792883],[-73.155177203717,41.1902603789202],[-73.1551702043575,41.1901113786061],[-73.1551542032969,41.190079378612],[-73.1551162041253,41.1900003786669],[-73.1550102041758,41.1897823785997],[-73.1548962032355,41.1893933793192],[-73.1548872037664,41.1893593789319],[-73.1548212040298,41.1888653791811],[-73.1548652038974,41.1887283786298],[-73.1549602032266,41.1881353788473],[-73.1550622034632,41.1879593790687],[-73.1551562040367,41.1876633784669],[-73.1551842035747,41.1875153788084],[-73.1551932038962,41.1874713782896],[-73.1550772031444,41.1872073785316],[-73.155069203349,41.187059378515],[-73.1551422036543,41.1869113788682],[-73.1551382037971,41.1868353785262],[-73.1551332037439,41.1867393783816],[-73.1550642036195,41.1866293787951],[-73.1550252030452,41.1865653783349],[-73.1549732037866,41.1862643786198],[-73.1549452038494,41.1861023781696],[-73.1548652036496,41.1856403783336],[-73.1548162029015,41.1853613783536],[-73.1548152040366,41.1853513779646],[-73.1547652034366,41.1850613780812],[-73.1547322038381,41.1848273778109],[-73.1546782036242,41.1844463779304],[-73.1544682028018,41.1838693783123],[-73.154461203584,41.1838423780583],[-73.1544872035469,41.1836913781214],[-73.1546142031884,41.1835623780405],[-73.1545742027326,41.1835443774037],[-73.1542982027861,41.1832613778194],[-73.1542262035669,41.1831383778146],[-73.1542322028571,41.1830383776879],[-73.1543522034846,41.1824743777284],[-73.1544752030497,41.1819553774735],[-73.1544952033309,41.1818383778626],[-73.1545662027769,41.1816153777523],[-73.1547222033245,41.1811153777684],[-73.1547632027521,41.1810363772438],[-73.1548082031058,41.1809623771128],[-73.1549502037639,41.1803123773247],[-73.155136202842,41.180051376978],[-73.155291202903,41.1798353768867],[-73.1552952032008,41.1797753769606],[-73.1553202035959,41.1794393769816],[-73.155284202692,41.1789563769402],[-73.1552962031904,41.1787993771836],[-73.1553212038121,41.1784753764925],[-73.1553282037173,41.1783913772091],[-73.1553312027918,41.1783743770091],[-73.1554002027774,41.1780793767112],[-73.1554252033282,41.1779813765435],[-73.1556192038152,41.1777343767893],[-73.1556992038402,41.177652376863],[-73.1566002033104,41.1767343767006],[-73.1569012032715,41.1764293766592],[-73.1572192037215,41.1760793759231],[-73.1573062032855,41.1759833759369],[-73.1581732037124,41.1750333761693],[-73.1583282037752,41.1748633763976],[-73.158491203976,41.1746843758113],[-73.1585492043032,41.1746133757143],[-73.1587252039499,41.174403375582],[-73.1587842039305,41.1743333757851],[-73.1588462045719,41.1742713755801],[-73.1590332041814,41.1740883759731],[-73.1590962045113,41.1740273760496],[-73.1591382044436,41.1739743760322],[-73.1592642047625,41.1738183761629],[-73.1593072045752,41.1737663755982],[-73.1589182044204,41.1736993757687],[-73.1587552037193,41.1736713756944],[-73.1588242044397,41.1734933759741],[-73.159649204405,41.1713983748188],[-73.1599242046657,41.1707003752371],[-73.16020520381,41.1698923749444],[-73.1610512047472,41.1674703748216],[-73.1613332047398,41.16666337459],[-73.1614022049924,41.1664843745908],[-73.1616132047602,41.1659473743353],[-73.1616832047453,41.1657693736496],[-73.1618072039953,41.1654493737192],[-73.1621832046987,41.1644913738223],[-73.1623092047822,41.1641723736896],[-73.1627312045875,41.162849373614],[-73.1632822050206,41.1611253732446],[-73.1633922043488,41.1607953730785],[-73.1635612042106,41.1604183731776],[-73.1640722044552,41.1592893725893],[-73.1642422048449,41.1589133728922],[-73.1642672046706,41.1588513731022],[-73.1643432046343,41.1586683730562],[-73.1643692046515,41.1586083722078],[-73.1643772054998,41.1584803728321],[-73.1644022050661,41.1580963728819],[-73.1644112045771,41.1579693720752],[-73.164679204538,41.157236372542],[-73.1654872046895,41.1550373715185],[-73.1657562055298,41.1543053714045],[-73.168575205558,41.1539643712766],[-73.1770362090658,41.1529443706958],[-73.1798562095897,41.1526053708396],[-73.1811592095741,41.1522023704669],[-73.1850712114546,41.1509973708328],[-73.1863752121215,41.1505953703488],[-73.1933112138942,41.1484563692328],[-73.2080792186589,41.143904368191],[-73.2141212196003,41.1420413677563],[-73.2210582226863,41.1399043670943],[-73.2233732231115,41.1404293674407],[-73.2303202256691,41.142004366837],[-73.2326362258535,41.1425303672357],[-73.233124226484,41.142834366784],[-73.2333832268082,41.1429953671788],[-73.2336122266593,41.143137367467],[-73.2338432265298,41.1432803673375],[-73.2340742264873,41.1434243671438],[-73.2347942270431,41.1437793670619],[-73.2348522264275,41.1439963671961],[-73.2349112270592,41.1442143670541],[-73.2349952266437,41.1445283676274],[-73.2350792267537,41.1448413677348],[-73.2344312263337,41.1460903678756],[-73.2328572269069,41.1476123678125],[-73.2328982265929,41.1478243684499],[-73.2329172262666,41.1479283684481],[-73.2329382268393,41.1480353683917],[-73.2329812263003,41.1482583685434],[-73.233023226341,41.1484803679986],[-73.2330922269813,41.1488383679842],[-73.2331002260192,41.1488803680634],[-73.2331612262482,41.1491973683293],[-73.2331352260173,41.1492703687001],[-73.2331352268515,41.1493023688698],[-73.2331422271345,41.1495283683076],[-73.2331962268914,41.1496163688149],[-73.2332572265333,41.1497083683173],[-73.2333442272306,41.1501873682759],[-73.2334132271605,41.1505613690366],[-73.2335702265988,41.1514143688949],[-73.2336082267549,41.1516273688309],[-73.2336332272327,41.1517603692971],[-73.2336972271091,41.1521073685332],[-73.2338472272037,41.152125368586],[-73.2339962266771,41.1521433690768],[-73.236093227528,41.1523953691163],[-73.236174228153,41.1525043689606],[-73.236923228052,41.1535113694636],[-73.2372202284017,41.1536693693206],[-73.2372212277085,41.1537373688071],[-73.2372212286708,41.1538053689461],[-73.237223228634,41.1540143691505],[-73.2372242287506,41.1542223696122],[-73.2372282279692,41.1546913696655],[-73.2372292283569,41.1548123695959],[-73.2372302287482,41.1549333695255],[-73.2372302284531,41.1551423692359],[-73.2367792281551,41.1554173696491],[-73.235329227708,41.1563023699264],[-73.2338782275581,41.1571863698396],[-73.2311722260634,41.1597193703413],[-73.2301572258896,41.1606323711092],[-73.2301262257884,41.1606483707966],[-73.2299942265257,41.1607343703869],[-73.228861226287,41.1614693705466],[-73.228136225526,41.1621533714926],[-73.2280432260189,41.1622413712859],[-73.2279862258813,41.1623123713252],[-73.227581225628,41.1628303708853],[-73.2274472250478,41.1630033708716],[-73.2274542259684,41.1631473710603],[-73.2274752253407,41.1635793716308],[-73.2274772255435,41.1636063713267],[-73.2274652256267,41.163723371669],[-73.2274272260898,41.1641103719521],[-73.2271252253785,41.1643023717826],[-73.2270122257494,41.1643493712066],[-73.2260182255473,41.1647613716068],[-73.2256282253856,41.1647693714887],[-73.2254742248517,41.1649773716738],[-73.2254462256099,41.1651573715285],[-73.2254292251677,41.1652713714179],[-73.2253832250559,41.1655083715266],[-73.2253652249885,41.1656063718943],[-73.2250622246646,41.1658263715944],[-73.2245402249887,41.1659303716632],[-73.2244962244874,41.1659763717558],[-73.2244252242328,41.1660543723234],[-73.2244182242544,41.1663053724443],[-73.2244102248096,41.1666003716972],[-73.2243662250813,41.1666163724062],[-73.2240542245816,41.1667353719574],[-73.2236422243913,41.1668833723253],[-73.2235602247255,41.1671213725759],[-73.2235422242169,41.1671763726445],[-73.223578225109,41.1674583726086],[-73.2235982245516,41.1676163724162],[-73.223603224767,41.1676533727225],[-73.2234292248545,41.1679033723412],[-73.2233232247007,41.167991372503],[-73.2232022246449,41.1680953725652],[-73.2231152250629,41.16816837258],[-73.223084224303,41.1681953729037],[-73.2229662247847,41.1682953722145],[-73.2228682246121,41.1683783728884],[-73.2228552238145,41.1683883720952],[-73.2227692245084,41.1684623726058],[-73.2227322239433,41.1684923727172],[-73.2226322238126,41.1685773723433],[-73.2226232242235,41.1685853721995],[-73.2225902241424,41.1686193726274],[-73.2223852242628,41.1688203729975],[-73.2223022239208,41.1689033724429],[-73.2222702243938,41.1689363727486],[-73.2223742247353,41.1691903728035],[-73.2230342247492,41.1694953725649],[-73.2231132240345,41.1696423725116],[-73.2232462244433,41.1698903727719],[-73.223252224616,41.1700143729139],[-73.2232822242506,41.1706063732883],[-73.2235642252645,41.1711433728126],[-73.2238422252151,41.1711753730226],[-73.2240102255038,41.1711353731356],[-73.2241462249708,41.170885372698],[-73.2239272246221,41.1705293727408],[-73.2237022245817,41.1701643729316],[-73.2242492252067,41.1698363723283],[-73.2245712246856,41.16957437303],[-73.2251822253488,41.1696263722453],[-73.2252912254566,41.1696983728956],[-73.2252512251062,41.1698233727363],[-73.2250062250913,41.169959372325],[-73.2246262246921,41.1703043728467],[-73.224490224986,41.1705263726528],[-73.2246142246942,41.1707243726],[-73.2247792255965,41.170825372539],[-73.2250382250369,41.1708293727607],[-73.2253582259044,41.1706803731707],[-73.2255792257594,41.1703853725232],[-73.22572322536,41.1701953724576],[-73.2257942249506,41.1696213728935],[-73.2259092258273,41.1694973727003],[-73.2260232254005,41.1694673725176],[-73.2263762260005,41.1693783726742],[-73.2267352259395,41.1691033726966],[-73.2270502259688,41.1690433723278],[-73.2273512254906,41.1689863721975],[-73.2276842265235,41.1689923725134],[-73.2278082255995,41.1692383728344],[-73.2277942260012,41.1692933721676],[-73.2276342261783,41.1694413727844],[-73.2272562253004,41.1695683726115],[-73.2271762256502,41.1696343725354],[-73.227097225749,41.1696783729881],[-73.2271182260411,41.1697543723257],[-73.2271762264277,41.1697823728671],[-73.2273942260074,41.1698313730205],[-73.2275622261749,41.1698973722311],[-73.2275802263566,41.1699143722534],[-73.2276712263377,41.1700013725466],[-73.227685226093,41.1700893724799],[-73.2276562260275,41.1702323731038],[-73.2275762255931,41.1703033725935],[-73.2274752254714,41.1703363725613],[-73.2270532256271,41.1705013724042],[-73.2270032259605,41.170622372466],[-73.2270682260568,41.1708583725515],[-73.2271922254934,41.1710613726239],[-73.2272352264093,41.1711493731435],[-73.2272502261949,41.1712483733226],[-73.227221225847,41.171346373036],[-73.2271342263848,41.1714343730532],[-73.2269442261957,41.1715413725679],[-73.226814226111,41.1716163727159],[-73.2266692258573,41.1718243728589],[-73.2265542254522,41.1719453734926],[-73.2265172259723,41.1719843729916],[-73.2263632257582,41.17207937342],[-73.2263022255807,41.1721183728721],[-73.2260162252143,41.1722973733354],[-73.2257762254885,41.1724893732628],[-73.2257542260472,41.1725443731908],[-73.2257542260931,41.17271937341],[-73.2257402255523,41.1727593728145],[-73.2257032250938,41.1728683728552],[-73.2256832256717,41.1730593734749],[-73.2256742252557,41.1731423736626],[-73.2257622256314,41.173345373711],[-73.225798225076,41.1734003736606],[-73.2258072254146,41.1735173737054],[-73.2258132252419,41.1735923731442],[-73.2257262256917,41.1737243733341],[-73.2254932259724,41.1739163732198],[-73.2252462251873,41.1740483736514],[-73.224876225059,41.1741253735605],[-73.2246802247652,41.1741313738462],[-73.2246042248359,41.1741183734553],[-73.2241232246375,41.1740383738589],[-73.2240182252212,41.1740213737554],[-73.2238662251527,41.1740103735023],[-73.2236912256038,41.1741643735777],[-73.2235952249187,41.1742293737859],[-73.2234162250719,41.1743513736873],[-73.2233432244555,41.174515373615],[-73.2233292245422,41.1746643736796],[-73.2232052245669,41.1750263741704],[-73.2230672243902,41.1751693742736],[-73.2228932247137,41.1754543741547],[-73.2229152253856,41.1755043741694],[-73.2229372248157,41.1757833741694],[-73.2229432252261,41.1758083736892],[-73.2230172253112,41.1761183744239],[-73.223075225195,41.1762503742227],[-73.2230822246515,41.17636537382],[-73.2230732247654,41.1763933744418],[-73.2230392253377,41.1764973744762],[-73.2229082251403,41.1766343745394],[-73.2225212251541,41.1769053744812],[-73.2222042241969,41.1771293742982],[-73.2221022248649,41.1772613741521],[-73.221608224724,41.177716374173],[-73.2213322241781,41.1778763742565],[-73.2209112239863,41.1780903745144],[-73.2206542238826,41.1782393740857],[-73.2199882235886,41.1786293744758],[-73.2192762244213,41.1790453746092],[-73.2192472235777,41.1790953747619],[-73.2192692240692,41.1793753748331],[-73.2192132244841,41.1796123744183],[-73.2191972244456,41.1796823750723],[-73.2191902241451,41.179927374885],[-73.2191892244813,41.1799683745342],[-73.219124223804,41.1803193751518],[-73.2191832233662,41.1806263746259],[-73.2193062238373,41.1808573748815],[-73.2194662235736,41.1811153752163],[-73.21961922359,41.1814283754505],[-73.2196482239519,41.1814883756076],[-73.2196342238986,41.1816153753925],[-73.2195542245729,41.1817413756165],[-73.2195252246338,41.1817793755677],[-73.2194522238031,41.1818233748092],[-73.219161223936,41.1818893749076],[-73.2189002245142,41.1819003753454],[-73.2186312240613,41.1819993753184],[-73.218442224134,41.1821863754528],[-73.2179992238129,41.1827183756008],[-73.2178342238352,41.1827853757221],[-73.2177702239595,41.1828123753467],[-73.2177872241681,41.1828433757319],[-73.2178502241546,41.1829763751569],[-73.2178942237674,41.1830583753381],[-73.2180132231393,41.1832923755931],[-73.2181202236539,41.1834783751983],[-73.2181562237649,41.1835503752416],[-73.2183122237187,41.1838333755152],[-73.2183372234771,41.1838733754454],[-73.2183592235164,41.1839243758039],[-73.2184152239637,41.1840353759521],[-73.2184422244841,41.1841003757703],[-73.2185422236025,41.1842743754888],[-73.218693223469,41.1845623760951],[-73.2187192239513,41.1846093755151],[-73.2188522237668,41.1848943755476],[-73.2190122240203,41.1852113755405],[-73.2190992247106,41.1853813760607],[-73.2191442242837,41.1854723761255],[-73.2192802238968,41.1857483759969],[-73.2193262240447,41.1858403758827],[-73.2193452237715,41.1858793764039],[-73.2194022243445,41.1859983760335],[-73.2194222242367,41.1860383764353],[-73.219491224166,41.1861823762981],[-73.2195972243048,41.1864023758881],[-73.2197122250337,41.1866103759866],[-73.219790224109,41.1867513762443],[-73.2198412247344,41.1868693764892],[-73.2198542250435,41.1868883765376],[-73.219925224035,41.1869963761772],[-73.220062224074,41.1872933766232],[-73.2201262250186,41.1874323766554],[-73.2201802249448,41.1875343760925],[-73.2202072244328,41.1875863766497],[-73.220324225202,41.1878513760803],[-73.2203722244277,41.1879573764714],[-73.220343225267,41.1880303760566],[-73.2202582251072,41.1882483760618],[-73.2202302246257,41.1883223764085],[-73.2201582247412,41.1885183763068],[-73.2200742250969,41.1887463769109],[-73.2200352248948,41.1888523765511],[-73.2200362245328,41.1890383767627],[-73.2200372241765,41.1892243769719],[-73.2200032250095,41.1895963767267],[-73.219987224181,41.1897823765445],[-73.2199672242587,41.1899473763694],[-73.2199092252884,41.1904423765945],[-73.2198912252261,41.1906083766814],[-73.2198702244281,41.1907673773135],[-73.2198382251094,41.1910133774122],[-73.2198222243711,41.1912453773832],[-73.2198122245755,41.1914063768259],[-73.2197732251191,41.191600376958],[-73.2197672247602,41.1916883769987],[-73.2197592248667,41.1918193770553],[-73.2197352253106,41.1919503770786],[-73.2197202249153,41.1920383771529],[-73.2197042246518,41.1921603776767],[-73.2196792252941,41.1923593771832],[-73.2196662250104,41.1925303775672],[-73.2196582245088,41.1926543775416],[-73.2196252253292,41.1929473777317],[-73.2195282252106,41.1938283779972],[-73.2194972252084,41.1941223775147],[-73.219493224405,41.1942063776389],[-73.2194812244341,41.1944613773834],[-73.2194782249866,41.1945463773928],[-73.219472225062,41.1946913774301],[-73.2194702251318,41.1947013778872],[-73.2194202243875,41.195167377493],[-73.2194042253212,41.1953233778775],[-73.2193622248061,41.1958123780141],[-73.2193042254678,41.1964943777925],[-73.2192022255412,41.1972793780847],[-73.2191402250755,41.1977673786482],[-73.2191982252567,41.1978563785703],[-73.219245225459,41.1979743783175],[-73.2192612252541,41.1980033781807],[-73.219367224627,41.1981893788456],[-73.2195192247209,41.1983883785617],[-73.2197472251678,41.1986143783646],[-73.2197592248196,41.1986253784635],[-73.2199562248063,41.1988073787938],[-73.2200062254197,41.1988523784688],[-73.2201572256867,41.1989903789484],[-73.220208225672,41.1990363784257],[-73.2202432254939,41.1990813784201],[-73.2203792256728,41.1991983788358],[-73.2205942253228,41.1993843785843],[-73.2208872253339,41.1996933783683],[-73.2210502262905,41.1998663790348],[-73.2214252263406,41.2003123784909],[-73.2215012258541,41.2004023791147],[-73.2219282262456,41.200950378516],[-73.2219972255064,41.2010273791376],[-73.2224942260247,41.2016043791287],[-73.2225422260058,41.2016583787162],[-73.2229282262892,41.2020963787025],[-73.222977225931,41.2021613792243],[-73.2230642269933,41.2022773787272],[-73.2231002260716,41.2023723790742],[-73.2231302265639,41.2024493790933],[-73.2232372262257,41.2025583794385],[-73.2234372269774,41.2027613796036],[-73.2235382267979,41.202902379324],[-73.2236282269067,41.2030273794489],[-73.2239102268598,41.2033463796023],[-73.2241442265918,41.2036313790658],[-73.2244102274211,41.2038843794936],[-73.2244272269388,41.203927379124],[-73.2250382268654,41.204660379315],[-73.2256442270546,41.2053233792889],[-73.2261402275794,41.2059313799338],[-73.2262392274879,41.2060443799425],[-73.2263852278118,41.2062103798153],[-73.2265332274822,41.2063863796295],[-73.2266312275231,41.2065013797532],[-73.2267342274339,41.2066173800664],[-73.227044227802,41.2069683801678],[-73.2271052283593,41.2070383794942],[-73.2271342286453,41.2070953801362],[-73.2272072276133,41.2071793799279],[-73.2274272284021,41.207431380239],[-73.2275012284904,41.2075153801692],[-73.2283152289853,41.2084463799275],[-73.2287192290117,41.2089083802623],[-73.2288342292683,41.2090183801443],[-73.2289412289695,41.2091593806249],[-73.2291202291977,41.2093533805209],[-73.2292832284408,41.2095573799781],[-73.2293302284645,41.2096283804345],[-73.2295352293496,41.209888380579],[-73.2297932292962,41.2101953802085],[-73.23007422958,41.2105453807904],[-73.2307482298173,41.2112423809457],[-73.2312472300167,41.2117903808914],[-73.2314312292252,41.2119443808873],[-73.2315852303707,41.2121503806122],[-73.2317292300477,41.2122603807126],[-73.2318922298156,41.2124513803397],[-73.2319242298585,41.212483380675],[-73.232226229755,41.212777380694],[-73.232871230552,41.2134883808958],[-73.2329012300422,41.2135323806347],[-73.2331732301116,41.2139263812837],[-73.2338592302252,41.2146963810046],[-73.2340812310125,41.2149723813202],[-73.2345532306644,41.2155603816859],[-73.23506223074,41.2161943810203],[-73.2355822319533,41.2169153810862],[-73.2358092319969,41.2171903816691],[-73.2360282321748,41.2174693813424],[-73.2363842314736,41.2178983816999],[-73.2366802324306,41.2182143817043],[-73.2369092319763,41.2184583818829],[-73.2372122323111,41.2187783820325],[-73.2376202322139,41.2192343821359],[-73.2381072329159,41.2197243823573],[-73.2384092323563,41.2200293822043],[-73.2389252333203,41.2205493822985],[-73.2389422331874,41.2205663821149],[-73.2390272331576,41.220677382418],[-73.2393772323502,41.2211323824058],[-73.239496233054,41.2212603823463],[-73.2399672334708,41.2217673823112],[-73.24010423341,41.2219273820285],[-73.2402452326807,41.2220803823977],[-73.24032823337,41.2221783824695],[-73.2404612328416,41.2223453827553],[-73.2405682329302,41.2224793822579],[-73.2414232342881,41.2235853825015],[-73.2414842343099,41.2236633827666],[-73.2419062335237,41.2241143830171],[-73.242071233396,41.224290382517],[-73.2424322341049,41.2246673824575],[-73.2425782339149,41.2248543826787],[-73.2427782346464,41.2251113831542],[-73.2430232344981,41.2254123833026],[-73.2431742341165,41.2255973829506],[-73.2432772342448,41.2256843831189],[-73.243380234023,41.225790382592],[-73.2434192349741,41.2258303833245],[-73.2437212345114,41.226119382727],[-73.2438342351289,41.226228383058],[-73.2439792345683,41.2263893827583],[-73.2441692351875,41.2266003833078],[-73.2440952350489,41.226605383304]]]},"properties":{"OBJECTID":25,"TOWN_NO":15,"TOWN":"Bridgeport","GRACE_PERIOD":"No"}},{"type":"Feature","id":26,"geometry":{"type":"Polygon","coordinates":[[[-72.1285088813671,41.3585064462653],[-72.1284438819361,41.3611014469496],[-72.1284228816144,41.3619664467016],[-72.1283868824218,41.3631154471081],[-72.1283788814203,41.3633644468988],[-72.128320881507,41.3653144476188],[-72.1279238813994,41.3657404476955],[-72.1274488812625,41.3662114476272],[-72.1266338818713,41.3670224480616],[-72.1265048821405,41.3671484479783],[-72.1261208812323,41.3675284477423],[-72.1259928811107,41.3676554484108],[-72.1258128818447,41.3677994481479],[-72.1252728815259,41.3682344486321],[-72.1250938806681,41.3683794485734],[-72.1250158817619,41.3684484485132],[-72.1247818816607,41.3686554479977],[-72.1247048813126,41.3687254481573],[-72.1246618807646,41.3687744480513],[-72.1245338815792,41.368921448601],[-72.124491881197,41.368971447972],[-72.1243778804071,41.369098448451],[-72.1243028804382,41.3691844483822],[-72.1240388814151,41.3694824487612],[-72.1239258804075,41.3696114487251],[-72.1237598811721,41.3697184487178],[-72.1232648804956,41.3700384488419],[-72.1231008811761,41.3701464483986],[-72.1229628804472,41.3702254488734],[-72.122551880117,41.3704624486194],[-72.1224148808501,41.3705424489042],[-72.1223928804233,41.3705624488879],[-72.1223278806734,41.370623448381],[-72.1223068806,41.3706444488094],[-72.1222798802379,41.3706914490464],[-72.1222408803279,41.370762448793],[-72.1222008809477,41.3708344488485],[-72.122174880848,41.3708824486218],[-72.1221228806119,41.3709774486608],[-72.1219668801884,41.3712624486362],[-72.1219158797577,41.3713584490412],[-72.1218248807788,41.3714104491546],[-72.1216818801886,41.3714924489014],[-72.1215848797515,41.3716014489778],[-72.1215168798804,41.3716794490099],[-72.118404879191,41.3746744495282],[-72.1177618794281,41.3752904495279],[-72.115380878282,41.3775744503149],[-72.1147808788281,41.3781514501627],[-72.1129818782701,41.3798814505357],[-72.1123828774443,41.3804584506569],[-72.112058878094,41.3807694508525],[-72.1110898770596,41.3817004510845],[-72.1107668767379,41.3820114514133],[-72.1106228776139,41.3821484515235],[-72.1101928772907,41.3825574512289],[-72.1100488766643,41.382695451904],[-72.1097888768183,41.3829464515628],[-72.1096988765767,41.3829674518346],[-72.1090348772312,41.3831194519785],[-72.1089548773296,41.3831364519529],[-72.1070798758473,41.3835544520961],[-72.1066328762513,41.3836544516477],[-72.105722875784,41.3838624515545],[-72.1056788752326,41.3838724514771],[-72.1055438761753,41.3839024523164],[-72.1055008759315,41.3839134518762],[-72.1053588759269,41.383945451769],[-72.1048148758056,41.3840664521608],[-72.104356875872,41.384169452422],[-72.1030308746273,41.384466452543],[-72.1026928745614,41.3845394519741],[-72.1005598743999,41.3850164519377],[-72.0993308736895,41.3852904524639],[-72.0991368735854,41.3853324526232],[-72.0985538734241,41.3854584526666],[-72.0983598730519,41.3855014528058],[-72.0972718731176,41.3858024529354],[-72.0962588730425,41.3860824522563],[-72.0941588724128,41.3866644528237],[-72.0940088721526,41.3867044528437],[-72.0935398719012,41.3868354526749],[-72.0929218712346,41.3870064531263],[-72.0929218721862,41.3867574531868],[-72.0929218719423,41.3865084532323],[-72.0929208715845,41.3861234529735],[-72.0929208721935,41.3845514522604],[-72.0929208714186,41.3834764518554],[-72.0929208719756,41.3825944520158],[-72.092920872166,41.3825064518352],[-72.093064871388,41.3799004518674],[-72.0932208709357,41.3771064514113],[-72.0926058713239,41.3751064503915],[-72.0916638706812,41.3720474498829],[-72.0916208700936,41.3719064503191],[-72.0905208699993,41.3696064493161],[-72.0903408701029,41.3692064493837],[-72.0898008693255,41.3680064494905],[-72.0896208699019,41.3676064492009],[-72.0893398700763,41.3669514491826],[-72.088497869635,41.3649854489511],[-72.0882178694822,41.3643314483989],[-72.0880558694517,41.3638014485074],[-72.0878388687644,41.3631424483059],[-72.0878158687082,41.3630224483534],[-72.0877488692064,41.3626614488077],[-72.0877268692467,41.3625424486938],[-72.0876208685524,41.3619064486686],[-72.08752586881,41.3611774483678],[-72.086996868394,41.3570734473931],[-72.0868208685854,41.3557064471107],[-72.0867378685727,41.3553394471277],[-72.0864898677232,41.3542414464512],[-72.0864078674571,41.3538754469199],[-72.0863948681935,41.3538164465401],[-72.0863808674491,41.3537594465556],[-72.0863488683321,41.3536214463801],[-72.086250868063,41.3531824468217],[-72.0861778678593,41.3528594468142],[-72.0861208679601,41.3526064463779],[-72.0860798678185,41.3519864465989],[-72.0860798670972,41.3519744463534],[-72.0860388676716,41.351341445875],[-72.0860368679879,41.3513084464622],[-72.0859788675718,41.3504074458853],[-72.0859598678458,41.3501264462378],[-72.0859208675568,41.349506446076],[-72.0861208678952,41.3492064454408],[-72.0867208672745,41.3481064460383],[-72.0866878672418,41.3478834451465],[-72.0858868674104,41.3424254443612],[-72.0856208664375,41.340606443929],[-72.0855608668553,41.3403264443967],[-72.0853808664439,41.3394864437284],[-72.085320866536,41.3392064440203],[-72.0850568663973,41.3374634435932],[-72.08498186596,41.3369684432249],[-72.0845988656442,41.3344284426081],[-72.0839688653489,41.3302554425168],[-72.0838778660054,41.3296494424537],[-72.0837548653046,41.3288344423011],[-72.0836318659709,41.3280184415337],[-72.0832628654622,41.3255784410593],[-72.0831688647956,41.3249594408118],[-72.0828948653743,41.3231394411931],[-72.082108864926,41.3179314399896],[-72.0820028648216,41.3172324397947],[-72.0817838645002,41.3157814390414],[-72.081321863849,41.3127234391771],[-72.0802148627413,41.3035564367169],[-72.0796498623675,41.2988704360819],[-72.0793538620889,41.298622435841],[-72.0687198584258,41.2897064349813],[-72.0645848571497,41.2858774342653],[-72.0621778556504,41.2839554338134],[-72.0601848552486,41.2823644333113],[-72.0551198527691,41.2780064330375],[-72.0551198534799,41.277726432786],[-72.0551198532156,41.2768864328717],[-72.0551198527328,41.2766064325826],[-72.0597858542225,41.276606432155],[-72.0686198580648,41.2766064321838],[-72.0737868592862,41.2765804322109],[-72.0784538605924,41.2765584319414],[-72.0805868614434,41.2765474319844],[-72.0869858631595,41.2765164314388],[-72.0890858640544,41.2765064319895],[-72.089119863998,41.2765064318675],[-72.0900468647653,41.2785754315518],[-72.09107686479,41.2808714324558],[-72.0928308662321,41.2847824333809],[-72.0930348662796,41.2852364334953],[-72.0933978666722,41.2860444333796],[-72.0937598660978,41.286852433467],[-72.0953608665484,41.2906084343016],[-72.1001628690668,41.3018784358827],[-72.1012898703133,41.3045194370406],[-72.1014738703099,41.3049514362915],[-72.1015478700571,41.3049404364651],[-72.1018788694472,41.304891436353],[-72.1022108702001,41.3048424364459],[-72.1024258699395,41.3048804367904],[-72.1026408703157,41.3049174363345],[-72.1027998697182,41.304945437071],[-72.102858869994,41.3049244368372],[-72.1034248703461,41.3047294366611],[-72.1039058704585,41.3051614369816],[-72.103601871133,41.3057584366004],[-72.1035328706118,41.3057534370637],[-72.1028738700737,41.3057114367016],[-72.1026718705939,41.3058824364727],[-72.102469870045,41.306053436785],[-72.1020258705615,41.3064304366585],[-72.1017548700317,41.3067354366769],[-72.1016848699971,41.3068154372807],[-72.1013478704226,41.3082794370607],[-72.1013768704405,41.3084154375402],[-72.1014568704277,41.3088274378179],[-72.1015718705428,41.3090464375372],[-72.1019338699464,41.3093034374327],[-72.101989870592,41.3093444372848],[-72.1012148701131,41.3101974373284],[-72.1013318695569,41.3106604377786],[-72.1013988700015,41.3109184380909],[-72.1005988696615,41.3112494382975],[-72.1006378705218,41.3116504382363],[-72.100582869561,41.3131594379696],[-72.1024348713039,41.3155334384924],[-72.103181871182,41.3167274386086],[-72.1032288716127,41.3168474391251],[-72.1033318706835,41.3171114391778],[-72.1034348709629,41.3173744387347],[-72.1036658714077,41.3177034389486],[-72.1038488711249,41.3180494395663],[-72.1040528720358,41.3187804393399],[-72.1042268712357,41.3190594393693],[-72.1043228713887,41.3193674389899],[-72.1045038716288,41.3194934397162],[-72.1049188713217,41.3196754397415],[-72.1049768723994,41.3197584398605],[-72.1049848722826,41.3199384393374],[-72.1050578716222,41.3200704397276],[-72.1052328717591,41.3202324396231],[-72.1053348721088,41.320501439473],[-72.105334872156,41.3206274399958],[-72.1052328719715,41.3207864399721],[-72.1052548722614,41.3208414396992],[-72.1051678716664,41.3209744398259],[-72.1051738714621,41.3210364396745],[-72.1051818724341,41.3211004398687],[-72.1052698715103,41.3212964400414],[-72.1051228714384,41.3216524397055],[-72.1051028725273,41.3217024397885],[-72.1050808714223,41.3218364394466],[-72.1050978717567,41.3218644399626],[-72.1051608721564,41.3219694399009],[-72.1054158722327,41.322137439842],[-72.1056318719733,41.3225984398295],[-72.1086368734207,41.3285684413747],[-72.108491873089,41.3304304410928],[-72.1085968731032,41.3307634418674],[-72.1089118739667,41.331765441993],[-72.109017874317,41.3320994419941],[-72.1091728735821,41.3324884421943],[-72.1096378741154,41.3336554422881],[-72.1097938744667,41.3340454421229],[-72.1100528746974,41.3348414424047],[-72.110085874709,41.3349414419127],[-72.1101158744541,41.335034442608],[-72.1101288744761,41.3350764426184],[-72.1103538742888,41.3357654423558],[-72.1112718749917,41.3381224428178],[-72.1116658745856,41.3391334428148],[-72.1117248746157,41.3392634434884],[-72.111903874738,41.3396544433262],[-72.1119638754986,41.3397854435245],[-72.1120498755913,41.3401084434758],[-72.1123108751268,41.3410774433147],[-72.1123978760633,41.3414014434955],[-72.1126088759921,41.3418434438303],[-72.1132418762199,41.3431694440765],[-72.1134538755055,41.3436124441432],[-72.1137288758404,41.3438244439941],[-72.1145548768808,41.3444604441397],[-72.114830876084,41.3446724441211],[-72.1155278763771,41.3452914441863],[-72.117618877191,41.3471514446434],[-72.1183158776367,41.3477714447908],[-72.1188668781338,41.3485404448076],[-72.1190428777464,41.3487864447699],[-72.1196298780631,41.3495414444192],[-72.1208608783353,41.3505334446877],[-72.1215988794608,41.3511274454029],[-72.1229698798351,41.3524474456686],[-72.1232478794789,41.3527154451372],[-72.1237618796651,41.3532114454939],[-72.1248248804503,41.354297445197],[-72.1266028804162,41.3558284457534],[-72.1271498809644,41.3563324454927],[-72.1275058808318,41.3566604455791],[-72.1285308821322,41.3576424456547],[-72.1285088813671,41.3585064462653]]]},"properties":{"OBJECTID":26,"TOWN_NO":95,"TOWN":"New London","GRACE_PERIOD":"No"}},{"type":"Feature","id":27,"geometry":{"type":"Polygon","coordinates":[[[-72.9978581610235,41.3157244083832],[-72.9978321604897,41.3159534088855],[-72.9972981606714,41.3205824099683],[-72.9971121602683,41.3222024101877],[-72.9970511603305,41.3224824102785],[-72.9968701610618,41.3233254107098],[-72.9968101603835,41.3236074101276],[-72.9963911612238,41.3237584107285],[-72.9961231607687,41.3239024108121],[-72.9959181600546,41.3240634102249],[-72.9953411608868,41.3245734106055],[-72.9952671606125,41.3246394107952],[-72.9950411604945,41.324901411073],[-72.9933021596583,41.3260404106129],[-72.9889411581858,41.3289014115538],[-72.9887871588936,41.3299084121154],[-72.9887441591226,41.3301944118099],[-72.9872971580581,41.3312484118992],[-72.9856091572732,41.3325624121419],[-72.9852551581098,41.3328394128024],[-72.985016156955,41.3330254129734],[-72.9833111576487,41.3373154139235],[-72.9823831569919,41.3378014134066],[-72.9812741562465,41.3383844139749],[-72.9807331563074,41.3386374137804],[-72.9804711565907,41.3387594142239],[-72.9798261560507,41.3390064139173],[-72.9778931558684,41.3397514138418],[-72.9772491558981,41.3400004139308],[-72.9771671550273,41.3400604140805],[-72.9769191555851,41.3402474144167],[-72.9768411555107,41.3403054146751],[-72.9767681553766,41.3403394141057],[-72.9766951551695,41.3403734143901],[-72.9762861551594,41.3405644142925],[-72.9746231550636,41.3413424149872],[-72.9740691548925,41.3416024148241],[-72.9732921538094,41.3418624151687],[-72.9725671544071,41.342106415026],[-72.970963153755,41.342644414686],[-72.9701871528403,41.3429054148628],[-72.9703711538728,41.3431784154153],[-72.9709251542072,41.34399841539],[-72.971110154129,41.3442724149798],[-72.9714701543694,41.3448984154908],[-72.9717361542607,41.3453614157156],[-72.9718771545046,41.3456064154568],[-72.9725501546532,41.3467774158199],[-72.9729101549561,41.3474044156506],[-72.9728331543513,41.3474064156801],[-72.9728031544048,41.3474074158171],[-72.9727281543193,41.3474294156799],[-72.9726741545778,41.3474634160673],[-72.9726461544058,41.347481415862],[-72.9726261538978,41.34749241554],[-72.9725621541339,41.3475334162658],[-72.9717151544321,41.347618415533],[-72.9710141543383,41.3476894155926],[-72.9708561541477,41.3477064156536],[-72.9691761530554,41.3478904160463],[-72.9683301533973,41.3479834156448],[-72.968296153566,41.347980416238],[-72.9681941524217,41.3479734159976],[-72.9681611524863,41.3479714159179],[-72.9679681527687,41.3479374165181],[-72.967833152785,41.3479144160407],[-72.967719152925,41.3474804163823],[-72.9676701522082,41.3472924156359],[-72.9676521526973,41.347188415877],[-72.9676011531395,41.3468784161267],[-72.9675841525155,41.346775415727],[-72.9675531522294,41.3467194160345],[-72.9674351525971,41.3465084160047],[-72.9669891525845,41.3457094153878],[-72.9668411525968,41.3454434160482],[-72.96637715186,41.3450954156773],[-72.9661351517514,41.3449134158207],[-72.9654601523135,41.344427415176],[-72.9649581515679,41.3440934153925],[-72.9644611514614,41.3437964150363],[-72.964418151729,41.3441844156258],[-72.9642911517092,41.3453494156202],[-72.9642491521183,41.3457384154727],[-72.9641881512996,41.3464274157702],[-72.9633241513929,41.3465234159055],[-72.9631251510746,41.3465114159473],[-72.9627881512489,41.3462894159465],[-72.9627111515873,41.3462804159204],[-72.9620611511421,41.3463054162331],[-72.9619871511398,41.3467524156511],[-72.9612561512776,41.3490154167987],[-72.96043815038,41.3490364168179],[-72.9596441507085,41.3490584170161],[-72.9586441493813,41.3490874165309],[-72.9584131502597,41.3495344162664],[-72.957877149888,41.3502274166605],[-72.957746149376,41.3503984172948],[-72.9571691497124,41.3503614165304],[-72.9568011490547,41.3503384167842],[-72.9556981495879,41.3502704171366],[-72.9553311485059,41.3502484166529],[-72.9552621495024,41.35024341678],[-72.9547711490514,41.3501824167159],[-72.9546701483143,41.3501704170213],[-72.9532961480372,41.3493694164302],[-72.9528091486409,41.3490864171429],[-72.9532171481793,41.3484844163794],[-72.9539161485748,41.3474234164115],[-72.9536411482863,41.347223416209],[-72.9535331478727,41.3472924164254],[-72.953468148505,41.3473794162212],[-72.953377148548,41.347502416856],[-72.9532431479548,41.3475844163808],[-72.9531631482285,41.3476284168126],[-72.9531091479834,41.3476284161298],[-72.9529401483449,41.347578416868],[-72.9528321479819,41.3475834162116],[-72.9524901475138,41.3475674168703],[-72.9524071476215,41.3475824167727],[-72.9519021481016,41.3473534166813],[-72.9514831478634,41.3471154166396],[-72.9515261477587,41.3464614166355],[-72.9515081480597,41.3462914161286],[-72.9514751472768,41.3457824158645],[-72.9514551477023,41.3454664162651],[-72.9513591476729,41.3439554158054],[-72.9528681471926,41.343801415567],[-72.9551811487044,41.3423544157064],[-72.9551811479008,41.3420614154271],[-72.955209148128,41.3418504151574],[-72.9554901480651,41.3414444154578],[-72.9559171481582,41.3409214148934],[-72.9560921488463,41.3407654155345],[-72.9563781489252,41.3406914148754],[-72.9567761486398,41.3407064146752],[-72.9567851491936,41.340699414762],[-72.9568671490509,41.3406224148394],[-72.9569601492632,41.3405354147125],[-72.9571101493187,41.3403424146073],[-72.9571721494939,41.3402654145702],[-72.9571941484025,41.3402534153988],[-72.9569921493963,41.3398554150807],[-72.9558031484588,41.3388774143194],[-72.955557148026,41.3386744149207],[-72.9539751473954,41.3373744144015],[-72.9527541477218,41.3372424144344],[-72.9514931472984,41.3371064144711],[-72.9491391455788,41.3368524147918],[-72.94850114547,41.3367834142407],[-72.946849145396,41.336605414397],[-72.9461861446462,41.3365464142786],[-72.9461011455621,41.3365384144697],[-72.9453381445438,41.3364714145147],[-72.944438144634,41.3363924150645],[-72.943857144002,41.3363404144466],[-72.9431101436959,41.3362744144035],[-72.94295414385,41.3362564146784],[-72.9424891434542,41.3362024145972],[-72.9423341444568,41.3361854145195],[-72.9419751434058,41.3361294147248],[-72.941492143855,41.3360544149599],[-72.9408981433208,41.3359624143675],[-72.940539142895,41.3359074149501],[-72.9405431430724,41.3358904146165],[-72.9405541433461,41.3358544145256],[-72.9390041431982,41.3357524150642],[-72.9379151430006,41.3356734147349],[-72.9374271419049,41.3356464148089],[-72.9371781420994,41.3356334143106],[-72.9357001414258,41.3355234144395],[-72.935521142138,41.3355024146345],[-72.9351941419395,41.3354794143673],[-72.9351751421157,41.33532941477],[-72.9349071415059,41.3353104143989],[-72.9347021418722,41.3352904150989],[-72.9340871410164,41.3352324148429],[-72.9338831410451,41.3352134146446],[-72.9334391413166,41.3351714143611],[-72.9328671407114,41.3351194148072],[-72.9321081407672,41.3350484144269],[-72.9316651400669,41.3350074150632],[-72.9314191404828,41.3349864150579],[-72.9306851403645,41.3349244149484],[-72.9304401405223,41.3349044152392],[-72.9301901404812,41.3348824149225],[-72.9294421395605,41.3348184146163],[-72.9291931392783,41.3347974145331],[-72.9289761392563,41.3347774147506],[-72.9283291388154,41.3347184151922],[-72.9281131395876,41.3346994152914],[-72.927886139535,41.3346784151061],[-72.9272051390686,41.3346154145562],[-72.9269791386561,41.3345954150022],[-72.926562138401,41.3345764152492],[-72.9253131377479,41.3345194146382],[-72.9248971386907,41.3345014148726],[-72.923910138435,41.3344324150426],[-72.9209501371182,41.3342254153196],[-72.9199641370797,41.3341574146229],[-72.9197301359369,41.3341404146546],[-72.9190281358449,41.3340904149511],[-72.9190121359415,41.3340894147592],[-72.9187951362934,41.3340734152],[-72.9186641360262,41.3340584151687],[-72.9182711355891,41.334013415077],[-72.9181401357566,41.3339994148163],[-72.9178051353599,41.3339804150981],[-72.9168011357747,41.333926415126],[-72.9164671351961,41.3339094152859],[-72.9156591355377,41.3338324154862],[-72.9132351348511,41.3336004148803],[-72.9125301338739,41.3332004150566],[-72.9113071331021,41.3325364148091],[-72.9098231326234,41.3316214153193],[-72.9096731326259,41.3315154149593],[-72.9093211331286,41.3313504150697],[-72.9092721331531,41.3313174151263],[-72.9091251323297,41.3312184151712],[-72.9090771324673,41.3311864150262],[-72.9089671323425,41.3311204144423],[-72.908638133216,41.3309234146421],[-72.9085291326889,41.3308584144246],[-72.9074541321525,41.3302024143266],[-72.9064991322678,41.3296194150476],[-72.9027531307273,41.3273324138729],[-72.9025421307364,41.3272034138863],[-72.9000891299984,41.3276644144168],[-72.899668129747,41.3277444145976],[-72.8988451290521,41.3278994144099],[-72.8977531289861,41.3281064144122],[-72.8975021289869,41.3281454144283],[-72.8967511290792,41.3282634143877],[-72.8965011287529,41.3283034149017],[-72.8961811284649,41.3283714145667],[-72.8952241284057,41.3285794148762],[-72.8949051285148,41.3286494149484],[-72.894742127712,41.3286774151317],[-72.8942531273504,41.328765414866],[-72.89413512768,41.3287864152873],[-72.89409012819,41.328794414489],[-72.8935531282922,41.3288704148949],[-72.8933111280189,41.3289054145848],[-72.8928961272089,41.3280244150231],[-72.892511127759,41.3281604151564],[-72.8920011270485,41.3283414144683],[-72.8919391267194,41.3283684147993],[-72.8919071269989,41.3283834149435],[-72.8918141266462,41.3284254150049],[-72.891754127205,41.3284514150915],[-72.8916931274694,41.3284794153218],[-72.89224612748,41.3291054148579],[-72.8924071271155,41.3295904150003],[-72.892646127364,41.3303054154864],[-72.8909481274143,41.3309284157378],[-72.8905811273715,41.3310624152614],[-72.8902151268777,41.3311964150849],[-72.8896461270554,41.3314054151794],[-72.8895931269986,41.3314834158026],[-72.88917212674,41.3321154155866],[-72.8890091264036,41.3323604157084],[-72.8888461260355,41.3326054155901],[-72.8887551259334,41.3326054159165],[-72.8884841263243,41.3326064162158],[-72.8883941258377,41.3326074154174],[-72.8881481260954,41.3326024158397],[-72.887880126382,41.3326464161704],[-72.8863481259945,41.3329034155855],[-72.8859931251617,41.3329634164005],[-72.8858381259158,41.332986415965],[-72.8856581250448,41.3330234158603],[-72.885117125153,41.3331374161312],[-72.8849381254206,41.3331754158845],[-72.8847361251914,41.3332034161901],[-72.8841321244456,41.3332874162314],[-72.8839311242801,41.3333164161173],[-72.8838961248017,41.3333224159949],[-72.8837911242743,41.3333394160973],[-72.8837571243295,41.3333464160354],[-72.8836641245136,41.3333644158945],[-72.8833861251678,41.3334204163938],[-72.8832941243551,41.3334404164286],[-72.8831421245759,41.3334684161049],[-72.8829341250885,41.3335084165251],[-72.8826891246428,41.3335544165925],[-72.8825391249753,41.3335834162238],[-72.8819871242357,41.3336684163261],[-72.8818891238755,41.3336834166921],[-72.8818671237992,41.3336864160942],[-72.881813124747,41.3336954166848],[-72.8817361244947,41.3337074159768],[-72.8798541232136,41.333997416399],[-72.8792541239543,41.3340904165183],[-72.8791841237095,41.3341014166383],[-72.8791341228545,41.3341004167751],[-72.8785811230747,41.334084416549],[-72.8767721223452,41.3340324166922],[-72.876548122482,41.3340264161435],[-72.8761701229075,41.3340154163222],[-72.8749231222558,41.3341684165995],[-72.8711841211056,41.3346294165569],[-72.8699381203488,41.3347834168142],[-72.8696621197672,41.3348394170314],[-72.8691841196734,41.3350024167938],[-72.8669501191428,41.3357634173959],[-72.8662061188756,41.3360184170166],[-72.8650211186358,41.3360964170863],[-72.8642911192509,41.3361444174853],[-72.8632891188424,41.3360254173075],[-72.8622791177508,41.3362244172278],[-72.8603101174801,41.3366474171235],[-72.8604121172955,41.3364054170755],[-72.8607191174095,41.3356804175454],[-72.8608221170135,41.3354394174063],[-72.861094117361,41.3348484171638],[-72.8619121177679,41.3330764170165],[-72.8621861177644,41.3324864169238],[-72.8622661175756,41.3323054168085],[-72.8625051180554,41.3317624161824],[-72.8625861176867,41.3315824161154],[-72.8629171175076,41.3307664161271],[-72.863912118688,41.3283214162509],[-72.8642451177526,41.3275064158813],[-72.8646511183639,41.3267484156595],[-72.8658721183495,41.3244734151306],[-72.8662791184992,41.3237164145113],[-72.8663291184602,41.323594414993],[-72.866482118822,41.3232284150481],[-72.8665331183584,41.3231074147876],[-72.8666631183862,41.3228104148695],[-72.8670541188555,41.3219224142535],[-72.8671851192414,41.321626414849],[-72.8672191187061,41.3215034146906],[-72.8672581182407,41.3213634139171],[-72.8672981182483,41.3211284147515],[-72.867320118377,41.3210034143891],[-72.8673701185775,41.3208904141063],[-72.8675211190581,41.3205534146341],[-72.8675721188714,41.3204414145028],[-72.8676031183233,41.3203054142771],[-72.8676991191305,41.319896413685],[-72.8677311183568,41.3197614136602],[-72.8683081189042,41.3183714139129],[-72.868949119295,41.3168294134325],[-72.8695881196605,41.3155234131519],[-72.8696971197341,41.3153204131659],[-72.8701601196079,41.3141764128273],[-72.8703581192049,41.3136864131322],[-72.8704121192539,41.3135704124102],[-72.8707401195623,41.3128704126159],[-72.8710481189364,41.3122224126365],[-72.8719741196357,41.3102814118086],[-72.8722841193258,41.309634411947],[-72.8723921195909,41.3090214119383],[-72.8724321199905,41.3088024120837],[-72.8729011197396,41.3080904116884],[-72.8733351200421,41.3074284115473],[-72.8735121194407,41.3071614115757],[-72.8735341197396,41.307128411608],[-72.8736411204924,41.3068554116991],[-72.8743021206275,41.3060334110786],[-72.8757211201458,41.3042724111856],[-72.8762881211193,41.3035694102563],[-72.8767551209328,41.3023184103118],[-72.8775391206622,41.3009384103132],[-72.8783231204753,41.2999494099683],[-72.8802611219201,41.2973444088451],[-72.8807121220454,41.2965234092687],[-72.8820661223264,41.2940584083021],[-72.8825181224739,41.2932384086138],[-72.882593121533,41.2931454086702],[-72.8831001218916,41.2925124082744],[-72.8835921227478,41.2918994080351],[-72.8838521220014,41.2915744081501],[-72.8848451231367,41.2903344073888],[-72.8854281221687,41.2896094076538],[-72.8856051226908,41.2893854071771],[-72.8857961227521,41.2891464076298],[-72.8861071225912,41.2886954074841],[-72.886270122835,41.2884614071408],[-72.8862961231743,41.2883664073145],[-72.8863881232078,41.2883164069852],[-72.8863941228079,41.2882894068528],[-72.8864311224324,41.2881134068239],[-72.8864401231091,41.2880704070349],[-72.8864771226206,41.28798340696],[-72.8865331224803,41.2879284070035],[-72.8867671224757,41.2874854069893],[-72.8874721227405,41.2861594068633],[-72.8877071232207,41.2857174067107],[-72.8877511237667,41.2855724066903],[-72.8877391227446,41.2855214065338],[-72.8876041232113,41.2849274067552],[-72.887559122841,41.2847304068613],[-72.8875581230586,41.284478406462],[-72.8875551229292,41.2837254063508],[-72.8875551232238,41.2834744060006],[-72.8875301231241,41.2832434062346],[-72.8874571224756,41.2825534064983],[-72.8874331231011,41.2823234058648],[-72.8874981233365,41.281281405694],[-72.8876501224377,41.2788624050533],[-72.8875321221852,41.2781664055675],[-72.8874391227432,41.2776214055433],[-72.8873581221289,41.277138405281],[-72.8873631222187,41.2770014046212],[-72.8873801231559,41.2765934049573],[-72.8873871221165,41.2764574049682],[-72.8874741225925,41.276188404954],[-72.8873711231159,41.2760704050181],[-72.8873151225662,41.2757414045448],[-72.8873101219475,41.2755444050479],[-72.8873051230283,41.274746404192],[-72.8872951228119,41.2742944040929],[-72.8872951225339,41.2742784043902],[-72.8872681223912,41.2728744039589],[-72.8872591223213,41.2724074041479],[-72.8872561227407,41.272069404157],[-72.8872561227107,41.2720144042093],[-72.8872501223971,41.2714064036249],[-72.8872281224886,41.2689574038533],[-72.8871931221867,41.265000402866],[-72.8871371217154,41.2586094018335],[-72.8871301217343,41.2577814016055],[-72.8871281213367,41.2564194011004],[-72.8871111217849,41.2555864008921],[-72.8871071213844,41.2551604007976],[-72.8870571214012,41.2549954011269],[-72.8870641210265,41.2549184006238],[-72.8868721216555,41.2542914009927],[-72.886852121619,41.2541094003627],[-72.8868501214176,41.2540944006964],[-72.8868331213187,41.253932400418],[-72.887026121311,41.2538024006025],[-72.8870521213985,41.253798400391],[-72.8870461216354,41.2537794004041],[-72.887104121189,41.2536614008051],[-72.8871451210044,41.2535794009046],[-72.8872761211745,41.2534944009417],[-72.887349121714,41.2534014007658],[-72.8873481209428,41.2533024006288],[-72.8872401215456,41.2531294000189],[-72.8872551205701,41.2529854006373],[-72.8874441214175,41.2527814003816],[-72.8879241210983,41.2523714005032],[-72.8883631216873,41.251910400078],[-72.8886261216631,41.2516424003924],[-72.889095121501,41.2511673996289],[-72.8892041210764,41.2510563999348],[-72.8894811221206,41.2510113997015],[-72.8896201213424,41.2509883998871],[-72.8898541224633,41.2510213995903],[-72.8898921215344,41.2510273995556],[-72.8909771225108,41.2511833999665],[-72.8910521226456,41.2511943999914],[-72.8913551223238,41.2512083998773],[-72.8914021221624,41.2512104002253],[-72.8914761225639,41.2511773999007],[-72.8917601219188,41.2510173997086],[-72.8920481230502,41.2507814002601],[-72.892295122637,41.2505383997768],[-72.8925311229803,41.2503224001332],[-72.8925621227772,41.2501814001275],[-72.8925931229136,41.2499424000125],[-72.8926581231675,41.2497643994763],[-72.8927991228596,41.2496813994518],[-72.8929701230556,41.2496373999383],[-72.8932031227214,41.2496814000037],[-72.8933911229562,41.2497643995593],[-72.8935801230615,41.249901399942],[-72.8937071230116,41.2499903993878],[-72.8939151233449,41.2500203997803],[-72.894275122858,41.2499933993311],[-72.8946901235751,41.2498733993748],[-72.8947371238912,41.2498673998325],[-72.8950281238285,41.2497433998508],[-72.8950811236234,41.2496143992243],[-72.8952141238075,41.2492923997982],[-72.8959281231392,41.2489803996911],[-72.8965851244092,41.2486573991153],[-72.8969191235563,41.248493398861],[-72.8975691237862,41.2484793995291],[-72.8983171248627,41.2486413991447],[-72.898839124529,41.2487553996284],[-72.8992031248287,41.24870539949],[-72.8995621252246,41.2485053993529],[-72.8997881244038,41.2482823986921],[-72.8997491243202,41.247992398611],[-72.8996671249143,41.247844398559],[-72.8996521246759,41.2478183993335],[-72.8996101245443,41.2477403986243],[-72.8995961252281,41.2477153993618],[-72.8996271248503,41.2476563986771],[-72.8996571246466,41.2475973992905],[-72.8995771247064,41.2475093985308],[-72.8996131252262,41.2473883984887],[-72.8998171253645,41.247180398845],[-72.8998541248033,41.2470753989634],[-72.8998641246967,41.247036399041],[-72.8998751253577,41.2469993985637],[-72.9003771253078,41.2467413991079],[-72.9006831245109,41.246521398914],[-72.9007561254457,41.2465103985989],[-72.900901125459,41.2464503982847],[-72.9010031247835,41.2464613985218],[-72.9010441257956,41.2465763987334],[-72.901061125757,41.2466203983468],[-72.9011701256727,41.2468123991196],[-72.9012361248894,41.2468733989544],[-72.9013451249312,41.2468953983014],[-72.9019041250479,41.2471153984952],[-72.902940125994,41.2475713991631],[-72.9031261259062,41.2476533985578],[-72.9032931257699,41.2477023989075],[-72.9036281262936,41.2477523991928],[-72.9038461266742,41.247736398456],[-72.9041081260033,41.2476423986358],[-72.9039401257599,41.2478783987366],[-72.9039041266995,41.2479663984697],[-72.9038891262052,41.2482463993432],[-72.9039401261568,41.2483283987036],[-72.9040711267028,41.2486743992278],[-72.9040131258689,41.2487683993473],[-72.904020126129,41.2488443988527],[-72.9040631267714,41.2489433991344],[-72.9041221265782,41.2489933989588],[-72.9041001268151,41.2490753992409],[-72.9039691264623,41.2491573993825],[-72.9038811257447,41.2492733994627],[-72.9039031269014,41.2493333988738],[-72.9038811262973,41.2494323992347],[-72.9039181268973,41.2495853992271],[-72.9039541263436,41.2496573987502],[-72.9039471264487,41.2498003991813],[-72.9039901267159,41.2498873994501],[-72.9039511263705,41.2500073991039],[-72.9039221269305,41.2501063989723],[-72.9039311264324,41.2502913991617],[-72.9038841264787,41.2509343991747],[-72.9037801269773,41.2512703993309],[-72.9035921264556,41.2515913992766],[-72.9032061259926,41.2518183997918],[-72.9029081265168,41.2520513999312],[-72.9028351256223,41.2521763996451],[-72.9027981263917,41.2522653998041],[-72.9027621260476,41.2526743997224],[-72.9028131256511,41.252923399596],[-72.9027831259138,41.252990400102],[-72.9024851265679,41.253102400236],[-72.9021871255395,41.2532723998856],[-72.9018521256357,41.2534013999325],[-72.9017721259026,41.2535034004465],[-72.9014881258075,41.2537594004713],[-72.9011761259908,41.2539963998671],[-72.9010511255073,41.2544044001077],[-72.9010231258075,41.2546694002076],[-72.9009641259254,41.2548664001961],[-72.9009381259683,41.2549244005373],[-72.9008551256471,41.2551084001799],[-72.9006511250416,41.2553694007912],[-72.9005131250109,41.2554534005711],[-72.9003311255821,41.2554944003113],[-72.9001641253972,41.255451400618],[-72.8999971258005,41.2553764003097],[-72.8998431251765,41.2552474001871],[-72.899866125031,41.2552204004162],[-72.9003241258027,41.2553684006693],[-72.9004541250559,41.2553664002558],[-72.9006301251812,41.2552254001851],[-72.9007451253528,41.2551014001393],[-72.9008111254658,41.2549183999351],[-72.9007751260368,41.2547734007182],[-72.9006661255319,41.2545864006765],[-72.9006081255836,41.254536400479],[-72.9005751252989,41.2545144004593],[-72.9005131251123,41.2544754006219],[-72.9004261259065,41.2544783999259],[-72.9003601258703,41.2545044000817],[-72.9000261253886,41.2546064003636],[-72.8995531252846,41.2546514004118],[-72.8994731246603,41.2547084003269],[-72.8992481255888,41.2549344000368],[-72.8990291255953,41.2550884003356],[-72.8989561255856,41.255145400679],[-72.8989201247609,41.2553204000924],[-72.8987971244311,41.2553944006317],[-72.8986581250678,41.2553384006678],[-72.8985131250789,41.2552854004461],[-72.8980761244569,41.2554354008126],[-72.8980251249873,41.2553854001637],[-72.8979671251097,41.2553664004267],[-72.8978361247048,41.2554084008962],[-72.8977921249498,41.2555154008236],[-72.8975891247956,41.2555844005559],[-72.8975091240684,41.255542400455],[-72.8974291248298,41.2555274005791],[-72.8971381241878,41.2556034001677],[-72.8969991241426,41.2556594008321],[-72.8967111239079,41.2557834009847],[-72.8963301248243,41.2559484005984],[-72.896114124368,41.2560084010221],[-72.8958281237417,41.256088400506],[-72.8953391244953,41.2561574008458],[-72.8948531237688,41.2562274010822],[-72.894599123792,41.2563134006884],[-72.8942951238116,41.2565184004805],[-72.8941981232416,41.2565854011747],[-72.8939661231527,41.2568824008162],[-72.8938951232409,41.2570084007122],[-72.8938561234018,41.2570784013768],[-72.8938201233042,41.2572404014376],[-72.8936891236208,41.2575174011188],[-72.8935141230413,41.2579644010349],[-72.8934331239215,41.2583854010153],[-72.8934371229524,41.2584404014325],[-72.8934841237146,41.2590304010704],[-72.8935341240149,41.2595044018044],[-72.8936721237214,41.260065401444],[-72.8938761239416,41.2605604020704],[-72.8941521240849,41.2611464018134],[-72.8943701242505,41.2615154021619],[-72.8946101237508,41.2618524018723],[-72.8949881245343,41.2622964017998],[-72.8951631241103,41.2625354015811],[-72.8953161237773,41.2627434020279],[-72.8956711248252,41.2631554024024],[-72.896035124498,41.2636084020287],[-72.8961291252449,41.2637054023846],[-72.8964931248165,41.2640844023924],[-72.8971041246452,41.2646724024224],[-72.8974311252339,41.264948402772],[-72.8977801254617,41.2650994023786],[-72.8979251258444,41.2651874022765],[-72.8981581249041,41.2654704021023],[-72.8982901260538,41.2656004026476],[-72.8984481251128,41.2657554021644],[-72.8989071251798,41.2660884025352],[-72.8990381257056,41.2662394024148],[-72.8992051255786,41.2667414027024],[-72.8994441257222,41.2670214026435],[-72.8998451264262,41.2673074031916],[-72.9003681262637,41.2676054025066],[-72.9008781266631,41.2679794028318],[-72.901073126789,41.268131402854],[-72.901699126556,41.2683954031529],[-72.9021351271624,41.2687774025282],[-72.9026521275138,41.2689894030367],[-72.9026961267823,41.2689984026944],[-72.9027751269817,41.2690404031816],[-72.9031101273473,41.2688934029565],[-72.903795127589,41.2685914025154],[-72.9038531276839,41.268659403324],[-72.9029871267221,41.2690494027066],[-72.9029071276886,41.2690884026547],[-72.9030151277811,41.2691844025768],[-72.9031691266662,41.2692914026529],[-72.9034501271246,41.2694534034907],[-72.9035171271821,41.2694914027314],[-72.9042161270716,41.2698144027305],[-72.904797127571,41.2700004029316],[-72.9054351283863,41.2702854032992],[-72.9054591277039,41.2702874029933],[-72.9057061278287,41.2703374032157],[-72.9057501284917,41.2703744032258],[-72.9057281283544,41.2704684027647],[-72.905561127898,41.2705644028944],[-72.9055391286993,41.2705864032286],[-72.9054931275456,41.2706694032618],[-72.9054231278496,41.270795403393],[-72.9053521285207,41.271028403653],[-72.9052771280474,41.2712794034502],[-72.9051251276856,41.2715924038583],[-72.9048181276304,41.2717664038429],[-72.9046411282507,41.271860403671],[-72.9046141276831,41.2718754034427],[-72.9045741282666,41.271923403444],[-72.9044831274436,41.2720304034701],[-72.9043771275684,41.2721424039095],[-72.9042871276842,41.2722384036952],[-72.9042511274132,41.272391403447],[-72.9042501278271,41.272421403464],[-72.9042481281081,41.2725074033665],[-72.9042431278472,41.2727104035628],[-72.9042001280861,41.2728814032747],[-72.9040901275897,41.2730144041093],[-72.9039371278963,41.2731014039283],[-72.9038371278022,41.2732034037365],[-72.9038211282381,41.2732214040762],[-72.9036761272939,41.2734074038918],[-72.9036441275742,41.2734564040063],[-72.9032891276766,41.2740084036555],[-72.9031071275701,41.2743794037896],[-72.903093127937,41.2745814038426],[-72.9031511280276,41.2749294039029],[-72.9031581281169,41.2753434041747],[-72.9031991274017,41.2754214038521],[-72.9034411280961,41.2758844041725],[-72.9036381272325,41.2761944041827],[-72.9039641281821,41.2766194042616],[-72.9039431274971,41.276700404374],[-72.9036151283543,41.2768564044665],[-72.9035061274713,41.2769484041531],[-72.9033891280694,41.2771804048757],[-72.9033821275503,41.2774284047012],[-72.9034481278037,41.277699404524],[-72.9036951279808,41.2783254046733],[-72.903847128371,41.2785804043727],[-72.9043701277857,41.2795364052373],[-72.9044211281448,41.2797934050067],[-72.9046971288047,41.2802314049198],[-72.9048501289133,41.2805354049758],[-72.9049601282101,41.2809214055144],[-72.9050681282859,41.2813004051152],[-72.905221128285,41.2815334050358],[-72.9056211287916,41.2819544055832],[-72.9056581291711,41.2819864051289],[-72.9058681288998,41.2822604051104],[-72.9059331290675,41.2823924057619],[-72.9059341287395,41.2825054053513],[-72.9059051286729,41.2826214054779],[-72.9059561294388,41.2827084055915],[-72.9078341297068,41.282567405291],[-72.9115641305713,41.2822874055364],[-72.9134681312768,41.2821454054449],[-72.9153471320576,41.2820054051292],[-72.9212201333861,41.2816854048421],[-72.9222091344556,41.281959404612],[-72.9252991350142,41.2828154051361],[-72.9263961355596,41.2830744049267],[-72.9271241362203,41.2826144046315],[-72.926585135758,41.2821094042862],[-72.9264541359206,41.281976404945],[-72.9267241352054,41.2817824048125],[-72.926811136138,41.2818524048935],[-72.9270371353807,41.2820404046593],[-72.9268331357795,41.2821904050967],[-72.9272331356526,41.2825574046334],[-72.9277641361379,41.2822294050529],[-72.9279021354825,41.2823314046998],[-72.928033136496,41.2822524047263],[-72.9279101358341,41.2821194045194],[-72.9284921365499,41.2817244043097],[-72.9279171355179,41.281191404433],[-72.9278811354933,41.2811414046458],[-72.9279971365092,41.2810714043601],[-72.9280261365564,41.2810994049267],[-72.9286381366574,41.2816594044308],[-72.9287831363329,41.2815814046458],[-72.928929136595,41.2817054042394],[-72.9296271364275,41.2811914045943],[-72.9296341364413,41.2810564041382],[-72.9292711369243,41.2805454044791],[-72.9291691363838,41.2803584046735],[-72.929423136892,41.2802234038957],[-72.9299261361032,41.280885404774],[-72.9301661364712,41.2808004044107],[-72.9299111364228,41.2804174046924],[-72.9299621364979,41.2803734043951],[-72.929627136164,41.2799304044982],[-72.9299401361939,41.2798324040702],[-72.9303701369181,41.280357404074],[-72.9301151368571,41.2805064038788],[-72.9303261371144,41.2807394043607],[-72.9306611365051,41.280619404097],[-72.9308791367877,41.280493404418],[-72.9309661374629,41.2804544045255],[-72.9313301366948,41.2804384045597],[-72.931614136564,41.2803304038905],[-72.93180313765,41.2803074042822],[-72.9322251371481,41.280296404025],[-72.9325811368847,41.2802494038597],[-72.9328361375335,41.2801634042164],[-72.9329241376337,41.2801604039611],[-72.9329821377767,41.2801884037861],[-72.9329311379274,41.280421404419],[-72.9329751380551,41.2807424043356],[-72.9328721379752,41.2809344041425],[-72.9329091374935,41.2811874041045],[-72.9327271379389,41.2815444045816],[-72.9327861372809,41.2817474047166],[-72.9329021371963,41.2818444045667],[-72.9330841380399,41.2819014044629],[-72.9338551375967,41.2819564040388],[-72.9345101378704,41.2819274043022],[-72.9351571388456,41.2818354044886],[-72.9356021379856,41.2817624042706],[-72.9361251385587,41.281632404565],[-72.9366061383935,41.2815864043107],[-72.9368381393401,41.2816174042627],[-72.9372031385551,41.2817774042236],[-72.9376241386243,41.2819474042112],[-72.9377621391722,41.2819854039751],[-72.9378501397624,41.2820054040787],[-72.9378791396862,41.2819924047596],[-72.9379591393231,41.2817194041532],[-72.9380321388331,41.2816844044614],[-72.938187139866,41.2816924041525],[-72.938192138985,41.2816614041001],[-72.9383081390216,41.2813074045912],[-72.9384651387827,41.2810174038767],[-72.9386891398522,41.2812224039019],[-72.9389021392901,41.2814184038411],[-72.9389121396528,41.2814274042381],[-72.9389351392148,41.2814484039121],[-72.9391151390427,41.281777404308],[-72.9391411399337,41.2818244042535],[-72.9394041402961,41.2824034042677],[-72.9396601400555,41.2829674042059],[-72.9396661403908,41.2829804045577],[-72.9396821403981,41.2830164041958],[-72.9399051399833,41.2835074046647],[-72.9399561400064,41.2836414046576],[-72.9401141406597,41.2841134044754],[-72.9402311405514,41.2844644050988],[-72.9407461399044,41.2860014049923],[-72.9406491398861,41.2867064051976],[-72.9403771407913,41.286905405471],[-72.9402141408248,41.2870234053657],[-72.9399471399362,41.2872204054627],[-72.9400441404513,41.2874654049615],[-72.9400931408444,41.2875884049364],[-72.9402111401771,41.2877844050812],[-72.940317140549,41.2878464053722],[-72.9404941400722,41.2879414052615],[-72.9405621407692,41.2879864053998],[-72.9406301403664,41.2880314054995],[-72.9409211408247,41.2882194056439],[-72.9410211406289,41.2882844056034],[-72.9414121408987,41.2885384056472],[-72.9415371408323,41.288620405778],[-72.9427981414222,41.2889774054664],[-72.9429311411317,41.2890154056216],[-72.9431441409685,41.2892514053881],[-72.9433791415446,41.2895114054384],[-72.9435411413429,41.2896904052222],[-72.9437031414255,41.2898704060503],[-72.9440481418644,41.2901544059706],[-72.9443931423287,41.2904374053742],[-72.9446251417956,41.2906284054785],[-72.9448561415843,41.2908184055365],[-72.9449391424832,41.2908864059958],[-72.9451791421836,41.2910844056929],[-72.9455011419786,41.2913494062688],[-72.9456541424327,41.2914744062602],[-72.945762142259,41.2915624060434],[-72.9458071428949,41.2916004055212],[-72.9459891420544,41.2917504062933],[-72.9461721419325,41.2919014063374],[-72.9463121423544,41.2920164059481],[-72.9465151431206,41.2928994060872],[-72.9468761433684,41.293011406381],[-72.9472161425972,41.2929914057134],[-72.9479191429349,41.2920724057178],[-72.9481301429817,41.2921884059714],[-72.9483551429878,41.2923134056837],[-72.9485231430204,41.2924064061962],[-72.9486921427991,41.2924994056289],[-72.949111142996,41.2927314063126],[-72.9495311430674,41.2929634064236],[-72.9496371431901,41.2929994063491],[-72.9497051441903,41.2930224063148],[-72.9497231435948,41.2930284060026],[-72.9497421441523,41.2930354061179],[-72.9498731431977,41.2930064063009],[-72.950121144092,41.29318640645],[-72.9501601438756,41.2932464058401],[-72.9502611439737,41.293401406315],[-72.9504381437048,41.2934814059246],[-72.9506161443526,41.2935614062096],[-72.9507051442421,41.293601405799],[-72.9508651439644,41.2936744057915],[-72.9510261438321,41.2937464061323],[-72.9513731448731,41.2939024063133],[-72.9517191447034,41.2940584063061],[-72.9517311445324,41.2940634059618],[-72.9520061448238,41.2944744059636],[-72.9518501442453,41.2946544062128],[-72.9518061442437,41.2947054064917],[-72.9517411440332,41.2947794064312],[-72.9516771448823,41.2948544067465],[-72.9510901445675,41.295530406924],[-72.9509751443328,41.2956554061226],[-72.9507941443728,41.2958544063459],[-72.9507211440894,41.2958634061651],[-72.9505731441346,41.2958804069883],[-72.9504261441071,41.2958984062456],[-72.9499011438536,41.2959604065988],[-72.949875143693,41.2962014062806],[-72.9510861448731,41.2972704066932],[-72.9514251450962,41.2977764068479],[-72.9521721447792,41.2981614068632],[-72.9522951446018,41.2985834072208],[-72.9524551449527,41.2991344074654],[-72.9526451445645,41.2994434069842],[-72.9527671450213,41.2994734067829],[-72.9528281452932,41.2994884070837],[-72.9528591448941,41.2994964074252],[-72.9531111451685,41.2995764069486],[-72.95369114539,41.3000384075208],[-72.9548141453811,41.3005644070548],[-72.9550101462736,41.3006564070312],[-72.9556971456098,41.3010944076694],[-72.9560951459044,41.3014364075889],[-72.9563001463523,41.3016134074756],[-72.9565211462816,41.3026394077022],[-72.9568721462024,41.3030174076137],[-72.9568591470833,41.3030334073524],[-72.9568491462222,41.3030934073327],[-72.9567551467489,41.303339407877],[-72.9565571464232,41.3039184079544],[-72.9567461466886,41.3052044084353],[-72.9567401471739,41.3052694084444],[-72.9566961464784,41.3053314083496],[-72.9565871467064,41.3053214084755],[-72.9565001462636,41.3052384081961],[-72.9563971461263,41.3048534083958],[-72.9562811467623,41.3047704079506],[-72.9561651463556,41.3047734080308],[-72.9560771458849,41.3047944084942],[-72.956004146637,41.3049094080642],[-72.9559751459433,41.3051524078784],[-72.9560121466568,41.3053874085095],[-72.9560991465779,41.3055874078741],[-72.9562521468386,41.3056844083705],[-72.9563541464006,41.305699408632],[-72.9565581472679,41.3056444086201],[-72.9567251468468,41.3055084078015],[-72.9567831468671,41.3054914084529],[-72.9568551472495,41.3055284084931],[-72.9571011463765,41.3060084083312],[-72.9573471471415,41.3064874081471],[-72.9573491467924,41.3065424079773],[-72.9573971466778,41.3065854083208],[-72.9574341470854,41.3066564084056],[-72.9574271466639,41.3066994083342],[-72.9573391475621,41.3072724089412],[-72.9572521472081,41.3078464089109],[-72.9572451465153,41.3078954083634],[-72.9572091470261,41.3079384084879],[-72.9569571472645,41.3082414088876],[-72.9568431464246,41.3091854090348],[-72.9568231475263,41.3093464089087],[-72.9567561469926,41.3094484094225],[-72.9566671470153,41.3095824092953],[-72.9565781474555,41.3097174094691],[-72.9563111465628,41.3101224095642],[-72.956297146736,41.31046740959],[-72.956588147076,41.3105074090587],[-72.9567591467017,41.310531409479],[-72.9570421466086,41.3105504089872],[-72.9572291472162,41.3105754089848],[-72.9577921478216,41.310653409146],[-72.9579801469801,41.3106794091831],[-72.9581481477961,41.3107094089113],[-72.9586401472144,41.3107204088834],[-72.9596741480124,41.3107454093863],[-72.9606301484437,41.3107684090361],[-72.9612941484338,41.3107844091852],[-72.9617771483941,41.310809409408],[-72.9632261496052,41.3108874088891],[-72.9637091496013,41.3109134094493],[-72.9650021501084,41.3110544090756],[-72.9672421508903,41.3112994092852],[-72.9688831507396,41.31147940925],[-72.9693771513724,41.3115334086983],[-72.9701771517361,41.3116214093161],[-72.9710081515847,41.3117404092827],[-72.9724871516605,41.3119534085677],[-72.9739581522793,41.3120724089097],[-72.9746791531551,41.3121314090835],[-72.9758191536067,41.3122234089069],[-72.9777211543252,41.3123774091146],[-72.9853511567665,41.3129964087644],[-72.9870781564773,41.3131374082481],[-72.9891491572792,41.3133054083607],[-72.9909291588177,41.3134644089438],[-72.9921211584456,41.3135724089786],[-72.9942391591463,41.3137624088776],[-72.9962691594362,41.313944408123],[-72.9980491608444,41.3141054087891],[-72.9978581610235,41.3157244083832]]]},"properties":{"OBJECTID":27,"TOWN_NO":93,"TOWN":"New Haven","GRACE_PERIOD":"Yes"}},{"type":"Feature","id":28,"geometry":{"type":"Polygon","coordinates":[[[-73.0938542069207,41.5702044546927],[-73.0924632063002,41.5704824550054],[-73.0923542070615,41.5705044546012],[-73.0901582061397,41.5740164553422],[-73.0896092056519,41.5748964559423],[-73.0894072065024,41.5752194555925],[-73.0893542057697,41.5753044561593],[-73.0892612060858,41.5754424557495],[-73.0891142057369,41.5756624558374],[-73.0888172060948,41.5761094558124],[-73.0887542052489,41.5762044556029],[-73.088675205512,41.5763354561224],[-73.0885812056571,41.5764914560697],[-73.0883012054813,41.5769584564019],[-73.0882082055002,41.5771154561215],[-73.0881542056449,41.5772044558859],[-73.0881182062216,41.5772834560729],[-73.0880662058326,41.5774004567027],[-73.087860205338,41.5777964566066],[-73.0877732056623,41.5779674565743],[-73.0877542050205,41.5780044564428],[-73.0876712055673,41.5781354562503],[-73.0874922059656,41.5784244561216],[-73.0873582055299,41.57863745653],[-73.0872542051374,41.5788044568324],[-73.0871542049622,41.5789634570132],[-73.0868552051876,41.5794404567692],[-73.086756205945,41.5796004566891],[-73.0866692049585,41.5797694568766],[-73.0864082052416,41.5802794571088],[-73.0863462057727,41.5804034569611],[-73.0863092052042,41.5804404569524],[-73.0862782057283,41.5804724566138],[-73.0861842057668,41.580571456785],[-73.0861542054661,41.5806044565323],[-73.0861002055091,41.5806924567207],[-73.0859402053228,41.5809604571393],[-73.0858872052806,41.5810494573405],[-73.0858542054056,41.5811044569889],[-73.085834204832,41.5811314569514],[-73.0856632052978,41.5813724574192],[-73.085607204747,41.5814534572277],[-73.0855142052363,41.5815854569556],[-73.0852382055881,41.5819834575066],[-73.0851462050733,41.5821164570485],[-73.0847912049584,41.5826754572444],[-73.0837292047821,41.5843534577446],[-73.0833752047475,41.5849134579051],[-73.0832642043511,41.5850874580721],[-73.0832542047013,41.5851044576426],[-73.0829852049945,41.585573457902],[-73.0829182049492,41.5855934576787],[-73.0828142043394,41.5856294581598],[-73.0826742038733,41.5856834579262],[-73.0825202043252,41.5857564584494],[-73.0822932042412,41.5858724580415],[-73.0819082042341,41.5860734580551],[-73.080402203182,41.5867194581676],[-73.080139203333,41.5866604582739],[-73.0794172035167,41.5865004580539],[-73.078834203689,41.5863564587195],[-73.0787242032112,41.5863214586315],[-73.078262203465,41.5861744581896],[-73.0782042032068,41.586153458059],[-73.0780042029648,41.58657945851],[-73.0779912029989,41.5866084584984],[-73.0779482027211,41.5866974588204],[-73.0779352029614,41.5867274582373],[-73.0778722028762,41.5868854585981],[-73.0777982025835,41.5870764581343],[-73.0776612030304,41.5873304582908],[-73.0776542031693,41.5873464583903],[-73.0776462032216,41.5873724583979],[-73.0775942032132,41.5875074582482],[-73.0758542028396,41.5876044582431],[-73.0744032023145,41.5877574586133],[-73.0740762018051,41.5877844587795],[-73.0699852006308,41.5881204586863],[-73.0698452009909,41.5881204588478],[-73.0696812006592,41.5881204588741],[-73.0691891996728,41.5881204593515],[-73.0690252005448,41.58812045934],[-73.0684351999363,41.5881634590061],[-73.0668651991378,41.5882804589326],[-73.0666651992589,41.5882894595415],[-73.0663531990738,41.5883044590761],[-73.0660751989789,41.5883294586975],[-73.0642101991857,41.5884994593574],[-73.0641501985439,41.5885044591454],[-73.0622811977285,41.5885444597433],[-73.0611331978876,41.5885444596839],[-73.058390196288,41.5886334596936],[-73.0580111968487,41.5886554590786],[-73.0575531967093,41.5892044596658],[-73.0575211966455,41.589236459553],[-73.057488196304,41.5892684594021],[-73.0574731964926,41.589284459817],[-73.0574251962688,41.5893324600605],[-73.0578711965218,41.5897424597368],[-73.058115196777,41.5900014599697],[-73.0584131965934,41.590559460195],[-73.0588381972446,41.5910074602327],[-73.0594591967576,41.5916134602118],[-73.0595531974665,41.5918724598431],[-73.0597581971562,41.5924704605856],[-73.0601511981839,41.5934924601038],[-73.0603871978658,41.5946714604497],[-73.0604031983281,41.5954424606991],[-73.0601821978626,41.5960864612245],[-73.0601671981165,41.5966374605583],[-73.0602451983727,41.5973764610566],[-73.0605601985679,41.5983664615411],[-73.0605601984008,41.5989804610409],[-73.0606701977151,41.6001124614704],[-73.0607011977745,41.6008194621055],[-73.060418197774,41.601401462275],[-73.0597741978572,41.6022354622388],[-73.059404197728,41.6024744617116],[-73.0591771980877,41.6025744619641],[-73.0591381976666,41.6024124623738],[-73.0590981981583,41.6022514621795],[-73.0590221981672,41.6024904621137],[-73.0589471980695,41.6027294620029],[-73.0589351974353,41.6031394622141],[-73.0590441974151,41.6039224624402],[-73.0596321981661,41.605239462793],[-73.0596991988027,41.6056494628882],[-73.0596661978719,41.6058034623418],[-73.0594701985406,41.6061874631862],[-73.0587751983903,41.6064254625215],[-73.0580761977075,41.6067254628055],[-73.0580251978966,41.6067484628338],[-73.0578971977887,41.6067974631237],[-73.0577711972664,41.6068474627587],[-73.0577161976372,41.6068694631052],[-73.057271197909,41.607044462638],[-73.0503631956093,41.6097564641534],[-73.0464051938948,41.6112954645036],[-73.0457721946437,41.6115354644758],[-73.0456611935923,41.6115774645115],[-73.0455371938294,41.611626464102],[-73.0361571914775,41.6152054649809],[-73.036025191508,41.6152054652062],[-73.0357521905615,41.615205465031],[-73.0348231907964,41.6151444650697],[-73.0347781902206,41.6151424649675],[-73.0343301900588,41.615112465538],[-73.031455189596,41.6149274656907],[-73.0186511850279,41.6141054657847],[-73.0185361852468,41.6136964653614],[-73.0184091848853,41.6132484655302],[-73.0176851844099,41.6106774652836],[-73.0174441845278,41.6098214649838],[-73.0173521851628,41.6090824646777],[-73.0170771849313,41.6068684640779],[-73.0169861841691,41.6061304646839],[-73.0168581842129,41.6055044645476],[-73.0164771835967,41.6036284637803],[-73.0163501836619,41.6030034635123],[-73.0162741844107,41.6024294637122],[-73.0161151842761,41.6020064634983],[-73.0160421844126,41.6016844634492],[-73.0158241833954,41.600720463071],[-73.015752183743,41.600399463487],[-73.0156161837843,41.5997694631567],[-73.0152081827541,41.5978814623419],[-73.0150721830565,41.5972524623169],[-73.0149321833543,41.596312462493],[-73.0132151825603,41.5886944607168],[-73.0123591820591,41.5850894602796],[-73.0120611816712,41.5838304597784],[-73.0039501781206,41.5762004589958],[-73.0037241786329,41.5759914587638],[-73.0034871784297,41.5757534590732],[-73.0023051782659,41.5746124585759],[-73.0022071780568,41.5745184590489],[-73.0019121778597,41.574240458991],[-73.00181417695,41.5741484588983],[-73.0017611774732,41.5741014582297],[-73.001603178043,41.5739594589581],[-73.001552177689,41.5739124583232],[-73.0009651777678,41.5733564583061],[-72.9994251763324,41.5718984586632],[-72.9992021761347,41.5716884579157],[-72.9986161766796,41.5711314585765],[-72.9984911767687,41.5710764579716],[-72.9982331765256,41.5709604580888],[-72.998119176257,41.5709134585509],[-72.997995176625,41.57086145806],[-72.9976721754927,41.5705574580963],[-72.9967021751567,41.5696474582133],[-72.9963801754838,41.5693444581723],[-72.995872175769,41.568853457466],[-72.9946901753146,41.5677124579795],[-72.9943491749272,41.5673814579457],[-72.9942451751749,41.5672814577765],[-72.9940621741875,41.5671034574642],[-72.9938521750691,41.5669064572526],[-72.9937491743456,41.5668064572135],[-72.9935101743383,41.5665794572693],[-72.9925811737016,41.5656904568791],[-72.9924581734163,41.5655654569885],[-72.9920121738265,41.5651134574693],[-72.9919251734817,41.5650254567812],[-72.9918601732191,41.5649584573843],[-72.9918061736432,41.5648884572292],[-72.9917451737049,41.564807457241],[-72.9916951742227,41.564740456843],[-72.9914101736563,41.5643664571817],[-72.9912171733325,41.5641984568291],[-72.9910291729323,41.5640274572684],[-72.9902031734796,41.5632734571444],[-72.9873371722236,41.5606594564303],[-72.9846551709178,41.5582124565722],[-72.982916170103,41.556654455837],[-72.9828881707346,41.556584455505],[-72.9813101701275,41.5548584560086],[-72.9798541693533,41.5533574552751],[-72.9768861685059,41.5535254554623],[-72.9752861676102,41.5536174555345],[-72.9745151677872,41.5537044553911],[-72.9744361678725,41.5537134559294],[-72.9735311668451,41.5537694560341],[-72.9728131667335,41.55381545544],[-72.9708141666344,41.5538164556898],[-72.9699081656938,41.5538174555922],[-72.9698001665273,41.5538154560307],[-72.9694771657201,41.5538124558525],[-72.9693701660562,41.5538114561198],[-72.9683311656628,41.5538604558952],[-72.9680691652284,41.5538734557408],[-72.9664911646073,41.5541264560935],[-72.9662221650161,41.5541704555874],[-72.9652471643214,41.5542994558125],[-72.9642171637111,41.554437455999],[-72.9637501645215,41.5544964559566],[-72.9627171640287,41.5546284561444],[-72.9623501633544,41.5546754558844],[-72.9618841634243,41.5547364560942],[-72.9616631637103,41.5547584561967],[-72.9610001633312,41.554825456096],[-72.9607801635837,41.5548484566064],[-72.9606641629509,41.5548634562712],[-72.9603151634216,41.554908456387],[-72.9602001631296,41.5549244558936],[-72.9599891633105,41.5549454566763],[-72.959357163118,41.5550074563446],[-72.9591471621013,41.5550294568033],[-72.9590211619751,41.5550424561055],[-72.95864516237,41.5550834565338],[-72.958520162191,41.5550984568507],[-72.9581971616637,41.5551354565241],[-72.9572291615979,41.5552484561729],[-72.9569071621002,41.555287456496],[-72.9567891623498,41.5553034561829],[-72.957601162258,41.5534064562117],[-72.9578191616366,41.5530054562854],[-72.9584731620265,41.5518044553984],[-72.9586921619093,41.5514044558096],[-72.9589141623136,41.5509804556928],[-72.9595811621817,41.5497094555678],[-72.9598041622379,41.5492864557026],[-72.9602931630421,41.5483774554174],[-72.9617631632094,41.5456514547811],[-72.9618521624653,41.5454844547139],[-72.9620131632294,41.5451874541505],[-72.9622531623923,41.5447434538792],[-72.9625541630738,41.5440684544419],[-72.9628971634728,41.5433014540221],[-72.9648321634331,41.5389764529428],[-72.9654771630952,41.5375354525402],[-72.9655641635205,41.5373584523534],[-72.9658291636758,41.5368304529838],[-72.96586416374,41.5367614528607],[-72.9659171637571,41.5366544527709],[-72.9659401636843,41.5366284529269],[-72.9659781636134,41.5365884525402],[-72.965989163918,41.5366354524417],[-72.965998164067,41.5366694525574],[-72.9660281637767,41.5366024525523],[-72.9661241634967,41.5363894524143],[-72.9665061631944,41.5355514523166],[-72.9666341640206,41.5352724526278],[-72.9670191644588,41.5344814520586],[-72.968178164489,41.5321084513766],[-72.9685651641947,41.5313184515779],[-72.9685811646369,41.5313234516918],[-72.9686321647708,41.531340451506],[-72.9686491643476,41.5313464518543],[-72.9687921643613,41.5311254516881],[-72.9692221638958,41.5304624517565],[-72.9693661639235,41.5302424510724],[-72.9706501647456,41.530804451689],[-72.9745051659593,41.5324904516328],[-72.9757901664989,41.5330534517283],[-72.976158166879,41.5332074512552],[-72.9772621676439,41.5336704512129],[-72.9776301677537,41.5338254517721],[-72.9781041679598,41.5339004512547],[-72.9783151672213,41.5339344520671],[-72.9788101673993,41.5337844514323],[-72.9794221676021,41.5334224515078],[-72.9798361675634,41.5331784515301],[-72.9800451680614,41.5330924516584],[-72.9886511709554,41.529909450724],[-72.9914191713027,41.5289014499871],[-72.9921061714956,41.5286394498017],[-72.994170172043,41.5278564497531],[-72.9948591730479,41.5275964501749],[-72.9957971730438,41.5272634493796],[-72.9986131734538,41.526267449778],[-72.9991531732527,41.5260764496175],[-72.9995521741773,41.5259354496888],[-72.9996131738221,41.5259064495565],[-72.9997971736536,41.5258224496239],[-72.9998591738002,41.5257944493319],[-73.0003171743581,41.5255874497368],[-73.0016921739403,41.5249684492336],[-73.0021511743772,41.5247624494389],[-73.0024871743739,41.5246574493554],[-73.0034961752283,41.52434544922],[-73.0038331752556,41.524241448729],[-73.0040831751771,41.5241324487183],[-73.0041011748539,41.5241254488457],[-73.0043701751315,41.5240094488207],[-73.0047281755366,41.5238554486081],[-73.0048351753723,41.5238084492066],[-73.0050861754489,41.5237014490749],[-73.0071151765526,41.5231994485237],[-73.0113111773491,41.5221644485028],[-73.0131531780102,41.5215214479225],[-73.0151281780642,41.5208334475567],[-73.0157361785249,41.520634448142],[-73.0175621791192,41.5200404476105],[-73.0181711800334,41.5198424476826],[-73.0182201797796,41.5198324478736],[-73.0183701797979,41.519806447204],[-73.0184201791991,41.5197974471234],[-73.0186601797085,41.5196204474502],[-73.0186861796557,41.5196004472971],[-73.0188981800461,41.5194534473055],[-73.01920217958,41.5194174473733],[-73.019779179929,41.5194724474761],[-73.019969179893,41.5194994475451],[-73.0203571799154,41.5194254475194],[-73.0218701810772,41.5191254476965],[-73.0224541803223,41.5190094477074],[-73.0264121815583,41.5182294469135],[-73.0279261828471,41.5179314465285],[-73.0283401829317,41.5178884466365],[-73.0295851828652,41.5177604463653],[-73.0300001830433,41.517718446508],[-73.0349381849442,41.5171344462822],[-73.0395051859696,41.5165944463781],[-73.0475531892451,41.5152124459505],[-73.0485741890753,41.5153684454782],[-73.0490431888085,41.5152264457328],[-73.0491481887762,41.5152174458565],[-73.0493671887684,41.5152004452389],[-73.0494661890511,41.515192445736],[-73.0495461891896,41.5151864459282],[-73.0499751891974,41.5151474455916],[-73.0511881901212,41.5150394456051],[-73.0515921896977,41.5150044457884],[-73.051860190579,41.5149824451816],[-73.0526661898362,41.5149204456513],[-73.0529351900623,41.5149004451044],[-73.0531001910272,41.5148744450492],[-73.0535951906261,41.5147974456178],[-73.0537611912486,41.5147724450219],[-73.0538471906157,41.5147704457692],[-73.0541051907406,41.5147674450636],[-73.0541921914743,41.5147664450534],[-73.0543031909858,41.514742445474],[-73.0543181909511,41.5147394452422],[-73.054387191489,41.5147234451831],[-73.0544571909882,41.5147084454868],[-73.0546051912539,41.5146764456791],[-73.0546391913107,41.5146684455432],[-73.0546781904382,41.5146604456551],[-73.0547511907843,41.5146444455815],[-73.0548041916195,41.514648445131],[-73.0549631905789,41.5146604454434],[-73.0550171916414,41.5146654452914],[-73.0558771910556,41.5146384452165],[-73.0584581926309,41.5145584454561],[-73.0593191919783,41.5145324452039],[-73.0607571932236,41.5144714446851],[-73.064316194355,41.5143214450619],[-73.065071194457,41.5142884450181],[-73.0665091949114,41.5142284449051],[-73.0671851948153,41.5142424451505],[-73.0692161961804,41.5142854446707],[-73.069893195365,41.514300444579],[-73.0699371962736,41.5143014449412],[-73.0700701961085,41.5143074450991],[-73.0701151962505,41.5143094447615],[-73.0701251960033,41.5143214445186],[-73.0701551954275,41.5143584450341],[-73.0701651965326,41.5143714451333],[-73.0705851962552,41.5151584445305],[-73.0709081963549,41.5157634451977],[-73.0709511966208,41.5158434449273],[-73.0716091965969,41.5170764455197],[-73.0718461971594,41.5175204450097],[-73.0722671974436,41.518308445409],[-73.0725801974282,41.518610445484],[-73.0728931977508,41.5189114452504],[-73.0731841972683,41.5191904452104],[-73.0732951978182,41.5192974459598],[-73.0759371981559,41.521839446153],[-73.0768551990549,41.5227224463518],[-73.0770611992722,41.5228844463991],[-73.0776791994172,41.5233724459151],[-73.0778851992271,41.5235354466298],[-73.0792511991249,41.524971446375],[-73.0796882000713,41.52543044695],[-73.0802021998816,41.5259704465066],[-73.0804862006411,41.5264154471101],[-73.0805112001857,41.5264544464392],[-73.0809612008021,41.5271604464725],[-73.0826612008386,41.5298234475711],[-73.083728201238,41.5314954473962],[-73.0842932020708,41.5325164480228],[-73.0847192016372,41.5332864482661],[-73.0859902030213,41.5355814480299],[-73.0863252027931,41.5361854486959],[-73.0865572024039,41.5366034486271],[-73.0865692022439,41.5366234483447],[-73.0866052025942,41.5366854481792],[-73.0866172028573,41.5367064482364],[-73.0868332022973,41.5372134486785],[-73.087073202346,41.5380804488501],[-73.0871192029579,41.5381774484154],[-73.0872602032223,41.538469448451],[-73.087307203064,41.5385674489533],[-73.0873582025528,41.5386784485013],[-73.08751120368,41.5390124491384],[-73.0875622030762,41.5391244489352],[-73.0881602033845,41.54120744931],[-73.0882472037105,41.5416854495021],[-73.0882922038427,41.5419364497414],[-73.0883832040822,41.5424284491453],[-73.0883062032154,41.5425714494985],[-73.0882782038316,41.5427424495092],[-73.0882912031768,41.5428704500485],[-73.0883392038309,41.5429974499277],[-73.088367203957,41.5430604496246],[-73.0883952037216,41.5431224498706],[-73.0885512041605,41.5432554499672],[-73.0886002033332,41.5434264493676],[-73.0887472036128,41.5439394501099],[-73.088796203818,41.544110449406],[-73.0888462044143,41.5443644500435],[-73.0889972033994,41.5451294498589],[-73.0890482043689,41.5453844504647],[-73.0891852045785,41.5458634502439],[-73.0895982038017,41.5473014500396],[-73.0897362049816,41.5477814509136],[-73.0897522038217,41.5480384507194],[-73.0898002048257,41.5488124510738],[-73.0898172042422,41.5490704509141],[-73.0898722047556,41.5493134503565],[-73.0900372041202,41.5500454513087],[-73.0900932051766,41.5502894506952],[-73.0901022040824,41.5503264512182],[-73.090132204594,41.5504374511032],[-73.0901422048321,41.5504754508061],[-73.090189204969,41.5506764511564],[-73.0903302044216,41.5512814509431],[-73.0903782046404,41.5514834512765],[-73.0905562045885,41.5523364516289],[-73.0910912048425,41.5548984519939],[-73.0912702057447,41.5557524517477],[-73.0914452060827,41.5567164520626],[-73.0916442058565,41.5577724527256],[-73.0927882063094,41.5638304537234],[-73.0931702070387,41.5658504538145],[-73.0933042065101,41.5667044543194],[-73.0933062070259,41.5667204538067],[-73.0937172074253,41.5693334549087],[-73.0938542069207,41.5702044546927]]]},"properties":{"OBJECTID":28,"TOWN_NO":151,"TOWN":"Waterbury","GRACE_PERIOD":"No"}},{"type":"Feature","id":29,"geometry":{"type":"Polygon","coordinates":[[[-72.9946381548882,41.2417253941205],[-72.9946161557442,41.2417803945563],[-72.9945441550141,41.2419723946368],[-72.9942821546593,41.2420113943831],[-72.9942161549788,41.2420553943858],[-72.9942171547587,41.2421423947886],[-72.9943401553598,41.2422583944364],[-72.994362155444,41.2423843945877],[-72.9943551550558,41.2424333948836],[-72.9943101553614,41.2425033951359],[-72.9942751551586,41.2425603942931],[-72.9939191549462,41.2429883952641],[-72.9939481547678,41.2431363952556],[-72.9937811552945,41.2433723951711],[-72.9935631543613,41.2434823950305],[-72.9933231553641,41.243521395277],[-72.9932871547472,41.2435593953167],[-72.9933381552252,41.2436193953193],[-72.9933741550177,41.2436853952579],[-72.9933231544985,41.243751394638],[-72.99330215542,41.2438283947582],[-72.9934111543384,41.2440533946238],[-72.9934841550832,41.2440973948141],[-72.9935491545052,41.2441793949366],[-72.9933531545871,41.2444813954799],[-72.9933601553557,41.2445693952001],[-72.9933391543822,41.2446353947381],[-72.9932731549522,41.2447343953131],[-72.9931931543954,41.2447783956442],[-72.9931351547203,41.244756395201],[-72.9931491549827,41.2445913953834],[-72.9930771543967,41.2445363949714],[-72.993032155142,41.2445313949566],[-72.9929751542356,41.2445253948031],[-72.9928441552323,41.2445583953766],[-72.9926401545319,41.2446683952728],[-72.9923711542633,41.2446683950994],[-72.9922401540799,41.2446793956104],[-72.992168154039,41.2447123948174],[-72.9920881541022,41.2447843951296],[-72.9920521551002,41.2449173949221],[-72.9920371541616,41.2449703954904],[-72.991979154866,41.2450313954463],[-72.991826154594,41.2450583949447],[-72.9916591542448,41.2450093948574],[-72.9915411540458,41.2450063951116],[-72.9914261543815,41.2450043956005],[-72.9910841547429,41.2450703949564],[-72.9909611537415,41.24507039548],[-72.9909241544197,41.245240395792],[-72.9909541539149,41.2453553953421],[-72.9909391541316,41.245437395093],[-72.9907721537995,41.2456133956148],[-72.9907431542919,41.2456793952776],[-72.9907651543027,41.2458773955606],[-72.9906701545997,41.246030395109],[-72.9906651540553,41.2461323958163],[-72.9906631537218,41.2461893956012],[-72.9905621536716,41.2463103954897],[-72.9905841544001,41.2464093959388],[-72.9906421537117,41.2465303957279],[-72.9906271539987,41.2466513958617],[-72.9906211545937,41.2466653957894],[-72.9905111542705,41.2469033960305],[-72.9905261538205,41.246986396101],[-72.9904611537435,41.2474303954209],[-72.9904611546891,41.247494395456],[-72.9904611541429,41.247732395958],[-72.990490154191,41.2477923956904],[-72.9906431538547,41.2478693961441],[-72.9907081542002,41.2479793958965],[-72.9907811538825,41.2480123963197],[-72.990803154311,41.2479953958078],[-72.9908321543345,41.2479463963082],[-72.9909121538236,41.2478973957506],[-72.9910651546516,41.2478863954771],[-72.9911881539242,41.2479073956423],[-72.9914861548639,41.247885395721],[-72.9915661544151,41.2478413957067],[-72.9916461545954,41.2477653960662],[-72.9917921550094,41.247742396025],[-72.9918651550215,41.2478033956056],[-72.9919301549052,41.2478853957228],[-72.9919451550499,41.2479573959204],[-72.9922651543954,41.2483463957949],[-72.9922701546883,41.2483563962219],[-72.9923521548731,41.2485113959981],[-72.992367154567,41.2486973962845],[-72.9922071548759,41.2488513963616],[-72.9921051547029,41.2489883958772],[-72.9920711546009,41.2490883959516],[-72.9919891545605,41.2493343963302],[-72.9918951550326,41.2493783964957],[-72.9917191547709,41.2495533962459],[-72.991597154447,41.2496753957966],[-72.9915461545241,41.2497023966127],[-72.9915391545823,41.2497303959155],[-72.9916701551568,41.2498393959446],[-72.9916261545128,41.249938395895],[-72.991636154287,41.2500083960075],[-72.9916531541788,41.250108396354],[-72.9915061542716,41.2503213967205],[-72.9913841540693,41.2504593967126],[-72.9913941551906,41.2505223959793],[-72.9914931543735,41.2507173964198],[-72.9915351551555,41.250898396449],[-72.9916031548687,41.25097139689],[-72.9916961552605,41.2510353969235],[-72.9921071545041,41.2513183961468],[-72.9921911554239,41.2513943968586],[-72.9922391544419,41.2514373963062],[-72.9923851555486,41.2515693968285],[-72.9924341547987,41.2516133962577],[-72.9923891549568,41.2521943963283],[-72.9922551556745,41.2539403970677],[-72.9922421552766,41.2541103973157],[-72.992251155339,41.254524396887],[-72.9922471551394,41.2548983970474],[-72.9922461555044,41.2549883973309],[-72.9922351553455,41.2563813976671],[-72.9922311553038,41.2568463971972],[-72.9922261551485,41.2572573972321],[-72.9922151552691,41.2584903977851],[-72.9922151549677,41.2585323975178],[-72.9922141557017,41.2586523983505],[-72.9922121549216,41.2589023984091],[-72.9921751555281,41.2600123980947],[-72.9920651559154,41.2633433991567],[-72.9920291552487,41.2644543993006],[-72.9919571556787,41.2666723994847],[-72.9919561559155,41.2667293997748],[-72.9919541552632,41.2667983995207],[-72.9920281553419,41.2680974001152],[-72.9909481560592,41.2690043995559],[-72.9881141546244,41.2715674007996],[-72.9864691541601,41.2730574013316],[-72.9851631545468,41.2742854009628],[-72.9812491529424,41.2779714016704],[-72.979944152719,41.2792004022033],[-72.9801311527444,41.2793344022597],[-72.9806921526249,41.2797374027746],[-72.9808791533068,41.2798724028854],[-72.9810101532725,41.2799584026164],[-72.9814031528629,41.2802164027118],[-72.9815341529901,41.2803034022203],[-72.9816761538211,41.2804024027649],[-72.9821021529118,41.2807004028255],[-72.9822441530631,41.2808004021437],[-72.982392152997,41.2808994022432],[-72.9828371533862,41.2811984028159],[-72.9829861542165,41.2812984022913],[-72.9831971542181,41.2811614030094],[-72.9832551544097,41.2811244024302],[-72.983429153399,41.2809964022108],[-72.9838241543094,41.2807424021355],[-72.9840361546363,41.2806074027072],[-72.9843581541094,41.2805784024569],[-72.9853261550012,41.2804924024393],[-72.9856491548528,41.2804644022821],[-72.9858111544918,41.280555402175],[-72.9861391548208,41.2807314024681],[-72.9865111551333,41.2809314028772],[-72.9869091552487,41.2811674024089],[-72.9870581548641,41.281348402845],[-72.9871191551501,41.2815434023679],[-72.9871391550148,41.2818974026388],[-72.9871641549717,41.2823264028171],[-72.9871491553483,41.2824554023781],[-72.9871381546295,41.2825234030707],[-72.9871211546262,41.2826374029111],[-72.9871121547522,41.2827314029589],[-72.9871061556348,41.282801403052],[-72.9870721551407,41.2831754028333],[-72.9870631546907,41.2833684032789],[-72.9870621546813,41.2833954029213],[-72.9869621553865,41.283697403114],[-72.9867741554124,41.2840874030975],[-72.9861861548813,41.2853104030009],[-72.9861451554951,41.2855004033348],[-72.9861891553358,41.2857454031294],[-72.9864871552858,41.2863034037465],[-72.9869451553371,41.2872854035236],[-72.9871671558026,41.2877624038152],[-72.9871861560555,41.2878034033295],[-72.9871981556853,41.2878394037469],[-72.9872991554722,41.2881324039606],[-72.9873031561548,41.2882574040213],[-72.9869571551715,41.2888464036986],[-72.9869691560848,41.2889924041228],[-72.9860821552619,41.290162403946],[-72.9859891549631,41.2902864044962],[-72.9857311548874,41.2919974042339],[-72.9853571551607,41.2944914053686],[-72.9851401554911,41.2959444055155],[-72.9849651549068,41.2971144053115],[-72.9844431554848,41.3006274061606],[-72.9842691555107,41.3017984062063],[-72.9843021550459,41.3018724070073],[-72.9844041559258,41.3020944068109],[-72.9844381551785,41.3021684064264],[-72.9844511554158,41.302208406534],[-72.9844901550795,41.3023314070737],[-72.984503155396,41.3023724066492],[-72.9846021560716,41.3026044071533],[-72.9847011550608,41.3028364066707],[-72.9847871555814,41.303040406927],[-72.9848281558516,41.3031364066277],[-72.9850561559207,41.3036724066325],[-72.9853251554837,41.3043034071031],[-72.9856631561335,41.3050974071518],[-72.9858041559429,41.3054304075582],[-72.9860011566653,41.3058914070548],[-72.9860541566144,41.3060164077545],[-72.9860931566437,41.3061064070519],[-72.9861311560676,41.3061954071222],[-72.9867291563983,41.307619407277],[-72.9876051572322,41.309700408103],[-72.9879421573109,41.3105014084871],[-72.9885381569546,41.3118864080873],[-72.9891491572792,41.3133054083607],[-72.9870781564773,41.3131374082481],[-72.9853511567665,41.3129964087644],[-72.9777211543252,41.3123774091146],[-72.9758191536067,41.3122234089069],[-72.9746791531551,41.3121314090835],[-72.9739581522793,41.3120724089097],[-72.9724871516605,41.3119534085677],[-72.9710081515847,41.3117404092827],[-72.9701771517361,41.3116214093161],[-72.9693771513724,41.3115334086983],[-72.9688831507396,41.31147940925],[-72.9672421508903,41.3112994092852],[-72.9650021501084,41.3110544090756],[-72.9637091496013,41.3109134094493],[-72.9632261496052,41.3108874088891],[-72.9617771483941,41.310809409408],[-72.9612941484338,41.3107844091852],[-72.9606301484437,41.3107684090361],[-72.9596741480124,41.3107454093863],[-72.9586401472144,41.3107204088834],[-72.9581481477961,41.3107094089113],[-72.9579801469801,41.3106794091831],[-72.9577921478216,41.310653409146],[-72.9572291472162,41.3105754089848],[-72.9570421466086,41.3105504089872],[-72.9567591467017,41.310531409479],[-72.956588147076,41.3105074090587],[-72.956297146736,41.31046740959],[-72.9563111465628,41.3101224095642],[-72.9565781474555,41.3097174094691],[-72.9566671470153,41.3095824092953],[-72.9567561469926,41.3094484094225],[-72.9568231475263,41.3093464089087],[-72.9568431464246,41.3091854090348],[-72.9569571472645,41.3082414088876],[-72.9572091470261,41.3079384084879],[-72.9572451465153,41.3078954083634],[-72.9572521472081,41.3078464089109],[-72.9573391475621,41.3072724089412],[-72.9574271466639,41.3066994083342],[-72.9574341470854,41.3066564084056],[-72.9573971466778,41.3065854083208],[-72.9573491467924,41.3065424079773],[-72.9573471471415,41.3064874081471],[-72.9571011463765,41.3060084083312],[-72.9568551472495,41.3055284084931],[-72.9567831468671,41.3054914084529],[-72.9567251468468,41.3055084078015],[-72.9565581472679,41.3056444086201],[-72.9563541464006,41.305699408632],[-72.9562521468386,41.3056844083705],[-72.9560991465779,41.3055874078741],[-72.9560121466568,41.3053874085095],[-72.9559751459433,41.3051524078784],[-72.956004146637,41.3049094080642],[-72.9560771458849,41.3047944084942],[-72.9561651463556,41.3047734080308],[-72.9562811467623,41.3047704079506],[-72.9563971461263,41.3048534083958],[-72.9565001462636,41.3052384081961],[-72.9565871467064,41.3053214084755],[-72.9566961464784,41.3053314083496],[-72.9567401471739,41.3052694084444],[-72.9567461466886,41.3052044084353],[-72.9565571464232,41.3039184079544],[-72.9567551467489,41.303339407877],[-72.9568491462222,41.3030934073327],[-72.9568591470833,41.3030334073524],[-72.9568721462024,41.3030174076137],[-72.9565211462816,41.3026394077022],[-72.9563001463523,41.3016134074756],[-72.9560951459044,41.3014364075889],[-72.9556971456098,41.3010944076694],[-72.9550101462736,41.3006564070312],[-72.9548141453811,41.3005644070548],[-72.95369114539,41.3000384075208],[-72.9531111451685,41.2995764069486],[-72.9528591448941,41.2994964074252],[-72.9528281452932,41.2994884070837],[-72.9527671450213,41.2994734067829],[-72.9526451445645,41.2994434069842],[-72.9524551449527,41.2991344074654],[-72.9522951446018,41.2985834072208],[-72.9521721447792,41.2981614068632],[-72.9514251450962,41.2977764068479],[-72.9510861448731,41.2972704066932],[-72.949875143693,41.2962014062806],[-72.9499011438536,41.2959604065988],[-72.9504261441071,41.2958984062456],[-72.9505731441346,41.2958804069883],[-72.9507211440894,41.2958634061651],[-72.9507941443728,41.2958544063459],[-72.9509751443328,41.2956554061226],[-72.9510901445675,41.295530406924],[-72.9516771448823,41.2948544067465],[-72.9517411440332,41.2947794064312],[-72.9518061442437,41.2947054064917],[-72.9518501442453,41.2946544062128],[-72.9520061448238,41.2944744059636],[-72.9517311445324,41.2940634059618],[-72.9517191447034,41.2940584063061],[-72.9513731448731,41.2939024063133],[-72.9510261438321,41.2937464061323],[-72.9508651439644,41.2936744057915],[-72.9507051442421,41.293601405799],[-72.9506161443526,41.2935614062096],[-72.9504381437048,41.2934814059246],[-72.9502611439737,41.293401406315],[-72.9501601438756,41.2932464058401],[-72.950121144092,41.29318640645],[-72.9498731431977,41.2930064063009],[-72.9497421441523,41.2930354061179],[-72.9497231435948,41.2930284060026],[-72.9497051441903,41.2930224063148],[-72.9496371431901,41.2929994063491],[-72.9495311430674,41.2929634064236],[-72.949111142996,41.2927314063126],[-72.9486921427991,41.2924994056289],[-72.9485231430204,41.2924064061962],[-72.9483551429878,41.2923134056837],[-72.9481301429817,41.2921884059714],[-72.9479191429349,41.2920724057178],[-72.9472161425972,41.2929914057134],[-72.9468761433684,41.293011406381],[-72.9465151431206,41.2928994060872],[-72.9463121423544,41.2920164059481],[-72.9461721419325,41.2919014063374],[-72.9459891420544,41.2917504062933],[-72.9458071428949,41.2916004055212],[-72.945762142259,41.2915624060434],[-72.9456541424327,41.2914744062602],[-72.9455011419786,41.2913494062688],[-72.9451791421836,41.2910844056929],[-72.9449391424832,41.2908864059958],[-72.9448561415843,41.2908184055365],[-72.9446251417956,41.2906284054785],[-72.9443931423287,41.2904374053742],[-72.9440481418644,41.2901544059706],[-72.9437031414255,41.2898704060503],[-72.9435411413429,41.2896904052222],[-72.9433791415446,41.2895114054384],[-72.9431441409685,41.2892514053881],[-72.9429311411317,41.2890154056216],[-72.9427981414222,41.2889774054664],[-72.9415371408323,41.288620405778],[-72.9414121408987,41.2885384056472],[-72.9410211406289,41.2882844056034],[-72.9409211408247,41.2882194056439],[-72.9406301403664,41.2880314054995],[-72.9405621407692,41.2879864053998],[-72.9404941400722,41.2879414052615],[-72.940317140549,41.2878464053722],[-72.9402111401771,41.2877844050812],[-72.9400931408444,41.2875884049364],[-72.9400441404513,41.2874654049615],[-72.9399471399362,41.2872204054627],[-72.9402141408248,41.2870234053657],[-72.9403771407913,41.286905405471],[-72.9406491398861,41.2867064051976],[-72.9407461399044,41.2860014049923],[-72.9402311405514,41.2844644050988],[-72.9401141406597,41.2841134044754],[-72.9399561400064,41.2836414046576],[-72.9399051399833,41.2835074046647],[-72.9396821403981,41.2830164041958],[-72.9396661403908,41.2829804045577],[-72.9396601400555,41.2829674042059],[-72.9394041402961,41.2824034042677],[-72.9391411399337,41.2818244042535],[-72.9391151390427,41.281777404308],[-72.9389351392148,41.2814484039121],[-72.9389121396528,41.2814274042381],[-72.9389021392901,41.2814184038411],[-72.9386891398522,41.2812224039019],[-72.9384651387827,41.2810174038767],[-72.9384811394859,41.2809884044686],[-72.9385491388842,41.2808944040011],[-72.9385721391189,41.2808654038634],[-72.9385411392146,41.2808334041454],[-72.9384321398112,41.2804574043507],[-72.9384831388029,41.2803634039678],[-72.9384901388354,41.2803194038226],[-72.9387741393105,41.2802204040702],[-72.9389891393406,41.2800424040338],[-72.938978138906,41.2800264035613],[-72.9387171393446,41.2798564034667],[-72.938686138776,41.279836403796],[-72.9386801398167,41.2794934035721],[-72.9384891390441,41.2795394039642],[-72.9384461397742,41.2794354040938],[-72.9383011395023,41.2788204040894],[-72.9380611387935,41.2782934038886],[-72.9378861385185,41.2782684034374],[-72.9377771393205,41.2780724031084],[-72.9376971394553,41.2779494033244],[-72.9372461385853,41.2775674035002],[-72.937201139292,41.2774994037513],[-72.9372171390184,41.2774764031661],[-72.9371511381638,41.2773854038577],[-72.9370201391791,41.277212403272],[-72.9369191389731,41.2770934036129],[-72.9364601387339,41.27727440312],[-72.9364161390265,41.2772054037603],[-72.9366751382266,41.2770874030851],[-72.9367221381135,41.2770674035944],[-72.9367011384013,41.2770354032765],[-72.9365261381797,41.277095403012],[-72.9364751386211,41.2770854030509],[-72.9362421383481,41.2771664038122],[-72.9362051380152,41.277112403135],[-72.9363791388764,41.2770434030315],[-72.9363581386793,41.2770024037683],[-72.9361761378463,41.2770624035533],[-72.9361331381267,41.2769894036555],[-72.9363371381475,41.2769024030163],[-72.9363501383685,41.2767904036632],[-72.936354138147,41.2767754032184],[-72.93637213841,41.2767144032077],[-72.936504138725,41.2766134033757],[-72.9366931383347,41.2765534033627],[-72.9369481388359,41.2765084036259],[-72.9369621385994,41.2764594028587],[-72.9368971381316,41.2761694034237],[-72.9368451386457,41.2756554028931],[-72.9366131390112,41.275286402728],[-72.9364531385259,41.2750674025884],[-72.9364391385433,41.2750404026094],[-72.9363951382757,41.2748684031812],[-72.9364021381101,41.2746024033201],[-72.9364751380509,41.274104403174],[-72.9363371378522,41.2737364027797],[-72.9362861386884,41.2735694030523],[-72.9362361382951,41.2731194022666],[-72.9362271378624,41.2730454025423],[-72.9361581380543,41.2729044021866],[-72.9357231376332,41.2723014022698],[-72.9354261379644,41.271965402169],[-72.9350291378873,41.2715924021809],[-72.9347851376453,41.2712904023158],[-72.9345941375935,41.2711344021303],[-72.9343651369619,41.2708484021236],[-72.93403013736,41.2706154020005],[-72.9336101371081,41.2703024026067],[-72.9332291374074,41.2699704023569],[-72.9328701374679,41.2697454024257],[-72.9317711369264,41.269123402144],[-72.9315201360043,41.2689944022618],[-72.9312451358143,41.2688344020175],[-72.9311151363989,41.2687194022591],[-72.9310081359641,41.2686164020428],[-72.9308331363357,41.2682844021012],[-72.9305741354926,41.2679104014744],[-72.9306121356364,41.2677654021558],[-72.9307951363846,41.2676014018608],[-72.9308711355978,41.2675374018045],[-72.9309091359085,41.267407401732],[-72.9309401366621,41.267071401677],[-72.9310771364421,41.2668194016892],[-72.9312071367551,41.266709401314],[-72.9312451364795,41.2666294019626],[-72.9311911358543,41.2665334016908],[-72.9310541358205,41.2664304012383],[-72.9309021360873,41.2663694014342],[-72.9306421356184,41.2663694012407],[-72.9305661357639,41.2664194012787],[-72.9305581353755,41.2664384012468],[-72.9305811361921,41.266480401527],[-72.9306421360155,41.2665414012606],[-72.9306801364865,41.2666294015069],[-72.9306351360009,41.2667664016868],[-72.9306651360639,41.2668234019671],[-72.9305891362123,41.2668654017028],[-72.9304741364261,41.2668774020189],[-72.9300621353433,41.266842401633],[-72.9298871363225,41.2668004014853],[-72.9297721353798,41.2668544016246],[-72.9296661358293,41.2669304012228],[-72.9295361358945,41.2669684015134],[-72.9290251360818,41.2671824014944],[-72.9284911357822,41.2673654017405],[-72.9281931351226,41.2675294017543],[-72.9274761355346,41.2678494021089],[-72.9273591351103,41.2679134021784],[-72.9271481344987,41.2679984024045],[-72.9264461344282,41.2683074022504],[-72.9261711345379,41.2683834022165],[-72.9256451342456,41.2685054024811],[-72.9253401341735,41.2686434022777],[-72.9248741337245,41.2687694022699],[-72.9244621339235,41.2688604021776],[-72.9242181339491,41.2688954023058],[-72.9239741336328,41.2689174024201],[-72.9236161337913,41.2689444020856],[-72.9230201339148,41.2690134025701],[-72.9226971338579,41.2690704019006],[-72.9225171337297,41.2691504025655],[-72.9220291330361,41.2695244022324],[-72.9217391335082,41.2697224023713],[-72.9215781331666,41.2699364028014],[-72.9215021335825,41.2700624028932],[-72.9213111336179,41.2702304026265],[-72.9212201328372,41.2704474024936],[-72.9211891326455,41.2707074026378],[-72.9211361333804,41.2709394025906],[-72.9210981333696,41.2711764026987],[-72.9211281328221,41.271267402934],[-72.9212201329618,41.2712754026102],[-72.9212731327256,41.2712294023988],[-72.9213881326622,41.2709624027029],[-72.9215101338399,41.2708524028742],[-72.9215401334836,41.2708594029012],[-72.9216041336142,41.2709914026349],[-72.9216321334634,41.2713594028436],[-72.9215631336074,41.2714964029099],[-72.9214411331948,41.2715994028523],[-72.9211971328354,41.2716724027148],[-72.9209531326538,41.2716724024978],[-72.920732133441,41.2716264032908],[-72.9206171334661,41.2715574028254],[-72.9205561333473,41.2714694029352],[-72.9203501330819,41.2708404025511],[-72.9203581329692,41.2707034030163],[-72.9204261334194,41.2706304031334],[-72.9205641332103,41.270657402358],[-72.9206931326866,41.2707494023796],[-72.920854133108,41.2710354023301],[-72.9208991333099,41.271046402362],[-72.9209451334864,41.2709704023545],[-72.9209991334853,41.2705964024721],[-72.9209451327938,41.2703484023337],[-72.9209271325149,41.2699654029683],[-72.9209121334608,41.2698294029631],[-72.921008132769,41.2696284027896],[-72.9210731333202,41.2696254027337],[-72.9211601329518,41.2697034020651],[-72.9212191326587,41.2696994024139],[-72.9216251334652,41.2694004024902],[-72.9218501335986,41.269193402248],[-72.9219171327282,41.2689424025647],[-72.9221791337658,41.2687534024185],[-72.9223821337056,41.2686574021579],[-72.9224991339534,41.2685964020139],[-72.9227821338446,41.2685614025428],[-72.9230741331598,41.268553402544],[-72.9234661332426,41.2686054026431],[-72.9237441341399,41.2685474024032],[-72.924165134347,41.268546401879],[-72.9248421347392,41.2684234018238],[-72.925023134287,41.2683454021206],[-72.9254391345134,41.2682404022881],[-72.9256271341144,41.268203401849],[-72.9258821341859,41.2681264020118],[-72.9268641351859,41.2678744020261],[-72.9270541352501,41.2678004020178],[-72.9274171350356,41.2676094021802],[-72.927715135212,41.2674794016977],[-72.9284871358574,41.2671284014844],[-72.9287201351364,41.2670514016816],[-72.928945135575,41.2669074012517],[-72.9293971353207,41.2665554015103],[-72.9295571356861,41.2664634015159],[-72.9296661351352,41.266375401788],[-72.9297451356434,41.2663314017015],[-72.9298691355103,41.2662434016455],[-72.9299351353245,41.2661684011521],[-72.930298136376,41.2658284016699],[-72.9305171360474,41.2655034014409],[-72.9308441359164,41.2650584011273],[-72.9309461353792,41.2647544008757],[-72.9309461363399,41.2644344008199],[-72.9310261365073,41.2641344007267],[-72.9311141354762,41.2639914012311],[-72.9312741358551,41.2636214010612],[-72.9313031365829,41.2633644013449],[-72.9312811364227,41.2631254009107],[-72.9309901356808,41.2628594006392],[-72.930801135654,41.2627704008759],[-72.9306991362812,41.2627954011214],[-72.9307501355577,41.2630124007271],[-72.9306041358658,41.2632754007596],[-72.9304951354229,41.2635534010735],[-72.9304811359903,41.2637464014114],[-72.9304081362373,41.2638484009446],[-72.9303131358901,41.2638784007054],[-72.9301531353108,41.263880401152],[-72.9300591351696,41.2638604009748],[-72.9299061357533,41.263871400667],[-72.9296871358084,41.2638174008727],[-72.9296001358873,41.2638164010052],[-72.929280135897,41.2639314010366],[-72.929069135593,41.2641304010386],[-72.9290041351272,41.2642604013244],[-72.9289461353282,41.2644524014124],[-72.9289601347234,41.2646694010557],[-72.928946135297,41.2647324016715],[-72.9287191349018,41.2648724010556],[-72.9283491356249,41.2652164016629],[-72.9283271357393,41.2653154012205],[-72.9283341354765,41.2654644014852],[-72.9284001346047,41.2656134016989],[-72.9284001347282,41.2657674012382],[-72.9283491355991,41.2659144019336],[-72.9281751352068,41.2661234013071],[-72.9279341354262,41.2662134020362],[-72.9276431345863,41.2663924017245],[-72.9274031344372,41.2665684015847],[-72.9272931352641,41.2667824013715],[-72.9271841353015,41.267010402077],[-72.9271401345412,41.2671224016033],[-72.9268931347958,41.2671674014502],[-72.9267701342324,41.2671384021534],[-72.9267331343874,41.2671104018818],[-72.9267111348297,41.2670024014275],[-72.9268201343788,41.2667424017197],[-72.9269221347435,41.2664524014048],[-72.9270471351038,41.2660304012133],[-72.9271781347308,41.2657184015437],[-72.9272501346185,41.2654624016061],[-72.9273731344194,41.2651404013],[-72.9275851343911,41.2646674013209],[-72.9277741353339,41.264436400944],[-72.9280211350213,41.2641974016316],[-72.9280871350724,41.2641264009961],[-72.9283781348059,41.2638844015728],[-72.9285891354092,41.2637164010293],[-72.9288951355132,41.2634884010746],[-72.9296371355196,41.2630424012091],[-72.9299341356829,41.2628714007644],[-72.9305101354027,41.2625214003941],[-72.9308951362676,41.262330400617],[-72.9310041355084,41.2622244008783],[-72.931142135814,41.2621284003584],[-72.9312081355141,41.2620644005449],[-72.9314181353663,41.2618584008881],[-72.9316291354007,41.2615964006238],[-72.931891136295,41.2611414000702],[-72.9320711360184,41.260931400306],[-72.9324951366986,41.2604403998819],[-72.9329611362281,41.2601703998231],[-72.9333251362417,41.2600643998308],[-72.9336591369165,41.2599934005883],[-72.9345031373516,41.2597564004066],[-72.9347871363267,41.259667400486],[-72.9356161374506,41.259474399592],[-72.935958137503,41.2594043999513],[-72.9359711371764,41.2594023996948],[-72.9362931379532,41.2593564000786],[-72.9370861372612,41.2592573997681],[-72.9373871371369,41.2591934002681],[-72.9375731376506,41.2591543997588],[-72.9383511378402,41.2589383998441],[-72.9383881379724,41.2589163999978],[-72.9384681378393,41.2588723993989],[-72.9385551385567,41.2588333999112],[-72.9392311387227,41.2587423993563],[-72.9394061380986,41.258695399314],[-72.9404541386352,41.2584533992651],[-72.9414041391129,41.2581553999217],[-72.9416391385723,41.2580823997763],[-72.9419451388153,41.2579623992491],[-72.9418501385312,41.2576583993839],[-72.9418791389244,41.2576413992903],[-72.9419921385544,41.2576253992269],[-72.9421341385569,41.2576053993073],[-72.9428901397948,41.2575783994164],[-72.9431281396032,41.2575273994709],[-72.9431821400184,41.2575163996674],[-72.9433201391403,41.2574953992447],[-72.9437121394822,41.257282399071],[-72.9437411400676,41.2573953990482],[-72.9440971398494,41.2574063991101],[-72.9446441395392,41.2573573993305],[-72.9450871401,41.257266398904],[-72.9455311407925,41.2570763990234],[-72.9455531403309,41.2571213991878],[-72.9458361397907,41.2571223994484],[-72.9463321410118,41.2570693989557],[-72.9463891404417,41.2570643992678],[-72.9466441410377,41.257001398825],[-72.9469861412448,41.2568633989917],[-72.9473501413151,41.2567303990282],[-72.9474151403438,41.25671339941],[-72.9477491405465,41.2566603991224],[-72.9478401408482,41.2566343986737],[-72.9480551415833,41.2565763994442],[-72.9485201415869,41.2563413994178],[-72.9489131411319,41.2561003987613],[-72.9488981413305,41.2560553987821],[-72.9489431409717,41.2560523987107],[-72.9492181409268,41.2560383988262],[-72.949374141984,41.2560143991587],[-72.9499241419176,41.2559293984944],[-72.9506291416501,41.2557163985116],[-72.9506591423785,41.2557753988905],[-72.9508041421963,41.2557513985417],[-72.9515031415682,41.2555793985002],[-72.9521501426832,41.2553453985893],[-72.9523021426351,41.2552913987353],[-72.9523541421089,41.2553733982285],[-72.9526231429387,41.2553563987246],[-72.9533581431752,41.2552113986805],[-72.9535981425441,41.2551163981406],[-72.9536551430361,41.2550413989361],[-72.9536121430817,41.254900398601],[-72.9537061430607,41.254798398081],[-72.9538671426626,41.2546713984069],[-72.9541061430714,41.2545443981573],[-72.9543901426903,41.2544503980217],[-72.9548621433987,41.2542423986737],[-72.9553501436895,41.2541483983563],[-72.9556921430381,41.2539873979312],[-72.9558741434599,41.2539143979546],[-72.9562231436513,41.2537173985223],[-72.9566231438319,41.2533823977784],[-72.9569361442023,41.2530143981134],[-72.9570881436303,41.2527463981207],[-72.9570591438154,41.2526383979308],[-72.9569501436696,41.2526403976558],[-72.9568191437312,41.252512397653],[-72.9566441441003,41.2525813976054],[-72.9565861429714,41.2525123977811],[-72.9567461437614,41.2524253983689],[-72.9566811440664,41.2523613978163],[-72.9565641432854,41.2522733982156],[-72.9564771434754,41.2522273981348],[-72.9563891434669,41.2521623979921],[-72.9563531433198,41.2520583982482],[-72.956405143054,41.2519643976538],[-72.9565281430383,41.2519083977474],[-72.9567751437385,41.2519123982794],[-72.9568401430786,41.2517743978486],[-72.9568411432709,41.2517383977028],[-72.9569641440549,41.2516813978454],[-72.9571321431607,41.2517073974473],[-72.9572701435645,41.2517723974631],[-72.9573801438207,41.2519333979793],[-72.9574661432197,41.2520593979979],[-72.9575751437373,41.2521743980072],[-72.9578081433206,41.2522593974711],[-72.9582081444184,41.2523253981512],[-72.9588621440226,41.252323397547],[-72.959459144379,41.2522163973597],[-72.9596261439761,41.2522283979303],[-72.9597571441951,41.2523593976714],[-72.9598881449433,41.2524903981616],[-72.9599501448247,41.2525343975192],[-72.9600121447926,41.2525783977434],[-72.9600701449623,41.2526203982113],[-72.9601281443695,41.2526613982721],[-72.9602231450884,41.2523883977301],[-72.9603681441837,41.2522373974257],[-72.960761144615,41.2520373975496],[-72.9612481445969,41.2518433980849],[-72.9616561453273,41.2516163977248],[-72.9618811457583,41.2515033979452],[-72.9620061455237,41.2514373972546],[-72.9621171456685,41.2513583976235],[-72.9623121447355,41.2511863977754],[-72.9623421458608,41.2511153971514],[-72.9623221451831,41.2510063974028],[-72.9622891446959,41.2509113973495],[-72.9623051447539,41.2507993972358],[-72.9623591457556,41.2507593971747],[-72.962641145762,41.2506063974381],[-72.9628061452822,41.2503443975899],[-72.9628181451868,41.2503263972711],[-72.9629091448482,41.2501073971285],[-72.9628991456554,41.2500083970719],[-72.9628891449508,41.2498763971023],[-72.9630051454564,41.2493543974925],[-72.9629831452741,41.2491023968214],[-72.9629541457385,41.2490473974767],[-72.9629471451377,41.24883339682],[-72.9629831451297,41.2486573972292],[-72.9629611457939,41.2484873970441],[-72.9629031451075,41.248350397091],[-72.9628301446856,41.2482953966854],[-72.9628811453135,41.2482623964952],[-72.9630851447744,41.2480313966524],[-72.9632011458116,41.247965396963],[-72.9632381456796,41.2479163967999],[-72.9639941450651,41.2473063970815],[-72.9640301453727,41.2472413969536],[-72.9640591452259,41.2472353962858],[-72.9641171459403,41.247147396686],[-72.9641541457693,41.2470703963953],[-72.9640811455922,41.2469393967387],[-72.9641031451675,41.2467903962716],[-72.9642921453645,41.246933396814],[-72.9644951459814,41.2468403964607],[-72.9649901456996,41.24656539638],[-72.9652011459754,41.2464333964499],[-72.9653461457466,41.246384396037],[-72.9657171455173,41.2461043962504],[-72.9658121457614,41.245945396336],[-72.9657901464134,41.2458353960213],[-72.9658621455808,41.2457753959778],[-72.9660011460088,41.2457803959375],[-72.9662191466887,41.2456543966915],[-72.9664221458524,41.2455823963766],[-72.9665821467438,41.2454893961381],[-72.9666401458052,41.2454673960021],[-72.967477146349,41.2448303958655],[-72.967782146735,41.2446323963579],[-72.9681891465732,41.2443193956929],[-72.9685381465462,41.244023395501],[-72.9688071471906,41.2437373960847],[-72.9688431470659,41.2436333957945],[-72.9687341464306,41.2435733958079],[-72.9688591474894,41.2434773959511],[-72.968869146387,41.243469395405],[-72.9690591473304,41.2433243955844],[-72.9691561474487,41.2432493957287],[-72.9695341466946,41.2429193960442],[-72.9698041468876,41.2425913952633],[-72.9698831473066,41.2424973960037],[-72.969926147025,41.242343395315],[-72.9699261476659,41.2422883951092],[-72.9698321477745,41.2422773958831],[-72.9701301469191,41.242008395392],[-72.9704351467963,41.2416463956877],[-72.9704861468688,41.2414863950952],[-72.9705301468176,41.2410473954814],[-72.9704931476939,41.2406763949523],[-72.9704861476194,41.2406583952841],[-72.9702821471145,41.2406473948363],[-72.970435147065,41.2405483949257],[-72.9708051475311,41.2399883953539],[-72.9710961475716,41.2394993949857],[-72.971107147066,41.2394753952228],[-72.9712271478408,41.2392083949342],[-72.9712201475543,41.2391593952168],[-72.9711181475156,41.2390983952838],[-72.9713361477479,41.2389233945247],[-72.9713761480194,41.2388313947168],[-72.9714811479474,41.2385993950532],[-72.9717131476023,41.2378193945927],[-72.9718371470861,41.2371773943655],[-72.9718661472932,41.2371333943436],[-72.9720041475382,41.2369573947382],[-72.9722661471591,41.2366993940679],[-72.9723581477735,41.2365743947027],[-72.9725271475175,41.2363483944291],[-72.9729141478249,41.2359463941843],[-72.9729951479454,41.2358603945541],[-72.9730291479365,41.2358263946022],[-72.9732701484512,41.2356393938195],[-72.9733641473915,41.2355673937125],[-72.9736101481141,41.2353763944319],[-72.9737701475047,41.2352003937997],[-72.9738311475495,41.2351413943275],[-72.9741981486483,41.2347873939401],[-72.974328148653,41.2347193942722],[-72.9743811478286,41.2346583941126],[-72.9744201484497,41.234577393943],[-72.9744681483914,41.2344813938076],[-72.9745771479384,41.2343003937719],[-72.9748831486474,41.2340483939082],[-72.9751371477987,41.2338373940774],[-72.9755031479886,41.2335133938388],[-72.9756631490883,41.2334523938285],[-72.9758541482697,41.2334103937038],[-72.9763691486083,41.233450393822],[-72.9764161488749,41.2334543933327],[-72.9767071485275,41.2334483931501],[-72.9773791493311,41.2333623934073],[-72.9776931495436,41.2333233936736],[-72.9778601497119,41.2332353933824],[-72.9780051493704,41.2332233936139],[-72.9782271488548,41.2332613933901],[-72.9783181491675,41.2332583935572],[-72.9784141488305,41.2332813935894],[-72.9785031492091,41.2333053934881],[-72.9787211498936,41.2335083938678],[-72.978874149553,41.233623393921],[-72.9791651499065,41.2337613937694],[-72.9793181500002,41.233891393545],[-72.9794781495235,41.234326393614],[-72.9795541502222,41.2344293939478],[-72.9796921500829,41.2344863936714],[-72.9799191500667,41.2345073934673],[-72.9800311495331,41.234518393251],[-72.980874149698,41.2345233935014],[-72.9814921503864,41.2344843938047],[-72.9816091504498,41.2345343932001],[-72.9816781506774,41.2346333939631],[-72.9818271503157,41.2348473935948],[-72.9821251503756,41.2350833938069],[-72.9822271508112,41.235148393589],[-72.9824091507082,41.235198393546],[-72.9825771513134,41.2352023933156],[-72.9828451509872,41.2352093941129],[-72.982998151473,41.2352803934936],[-72.9831071515756,41.2353073934717],[-72.9835431514026,41.2352583937181],[-72.9835731512451,41.2354003938519],[-72.9837111515422,41.2353733936273],[-72.9839221515826,41.2353673934566],[-72.9840161514483,41.2354173932733],[-72.9840961516949,41.2355103939173],[-72.9841041513771,41.235565394025],[-72.9842421516475,41.2356203938106],[-72.9851801521561,41.2355153934239],[-72.9853621512745,41.2355483939159],[-72.9856541520822,41.2356503939226],[-72.9857541519024,41.2356853940523],[-72.9858931519392,41.2357013938292],[-72.9860891518957,41.2356683940729],[-72.9866641516191,41.2354593939246],[-72.9867221527142,41.2354333937404],[-72.9867581521549,41.2354553934098],[-72.9868681521931,41.2355213936106],[-72.9869051525172,41.235543393864],[-72.9871551524785,41.2355393933181],[-72.9874071530051,41.2354413936473],[-72.9875451521995,41.2354203937895],[-72.987772152028,41.2353873934447],[-72.9884701522956,41.2351603937088],[-72.988904153086,41.2350723934274],[-72.9892121528284,41.2350103937668],[-72.9894531536672,41.2349083930283],[-72.9897981536019,41.2347643929505],[-72.9900851527239,41.2347603931245],[-72.9901241538703,41.2347573930124],[-72.9902411537127,41.2347483935042],[-72.9902811532291,41.2347453930441],[-72.9903991537982,41.2347363930746],[-72.9905171531419,41.234727392986],[-72.9905821538112,41.2347333937445],[-72.9906141530791,41.234719393179],[-72.990869154098,41.2346993931094],[-72.9909901534963,41.2346103935129],[-72.9911851540381,41.2344673928688],[-72.9914671540349,41.2344353930249],[-72.9917221537695,41.2344253930697],[-72.9919991534881,41.234378393147],[-72.9922671538058,41.2342223934132],[-72.9924151545762,41.2341873935775],[-72.9925541543485,41.2341953930172],[-72.9926161542212,41.2342143931352],[-72.9927021542318,41.2342813930702],[-72.9927461546817,41.2343413929018],[-72.9927531543133,41.2343513935798],[-72.9927591544704,41.2344453933184],[-72.9927001543052,41.2345273930472],[-72.9924551537596,41.2346673929971],[-72.9923871535055,41.2347513934787],[-72.9923701539888,41.2348243933999],[-72.9924491538955,41.2349343932376],[-72.9925981535669,41.2350193936251],[-72.9924961546093,41.2351923930266],[-72.9924731536503,41.2353143937557],[-72.9924911544186,41.2354333938258],[-72.9925901543798,41.2355613931775],[-72.9927341546151,41.2356163934361],[-72.9931731546614,41.2357303930157],[-72.9934031540677,41.2358073936889],[-72.9934271539915,41.2359013938268],[-72.9933231547045,41.2361243938726],[-72.993335154178,41.2362623940011],[-72.9933861548091,41.2365243936319],[-72.9933251545767,41.2365843940284],[-72.9931681538632,41.2365813933427],[-72.9929211545112,41.2365573935657],[-72.9926401546699,41.2365603936905],[-72.992420154413,41.2366913938249],[-72.9924271535635,41.2368173937472],[-72.9925341543754,41.236925393776],[-72.992748153981,41.2369863938455],[-72.9930631549158,41.2369383932471],[-72.9930991549217,41.237000393576],[-72.9930691546398,41.2370973934325],[-72.9929911547407,41.2371613934494],[-72.9929891543115,41.2372263936739],[-72.9930751539335,41.2372693940727],[-72.9931931543942,41.2372953937784],[-72.9932401546679,41.2373373936782],[-72.9932331539873,41.2373943933761],[-72.992436153706,41.2378533943222],[-72.9924061541529,41.2379223941213],[-72.9923601545496,41.2380263943118],[-72.9924021540043,41.2380923935822],[-72.9925081547781,41.2381313937462],[-72.9926271540717,41.2381253941249],[-72.9927631537767,41.2380913935734],[-72.9928541542392,41.238121393882],[-72.9929171548342,41.2381953937799],[-72.99303115444,41.2384293941167],[-72.993123154337,41.2386063941163],[-72.9931101547009,41.2386493939989],[-72.9931041547681,41.2386753941436],[-72.9930031541031,41.2388283940934],[-72.9928511540576,41.2388383945068],[-72.9927351545389,41.238742394129],[-72.9925701544972,41.2386583939984],[-72.9924251541253,41.2386473944192],[-72.9922221542802,41.2387583937266],[-72.9921281536514,41.2390093938379],[-72.9921851541072,41.239270394372],[-72.9923361545222,41.2394443941698],[-72.9924831545544,41.239402394637],[-72.9925841549041,41.2394613940379],[-72.9928501546638,41.2399373941913],[-72.992860155042,41.2399553942444],[-72.9927251542889,41.2401283944367],[-72.9925691545521,41.2402803940409],[-72.9926361542026,41.2403953940329],[-72.9927861543086,41.2404303945967],[-72.9928181539879,41.2404113942216],[-72.9931101542935,41.2402443942679],[-72.9932291551842,41.2402633945513],[-72.9932031542299,41.2404053940634],[-72.9930681545477,41.2409163947067],[-72.9931471542135,41.2409993945401],[-72.9932981549947,41.2410063942447],[-72.9935151549086,41.2409613947387],[-72.993812154777,41.2409623941735],[-72.9940631546103,41.2409953941601],[-72.9941791547782,41.2410663944621],[-72.9942011554396,41.2411063942938],[-72.9942451549876,41.2411823942245],[-72.9942601547497,41.2413033948293],[-72.9943541547721,41.2414123942443],[-72.994427155191,41.2414893947098],[-72.9946231555241,41.2416043944675],[-72.9946351551135,41.2417003946054],[-72.9946381548882,41.2417253941205]]]},"properties":{"OBJECTID":29,"TOWN_NO":156,"TOWN":"West Haven","GRACE_PERIOD":"No"}},{"type":"Feature","id":30,"geometry":{"type":"Polygon","coordinates":[[[-73.201831256201,41.7900544933785],[-73.2018162560326,41.7901544927368],[-73.2018112556481,41.7901874933242],[-73.2016372558372,41.7907814929456],[-73.2011172551102,41.7925674938107],[-73.2009442553194,41.7931624937723],[-73.2005202551123,41.7945604940512],[-73.1992512558521,41.7987554950645],[-73.1988282554447,41.8001544949642],[-73.1985672553452,41.8010274953898],[-73.197785255474,41.803648495704],[-73.1975492545712,41.8044434964188],[-73.1975252545563,41.8045224956054],[-73.1975092551285,41.804578495737],[-73.1974922547933,41.8046334958484],[-73.1973482554291,41.8051114964428],[-73.1965882547617,41.8076324970396],[-73.1965322554966,41.8078144968068],[-73.1935582547246,41.8176934990396],[-73.1925672545167,41.8209874993648],[-73.1923692549838,41.8215454990675],[-73.192266254284,41.8218384992152],[-73.1917752540008,41.8232225000476],[-73.191577254852,41.8237815001009],[-73.1912742547315,41.8249185003285],[-73.1903672537035,41.8283325007013],[-73.1900652538596,41.8294715010948],[-73.1866212534642,41.8407385030066],[-73.183666253009,41.8507665057295],[-73.183622254066,41.8509025055533],[-73.1835912536966,41.8509975053946],[-73.1835782532213,41.8510395056427],[-73.1834352530574,41.851482505586],[-73.1833662534095,41.8516935057502],[-73.1832922540284,41.8519265055683],[-73.1832842536434,41.8519535053246],[-73.183263253704,41.8520385052647],[-73.183256253489,41.8520665060512],[-73.1830522528921,41.8528725054039],[-73.1824412538733,41.8552905062789],[-73.1822382536543,41.8560975062504],[-73.1819022530371,41.8571245068378],[-73.1808982531804,41.8602075071158],[-73.1805642532087,41.8612355079243],[-73.1800782534986,41.8628795075642],[-73.1786242531967,41.8678115085955],[-73.1781392526544,41.8694565095134],[-73.1779272530582,41.8701445088745],[-73.1778712524953,41.8703215091836],[-73.1777142527775,41.8708325096006],[-73.1772582528078,41.8723085100216],[-73.1770692531857,41.872918509724],[-73.1768022524853,41.8737845097638],[-73.176478252472,41.875033509927],[-73.1761002525594,41.8763035108929],[-73.1738682523742,41.8838265118191],[-73.1731242518672,41.8863345127949],[-73.1730182521711,41.8866505125042],[-73.1727032527323,41.8876025126774],[-73.17259825189,41.887919512994],[-73.1724392516498,41.8883695131733],[-73.1719662524454,41.8897195136124],[-73.1718092525038,41.8901705137376],[-73.1715792520018,41.8909925131592],[-73.1708932519082,41.8934605140833],[-73.170665251741,41.8942835137262],[-73.1660762501346,41.8936315141247],[-73.1624282494799,41.8931145137481],[-73.1618722492449,41.8932965146379],[-73.1615602491565,41.893294513822],[-73.1611322488048,41.8931355143028],[-73.1606072480731,41.8928105142418],[-73.1581852481033,41.8922265144249],[-73.1581542480986,41.891967513892],[-73.1541212468041,41.8882335139353],[-73.1531872458399,41.8873695130065],[-73.1532802458086,41.8856995131376],[-73.1515962457782,41.8855685133625],[-73.1516882452586,41.8852315135088],[-73.1516972453207,41.8852005134994],[-73.1518192453338,41.8848215131935],[-73.1518712447371,41.8845625128969],[-73.1519062453731,41.8842275133105],[-73.151907245278,41.8840825130043],[-73.1519132449068,41.8837015126076],[-73.1518922456821,41.8834935123007],[-73.151846244714,41.8833105128889],[-73.1516302455067,41.8825295129236],[-73.1516102450147,41.8824565122317],[-73.1515432455781,41.8820595123863],[-73.151533244691,41.8817245122881],[-73.1515942451593,41.8812885119366],[-73.1516582456117,41.8809925119875],[-73.1517682450693,41.8805915118725],[-73.1520152447726,41.8799125118825],[-73.1522812456025,41.8790255120035],[-73.1523632445158,41.8787555117157],[-73.1526412453187,41.8778735117019],[-73.1527412446272,41.8775035112085],[-73.1528232447429,41.877116511052],[-73.1528362454935,41.8768345114869],[-73.1528422457346,41.8767265116137],[-73.1528212454346,41.8763425108825],[-73.1527832449541,41.8760365113433],[-73.1527522451705,41.8757025112651],[-73.1527162451212,41.8753455114944],[-73.1527242455564,41.8750865111799],[-73.1527532452445,41.87488951132],[-73.1528722452747,41.8741515112758],[-73.1529622445397,41.8736785106123],[-73.1530732448097,41.8731055110222],[-73.1531202448731,41.8728675108233],[-73.1531642444756,41.8726375106332],[-73.152566244907,41.8727135102187],[-73.1507722442712,41.872943510738],[-73.1501752439533,41.8730205109454],[-73.1488102440697,41.8732125109336],[-73.144714242433,41.8737905106751],[-73.1433502416693,41.8739835113346],[-73.1420812410472,41.8741545116706],[-73.1382742403193,41.8746675117494],[-73.1370062394767,41.8748395116954],[-73.1369502401827,41.8748475113341],[-73.1367822398194,41.874871511896],[-73.1367262392654,41.87487951143],[-73.1354192398204,41.8750445117305],[-73.1348102388973,41.8751215120448],[-73.1290652371259,41.8758525116917],[-73.1286972368733,41.8758995122205],[-73.1271502372629,41.8760965120213],[-73.1268212369281,41.8761415120492],[-73.1258372360412,41.8762785125987],[-73.1255092357533,41.8763255124782],[-73.1247592356302,41.8764195125488],[-73.1244452360708,41.8764705119215],[-73.1212652345961,41.8769905123638],[-73.1202062345765,41.877164512207],[-73.1200152349081,41.8771905130117],[-73.1194412338775,41.8772685122289],[-73.1192512343873,41.8772955124446],[-73.1175052339843,41.8775545128336],[-73.1122682318791,41.8783305131855],[-73.1105232309668,41.8785905130672],[-73.1094352311248,41.8787345134528],[-73.106174230477,41.8791685136837],[-73.1050872295715,41.8793145137491],[-73.1047912293702,41.8793565135553],[-73.1039022290892,41.8794845138153],[-73.1036072291435,41.8795275140932],[-73.0835832230759,41.882611514621],[-73.0828852230113,41.8827135150672],[-73.0818952223588,41.8828575146889],[-73.0768312213901,41.8835975149053],[-73.0751442207065,41.8838455156513],[-73.0750172207615,41.8838625152839],[-73.0749012206513,41.883879515382],[-73.0746362197486,41.8839155156801],[-73.0745092197442,41.8839335159205],[-73.0743932205775,41.8839505155052],[-73.0740752204982,41.8839975157591],[-73.0740462203026,41.8840015152666],[-73.0739312202754,41.8840215150865],[-73.073798220072,41.8840465152099],[-73.0733982200593,41.884121515654],[-73.0732662196264,41.8841475153347],[-73.0730432197855,41.8841815155595],[-73.0723752193782,41.8842865152619],[-73.0721532189364,41.8843225160139],[-73.0718992190916,41.8843705158811],[-73.0714012194808,41.884466515853],[-73.0711392188253,41.8845165161078],[-73.0708862188297,41.8845655157338],[-73.0705532185857,41.8846165156546],[-73.0695552186047,41.884771515519],[-73.0692232188051,41.8848235154043],[-73.0683302183103,41.884969515778],[-73.0656542168678,41.8854065164829],[-73.0647622173135,41.8855535164786],[-73.0643582165819,41.8856235158362],[-73.0636982168782,41.8857395157846],[-73.0631472171816,41.8858185158298],[-73.0627422164038,41.8858775165205],[-73.0611242156154,41.8861335166879],[-73.0609002158571,41.8861685162028],[-73.0553762144206,41.8870405169133],[-73.0535352130517,41.887332517277],[-73.0539592136251,41.8857055169916],[-73.0552332136001,41.88082451563],[-73.0556582140738,41.879198515244],[-73.0562682136887,41.8766625148289],[-73.0566852136039,41.8749345141939],[-73.0582662143798,41.8690965135012],[-73.0586452139206,41.8676985132105],[-73.0589492145515,41.8665795124212],[-73.0591122145351,41.8659595121688],[-73.0596042140472,41.864099512117],[-73.0597682143922,41.8634805116757],[-73.0598322137747,41.8632065124889],[-73.0604202139377,41.8606675119306],[-73.0605962137746,41.859908511361],[-73.0623782142864,41.8522295102985],[-73.0630312138337,41.8494175093562],[-73.0634632138299,41.8476985087607],[-73.0639532139601,41.845751508419],[-73.0647602139628,41.8425445082392],[-73.0651932141557,41.8408265079009],[-73.0652962145764,41.8404315079298],[-73.0654312148893,41.8399125075532],[-73.0661472140065,41.8371735064928],[-73.0663862148354,41.8362605070564],[-73.0666572150877,41.83529550641],[-73.0672512145404,41.8331915063176],[-73.0673752141072,41.8323785062809],[-73.067528215199,41.8313885053598],[-73.067556214538,41.8311875053037],[-73.0676422148589,41.8305865054856],[-73.0676722143301,41.8303865055403],[-73.0678242152217,41.8298755049877],[-73.0682802143264,41.8283425052865],[-73.0684332144745,41.8278325047596],[-73.0685392145767,41.8274965051549],[-73.0686322146786,41.8271745047006],[-73.0691642150399,41.8253415040921],[-73.0692062150831,41.825195504435],[-73.0693972150282,41.8245365045722],[-73.0694212146445,41.8244625046643],[-73.0694352146529,41.8244135043434],[-73.0694562149487,41.8243425045624],[-73.0694922151343,41.8242205038168],[-73.069521214259,41.8240405042425],[-73.0695432147234,41.8239145041471],[-73.0695682153261,41.8237655045539],[-73.0696302153212,41.8233725038168],[-73.0696332150818,41.8233555042188],[-73.0697232144796,41.8229105039503],[-73.0697832142414,41.8226595037081],[-73.0698492149988,41.8224085039083],[-73.0700342144105,41.8217055039298],[-73.0700672149615,41.8215835040208],[-73.0702022143054,41.8211655040571],[-73.0703132147501,41.8207535037062],[-73.0706502144134,41.8195175032294],[-73.0707622143326,41.8191065033641],[-73.070788215467,41.8190075030105],[-73.0708692145928,41.8187135034316],[-73.0708962146888,41.8186165035365],[-73.0709642145783,41.8183655026588],[-73.0710132155178,41.8181945034127],[-73.071131215475,41.8177835025665],[-73.0712332151728,41.8174285025399],[-73.0713762152997,41.8169345027657],[-73.0714572151441,41.8166555023627],[-73.071490215518,41.8165125031019],[-73.071518215299,41.8163865027733],[-73.07160621505,41.8160115022397],[-73.0716362148392,41.8158865028833],[-73.0716772147726,41.8157165023891],[-73.0717062152849,41.8155985023775],[-73.0719162147567,41.8147385025107],[-73.0719872154069,41.8144515019401],[-73.0721132155727,41.8139495018266],[-73.0722492150334,41.8134135017238],[-73.0724432154831,41.8126705018773],[-73.0724962149333,41.8124465015408],[-73.0726172152627,41.8119445019494],[-73.0726672147395,41.8117355015493],[-73.0728202150533,41.8111085016592],[-73.0728712146775,41.8109005013134],[-73.0729332146198,41.8106525019535],[-73.0731232153915,41.809908501381],[-73.0731862146648,41.8096605017215],[-73.0732412149911,41.8094355012715],[-73.0733732151068,41.8089015010276],[-73.0734142155199,41.8087625012615],[-73.0734812153981,41.8085415014977],[-73.0735312147371,41.8083665012666],[-73.0736852151993,41.8078435005516],[-73.0737372148792,41.8076695011798],[-73.0738402155195,41.807295501282],[-73.0740392155855,41.8065775005387],[-73.0741562156513,41.8061765009282],[-73.0742652156256,41.8058055007233],[-73.0746432156083,41.8045165006567],[-73.0753092158941,41.8021884996177],[-73.0753912150233,41.801903499751],[-73.0754592153846,41.8016714996219],[-73.0754772155002,41.8016074997587],[-73.0755512156974,41.8013634998917],[-73.0756442157999,41.8010534993662],[-73.0756902152584,41.8009024998308],[-73.0757302157075,41.8007704992675],[-73.0757402153471,41.8007354996731],[-73.0758372151018,41.8003804998703],[-73.0758502158939,41.8003364990993],[-73.0759162150552,41.8001074997099],[-73.0761482149544,41.7993034992296],[-73.0761792153272,41.7992164990647],[-73.0761912151795,41.7991854994243],[-73.0762222152743,41.799118499626],[-73.0762602149444,41.799053499528],[-73.0763092154047,41.7989874995546],[-73.0763672153888,41.7989244993018],[-73.0764072153633,41.7988884991834],[-73.0764622161135,41.7988024989059],[-73.0766282149579,41.7985444986847],[-73.0766842152394,41.7984594993557],[-73.0768882153101,41.7984524989613],[-73.0775022157758,41.7984344989135],[-73.0777072160736,41.7984294993155],[-73.0777232161827,41.7984284986367],[-73.0778342157935,41.798430499269],[-73.0779502164906,41.7984344987755],[-73.0782152163333,41.7984294989307],[-73.0783432166121,41.7984284994035],[-73.0788232167206,41.7984324987821],[-73.0794442163741,41.7984384988316],[-73.0802632164119,41.7984204987107],[-73.0805342164838,41.7984154988915],[-73.0807442173869,41.7984154990423],[-73.0810942172041,41.7984464990213],[-73.0821552172978,41.7984094989454],[-73.0825092175369,41.7983974985902],[-73.0825922176494,41.7983934988021],[-73.0828402178548,41.7983844992298],[-73.0829242181341,41.7983814984105],[-73.0829962180219,41.79838349847],[-73.0832132179252,41.7983904984837],[-73.0832862180464,41.798393498467],[-73.0853002185056,41.7984614987293],[-73.0857862188131,41.798478498728],[-73.0867732191497,41.7985114989778],[-73.0870272184954,41.7985144989035],[-73.0877902185898,41.7985254983795],[-73.0880452195451,41.7985294988284],[-73.0886022197153,41.7985214987574],[-73.0902732203816,41.7984994983076],[-73.0908312204071,41.7984924983326],[-73.0917682207786,41.7984804985776],[-73.0945812209924,41.7984444981434],[-73.0955192217423,41.7984334985663],[-73.0959532213604,41.7984274984478],[-73.0963692225298,41.7984224987549],[-73.0976202223437,41.7984064984799],[-73.0989192224795,41.7984044985506],[-73.0990822228777,41.7984034981248],[-73.099770223463,41.7984034978936],[-73.100149222936,41.7984024978737],[-73.101181223843,41.7984014978682],[-73.1040932247146,41.7983984981768],[-73.1039282248585,41.797083497447],[-73.1037532243781,41.7956834974422],[-73.1037152237408,41.7953854973385],[-73.1036782239324,41.7950884971278],[-73.1040852242721,41.7946484972954],[-73.1042902245549,41.7944294970071],[-73.1048742248173,41.7937694973283],[-73.1066262253555,41.7917914964787],[-73.1072112254143,41.7911324969025],[-73.1073042249814,41.7910364961878],[-73.1075862254031,41.7907474965913],[-73.1076802255398,41.7906524963564],[-73.1077092247527,41.7906144962357],[-73.1077992255344,41.7904994961321],[-73.1078292250849,41.7904624967737],[-73.1079512255901,41.790345496725],[-73.1081262248173,41.7901794960908],[-73.1083172247142,41.7899964963698],[-73.108440225137,41.7898804965764],[-73.1084582255477,41.7898544961026],[-73.1085142247696,41.7897794965409],[-73.1085342248668,41.7897554967336],[-73.1086602259385,41.7896294961529],[-73.1088862250736,41.789390496368],[-73.1098482259353,41.7883784961921],[-73.1099352252078,41.7882854957414],[-73.1102852254334,41.7879184956733],[-73.1105912253615,41.7874164959451],[-73.1106462253474,41.7873244961181],[-73.1107322256192,41.7871854954475],[-73.1111192257833,41.7865504955267],[-73.1115912264851,41.7857754956483],[-73.1117312259406,41.7855444951466],[-73.1119902257818,41.7851214952751],[-73.1120422259257,41.7850364953793],[-73.1120942259329,41.7849514954583],[-73.1120992256021,41.7835194946696],[-73.1121592257805,41.7831544950954],[-73.1122572261867,41.7825614944504],[-73.1123912263237,41.7823554948238],[-73.1124712259989,41.7822304949104],[-73.1144322265267,41.7819844944589],[-73.1158162268199,41.7817014940825],[-73.1158812268153,41.7816854949567],[-73.1168072274256,41.7814594942237],[-73.1171562278072,41.781374494151],[-73.1175062280938,41.7808514945173],[-73.1176682283061,41.780192494183],[-73.1176842278984,41.7801264939289],[-73.1177002271304,41.7800614939685],[-73.1178492278073,41.7794534939172],[-73.1178642272444,41.7793954937779],[-73.1181162277943,41.77779949349],[-73.1181822280177,41.7776104934815],[-73.1182812279539,41.7773334935072],[-73.1182982281033,41.7772864937591],[-73.1184632279428,41.7770594932262],[-73.1185232280702,41.7769764931618],[-73.1185892283933,41.7768874937343],[-73.1187252276985,41.7767444932723],[-73.1187962274135,41.776671493303],[-73.1188382277483,41.7766274937152],[-73.118933228494,41.7765454935301],[-73.1193592277582,41.7761824928914],[-73.1193822275368,41.7761634928877],[-73.1194772278659,41.7760384929793],[-73.1195352275957,41.7759604930453],[-73.1197132285539,41.7757274931421],[-73.119772228147,41.7756504928771],[-73.1198602277673,41.7756804935775],[-73.1198752287513,41.7756854929164],[-73.1199492281873,41.7757104928042],[-73.1201842288325,41.7757904933893],[-73.1202882279146,41.7758264928564],[-73.120405227809,41.7758804936761],[-73.1207562283686,41.7760434930162],[-73.1208732287677,41.7760984936565],[-73.1210072287786,41.7761484929805],[-73.1214122290559,41.7763014929618],[-73.1215472291767,41.77635249324],[-73.1216412293718,41.7763944930396],[-73.1219232287,41.7765234928738],[-73.1220182286659,41.7765664930434],[-73.122120229071,41.7766004931063],[-73.1232872298258,41.7767164935405],[-73.1245552293135,41.776843493627],[-73.1270582305801,41.7774244931001],[-73.1283072307481,41.7777144931596],[-73.1303702311567,41.7781844929003],[-73.1365592343629,41.7795944935696],[-73.138622234078,41.7800654930806],[-73.1396622353914,41.7803164932011],[-73.1427822363771,41.7810694932506],[-73.1438222365977,41.7813214931574],[-73.1453242365203,41.7816684938278],[-73.1461102367988,41.7818504935329],[-73.1498332378964,41.7827114931909],[-73.1513362389037,41.7830594936084],[-73.1518962392725,41.7831894937699],[-73.1535782395176,41.783582493489],[-73.1541392392507,41.7837134939944],[-73.1545292393942,41.78380349367],[-73.1557012404638,41.7840764939691],[-73.1560922401089,41.7841674932597],[-73.1585932409965,41.7847704933134],[-73.1589182410633,41.7854244938082],[-73.1631822428326,41.7940014953433],[-73.1635142437729,41.7939654955317],[-73.1667992450636,41.7936114946341],[-73.1669942444881,41.7935934947613],[-73.1675802448961,41.793543495222],[-73.1677762453552,41.7935264952035],[-73.1678002448216,41.7935224954228],[-73.1678762449434,41.7935134950591],[-73.1679012446427,41.7935104946337],[-73.1687032449426,41.7933974946639],[-73.1703052458378,41.7931734948462],[-73.1713102456706,41.7930344943465],[-73.1719122457512,41.7929474944084],[-73.172408245947,41.7928954951353],[-73.1728962464051,41.7928514947796],[-73.1737862471734,41.792773494975],[-73.1746082472468,41.7927134943055],[-73.1749222465442,41.7926884941692],[-73.1754662469352,41.7926454941235],[-73.1755512472638,41.7926374945456],[-73.1757342469334,41.7926204946974],[-73.1758552474623,41.7926094945196],[-73.1768422478785,41.7925284942052],[-73.1772282476722,41.7924864947849],[-73.17737524818,41.7924714946641],[-73.177561247456,41.7924584946023],[-73.1777552485615,41.7924394943342],[-73.1780382478418,41.7924194939887],[-73.178392248418,41.7923894939938],[-73.17850424764,41.7923804944115],[-73.1787792486001,41.7923474946723],[-73.1790192479318,41.7923194943604],[-73.1797422482889,41.7922364939537],[-73.17998424821,41.7922094943864],[-73.1807642493539,41.7921284946678],[-73.183104249846,41.7918874941594],[-73.1838852498223,41.7918074941816],[-73.1855362508632,41.7916414938317],[-73.1904912525274,41.7911474939294],[-73.19214325309,41.7909834938728],[-73.1925142529635,41.7909454937871],[-73.192812252363,41.7909154939597],[-73.1936272524233,41.7908314935688],[-73.1939982526391,41.7907944935045],[-73.1946162534741,41.7907394931077],[-73.1964702540019,41.7905764933529],[-73.1970892538053,41.7905224932422],[-73.1973752542497,41.7904974935542],[-73.1975352539998,41.7904844935825],[-73.1982172540503,41.7904494937617],[-73.1982362547872,41.7904474932347],[-73.1985232543029,41.790426493414],[-73.1989032547775,41.7903754933572],[-73.1995322550608,41.7902914935419],[-73.2000472550138,41.7902234928853],[-73.2004282550355,41.790173493203],[-73.2007092554378,41.7901424930579],[-73.2015552560069,41.7900524929816],[-73.2018372560827,41.7900224927771],[-73.201831256201,41.7900544933785]]]},"properties":{"OBJECTID":30,"TOWN_NO":143,"TOWN":"Torrington","GRACE_PERIOD":"No"}},{"type":"Feature","id":31,"geometry":{"type":"Polygon","coordinates":[[[-73.1701952515705,41.8958465144618],[-73.1687882515421,41.9005355157768],[-73.1684562523031,41.9016455154852],[-73.1683202518672,41.9020995159002],[-73.167704251488,41.9041465160651],[-73.165860251595,41.9102905175137],[-73.1653282509702,41.9120625179364],[-73.1652452514716,41.9123385174593],[-73.1651962513818,41.9125215181118],[-73.165053251224,41.9130705181335],[-73.165006251334,41.913254518051],[-73.1638742513296,41.9171365188431],[-73.1629362505502,41.9203475192521],[-73.1624052506131,41.9221705200333],[-73.1596382502253,41.931670521753],[-73.1567302503666,41.9416305231949],[-73.1546602504807,41.9487245249083],[-73.1545272498234,41.9491685251428],[-73.1541322506321,41.9505005258651],[-73.1540012498071,41.9509455257031],[-73.1534952506092,41.952701526181],[-73.1521042498391,41.9575365267534],[-73.151983249672,41.9579725268035],[-73.1514952495618,41.9597345272296],[-73.1494542495815,41.9598285270596],[-73.1466932487466,41.9599565278862],[-73.1433332477936,41.9601105279113],[-73.1412932466203,41.9602055273811],[-73.1373952452682,41.9603875278235],[-73.1291292431791,41.9607745280889],[-73.1267752421943,41.9608845279563],[-73.1257022415472,41.9609345286749],[-73.1247382418694,41.9609805285189],[-73.121815240719,41.9612615281523],[-73.1215842400612,41.9612755286779],[-73.1208942398673,41.9613175286744],[-73.1206642397276,41.9613325289049],[-73.12060923991,41.9613385290931],[-73.1204472394358,41.9613555286621],[-73.120393240483,41.9613625284916],[-73.119424239374,41.961412528943],[-73.1168012388472,41.9615495288002],[-73.1165202389906,41.9615635290611],[-73.1155532388977,41.9616145288151],[-73.1137212374532,41.961703528911],[-73.1082252353767,41.9619725293992],[-73.1063942355051,41.9620625294696],[-73.1057662349883,41.9620915296839],[-73.1038812345531,41.9621815289689],[-73.1034862349934,41.9622005293852],[-73.1032542348913,41.9622115298408],[-73.1031242347597,41.9622225293761],[-73.103069233803,41.9622285293291],[-73.1027342341937,41.9622575293956],[-73.1026052345285,41.9622695291452],[-73.1004512334994,41.9623175294761],[-73.0939902317775,41.9624615300686],[-73.0918372301227,41.9625105303287],[-73.0913812305487,41.9625415301966],[-73.0900162301656,41.9626365296038],[-73.0895612297516,41.962669529754],[-73.0869432293697,41.9628155299239],[-73.0860842285484,41.9628645303461],[-73.0833792282991,41.9630165300878],[-73.0790892261288,41.9632565304551],[-73.0764712255108,41.9634035306935],[-73.0753032250219,41.963445530708],[-73.0723972244889,41.9635515309111],[-73.0717992245969,41.9635725304891],[-73.0706322244435,41.9636155312424],[-73.0694592230722,41.9636805313214],[-73.0691212229339,41.963699530836],[-73.0659402221349,41.9638445310102],[-73.0647672223499,41.9638985312711],[-73.0647002220598,41.9639015313694],[-73.064502222433,41.963910531382],[-73.0644362221903,41.9639145306539],[-73.0642392212171,41.9639215315211],[-73.0616272210656,41.9641225312184],[-73.05320321881,41.9647725317047],[-73.0503952173367,41.9649905321067],[-73.0501662169062,41.9650085316666],[-73.0494802175044,41.9650615319959],[-73.0492522164339,41.9650805319043],[-73.0483442166274,41.9651525319652],[-73.0456212154182,41.9653715316724],[-73.0452782153708,41.9653995322856],[-73.0449812158105,41.9654235316694],[-73.0447142155735,41.9654455317781],[-73.0446052155292,41.9654535320121],[-73.0445272150554,41.9654595320353],[-73.0437072149274,41.9655235318694],[-73.0406892140723,41.9657625326363],[-73.0396842140649,41.9658425327783],[-73.0385522133094,41.9659355323914],[-73.0351562130662,41.9662155325203],[-73.0340252123414,41.9663095324242],[-73.0345032116122,41.9643055321162],[-73.0355072116629,41.9601085312703],[-73.0359182125739,41.9582895313891],[-73.0363742122337,41.9562805307639],[-73.0365372122494,41.9555615302292],[-73.037027212163,41.9534075299101],[-73.0371912128069,41.9526895300579],[-73.037415212711,41.9516755298246],[-73.0374552120904,41.9514985293836],[-73.0381062125951,41.9486385289135],[-73.0383372119037,41.9476265284636],[-73.03843521205,41.9472035285301],[-73.0387312128728,41.9459375281419],[-73.0388312118276,41.9455155283082],[-73.0391682128887,41.9442615285033],[-73.0393582120334,41.9435575277169],[-73.0401232125761,41.9404865277046],[-73.0404372131316,41.9392275272827],[-73.0405442122423,41.9388465267111],[-73.040867212668,41.9377055267907],[-73.0409752120491,41.9373255269718],[-73.0413242130683,41.9361145269889],[-73.0419912132749,41.9338115260629],[-73.0423392122956,41.9324745258855],[-73.0426572122101,41.931256525438],[-73.0429132126372,41.9301125254639],[-73.0429642132361,41.9298835250864],[-73.0429712130776,41.9298545252735],[-73.0430282132808,41.929597525117],[-73.0430592131225,41.9294605255521],[-73.0438992128165,41.9257705247912],[-73.0442122124798,41.9244005241053],[-73.0447082134297,41.9223715234194],[-73.0461962134556,41.9162855227677],[-73.0466932129182,41.9142575223485],[-73.0466982132095,41.9142235224132],[-73.0467162132365,41.9141205218579],[-73.0467232129933,41.9140875224503],[-73.0469032129755,41.9133705221815],[-73.0469072124951,41.9133535219579],[-73.0470212124505,41.9129155219979],[-73.0471762130471,41.9123215223091],[-73.0474792133697,41.9111575218511],[-73.0476702127835,41.9104255217994],[-73.0477122130571,41.9102335218101],[-73.0478402131538,41.9096575210367],[-73.0478632128198,41.9095565213064],[-73.0478842129903,41.9094665214512],[-73.0480852126103,41.9087225211927],[-73.0481512136956,41.9084755214224],[-73.0489552128478,41.9055055205465],[-73.0492242137158,41.9045155200171],[-73.0500912133464,41.9010795195067],[-73.0521692135254,41.8928565180194],[-73.0526842135505,41.8907715178401],[-73.0535352130517,41.887332517277],[-73.0553762144206,41.8870405169133],[-73.0609002158571,41.8861685162028],[-73.0611242156154,41.8861335166879],[-73.0627422164038,41.8858775165205],[-73.0631472171816,41.8858185158298],[-73.0636982168782,41.8857395157846],[-73.0643582165819,41.8856235158362],[-73.0647622173135,41.8855535164786],[-73.0656542168678,41.8854065164829],[-73.0683302183103,41.884969515778],[-73.0692232188051,41.8848235154043],[-73.0695552186047,41.884771515519],[-73.0705532185857,41.8846165156546],[-73.0708862188297,41.8845655157338],[-73.0711392188253,41.8845165161078],[-73.0714012194808,41.884466515853],[-73.0718992190916,41.8843705158811],[-73.0721532189364,41.8843225160139],[-73.0723752193782,41.8842865152619],[-73.0730432197855,41.8841815155595],[-73.0732662196264,41.8841475153347],[-73.0733982200593,41.884121515654],[-73.073798220072,41.8840465152099],[-73.0739312202754,41.8840215150865],[-73.0740462203026,41.8840015152666],[-73.0740752204982,41.8839975157591],[-73.0743932205775,41.8839505155052],[-73.0745092197442,41.8839335159205],[-73.0746362197486,41.8839155156801],[-73.0749012206513,41.883879515382],[-73.0750172207615,41.8838625152839],[-73.0751442207065,41.8838455156513],[-73.0768312213901,41.8835975149053],[-73.0818952223588,41.8828575146889],[-73.0828852230113,41.8827135150672],[-73.0835832230759,41.882611514621],[-73.1036072291435,41.8795275140932],[-73.1039022290892,41.8794845138153],[-73.1047912293702,41.8793565135553],[-73.1050872295715,41.8793145137491],[-73.106174230477,41.8791685136837],[-73.1094352311248,41.8787345134528],[-73.1105232309668,41.8785905130672],[-73.1122682318791,41.8783305131855],[-73.1175052339843,41.8775545128336],[-73.1192512343873,41.8772955124446],[-73.1194412338775,41.8772685122289],[-73.1200152349081,41.8771905130117],[-73.1202062345765,41.877164512207],[-73.1212652345961,41.8769905123638],[-73.1244452360708,41.8764705119215],[-73.1247592356302,41.8764195125488],[-73.1255092357533,41.8763255124782],[-73.1258372360412,41.8762785125987],[-73.1268212369281,41.8761415120492],[-73.1271502372629,41.8760965120213],[-73.1286972368733,41.8758995122205],[-73.1290652371259,41.8758525116917],[-73.1348102388973,41.8751215120448],[-73.1354192398204,41.8750445117305],[-73.1367262392654,41.87487951143],[-73.1367822398194,41.874871511896],[-73.1369502401827,41.8748475113341],[-73.1370062394767,41.8748395116954],[-73.1382742403193,41.8746675117494],[-73.1420812410472,41.8741545116706],[-73.1433502416693,41.8739835113346],[-73.144714242433,41.8737905106751],[-73.1488102440697,41.8732125109336],[-73.1501752439533,41.8730205109454],[-73.1507722442712,41.872943510738],[-73.152566244907,41.8727135102187],[-73.1531642444756,41.8726375106332],[-73.1531202448731,41.8728675108233],[-73.1530732448097,41.8731055110222],[-73.1529622445397,41.8736785106123],[-73.1528722452747,41.8741515112758],[-73.1527532452445,41.87488951132],[-73.1527242455564,41.8750865111799],[-73.1527162451212,41.8753455114944],[-73.1527522451705,41.8757025112651],[-73.1527832449541,41.8760365113433],[-73.1528212454346,41.8763425108825],[-73.1528422457346,41.8767265116137],[-73.1528362454935,41.8768345114869],[-73.1528232447429,41.877116511052],[-73.1527412446272,41.8775035112085],[-73.1526412453187,41.8778735117019],[-73.1523632445158,41.8787555117157],[-73.1522812456025,41.8790255120035],[-73.1520152447726,41.8799125118825],[-73.1517682450693,41.8805915118725],[-73.1516582456117,41.8809925119875],[-73.1515942451593,41.8812885119366],[-73.151533244691,41.8817245122881],[-73.1515432455781,41.8820595123863],[-73.1516102450147,41.8824565122317],[-73.1516302455067,41.8825295129236],[-73.151846244714,41.8833105128889],[-73.1518922456821,41.8834935123007],[-73.1519132449068,41.8837015126076],[-73.151907245278,41.8840825130043],[-73.1519062453731,41.8842275133105],[-73.1518712447371,41.8845625128969],[-73.1518192453338,41.8848215131935],[-73.1516972453207,41.8852005134994],[-73.1516882452586,41.8852315135088],[-73.1515962457782,41.8855685133625],[-73.1532802458086,41.8856995131376],[-73.1531872458399,41.8873695130065],[-73.1541212468041,41.8882335139353],[-73.1581542480986,41.891967513892],[-73.1581852481033,41.8922265144249],[-73.1606072480731,41.8928105142418],[-73.1611322488048,41.8931355143028],[-73.1615602491565,41.893294513822],[-73.1618722492449,41.8932965146379],[-73.1624282494799,41.8931145137481],[-73.1660762501346,41.8936315141247],[-73.170665251741,41.8942835137262],[-73.1701952515705,41.8958465144618]]]},"properties":{"OBJECTID":31,"TOWN_NO":162,"TOWN":"Winchester","GRACE_PERIOD":"No"}},{"type":"Feature","id":32,"geometry":{"type":"Polygon","coordinates":[[[-71.9273298446641,41.8517565484806],[-71.927277845531,41.8522845481792],[-71.9272398451621,41.8526805484761],[-71.9271318450574,41.8534015482708],[-71.9267238454587,41.854550548489],[-71.9265758448465,41.8549885486123],[-71.9263548447786,41.8558165490614],[-71.9261568451669,41.8563635486026],[-71.9257978447776,41.8569185493514],[-71.9253978445469,41.8574145495614],[-71.9251608446172,41.8577115493463],[-71.924484844853,41.85828254913],[-71.9240278441036,41.8586455497343],[-71.9237378449229,41.8588765497161],[-71.9234898439665,41.859090549568],[-71.9233908445879,41.8592115501319],[-71.9232718439894,41.8593605495393],[-71.9231148445353,41.859712550068],[-71.9229978447024,41.8602735496425],[-71.9230588445082,41.8613245498867],[-71.9231528448729,41.8616745497515],[-71.9231768447308,41.8617635501395],[-71.923234844065,41.8621025500517],[-71.9231408442423,41.8625115505173],[-71.9230038442504,41.8628025504934],[-71.9229808447236,41.8628315507237],[-71.9225088441513,41.8634455509728],[-71.9223208442303,41.8636815505678],[-71.9220988441567,41.8639625508202],[-71.9218878446313,41.864416550827],[-71.9212258437859,41.8650815508358],[-71.9204428433499,41.86586955069],[-71.9198778431527,41.8668665514311],[-71.9191878433739,41.867817551495],[-71.9185108430262,41.8683865512995],[-71.9182128434787,41.8686375516365],[-71.917360843242,41.8692495520566],[-71.9170098433497,41.8695015523158],[-71.9164848429364,41.8698185516341],[-71.9158288423248,41.8699855518538],[-71.9151288423888,41.8700215519945],[-71.9143998418669,41.8699835521556],[-71.9142128415716,41.8699605518919],[-71.9137308417051,41.8698095524428],[-71.9132298420085,41.8696515517258],[-71.9126568415636,41.869286551944],[-71.9126278419613,41.8692765521759],[-71.9120258406318,41.8690855515881],[-71.9112408408389,41.8691995520444],[-71.9104038405441,41.8693545523194],[-71.9096278401613,41.8696155520267],[-71.9090978400772,41.8701295518796],[-71.9089318398394,41.8706775525123],[-71.9089668407954,41.8720835525749],[-71.9088378397139,41.8723805524318],[-71.908570840821,41.8726315528117],[-71.9081458403068,41.872760552838],[-71.9076188399929,41.8728015524983],[-71.9067638396737,41.8728275527118],[-71.9061098397045,41.8729265527866],[-71.9056138391988,41.8731835529474],[-71.905207839606,41.8736015526852],[-71.9045868390903,41.8750085530485],[-71.9044498386485,41.8754155532216],[-71.9041328386445,41.8760645538127],[-71.903794839457,41.8766615538635],[-71.9037848393306,41.8766715539932],[-71.9033868385196,41.877060553537],[-71.9028318380692,41.8773275540118],[-71.9023318390797,41.8775565534878],[-71.9017088377967,41.8778445535246],[-71.9008898382465,41.8784795543893],[-71.9000108375607,41.8791735542829],[-71.899071837844,41.880028554539],[-71.8984428377355,41.8804985545136],[-71.8983428375682,41.8806525543141],[-71.8982268377418,41.8806805548284],[-71.8981108377583,41.8807075549171],[-71.8978748376785,41.8807635546963],[-71.8965268368702,41.881085554728],[-71.8964718366766,41.8810975549101],[-71.8960048362987,41.881209554544],[-71.8952718366845,41.8813555550981],[-71.8930748356442,41.8817955552205],[-71.8924718355947,41.8819175549646],[-71.8924388353113,41.8819245554821],[-71.8921638350575,41.8819855548679],[-71.8916298352037,41.8821135552756],[-71.8914518347625,41.8821565552656],[-71.8909438350279,41.8822775552297],[-71.890581834352,41.8823645553686],[-71.889423834924,41.8826595549209],[-71.8889188338544,41.8827895549233],[-71.8884888341777,41.8828825553996],[-71.8872028335063,41.8831635552192],[-71.8867738335156,41.8832575553131],[-71.8757348298066,41.8859215565437],[-71.8743268301854,41.8862575564289],[-71.8679868281445,41.8878285571512],[-71.864242827222,41.88871855695],[-71.8627818267079,41.8890465576852],[-71.8598388257487,41.8897255575162],[-71.8575888247834,41.8902435578693],[-71.8526928233712,41.8913735580303],[-71.8523998229153,41.8914405577748],[-71.8513108232179,41.8916995586529],[-71.8512938230192,41.8917175581931],[-71.8512438222835,41.8917175585731],[-71.851227822695,41.8917185578898],[-71.8437658207589,41.8934935593048],[-71.8436088201545,41.8935305586464],[-71.8420188196945,41.8939105594055],[-71.8368348183819,41.8951525595065],[-71.8358828178852,41.895383559544],[-71.8339238176567,41.8958595596483],[-71.8330258168934,41.896067559761],[-71.8321338164556,41.8962755600391],[-71.8320728165357,41.896289560172],[-71.8320128170743,41.8963045595223],[-71.8306118156671,41.8966515595881],[-71.8281828159503,41.897256560164],[-71.8262498149117,41.8977375604846],[-71.8262328147973,41.8977415601072],[-71.8247728139317,41.8981045601646],[-71.8230848138207,41.8984795607542],[-71.8221078139878,41.89869756048],[-71.8180228124264,41.8996055605879],[-71.816335812277,41.8999815606578],[-71.8155698110609,41.9001375612392],[-71.8132728103504,41.9006065609277],[-71.8125078111392,41.9007635614559],[-71.8122458110646,41.9008185616148],[-71.8116208105395,41.9009525613278],[-71.8114638100974,41.9009895613666],[-71.8112048096653,41.9010525617163],[-71.809865810301,41.90138956154],[-71.806199808122,41.9023155621084],[-71.8058478087457,41.9023995617311],[-71.8045048084034,41.9027205620811],[-71.8034778082481,41.9029565621506],[-71.800397806872,41.9036645620428],[-71.7995558068653,41.9038585626453],[-71.7993708065373,41.9038995624292],[-71.7988618068847,41.9040105626737],[-71.7973368054879,41.9043425625702],[-71.7968288060092,41.9044545624639],[-71.7967568053555,41.9019635621054],[-71.7967118059226,41.9004245615126],[-71.7966988048806,41.899929562002],[-71.796695805306,41.8998305618606],[-71.7966838051863,41.8993855619879],[-71.796573805456,41.8972035611343],[-71.7965668049395,41.897148560755],[-71.7965558056549,41.8970745610141],[-71.7965638055294,41.8969755614265],[-71.796522805129,41.8952965606101],[-71.7965208049279,41.8952605606227],[-71.796434804718,41.8917285599956],[-71.7961918042074,41.8861505587625],[-71.795956804229,41.8806305578059],[-71.7958638041242,41.8776965577288],[-71.7957448040427,41.8751055565471],[-71.795428803102,41.8686265556063],[-71.7954088032267,41.868200555612],[-71.7954048032857,41.8681175559608],[-71.7953568030411,41.8671345551937],[-71.7953538025488,41.8670825558352],[-71.7953238029467,41.8664735549202],[-71.7953168024523,41.8663285553029],[-71.7952898024894,41.8657795553218],[-71.7952878032586,41.8657565547375],[-71.795286802886,41.8657215548969],[-71.7949668030025,41.8599805544056],[-71.7949418027715,41.8594835535572],[-71.7949338028947,41.8593425538788],[-71.7949148027621,41.8589745537906],[-71.7949118019323,41.8589185538864],[-71.7949068024375,41.8588135538427],[-71.7946808016187,41.8544175525944],[-71.7945248019468,41.8504365523659],[-71.7944808013814,41.8493065524388],[-71.7944778014958,41.849239552349],[-71.7944748021062,41.8491675524129],[-71.7944718011884,41.8490965518922],[-71.7944638015992,41.8488905519222],[-71.7942378012975,41.8430415510288],[-71.7942298011439,41.8428345503573],[-71.7941798016073,41.8416475504982],[-71.7941778014347,41.841574550231],[-71.7941738012671,41.841424550166],[-71.7941218012884,41.8411115508892],[-71.7941158016565,41.8409745502861],[-71.7941218012428,41.8406435502598],[-71.7941348007844,41.8400165502236],[-71.794117801144,41.8399035503003],[-71.7940778004408,41.8393585504455],[-71.7937968010479,41.8328425492976],[-71.7937907999093,41.8327105491226],[-71.7936898009136,41.8306945482666],[-71.7936157996374,41.8292045481909],[-71.7935327998548,41.8275945479007],[-71.7934787994352,41.8264785478683],[-71.793440799797,41.8256455473687],[-71.7933437999961,41.8229505473253],[-71.7933107991774,41.8218085470532],[-71.793315800135,41.821779547171],[-71.793302799432,41.8215755471376],[-71.7932967991785,41.8213895463163],[-71.7932847991865,41.8212655464375],[-71.7932657991057,41.8206485463054],[-71.7931617987619,41.817177545897],[-71.7931607992419,41.817165546159],[-71.7931447987935,41.8163905454502],[-71.7931437996161,41.8163575457993],[-71.7931017994919,41.8148905450271],[-71.7930977997143,41.8147375455192],[-71.7931147994336,41.8146665452115],[-71.7931277986671,41.8146115451005],[-71.7928947990349,41.8125295447773],[-71.7928677989287,41.810990544951],[-71.7928557991571,41.8106585450072],[-71.7928007991852,41.8093015445504],[-71.79280479928,41.8092165442364],[-71.7925937981797,41.8040245429794],[-71.7923647979138,41.8000615430049],[-71.7923607981949,41.7999965424531],[-71.7921357982476,41.7956325417722],[-71.7921247976665,41.7954065419659],[-71.7920797977407,41.7950845412637],[-71.7920767981094,41.7950685414807],[-71.7920707973447,41.7949125415011],[-71.7920587971053,41.7946005415323],[-71.7920067977833,41.7932475413261],[-71.7919197972598,41.7907235407624],[-71.7919117971704,41.7904925404004],[-71.7919367969967,41.7897765408032],[-71.7919407978218,41.7896225405471],[-71.7919277975725,41.7893185409059],[-71.7919217972884,41.7891445407626],[-71.7915737971687,41.7812925388391],[-71.7914777969861,41.7794055387513],[-71.7913727969295,41.7773365380525],[-71.7913707968648,41.7773045381863],[-71.7912547959642,41.7745055380831],[-71.7914787957299,41.7744765378858],[-71.7922257961273,41.7743905379033],[-71.7951417972176,41.7740585376818],[-71.7961137980989,41.7739485374321],[-71.7962047973598,41.7739385376636],[-71.7962307973681,41.773935537154],[-71.79629479825,41.7739285376786],[-71.7964967981294,41.7739055371858],[-71.7965817975832,41.7738955370819],[-71.7966997973964,41.773882537391],[-71.7970457983756,41.7738415374952],[-71.7980837986663,41.773722537481],[-71.7984307980518,41.7736835369758],[-71.7998587991835,41.7735045369825],[-71.8041468004757,41.7729705371897],[-71.8055758008483,41.7727925373644],[-71.8059408014751,41.7727515366839],[-71.8070368017938,41.7726325372873],[-71.8074028009659,41.7725935372495],[-71.810388801843,41.7722285366761],[-71.8167628039489,41.7714525366484],[-71.8193458047849,41.7711215361319],[-71.8223308056026,41.7707405363339],[-71.8240808070646,41.7705395358637],[-71.8292718089574,41.7699465352194],[-71.829333808907,41.7699385353872],[-71.8310848086165,41.7697395358353],[-71.8313648093608,41.7697085353537],[-71.8322058091548,41.7696195355591],[-71.8324868099732,41.7695905356046],[-71.8337298096267,41.7694395350568],[-71.8342918100055,41.7693715353052],[-71.8374618107971,41.7689905351847],[-71.8387058119598,41.7688415348408],[-71.8401158112853,41.768665534753],[-71.8443478129166,41.7681415350001],[-71.845758813047,41.7679665347133],[-71.8465568136492,41.7678735344908],[-71.8489518148974,41.7675965345176],[-71.8497508144064,41.7675045348246],[-71.8498338152975,41.7674935346167],[-71.8499308155518,41.7674825345727],[-71.8500828145398,41.7674635346415],[-71.8501108153723,41.7674605340306],[-71.8501668152845,41.7674535342313],[-71.8514348149872,41.7672945339387],[-71.8552398170393,41.7668215345185],[-71.8565088170427,41.7666645339151],[-71.8577368173721,41.7665225344469],[-71.8614238182875,41.7660985338771],[-71.8626528193593,41.765957533519],[-71.8639758189026,41.765795534044],[-71.866870820731,41.7654435335931],[-71.8679468206832,41.7653075333524],[-71.8692708206415,41.765140533318],[-71.8695988211752,41.7651015337657],[-71.8705828212946,41.7649885335911],[-71.870911821313,41.7649515332159],[-71.8710688219997,41.7649315335796],[-71.8715428214775,41.7648755332659],[-71.8717008220279,41.7648565335218],[-71.8717378221016,41.7648545334765],[-71.8718508224746,41.7648515333079],[-71.8718888215965,41.7648505330544],[-71.8720118217473,41.7648305336614],[-71.872380822629,41.7647715332433],[-71.8725048227438,41.7647525331691],[-71.8741198227505,41.7645135330115],[-71.8744498233441,41.7644655327147],[-71.8789898242781,41.7640005324303],[-71.8806148249618,41.7638345330651],[-71.881358824658,41.7637525327522],[-71.881698825617,41.7637145328445],[-71.8824688248733,41.7636295326924],[-71.8824848249051,41.7636275325251],[-71.8849538262775,41.7633695321632],[-71.8860398263175,41.7632575324005],[-71.8862398268675,41.7632385327784],[-71.8865378268667,41.7632105327543],[-71.8868398272822,41.7631755324837],[-71.8870398265648,41.7631525328068],[-71.8878958275765,41.7630625327945],[-71.8904658275442,41.7627965326041],[-71.8913228276385,41.7627085324667],[-71.8915728283805,41.7626755325009],[-71.8923258282946,41.7625775321732],[-71.8925768285253,41.7625455324049],[-71.8926488282905,41.7625395322167],[-71.8928688285403,41.7625215322851],[-71.8929418287872,41.7625165324821],[-71.8943848287857,41.7623585322088],[-71.8987168300805,41.7618855314308],[-71.900160830446,41.7617285316717],[-71.9162998358122,41.759805531247],[-71.9165868361977,41.7597805311438],[-71.9168738360034,41.7597545308863],[-71.917241836766,41.7597225307581],[-71.9171788368473,41.7598345309057],[-71.9171158367106,41.7599465310159],[-71.917028836483,41.7601045309926],[-71.9160198364175,41.7610665310776],[-71.9156008364059,41.7614665315647],[-71.9146258361362,41.7628185314617],[-71.914441836213,41.7630735317605],[-71.913961835682,41.7641015316634],[-71.9137568359752,41.7647645317123],[-71.9137298361388,41.7653315318663],[-71.9136188355603,41.7656925317818],[-71.9135168359962,41.7660305323238],[-71.9129258348897,41.7665115326032],[-71.911655835437,41.767477532804],[-71.9115538351413,41.7675525320714],[-71.9112348348348,41.7677895325523],[-71.9107948349449,41.7681165327443],[-71.9105038350567,41.7684195328328],[-71.9100018343387,41.7692865328359],[-71.9097738343426,41.7698555325417],[-71.9091718347447,41.7705695335641],[-71.9089218340806,41.7707215334559],[-71.9084278345633,41.771025533065],[-71.9073228338219,41.7714055333487],[-71.9066948332037,41.771672533312],[-71.9063268338824,41.772123533209],[-71.905893834102,41.7728575335582],[-71.9057008333174,41.7731275337068],[-71.9058108335441,41.7737155337835],[-71.9059568332588,41.7746515338227],[-71.9059418341934,41.7753865340865],[-71.9058098331629,41.7764805346829],[-71.9055588342056,41.7770955348052],[-71.9051578338257,41.778022534324],[-71.9049828340819,41.7784885350855],[-71.904965833447,41.7785165343698],[-71.9046578336294,41.7790595348522],[-71.9039978337802,41.7799175351549],[-71.9037428328641,41.7801795348152],[-71.9032198327637,41.7804085355447],[-71.9026418329535,41.7806265353271],[-71.9018198326651,41.7808465349339],[-71.9003458317579,41.7812425350116],[-71.8996308315204,41.7814515357498],[-71.8993578316596,41.7815115353614],[-71.8985278319585,41.781697535855],[-71.8969618309375,41.7820475354575],[-71.8958118309943,41.7823295355502],[-71.8957648301719,41.7823415357519],[-71.8938608302232,41.7828595360827],[-71.893080830225,41.7832475363168],[-71.8917778293249,41.7834555360812],[-71.8906018289441,41.7838015360055],[-71.8901098289661,41.7840935359983],[-71.8893888289274,41.7845615365048],[-71.8889648285968,41.7848865363603],[-71.8887098286868,41.7855165363973],[-71.8886888289223,41.7857965365872],[-71.8886438288278,41.7864365368055],[-71.8887218287337,41.7871995367936],[-71.8888558286106,41.7877005370752],[-71.8891848289305,41.7884965375201],[-71.8893678290744,41.7887485372756],[-71.8894988285366,41.788929536922],[-71.8897418286974,41.7894905371789],[-71.8897478289124,41.7895905378505],[-71.8897668286595,41.7899025377923],[-71.8898168292875,41.790730537506],[-71.8897418299151,41.7912945378621],[-71.8897188292694,41.7914735378425],[-71.8897528296529,41.7918815382446],[-71.8897668291563,41.7920445375169],[-71.8901218293156,41.7927845381407],[-71.8901358300661,41.7932145380184],[-71.8899578289967,41.7936085383378],[-71.8890158292947,41.7944165382407],[-71.888531829294,41.7946935383202],[-71.8879658290433,41.7949475387531],[-71.8869098285826,41.7951725388402],[-71.8863978282896,41.7953195385738],[-71.8863288279928,41.7953775388215],[-71.8860798281044,41.7955905388115],[-71.8857108283927,41.7965745386828],[-71.8856818283986,41.7970295386893],[-71.8857238285038,41.7971785388449],[-71.8859028279174,41.7978175394989],[-71.8860538288246,41.7981375394389],[-71.8863488291827,41.7987615394634],[-71.88659082892,41.7993375396738],[-71.8865918288954,41.7997265393686],[-71.8864998288499,41.8000705391267],[-71.8864578286743,41.8003545398451],[-71.8864748289914,41.8007275394394],[-71.886711829031,41.8009595398229],[-71.8867518286284,41.8009995396616],[-71.8872498286514,41.8018225397945],[-71.8872828294916,41.8018385395253],[-71.8873818295823,41.8018875398734],[-71.8874158291414,41.8019045401537],[-71.8874568292956,41.8019255400131],[-71.8874808297269,41.801937539566],[-71.8875828298181,41.8019885402974],[-71.8876248288557,41.8020095394521],[-71.8876398289091,41.802016539434],[-71.8876878293991,41.8020335397386],[-71.8877038298344,41.8020485399261],[-71.8879128293561,41.8021525401609],[-71.8898748305887,41.8030795400342],[-71.8908698309076,41.803544540487],[-71.8924138309752,41.8042935397572],[-71.8941068316438,41.8051025400342],[-71.8950778322688,41.805566540531],[-71.8959538316513,41.8059855402101],[-71.8971128325366,41.8065395401934],[-71.8984248334779,41.8071775406734],[-71.8985448332267,41.8072645401144],[-71.8990138336952,41.8075495402087],[-71.8992568337242,41.8079475405858],[-71.8992018335501,41.8084385405534],[-71.8989328333061,41.808834540621],[-71.8985198332596,41.8091695407633],[-71.8979658326134,41.8094235406197],[-71.8965598323148,41.8095565406604],[-71.8961668329122,41.8095835413724],[-71.8956908317469,41.8096535414929],[-71.8951328321747,41.8100745413571],[-71.8948788315764,41.8104615410755],[-71.8948078322603,41.8112765410806],[-71.8949628325504,41.8118465411024],[-71.8952008326681,41.8122305413499],[-71.8952708326329,41.8123415420059],[-71.8953278319965,41.8124325416085],[-71.8959988326494,41.8133165413523],[-71.8965038323902,41.8139605419421],[-71.8967618324132,41.8141395419824],[-71.8973618327729,41.8145555418635],[-71.8978258338028,41.8149795417731],[-71.8984878333933,41.8155435424887],[-71.8992778341503,41.8162525425105],[-71.8995538338822,41.8164745422074],[-71.9001028347084,41.8166545422119],[-71.9008968341231,41.8166945421671],[-71.9020138345071,41.8166575422924],[-71.9028968352825,41.8164095424527],[-71.9031738355181,41.8163325424374],[-71.9039108357382,41.8160335417789],[-71.9046688361633,41.8157845416434],[-71.9048918358025,41.8158575422963],[-71.9051158361395,41.8159305417298],[-71.905180835418,41.8159055417168],[-71.9054068356251,41.8157995419735],[-71.9055858355458,41.8156895417487],[-71.9057588356975,41.8155835419158],[-71.9058988362828,41.8155285414699],[-71.9062138367039,41.8154565416048],[-71.906580836465,41.8154565415518],[-71.9067998369016,41.8155075417765],[-71.9070868367549,41.8155475417424],[-71.9071158360819,41.8155545422488],[-71.9074908361136,41.8156575420465],[-71.9076278362653,41.8156905417509],[-71.9079188365076,41.8157115419244],[-71.9082108371182,41.8157325414507],[-71.9084118365081,41.8157235418674],[-71.9086708364413,41.815713541809],[-71.9090188365584,41.8154775421768],[-71.9099668370494,41.815208541661],[-71.9106378371435,41.8150245418933],[-71.9113968382839,41.8148175412507],[-71.911841837801,41.8147745419815],[-71.912655838087,41.8148945414288],[-71.9132208382605,41.8150815414252],[-71.9139478388451,41.8153095415314],[-71.9143128386908,41.8155775417034],[-71.914395838615,41.815726541349],[-71.9143378389576,41.8159155414257],[-71.9142568385368,41.8160665418983],[-71.9139178381165,41.8162785415859],[-71.913811838912,41.8162755413354],[-71.9132958386983,41.8162615421876],[-71.9124348384779,41.8162505418374],[-71.911478838124,41.8163545418748],[-71.9104628379687,41.8165845422292],[-71.9098478374257,41.8167455420146],[-71.9088928367346,41.8169835417987],[-71.9083688365746,41.8172955421922],[-71.9080778365542,41.8177295424003],[-71.9078718372871,41.8182515427648],[-71.907750836911,41.8187205420573],[-71.9077938369034,41.8191145421997],[-71.9077008366753,41.8195165427942],[-71.9076078369848,41.8197005428446],[-71.9074828368932,41.8199525430536],[-71.9070748370794,41.8204205427378],[-71.9068858364014,41.8208445424484],[-71.9068658371232,41.8210895424748],[-71.9070738367843,41.8215435426529],[-71.90764083685,41.8223685427433],[-71.9079378375882,41.8232725432385],[-71.907936837672,41.8233875434062],[-71.9079348377361,41.8238435438214],[-71.9078748377816,41.8247435438803],[-71.90771183703,41.8253345439337],[-71.9075778366691,41.8255515435673],[-71.9073858365043,41.8258045440057],[-71.9070268372905,41.8261015436763],[-71.9063358365711,41.8266475439784],[-71.9061818362192,41.8268255436058],[-71.9055268364901,41.8275805443615],[-71.9051148367187,41.8280565441943],[-71.9047598364712,41.828795544593],[-71.9045118362363,41.8295925442496],[-71.9044168365599,41.8300375450599],[-71.9043758363362,41.830293544347],[-71.9042858365956,41.8308685450583],[-71.904298836333,41.8312865450372],[-71.9044128366766,41.8314795447149],[-71.9052038368298,41.832010544915],[-71.9058238373566,41.8322485449449],[-71.9061408373946,41.8323405447341],[-71.9072878376812,41.8326745447893],[-71.9081328376611,41.8334515452022],[-71.9092068381204,41.8346525452775],[-71.9101478380046,41.8358135456592],[-71.9101418389909,41.8361075455999],[-71.9100478381589,41.836534546164],[-71.910042838597,41.8368165458779],[-71.9100718383524,41.8368635457046],[-71.9103548390665,41.8373225458906],[-71.9106968382951,41.8379695458379],[-71.9108608394707,41.8383175460287],[-71.9112638387458,41.8386415464368],[-71.9115638391799,41.8388705466113],[-71.9118148387481,41.8391285464241],[-71.9119928394696,41.8392965458386],[-71.912182838964,41.8394765466487],[-71.9126068393369,41.8397025461966],[-71.9133008392738,41.839960545984],[-71.9138588399795,41.8402945459976],[-71.9142648402768,41.8407225462277],[-71.9143768403544,41.8409205466837],[-71.9146758402771,41.8414465463648],[-71.9145698408255,41.8418105466379],[-71.9147018404446,41.8423975464597],[-71.9152668406169,41.8437235469551],[-71.91533984105,41.8438935473869],[-71.9156678403446,41.8443925467435],[-71.9160708408647,41.8449005471529],[-71.9166868414811,41.8452245473596],[-71.9174138410347,41.8454645475947],[-71.9183568416762,41.8456435470453],[-71.918984842223,41.8460655476788],[-71.9190758426366,41.8461415471583],[-71.919735842207,41.8469195474912],[-71.9198908427614,41.8472715475434],[-71.9202208424873,41.8480185473731],[-71.9206398423033,41.8488765480773],[-71.9207668430846,41.8491185479206],[-71.9207878428489,41.849158548226],[-71.9208518426325,41.8492805479194],[-71.9208738424177,41.8493215475928],[-71.9209778426347,41.8495185480577],[-71.9216278435016,41.8500085479301],[-71.9219748431941,41.8501325480659],[-71.9220148431955,41.8501475476443],[-71.9228828430497,41.8501825479896],[-71.9239978438959,41.849961547793],[-71.9244158444289,41.8497825476177],[-71.9247928436202,41.849638547798],[-71.9251508445882,41.8495195477708],[-71.925812845034,41.8495925478522],[-71.9260658446457,41.8496805481497],[-71.9265868448876,41.8498645475105],[-71.9270038449463,41.8502565481074],[-71.9271558454051,41.8504935478349],[-71.9273398450917,41.8507805477072],[-71.9273298446641,41.8517565484806]]]},"properties":{"OBJECTID":32,"TOWN_NO":69,"TOWN":"Killingly","GRACE_PERIOD":"No"}},{"type":"Feature","id":33,"geometry":{"type":"Polygon","coordinates":[[[-72.0478648697812,41.5948314945199],[-72.0476578696089,41.5948794942811],[-72.0473848687705,41.594943494586],[-72.0470938696136,41.5951454944692],[-72.0470458687445,41.5951794945447],[-72.0469818694892,41.595318495109],[-72.0466088693218,41.5957464949668],[-72.0464778683738,41.5959384948079],[-72.0464558692268,41.5959714947153],[-72.0460858683572,41.5965794950858],[-72.0460748690965,41.5965974946443],[-72.0459138692687,41.5970034956052],[-72.045742868671,41.5972864952379],[-72.0454068686046,41.5978584956997],[-72.0450938681534,41.5984524953539],[-72.0450238684779,41.5985434956703],[-72.0445688684914,41.5991464954076],[-72.0445138683395,41.5992744953087],[-72.0444718684249,41.5994064952617],[-72.044429868091,41.5995414953749],[-72.0443008682765,41.5998614961307],[-72.0442878678649,41.5998844958519],[-72.0442488685387,41.5999584959184],[-72.0442168685141,41.6000194954837],[-72.0440928679454,41.6002544960273],[-72.0439868688375,41.600418495727],[-72.0435938677612,41.60093749574],[-72.0434468676604,41.6010554959976],[-72.0434328682314,41.6010704956124],[-72.0433718677328,41.6011224964831],[-72.0433088682344,41.6011784963951],[-72.0432268679201,41.6012504961316],[-72.0431458684902,41.6013164961935],[-72.0430748681167,41.6013764960131],[-72.0430028686634,41.6014334957766],[-72.0429568675834,41.6014704958032],[-72.0428548678665,41.6015554959772],[-72.0427368684341,41.6016554959084],[-72.0426108684908,41.6017664964393],[-72.0425958684661,41.6017794962874],[-72.0423388676928,41.6020184965934],[-72.0422068678903,41.6021744967085],[-72.0421588682481,41.6022134965546],[-72.0421468673986,41.6022234965973],[-72.0421298681582,41.6022404963368],[-72.041976867605,41.6023814967184],[-72.0419208681698,41.6024344964244],[-72.0419138675584,41.6024714963966],[-72.0419088676577,41.6025004967906],[-72.0419888682871,41.6024734964872],[-72.0420258681667,41.602461496411],[-72.0420098681159,41.6024884959719],[-72.0419628679811,41.6025724964683],[-72.0419478682327,41.6026004962294],[-72.041792867994,41.6029064966206],[-72.0416708682083,41.6030954965705],[-72.0414958681698,41.6032844961732],[-72.0414778674728,41.6033054964941],[-72.0412608679953,41.6035524967263],[-72.0409758676352,41.6039514971156],[-72.0407848675759,41.604146496495],[-72.0406828679157,41.6042404970807],[-72.0405698672731,41.6043424965932],[-72.0404618669798,41.6044404965609],[-72.0403398679211,41.6045364967582],[-72.0402268671968,41.6046154966662],[-72.0400848678616,41.6046884964761],[-72.0399788674568,41.6047454971801],[-72.0398308670534,41.6048094969496],[-72.0396868674741,41.6048794972602],[-72.0396648676506,41.6048904969398],[-72.0395788674715,41.604938496785],[-72.0394398667169,41.6050134970181],[-72.0393028674655,41.6050984968288],[-72.0392108673494,41.605160496812],[-72.0391498669076,41.6052044970739],[-72.0390908676343,41.6052544974119],[-72.039057866588,41.6052804965666],[-72.0389808669616,41.6053474971526],[-72.0386348669542,41.6057014968006],[-72.0382108673546,41.606135497573],[-72.037933867052,41.6064514974305],[-72.0376968667124,41.6068054975428],[-72.037680866177,41.6068324973942],[-72.0374398662505,41.6072654970141],[-72.0374268665159,41.6072894972153],[-72.0372388668416,41.607645497806],[-72.0370338662761,41.6080384979357],[-72.0367458670473,41.608601497512],[-72.0367218664677,41.6086434980738],[-72.0366878669134,41.6086994975365],[-72.0366388666037,41.6087874974777],[-72.036610866361,41.6088394975353],[-72.0365498668111,41.6089534981561],[-72.0364528667856,41.6091484974139],[-72.0364418668804,41.6091694980111],[-72.0363568664973,41.6093214975838],[-72.0362978659699,41.6094414982043],[-72.0362818663892,41.6094694982198],[-72.0362018658308,41.6096154976998],[-72.0361158668378,41.6097924980722],[-72.036025866771,41.6099724980538],[-72.0359658666502,41.6100764982591],[-72.0358718659561,41.610216497664],[-72.0358048661555,41.6103084977825],[-72.0357768668651,41.6103554976418],[-72.0357368657263,41.6104274977438],[-72.0357038660846,41.6105004984072],[-72.0356308658627,41.6106634983846],[-72.0355678664876,41.6108924985149],[-72.0355118663983,41.6110984986682],[-72.0354438660497,41.6114554982992],[-72.0354438668095,41.6115824979443],[-72.035444866411,41.6115924987311],[-72.0354618665248,41.6116994985504],[-72.0355098660825,41.6118204985649],[-72.0355388661372,41.611891498691],[-72.0356698661908,41.6120954986501],[-72.0359038669806,41.612378498419],[-72.036017866305,41.6125394986512],[-72.0360588670019,41.612596498695],[-72.0360868665819,41.6126484982577],[-72.0361188660871,41.6127244988005],[-72.0361458670508,41.6127844986245],[-72.0361658670285,41.6128624984063],[-72.0361778664895,41.6129244986751],[-72.036190866593,41.6130324982202],[-72.0362118663808,41.6131724984928],[-72.0362258671674,41.6133784988279],[-72.0362668661126,41.6136894988311],[-72.0362798664824,41.6138264988332],[-72.0362968668293,41.613976498566],[-72.0363008670276,41.6140054986318],[-72.0363078662899,41.61404849889],[-72.0363148671357,41.614095498789],[-72.036331866682,41.614238498697],[-72.0363478665046,41.6144004992057],[-72.0364498666571,41.6151374992906],[-72.0364888671078,41.6152634988341],[-72.0363748664785,41.6153414991896],[-72.0364308666954,41.6153844987651],[-72.0364768668189,41.6154244992011],[-72.0367648667403,41.6156794991721],[-72.0370988671091,41.6159944994275],[-72.0371728676444,41.6160924991854],[-72.0372148665612,41.6161604989662],[-72.0372408668323,41.6162144991411],[-72.0372638673252,41.6162754994521],[-72.037296866705,41.6163784992301],[-72.0373308666502,41.616501498834],[-72.0373768665574,41.6166124990672],[-72.0374418668928,41.6168864995517],[-72.0374998668137,41.6171014995057],[-72.0375148677946,41.6171584992474],[-72.037548867186,41.6173014996044],[-72.0375698673828,41.6174494996437],[-72.0375838677123,41.6176474994454],[-72.0375988678247,41.6178444996626],[-72.0376038676067,41.6179094997931],[-72.037636867316,41.6181784993069],[-72.0376678675425,41.618380499413],[-72.037702867509,41.6185424991525],[-72.0377778668221,41.6188144992293],[-72.037870867085,41.6189734999862],[-72.0379798669084,41.6190964993992],[-72.0381308678662,41.6192404993344],[-72.0383588682076,41.6194624994501],[-72.0384428678162,41.6196004996209],[-72.0385248679384,41.6197774994856],[-72.0385378672741,41.6198094993768],[-72.0386388677088,41.6200494994501],[-72.0386838678402,41.6201544997406],[-72.0386988678138,41.6201994994977],[-72.0387158677746,41.6202534995091],[-72.0387278672571,41.6203094999584],[-72.0387368679302,41.6203594995524],[-72.0387498675772,41.6204545002761],[-72.038758868128,41.6205125000177],[-72.0387618673288,41.6205234999546],[-72.0387708683793,41.6205644999378],[-72.0387918683389,41.6207295002919],[-72.0388408679839,41.6209024999269],[-72.0389298677562,41.6210724996528],[-72.0389998681777,41.6211825001719],[-72.0390368677206,41.6212404998708],[-72.0391348677134,41.6213475001167],[-72.0394408681718,41.6216455004501],[-72.0397938682125,41.6221085001229],[-72.0399298677693,41.6223915004537],[-72.0400688688587,41.6228405007755],[-72.0401058685604,41.6229585007528],[-72.0401888688554,41.6232235007329],[-72.0402358682153,41.6233685007686],[-72.0403108682678,41.6236395002811],[-72.040331868772,41.6237355008842],[-72.040346869117,41.6237915006968],[-72.0403648689436,41.6238845006404],[-72.0403658683036,41.6238945004521],[-72.0403838685556,41.6240015008721],[-72.0403898683551,41.6241195005869],[-72.0403948691577,41.6241835010449],[-72.0403998687801,41.6242475005941],[-72.040402868363,41.6243005010134],[-72.0404058691472,41.624403500316],[-72.0404198680526,41.624623500946],[-72.0404228690171,41.6246755010134],[-72.0404388685995,41.624936500622],[-72.04043286846,41.6250115011263],[-72.0404118686371,41.6251315008429],[-72.0404088686456,41.6251725005372],[-72.040400869008,41.6252405006344],[-72.0403808687729,41.6254345003919],[-72.040380868869,41.6256245013021],[-72.0403818688926,41.6256965006414],[-72.0403978682187,41.6258435011033],[-72.0404408681062,41.6261365010011],[-72.0404798683492,41.6264815009991],[-72.0405088690693,41.626707500632],[-72.0405288692339,41.6269185006997],[-72.0405528691965,41.627147501172],[-72.0405868687555,41.6276195009345],[-72.0405918691702,41.6276895016626],[-72.0406038682608,41.6278545008874],[-72.0406118687184,41.6280025009555],[-72.0406208687037,41.628381501816],[-72.0405418687659,41.6285185014085],[-72.0404428688764,41.6290645012274],[-72.0403618687754,41.6291985017043],[-72.0402748691995,41.6293065018502],[-72.0400478685709,41.6294345014864],[-72.0399798685743,41.629461501556],[-72.0397048690482,41.6295765016266],[-72.0394328687667,41.6297145015948],[-72.0392838686926,41.6297935016505],[-72.0390328681679,41.6299275018881],[-72.0387738687052,41.6300985022265],[-72.0380378686024,41.6306295020734],[-72.0377168684856,41.6308765020774],[-72.0371238679349,41.631295502385],[-72.0370598683465,41.6313475019511],[-72.0369538683282,41.6314295024166],[-72.0368878674043,41.6314715021585],[-72.0366258682329,41.6316635018662],[-72.0359498675668,41.6321645018323],[-72.035626867835,41.6324065025702],[-72.0355518680284,41.6324675019929],[-72.0354398674228,41.6325585021539],[-72.0353918678933,41.6326015023259],[-72.0353208669641,41.6326555023179],[-72.0352838673714,41.632685502162],[-72.0352358672564,41.6327195026766],[-72.0351718677302,41.6327635028631],[-72.0350588677634,41.6328535024006],[-72.0349798678425,41.632909502762],[-72.0349038667544,41.632961502262],[-72.0348188669274,41.6330225021504],[-72.0347568672846,41.6330675022738],[-72.0347028667167,41.6331075025475],[-72.0346618671457,41.6331445023425],[-72.0346008672575,41.6331885028346],[-72.0345078669946,41.6332675024011],[-72.0343788675307,41.6333795024227],[-72.0341228675283,41.6335755027323],[-72.0335548663591,41.6340065029958],[-72.0330858671596,41.6343635025365],[-72.0326428661618,41.6346855029274],[-72.0324848669874,41.6347935024822],[-72.0323498671482,41.6349455031426],[-72.0322998664837,41.6350425032907],[-72.0322768671719,41.6351655026018],[-72.0322448667499,41.6353705027768],[-72.0322898662663,41.6355635030884],[-72.0324508662951,41.6359615027104],[-72.032581866592,41.6363885028604],[-72.0325878661566,41.6364445033263],[-72.0326158670114,41.6366925034872],[-72.0326078671827,41.6367975034307],[-72.0325598669315,41.6369735035592],[-72.0324258664022,41.6373175036963],[-72.0323768663433,41.6374365034519],[-72.0322788663387,41.6376765036036],[-72.0322688668507,41.6377035030719],[-72.0321218671212,41.6384385033799],[-72.0321018661332,41.6385425037426],[-72.0320708672681,41.6386935034956],[-72.0320168666671,41.6389515039426],[-72.0318968672867,41.6395325042257],[-72.0318968672438,41.6395675039892],[-72.0318948665115,41.639697504143],[-72.0318988661503,41.6397315041754],[-72.0319038666702,41.63977050411],[-72.0319318662761,41.6398835042889],[-72.0319358669471,41.6399095041994],[-72.0319438663947,41.6399335040191],[-72.03194586716,41.6399515039425],[-72.0319538666165,41.6399755037612],[-72.0319578672735,41.6399885035792],[-72.0319718666246,41.6400185041992],[-72.031980866879,41.6400435043045],[-72.0319888666378,41.6400665037688],[-72.0319978669053,41.6400915038725],[-72.0320088669972,41.6401205043474],[-72.0320168670432,41.6401425043583],[-72.0320218662148,41.6401605040599],[-72.0320288671752,41.6401885035636],[-72.0320368665809,41.6402085037625],[-72.0320398669535,41.6402495036318],[-72.0320228672199,41.6404545043036],[-72.0319188664479,41.6408445043007],[-72.0318938663778,41.6410525038399],[-72.0318928673485,41.6410625038442],[-72.0319278671116,41.6411955042677],[-72.0319658665615,41.641289504203],[-72.0320278669646,41.6415715039855],[-72.0320458667834,41.6417575044436],[-72.0320248663093,41.6419085042816],[-72.0319598665615,41.6420525047137],[-72.0317568668998,41.6423705048098],[-72.0315698661836,41.6426195043429],[-72.0313798662212,41.6428745040827],[-72.0311778670833,41.643083504246],[-72.0310318670884,41.643231504308],[-72.030909866311,41.6433765043721],[-72.0308328668527,41.6435055049889],[-72.0307788668424,41.6436695048229],[-72.0307348661286,41.6438975049915],[-72.0307178660095,41.6439885047669],[-72.0306698667921,41.6441825048614],[-72.0306598669132,41.6442825046871],[-72.0306298662488,41.644410504737],[-72.0306068662517,41.6444935047191],[-72.0305818667345,41.6445995048179],[-72.0305738664748,41.6446915052924],[-72.0305668659945,41.6447475047224],[-72.0305668670835,41.6447965048919],[-72.0305638663541,41.6448645047159],[-72.0305648671528,41.6449345050224],[-72.0305648661103,41.6449745047062],[-72.0305668671452,41.6451205047247],[-72.0305838668362,41.645381504764],[-72.0306038668209,41.6454465048951],[-72.0306168665289,41.6454855052718],[-72.0306408661154,41.645563505237],[-72.0306658665899,41.645638504986],[-72.0306998664266,41.6457305047797],[-72.0307288664644,41.645798505409],[-72.0307628661554,41.6458875050229],[-72.03091086684,41.6462835050174],[-72.0309748669801,41.6465005054762],[-72.0310618667241,41.6467505052677],[-72.0310738664837,41.646795505052],[-72.0311188672634,41.6469495051244],[-72.0311758673138,41.647130504908],[-72.0312168664185,41.6472505049122],[-72.0287118661013,41.6468425049752],[-72.0254208653853,41.6463085053953],[-72.0211678639896,41.6456155056513],[-72.0186538629131,41.6452085050094],[-72.0184998628652,41.6451835052425],[-72.017902862852,41.6450855058089],[-72.0156528612613,41.644716505023],[-72.014920861023,41.644596504928],[-72.0149028615073,41.6445935051625],[-72.0105698604103,41.6438825049917],[-72.0102728604115,41.6438335050126],[-71.9995198558102,41.6420705049829],[-71.9963798553514,41.6415605049952],[-71.9947848541994,41.6413025054271],[-71.9941078543446,41.6411925052351],[-71.9917538532133,41.6408095051431],[-71.9897848528213,41.6404895050049],[-71.9838928508921,41.6395295050606],[-71.9819288505304,41.6392115057572],[-71.981374849738,41.6391195050934],[-71.9797128500943,41.6388495054202],[-71.9793758495227,41.6387945051327],[-71.9791598494739,41.6387595050626],[-71.9790418490364,41.638739505026],[-71.9786878496597,41.6386825052771],[-71.9785718493875,41.6386645053618],[-71.9779068488244,41.638555505556],[-71.977043848943,41.6384165051412],[-71.9759168489601,41.6382335058035],[-71.9755168477704,41.6381685056858],[-71.9753848480556,41.6381455057248],[-71.9752538484237,41.6381255053128],[-71.9755398478494,41.6375435050373],[-71.9756608486226,41.6371725053522],[-71.9757998487684,41.6367495051579],[-71.9763118487372,41.6356435051093],[-71.9772398482678,41.6345405051067],[-71.9773208487515,41.6344445043381],[-71.9775858483746,41.6340305048142],[-71.9779958482833,41.6333925045931],[-71.9783788485086,41.6327955042463],[-71.979012848928,41.6314495040748],[-71.9790618488512,41.6311095042489],[-71.9791798485653,41.6303425034139],[-71.9793748491142,41.6297875033978],[-71.9793528489045,41.6286765037238],[-71.9792238484733,41.6277665032011],[-71.9785698480821,41.6262205027458],[-71.9790108484055,41.6241035023459],[-71.9791338490592,41.6237005028054],[-71.9800518492564,41.62219250216],[-71.9810088496476,41.6210885019506],[-71.9810748488398,41.6210115023799],[-71.9814308491984,41.6206025022461],[-71.9823618496673,41.6196215013601],[-71.9825318490446,41.6194715014325],[-71.9828308493767,41.6187535011693],[-71.9829478493428,41.618487501641],[-71.9830228492861,41.6181805009147],[-71.9830178499272,41.6177905008565],[-71.9829358493426,41.6173345014541],[-71.982868850029,41.6169375008398],[-71.9828508489769,41.6168355014699],[-71.9828498491608,41.6168265014472],[-71.9827828490656,41.6165335006639],[-71.9827748491227,41.6164955010985],[-71.9827128492241,41.6164825010521],[-71.982720849682,41.6163865006056],[-71.9827288499437,41.6162895006929],[-71.9827568494989,41.6151325003076],[-71.9827918490423,41.6150165004862],[-71.9833428492744,41.6132515000681],[-71.984165848929,41.6108215000727],[-71.9844068493263,41.6101124995174],[-71.9851148491985,41.609968499385],[-71.9857308503542,41.6096404998],[-71.98634785064,41.6093124990643],[-71.9873008503981,41.6086124996483],[-71.9894618512926,41.6070294989739],[-71.9901428508188,41.6066664990504],[-71.9909088518641,41.6061734986211],[-71.9915498518604,41.6055384985854],[-71.9916008514056,41.604790498104],[-71.9913318512536,41.6043484987424],[-71.9911598511771,41.6042194985696],[-71.9908808509922,41.6040104982097],[-71.9902708506596,41.6038014986126],[-71.9901518516363,41.6037614982358],[-71.9893788510931,41.6037654986942],[-71.9888498503919,41.6037274983688],[-71.9882298505912,41.6035424980639],[-71.9878278500006,41.6032414980509],[-71.9877788503499,41.6032044986886],[-71.9873548500481,41.6026494980581],[-71.9871828498341,41.6020994982837],[-71.9870878502357,41.601796498181],[-71.986583849683,41.6012154977072],[-71.986268849135,41.6003734973263],[-71.9862178497564,41.6003224977791],[-71.9861268492,41.6002324976471],[-71.9858558499251,41.599962497486],[-71.9858078495615,41.5999144980442],[-71.9857588496338,41.599881497435],[-71.9854478494962,41.5996714975862],[-71.9852308490667,41.5995254974212],[-71.9849438486764,41.5991194974016],[-71.9848328495174,41.5987724978725],[-71.9847198489394,41.5984164978101],[-71.9846738483717,41.5982734970663],[-71.9845718482971,41.5979494970352],[-71.9845738491104,41.5978384975742],[-71.9845768489399,41.5976894971294],[-71.9845858483077,41.5972854971249],[-71.984635849164,41.5965734973946],[-71.9847918483847,41.5960064972718],[-71.9848678485114,41.595734496597],[-71.9849268485902,41.5951554971302],[-71.9848318490381,41.5935704966482],[-71.9847518482464,41.5928674962343],[-71.984792848218,41.5923254967026],[-71.9848818487557,41.5921464958064],[-71.985483848405,41.5910914955562],[-71.986289848888,41.5902624954893],[-71.9866028496049,41.5898104958488],[-71.9866338492944,41.5897644954418],[-71.9866908486966,41.5896794955335],[-71.9867268485351,41.5896284958073],[-71.9867588485531,41.5895834960646],[-71.9867988492521,41.589526495427],[-71.9868078490379,41.5894934952411],[-71.9869718490202,41.5889154956129],[-71.9870178492894,41.5882634957834],[-71.9866308495515,41.5876014952731],[-71.986216848257,41.5871554954618],[-71.9854808484023,41.586713494714],[-71.9848428481321,41.5862614950267],[-71.9846148477498,41.5859534952127],[-71.984600847688,41.5858464950125],[-71.9845038480087,41.5850564949277],[-71.9849858476633,41.5843924951338],[-71.9855148481374,41.5837304947116],[-71.9858938488772,41.5830804945389],[-71.9859178482673,41.5830404941418],[-71.9867768492134,41.5822164944456],[-71.9876638493921,41.5814664940602],[-71.9883628486773,41.580808494157],[-71.9887768489801,41.5802034940743],[-71.9890138492893,41.5796054935249],[-71.9895488490479,41.5769044931343],[-71.9896548493208,41.5759924932108],[-71.9893918489496,41.5751664924091],[-71.9887458488345,41.5741044923297],[-71.9883838483042,41.5733234925053],[-71.9882718487836,41.5730824919869],[-71.9880178488342,41.5720664926976],[-71.9880368488814,41.5713304921584],[-71.9884558484549,41.5701424919672],[-71.9888728490127,41.5686444913478],[-71.9889508490242,41.5680384912464],[-71.9890468487952,41.5672954916101],[-71.9890578484936,41.5662144909804],[-71.9890608485449,41.5659654911205],[-71.9892338487072,41.5656494910878],[-71.9898958489356,41.565001490552],[-71.9906018488912,41.5647944905468],[-71.9911108495291,41.5649064906566],[-71.9911498495901,41.5649154910157],[-71.9914548495133,41.5651494904073],[-71.9917048489441,41.5655474909191],[-71.9920638488994,41.5660084913014],[-71.992556849582,41.5662714905551],[-71.9930558498376,41.5664264906016],[-71.9936868500044,41.566466491411],[-71.9944488500116,41.5664034905253],[-71.9965728505013,41.5659604911964],[-71.9969888509477,41.5658694911919],[-71.9975948515166,41.5657374907434],[-71.9979318518957,41.5656274903949],[-71.9983278517021,41.56560849051],[-71.9987248511761,41.5655894903885],[-71.9989328518621,41.5655974907986],[-71.9991398522747,41.5656044902363],[-71.9992158512613,41.5656064907915],[-71.9994438515167,41.5656144902184],[-71.9995198521438,41.5656174909545],[-71.9997238517325,41.5656384902688],[-72.000038851508,41.5656624908694],[-72.0004968518656,41.5657534908362],[-72.0009278525766,41.565904490318],[-72.0016408528653,41.5662414908733],[-72.0018028526469,41.5662944907855],[-72.0024798528851,41.5665154907987],[-72.0033208530985,41.5666094902689],[-72.0048428542486,41.5674654905211],[-72.0070278545678,41.5686954912001],[-72.0073048539939,41.568785491214],[-72.0083408553925,41.5691234913879],[-72.0083598545946,41.5691274910694],[-72.0092488555471,41.5693424912253],[-72.0101108560599,41.5694884906652],[-72.0107208555072,41.5694064914165],[-72.0112398559941,41.5691834910607],[-72.0116818558522,41.5686414906099],[-72.0118898565654,41.5680684906569],[-72.0119418563025,41.5679244909996],[-72.0120328555069,41.5672224902747],[-72.0120968557668,41.5666674903406],[-72.0124208564222,41.5655064899211],[-72.0128138555935,41.5651254897063],[-72.0126858555029,41.5647504897583],[-72.0129108561539,41.5643224899979],[-72.0131468563767,41.5638494895533],[-72.0133308557669,41.5634814898584],[-72.013750856337,41.5626644898128],[-72.0139888561026,41.5620304893815],[-72.014212856275,41.561487489311],[-72.0144518561558,41.5608234894275],[-72.0147028565069,41.5600524891305],[-72.0150018561765,41.5592884886326],[-72.0154348567946,41.5581734888905],[-72.015627856074,41.5576304886889],[-72.015777856863,41.5573094887594],[-72.0161528564326,41.5567294881941],[-72.0163688567819,41.5564754885201],[-72.0166208564845,41.5561794880555],[-72.0172258568996,41.5556684881151],[-72.0172338567778,41.5555954876691],[-72.0176328568261,41.5552634876595],[-72.0177088570487,41.555200487977],[-72.018054856839,41.5548424879284],[-72.0184788571865,41.554475487903],[-72.0188858574675,41.5541634878374],[-72.0191598572078,41.5539714873659],[-72.0198418579241,41.5538324878034],[-72.0203358582502,41.5537084878124],[-72.0205698576565,41.5536504880116],[-72.0212698578972,41.5535984877693],[-72.0214038578443,41.5535884873541],[-72.0221948585255,41.5536904873641],[-72.0226918590059,41.5534354872903],[-72.0230858584635,41.5535414877141],[-72.0234638585937,41.5536094877924],[-72.0240548586065,41.5538534879843],[-72.0245998594472,41.5541724875707],[-72.0253838596871,41.5543984871807],[-72.0254478601117,41.5544164872802],[-72.0261148603547,41.5547284880753],[-72.026781859981,41.5549484877903],[-72.0279948604511,41.5551924873045],[-72.028842860537,41.5551834879088],[-72.0295438605906,41.5552844875439],[-72.0305858609261,41.555174487603],[-72.0312688620326,41.5550984877761],[-72.0321328621638,41.55495248733],[-72.0329958622888,41.5545924877972],[-72.0346318628742,41.5539804872588],[-72.0352228622082,41.5537204874674],[-72.0357998629533,41.5536784873447],[-72.0360868633953,41.5536434874732],[-72.0363708628065,41.55366248733],[-72.0364828627345,41.5536704872054],[-72.0365948628869,41.5536774875037],[-72.0366458636177,41.5537884873365],[-72.036842863501,41.5539464867859],[-72.0384028640691,41.5544204871039],[-72.0393098646851,41.554696487308],[-72.0400128649079,41.5549894873965],[-72.0409028647348,41.5553924870772],[-72.0411548645238,41.5554274872079],[-72.0413428654058,41.5555044871256],[-72.0414148650706,41.5555924876658],[-72.0419268647777,41.5556944876285],[-72.0437798653746,41.5559394870922],[-72.0441468656366,41.5559824871863],[-72.0452448661735,41.5561144874601],[-72.0456048664089,41.5561574877282],[-72.0460688670314,41.5560214874095],[-72.0461208661979,41.5560064876126],[-72.0460188658562,41.5562084871154],[-72.0458208658319,41.5566064870453],[-72.0457158660546,41.5568184877982],[-72.0456168659704,41.5570224871253],[-72.0454508663061,41.5573254870751],[-72.0452808660339,41.5576444879697],[-72.0451628661944,41.5578644880435],[-72.0450458666244,41.5580834874508],[-72.0447928666698,41.5584724873594],[-72.0445248660595,41.5588384880023],[-72.0439398659155,41.5596384881326],[-72.0437738659926,41.5599294883958],[-72.0436638655045,41.5601574885203],[-72.0435678658993,41.5603554878394],[-72.0434718656987,41.5605534879715],[-72.0432088662106,41.5610974880169],[-72.0432108657613,41.5612294884974],[-72.0432228659505,41.5621734886525],[-72.0434538655391,41.5624634887232],[-72.0433998656198,41.5629684884471],[-72.0434988661947,41.5632494882833],[-72.044175865953,41.5651724887362],[-72.0443018664575,41.5655324887369],[-72.0443318660709,41.565618489071],[-72.0443728660518,41.5657324887896],[-72.0445698670591,41.5662934896997],[-72.0447368668491,41.5666634893305],[-72.04562586735,41.568708489977],[-72.0458418672874,41.5695654895669],[-72.0459008669093,41.5705704897181],[-72.04588386676,41.5706174902156],[-72.0455658671092,41.5715014904658],[-72.0454048670727,41.5725774903615],[-72.0453268672392,41.573031490997],[-72.0452018676413,41.5737714908966],[-72.0411848665707,41.5804384916764],[-72.0416808670144,41.5817324923991],[-72.0420868671714,41.58179349243],[-72.0429858673523,41.5819334925829],[-72.0444748669592,41.5830214923114],[-72.0459218678585,41.5852374932881],[-72.0459688675631,41.5853094926808],[-72.0459808678656,41.5853684929512],[-72.0462768688345,41.5867244935337],[-72.0463388688271,41.587090492944],[-72.0463598684459,41.5872164932172],[-72.0465078684363,41.5880964931247],[-72.04667686848,41.589102493735],[-72.046800868511,41.5898364941982],[-72.0469238686166,41.5905714940638],[-72.047035868701,41.5912364939283],[-72.0471478686389,41.5919024939453],[-72.0473278691529,41.5929774938988],[-72.0475168687123,41.5940994949675],[-72.0477308689915,41.5945484942665],[-72.0477978692183,41.5946904950451],[-72.0478648697812,41.5948314945199]]]},"properties":{"OBJECTID":33,"TOWN_NO":73,"TOWN":"Lisbon","GRACE_PERIOD":"No"}},{"type":"Feature","id":34,"geometry":{"type":"Polygon","coordinates":[[[-71.9662828495038,41.7144465201766],[-71.966122850119,41.7147075200804],[-71.9656678490103,41.7149895208087],[-71.9650758499687,41.7152605209369],[-71.9645528493789,41.7154085207364],[-71.9640308486019,41.7155565204874],[-71.9635878486409,41.7157805208913],[-71.9627658487527,41.7161415211353],[-71.9623658484918,41.7164915205331],[-71.9603508481896,41.7179975209296],[-71.9595168479523,41.7188075215628],[-71.9587938470084,41.7191345211974],[-71.958132847474,41.7196245216948],[-71.9574728469494,41.7204975216868],[-71.9572878470551,41.7212945223243],[-71.9572758466664,41.7217505224147],[-71.9575248468175,41.7223015226181],[-71.9575618469338,41.7224465222016],[-71.957649846881,41.722790522544],[-71.9576928479126,41.723335522039],[-71.9575508471338,41.7240455225708],[-71.9571428471048,41.724572522876],[-71.9566788471312,41.7256565225367],[-71.9562588470901,41.7262265229393],[-71.955538847304,41.7265165228932],[-71.9545818469643,41.726593523079],[-71.9533818462733,41.7264405234187],[-71.9531958461416,41.7264175228826],[-71.9512658458412,41.7256965233458],[-71.9501968449444,41.7252415231436],[-71.9494698448504,41.7248175233159],[-71.9483438444672,41.7239265230952],[-71.9476448440632,41.7234975224545],[-71.947064843633,41.7231415228654],[-71.9457078433112,41.7225325226703],[-71.9448328429595,41.7230175226776],[-71.944471843741,41.7236925229989],[-71.9442478428779,41.7244245228184],[-71.9439798429916,41.7251085232085],[-71.9438968433154,41.725322523622],[-71.9426768422825,41.7263595237057],[-71.941695843035,41.7270255234223],[-71.9404178419903,41.7275535235334],[-71.9389388420928,41.7282285236289],[-71.9376548412201,41.7286565239225],[-71.9366028406663,41.7290895244931],[-71.9354548409071,41.7294815240989],[-71.9353938404701,41.7295155245953],[-71.9344418398678,41.7300545242133],[-71.9334848401206,41.7307365243396],[-71.9327498402361,41.7314095251933],[-71.9326448401588,41.7315645250726],[-71.9325398395787,41.7317195248508],[-71.9322498394453,41.7324195248687],[-71.9321038398333,41.7331365254325],[-71.9318738393168,41.7342785249963],[-71.931678839606,41.7344505253382],[-71.9314828393607,41.7346215251123],[-71.9310438391638,41.7347715257964],[-71.9304438388907,41.7348705251726],[-71.9294628386873,41.7349905258915],[-71.927862837978,41.7349395257784],[-71.9276218388978,41.7348865257923],[-71.9266588379743,41.734676525868],[-71.9258128378855,41.7344405255302],[-71.9253518373775,41.7343115253682],[-71.9237388369686,41.7341145255918],[-71.9227698362237,41.7342855260807],[-71.9221548369229,41.7343945259617],[-71.9213478361172,41.7348345260177],[-71.9202658365794,41.735336526149],[-71.9189548356556,41.7361395261082],[-71.9179598356797,41.7370665265639],[-71.9163828345022,41.73870852632],[-71.9156338350681,41.7396575267259],[-71.9155448350099,41.7397675267583],[-71.9141808340914,41.7414715272461],[-71.9139668346464,41.7420815275185],[-71.9139438342175,41.7423385272963],[-71.9139338343652,41.7424495279998],[-71.9139458346418,41.743050527409],[-71.9139848349636,41.7432935277095],[-71.9140888346764,41.7439305278936],[-71.9143918344531,41.7448855276091],[-71.9145548351738,41.7452355284606],[-71.9149878344746,41.7456395281475],[-71.9151848355372,41.7457985277944],[-71.9152128354877,41.7458205281084],[-71.9153238346956,41.7465765279385],[-71.9153088353824,41.7467145287061],[-71.9153008349307,41.7467945287722],[-71.9152268355134,41.7468535286025],[-71.9151348345051,41.7469925281062],[-71.9150488350783,41.7471205284903],[-71.9149018351843,41.7473435285522],[-71.9146888353075,41.747448528069],[-71.9144168345645,41.747699528865],[-71.9140548341948,41.7481505287646],[-71.9138808346164,41.7484435286738],[-71.9138388345027,41.7486645284583],[-71.9136958341006,41.7489625284121],[-71.9136878352031,41.7492825292084],[-71.9136878343221,41.7493035291639],[-71.9135578344493,41.749546528746],[-71.9134298340513,41.7497765292326],[-71.9133028346142,41.7500075290668],[-71.9131388340452,41.7504855292146],[-71.9129478346353,41.7510735292058],[-71.9129188348287,41.7517725291154],[-71.9132648346564,41.7530505294294],[-71.9136658353979,41.7540275300728],[-71.9139878353497,41.754448529477],[-71.9144088349768,41.7548615298812],[-71.9150738355179,41.755380530434],[-71.9160048360377,41.7558995300815],[-71.9164078359714,41.7561085297909],[-71.9168438355855,41.7562175298141],[-71.9174358358487,41.7565245305798],[-71.9180308365003,41.7572245299722],[-71.9180348360313,41.7581605300547],[-71.9180118368509,41.7582065301853],[-71.9179168363771,41.7583885308346],[-71.9178218365829,41.758570530506],[-71.9176428363211,41.7589185305885],[-71.9175868360103,41.7590255302411],[-71.9175318367344,41.7591345305596],[-71.9175018360583,41.7591915306201],[-71.917241836766,41.7597225307581],[-71.9168738360034,41.7597545308863],[-71.9165868361977,41.7597805311438],[-71.9162998358122,41.759805531247],[-71.900160830446,41.7617285316717],[-71.8987168300805,41.7618855314308],[-71.8943848287857,41.7623585322088],[-71.8929418287872,41.7625165324821],[-71.8928688285403,41.7625215322851],[-71.8926488282905,41.7625395322167],[-71.8925768285253,41.7625455324049],[-71.8923258282946,41.7625775321732],[-71.8915728283805,41.7626755325009],[-71.8913228276385,41.7627085324667],[-71.8904658275442,41.7627965326041],[-71.8878958275765,41.7630625327945],[-71.8870398265648,41.7631525328068],[-71.8868398272822,41.7631755324837],[-71.8865378268667,41.7632105327543],[-71.8862398268675,41.7632385327784],[-71.8860398263175,41.7632575324005],[-71.8849538262775,41.7633695321632],[-71.8824848249051,41.7636275325251],[-71.8824688248733,41.7636295326924],[-71.881698825617,41.7637145328445],[-71.881358824658,41.7637525327522],[-71.8806148249618,41.7638345330651],[-71.8789898242781,41.7640005324303],[-71.8744498233441,41.7644655327147],[-71.8741198227505,41.7645135330115],[-71.8725048227438,41.7647525331691],[-71.872380822629,41.7647715332433],[-71.8720118217473,41.7648305336614],[-71.8718888215965,41.7648505330544],[-71.8718508224746,41.7648515333079],[-71.8717378221016,41.7648545334765],[-71.8717008220279,41.7648565335218],[-71.8715428214775,41.7648755332659],[-71.8710688219997,41.7649315335796],[-71.870911821313,41.7649515332159],[-71.8705828212946,41.7649885335911],[-71.8695988211752,41.7651015337657],[-71.8692708206415,41.765140533318],[-71.8679468206832,41.7653075333524],[-71.866870820731,41.7654435335931],[-71.8639758189026,41.765795534044],[-71.8626528193593,41.765957533519],[-71.8614238182875,41.7660985338771],[-71.8577368173721,41.7665225344469],[-71.8565088170427,41.7666645339151],[-71.8552398170393,41.7668215345185],[-71.8514348149872,41.7672945339387],[-71.8501668152845,41.7674535342313],[-71.8501108153723,41.7674605340306],[-71.8500828145398,41.7674635346415],[-71.8499308155518,41.7674825345727],[-71.8498338152975,41.7674935346167],[-71.8497508144064,41.7675045348246],[-71.8489518148974,41.7675965345176],[-71.8465568136492,41.7678735344908],[-71.845758813047,41.7679665347133],[-71.8443478129166,41.7681415350001],[-71.8401158112853,41.768665534753],[-71.8387058119598,41.7688415348408],[-71.8387978114596,41.7681705351697],[-71.8390758117889,41.7661575347348],[-71.839169811229,41.7654875343086],[-71.8392108112929,41.7652085344268],[-71.839335810913,41.7643725345119],[-71.8393788110967,41.7640945344264],[-71.8397278116059,41.7616305338023],[-71.8407738116524,41.7542415318498],[-71.8411238111409,41.7517785319673],[-71.841169811734,41.7513835312812],[-71.8413078116595,41.7502275318297],[-71.8413208117114,41.7502055310758],[-71.8415328108512,41.7498705310182],[-71.8416268110938,41.7496335309381],[-71.8416498108779,41.7494235314461],[-71.8418078107972,41.7480345312464],[-71.841861811712,41.7475715313379],[-71.8423308114455,41.7445185302616],[-71.8437408105605,41.735361528637],[-71.8442118114991,41.7323095276335],[-71.8443958115226,41.7310925273713],[-71.8449498105026,41.7274405266909],[-71.8451348108655,41.7262245268817],[-71.8451498112406,41.7261305265812],[-71.8451968108867,41.7258485269284],[-71.8452138115316,41.7257555264511],[-71.8453848107883,41.7245395267586],[-71.8459008106326,41.7208915254231],[-71.846051811236,41.7198275253638],[-71.8460628106681,41.7197525254448],[-71.8460728109132,41.71967652544],[-71.8460808108984,41.7196205249812],[-71.846088810403,41.7195635250619],[-71.8461038104531,41.7194595254534],[-71.846198811223,41.7188085248708],[-71.8462308114756,41.7185925249079],[-71.8464978106934,41.7167285243891],[-71.8483578110362,41.7046725221338],[-71.8495408112182,41.6970085206377],[-71.8497948103825,41.6953595205132],[-71.8505598106179,41.6904155193486],[-71.8505618103887,41.6904035198005],[-71.8508148107307,41.6887675195273],[-71.8510458106913,41.6873275185934],[-71.8517388101026,41.6830075179447],[-71.8519698109548,41.6815675181583],[-71.8527488106806,41.676481516612],[-71.8538268109428,41.6694535150081],[-71.8550878098597,41.6612265140744],[-71.8557058101446,41.657200513027],[-71.8559868104723,41.6561665124039],[-71.8559978104487,41.6560975128713],[-71.8560338106667,41.6558945129049],[-71.8560458100908,41.6558265124839],[-71.8562988107849,41.6542515125705],[-71.8570608100219,41.6495305118322],[-71.8573148100685,41.6479565115966],[-71.857434810584,41.6472115107144],[-71.8577968105501,41.6449795107352],[-71.8579178101733,41.644235510779],[-71.8631828124158,41.6435695102712],[-71.8745168157106,41.6421375093218],[-71.8789948173441,41.6417195095565],[-71.8842798190055,41.6412275086233],[-71.884307818811,41.6412245090487],[-71.8843938192101,41.6412155091133],[-71.8844228189041,41.6412125089208],[-71.8889488197597,41.6407535091853],[-71.899689823114,41.639667507984],[-71.9025268249329,41.6393795083248],[-71.907064826353,41.6389215075718],[-71.907200826351,41.6389075080407],[-71.9074548256166,41.6388755077271],[-71.908657826534,41.6387245078864],[-71.9090618263816,41.6386745079674],[-71.9115938271497,41.6384175072318],[-71.9191988295564,41.6376475072865],[-71.9212238301577,41.6374435069522],[-71.9217348309017,41.6373915069764],[-71.9247318311563,41.6370875066187],[-71.9260458321547,41.6369555065414],[-71.9276828329938,41.6367895065596],[-71.9337228349627,41.6361775068371],[-71.9365498350442,41.6358915059724],[-71.9367198360058,41.6358745063053],[-71.9367418351574,41.6358725060358],[-71.9368188351016,41.6358645065171],[-71.9369278356773,41.6358525062848],[-71.9373248362187,41.635812505791],[-71.9391428359256,41.6356295065296],[-71.9397418363977,41.6355695058646],[-71.9400818369373,41.6355335060468],[-71.9407378369408,41.6354665058751],[-71.94127583678,41.6354125057279],[-71.943700838241,41.6351665059182],[-71.9446888386596,41.6350685058966],[-71.9450188385229,41.6350345060824],[-71.9460088383772,41.6349355056731],[-71.9462258389549,41.6349145061717],[-71.9463348380912,41.6349035055153],[-71.9474588394712,41.6347895055126],[-71.9496168402143,41.6345715055188],[-71.9508168398501,41.634448505115],[-71.9513518406098,41.6343955050954],[-71.9519368407881,41.6343365056136],[-71.9519748400842,41.6343425054526],[-71.9520278402347,41.6343505054841],[-71.9520948402798,41.6343605050561],[-71.9521348400459,41.6343675055567],[-71.9521638407875,41.6343715053023],[-71.9522508403142,41.6343845057396],[-71.9522818403258,41.6343895052585],[-71.9528218412567,41.6344725058174],[-71.9536668411141,41.6346035053611],[-71.9544428418275,41.6347235052571],[-71.9549838417069,41.6348075055992],[-71.9549358419617,41.6350745050836],[-71.954792841325,41.6358755057374],[-71.9547458419303,41.6361435060602],[-71.9546898413674,41.6364885053816],[-71.9545228416266,41.6375245058391],[-71.9544678418344,41.6378705059409],[-71.9542998414771,41.6389625065515],[-71.9539598417817,41.6411655063487],[-71.9524348416468,41.6510525089407],[-71.9523148413653,41.6518355085069],[-71.9518688410621,41.6543395094996],[-71.9517698419131,41.6549375097986],[-71.951472840957,41.6567345099566],[-71.9513748415118,41.6573335097466],[-71.9511448411528,41.6586975099007],[-71.950453841723,41.6627895113137],[-71.9502248420996,41.6641545111117],[-71.9501528410718,41.664652511246],[-71.949939841936,41.6661495114204],[-71.9499318418563,41.6662105118173],[-71.9499028419179,41.6663355116584],[-71.9498428414154,41.6666445121235],[-71.9498268420819,41.6667175116596],[-71.9497778420226,41.6669375117505],[-71.9497628412697,41.6670115122615],[-71.949726841054,41.667192512176],[-71.9496348417698,41.6676615119819],[-71.9496198415485,41.6677365119241],[-71.9495848416804,41.667918511872],[-71.9495668415801,41.6680215117346],[-71.9495138413893,41.6683335121051],[-71.9494968410167,41.6684375120459],[-71.9492058418544,41.6701525127918],[-71.9484238411995,41.6747775130766],[-71.950452842524,41.6749825133543],[-71.9535088427423,41.6752925136116],[-71.9534548437652,41.6756235132304],[-71.9534008428306,41.6763575139287],[-71.9533078431842,41.6770695135768],[-71.9533998428716,41.6774245140746],[-71.953703843295,41.6778445139228],[-71.9540588438412,41.6782145143018],[-71.9542518441118,41.6783805135196],[-71.9550498436489,41.679065513673],[-71.9556538437934,41.679780514439],[-71.9560518444989,41.6809095139005],[-71.9562408441506,41.6819005141374],[-71.9561988441768,41.6822415142144],[-71.956143844431,41.6826995145163],[-71.9556638450452,41.6837175146783],[-71.9552918445015,41.6845315148276],[-71.9546358441978,41.6861695151443],[-71.9544588439019,41.6874235156345],[-71.9544738442738,41.6881535160744],[-71.954489844637,41.6888515156723],[-71.9547398450911,41.6897925157663],[-71.9550458441382,41.6903675164293],[-71.9553148453537,41.6908195160975],[-71.9555828448483,41.6912715162675],[-71.9556428453955,41.6913635162223],[-71.9557018454507,41.6914555164525],[-71.9559118455458,41.6917805164931],[-71.9567978455506,41.6925625164168],[-71.957395845213,41.6925925168767],[-71.9575148450815,41.6925445168259],[-71.9580858458957,41.6923165161578],[-71.9586588460482,41.6920375166789],[-71.9592928463473,41.6919145163892],[-71.960057846322,41.6921415160744],[-71.9605198466082,41.6925355166847],[-71.9609828467875,41.6933355162638],[-71.9614508464028,41.6942455169915],[-71.962047846921,41.69510051643],[-71.9623258473453,41.6956245169486],[-71.9624088471865,41.6957795166961],[-71.9623978474798,41.6962275174384],[-71.9624768475485,41.6970395167944],[-71.962657847812,41.6975735170684],[-71.9626658477833,41.69786651695],[-71.9626728476876,41.6980965177866],[-71.96250884817,41.6983825173559],[-71.9623628471782,41.698640517356],[-71.9618878476736,41.6995475175361],[-71.9618628477497,41.699906518214],[-71.9618248479599,41.7004655174701],[-71.9618598471342,41.7011805178738],[-71.9621698477973,41.7021015178021],[-71.9622408473022,41.7023735182961],[-71.962377847494,41.7028935180418],[-71.9622178480026,41.7044205187391],[-71.9622628477219,41.704936518659],[-71.9625888483905,41.7055045189677],[-71.9637108481853,41.7065055188454],[-71.9645698488215,41.7072415191477],[-71.9645888490253,41.7072635193042],[-71.9651648486751,41.7079345193239],[-71.9654148486533,41.7084785193397],[-71.9652748492857,41.708945519314],[-71.9646868486282,41.7093345196478],[-71.9640518482383,41.7098915193455],[-71.9639518485663,41.7107575199613],[-71.964071849223,41.7109145195058],[-71.9641928488888,41.7110725197653],[-71.964831848584,41.7116855202804],[-71.9654978494094,41.712744520236],[-71.9655808498766,41.712875520349],[-71.9661398498441,41.7137285206075],[-71.9663298491917,41.7140725201354],[-71.9662828495038,41.7144465201766]]]},"properties":{"OBJECTID":34,"TOWN_NO":109,"TOWN":"Plainfield","GRACE_PERIOD":"No"}},{"type":"Feature","id":35,"geometry":{"type":"Polygon","coordinates":[[[-72.9985511854835,41.7125064849804],[-72.9983221851983,41.7125274850605],[-72.9979541846936,41.7125614851039],[-72.9975241850488,41.7126004853434],[-72.9944431837328,41.7128874852627],[-72.9934171835057,41.7129834853265],[-72.9925741828372,41.7130774852169],[-72.9917311833494,41.7131714852381],[-72.9909241831121,41.7132624858021],[-72.9901161819671,41.7133524860913],[-72.9881161818527,41.7135754858326],[-72.9789351790527,41.7145984861077],[-72.9774431784619,41.7148034865591],[-72.9729681763461,41.7154204867573],[-72.971477176247,41.7156264866168],[-72.9710861765709,41.7156614867251],[-72.9699701759128,41.7157634865189],[-72.9699161757594,41.7157484867819],[-72.9695391761638,41.7156444872148],[-72.9613651735156,41.7164884876057],[-72.9613521730881,41.7162854873166],[-72.9613961727189,41.716172487443],[-72.9614871733288,41.7160564868884],[-72.9617341737777,41.7158844871906],[-72.9618761730803,41.7157304873218],[-72.9619631732078,41.715599487347],[-72.9620041730829,41.7153884871235],[-72.9619841731232,41.7152994868091],[-72.9592711721382,41.7166904873492],[-72.9590951723406,41.7167064873248],[-72.9570351711866,41.7168754872723],[-72.9503271695496,41.7174254881343],[-72.9480911692188,41.7176094879982],[-72.9477851693109,41.7176364883799],[-72.9468701687391,41.7177174885345],[-72.9465651682746,41.7177454878767],[-72.9460691679014,41.7178144879227],[-72.9445841677698,41.7180204878849],[-72.9440891672328,41.7180904879255],[-72.943887167929,41.7182404879624],[-72.9432831676533,41.7186924885722],[-72.9430821668088,41.7188444888079],[-72.9405631662099,41.7190494883244],[-72.9369281654523,41.7193454891796],[-72.9358101655215,41.7194374887712],[-72.9353111647932,41.7194764886287],[-72.9350791645094,41.7194944884722],[-72.9348471653008,41.7195124887473],[-72.9330051641237,41.719654489145],[-72.9304861629868,41.7198494886887],[-72.9292401628347,41.7200214887985],[-72.928782163368,41.7200934895076],[-72.9274091618202,41.7203114896833],[-72.9269521620809,41.7203844890828],[-72.9264841625047,41.7204304890112],[-72.9250831621227,41.7205694893516],[-72.9246161612652,41.7206164894849],[-72.9238031615571,41.7206914896153],[-72.921367160694,41.7209174892608],[-72.9205551596166,41.720993489609],[-72.9204351605336,41.7210044893564],[-72.9200771606128,41.7210384897083],[-72.9199581602609,41.7210504895899],[-72.9192421598866,41.7211224901319],[-72.9170951589431,41.7213394900322],[-72.9163801582871,41.721412489655],[-72.9159991582877,41.7214334894734],[-72.914857158196,41.7214984895544],[-72.9144771585677,41.7215214898214],[-72.9134041583602,41.7215884902428],[-72.9133521576349,41.721591490081],[-72.9109321571034,41.7217424903386],[-72.9099801568841,41.721801490158],[-72.9088561570345,41.7218714901759],[-72.9080901562663,41.7219334899761],[-72.9057911549671,41.7221224899046],[-72.9050261554388,41.7221854908036],[-72.9036751546848,41.7223844906749],[-72.8996211531092,41.7229844910619],[-72.8982711525448,41.7231854907874],[-72.8982091531081,41.7227154906405],[-72.8981721535053,41.7225454904214],[-72.8980531526553,41.7219984905441],[-72.8975371520305,41.7196104905613],[-72.8972871519264,41.7184594902422],[-72.8970321521206,41.717280489669],[-72.8967541526834,41.7163064896876],[-72.8959201515459,41.7133854892873],[-72.895642151768,41.7124124888023],[-72.895512151384,41.71162148858],[-72.8951221509475,41.7092504886101],[-72.8949931507658,41.7084604880948],[-72.8949091511475,41.708097488246],[-72.894658151085,41.7070114878236],[-72.8945751511006,41.7066494875685],[-72.8944281502235,41.7054754873991],[-72.8939871500273,41.7019574869574],[-72.893841150621,41.7007844865772],[-72.893830150259,41.7006874867245],[-72.8938151502782,41.700545487043],[-72.8937401502358,41.699828486389],[-72.8937151501909,41.699589486435],[-72.8937511504231,41.6995834865314],[-72.8936741506911,41.699349486286],[-72.8934801504079,41.6987574864627],[-72.8934491496,41.6986474867125],[-72.893383149616,41.6984114863308],[-72.8933331502945,41.6982354862649],[-72.8932881504105,41.6980764860875],[-72.8931881500438,41.6977214857993],[-72.8929941493658,41.6970744860304],[-72.8928951497425,41.6967414855429],[-72.8928841499035,41.6967014859587],[-72.8928311495022,41.6965034861564],[-72.8926731495378,41.6959284857658],[-72.8926201494115,41.6957354855735],[-72.8925841501464,41.6955674855343],[-72.8924761492599,41.695066485341],[-72.8924411500066,41.6948994852057],[-72.8922641496427,41.6941494850633],[-72.8918971490896,41.6925484855191],[-72.8918281486067,41.6922374851744],[-72.891297149287,41.6899584848963],[-72.891243148304,41.6894224842444],[-72.8912071490843,41.6890104845417],[-72.8908761483871,41.6870964838146],[-72.8907831489553,41.6868544836831],[-72.8908211479884,41.6868444836886],[-72.8908581482461,41.6868424837812],[-72.8908941481821,41.6868394838741],[-72.8908851486519,41.6868104840803],[-72.8907561482503,41.6861694842762],[-72.8905251484823,41.6849964840021],[-72.8904761480787,41.6847814832716],[-72.8903211483249,41.6840654838818],[-72.8900891485438,41.6828694834773],[-72.8900161481061,41.6824894837138],[-72.8899021479468,41.6819524829965],[-72.8898531476744,41.6816264833341],[-72.8898451481873,41.6815744831591],[-72.8897531475172,41.6809604828444],[-72.889601147604,41.6799454823577],[-72.889513147569,41.6793254830254],[-72.8894991478007,41.6792664824792],[-72.8893921469894,41.6787884827133],[-72.8892151473215,41.6780834821505],[-72.8891921473289,41.6779844826437],[-72.8891241469727,41.6776874819766],[-72.8891021474087,41.6775894824485],[-72.8889871473199,41.6771044824039],[-72.8886421469938,41.675652482224],[-72.8885271475195,41.6751684818359],[-72.8884831472422,41.6749494815554],[-72.8883531465008,41.6742924817533],[-72.888336146478,41.6742024821115],[-72.8883231469697,41.6741384812956],[-72.8883111469049,41.6740734816663],[-72.8882951462733,41.6739964812805],[-72.8882791466158,41.6739204821032],[-72.8882671468944,41.6738634813675],[-72.8881341470399,41.6732334815132],[-72.8880901467031,41.6730244814233],[-72.8880341472638,41.6727454818653],[-72.887918146694,41.6721634816907],[-72.8878931464465,41.6720384814532],[-72.8878671461484,41.6719084817373],[-72.8878121462673,41.6716304811239],[-72.8877851469842,41.6714924809663],[-72.8877151467539,41.6711364809693],[-72.8877041468722,41.6710804810612],[-72.8876771465715,41.670943481177],[-72.887662146088,41.6707944811945],[-72.8876181465433,41.6703474809107],[-72.8876041466223,41.6701984806073],[-72.8875841460942,41.6700154812977],[-72.8875271463808,41.6694694806646],[-72.8875081462895,41.6692874804335],[-72.8874891467835,41.6692884809068],[-72.8874331458516,41.6692924805316],[-72.8874151463378,41.6692944810144],[-72.8873751464593,41.6691054810866],[-72.8872561458013,41.6685394802997],[-72.8872171456292,41.6683514803111],[-72.8871831460326,41.6682174805055],[-72.8870821456501,41.6678164801328],[-72.8870491465777,41.6676834802973],[-72.8870051465705,41.6674944804332],[-72.886874145926,41.6669274804092],[-72.8868311459773,41.6667384801616],[-72.8867971464151,41.6665934803404],[-72.8866971461088,41.6661604799494],[-72.8866641458816,41.666016480101],[-72.8866811456143,41.6659934806161],[-72.8867401458668,41.6659844798203],[-72.8867631456043,41.6659824798089],[-72.8867091460295,41.6654164801603],[-72.8865471451705,41.663720479489],[-72.8864931454713,41.6631554797845],[-72.8864891460984,41.6631264798841],[-72.8864771455983,41.6630394792834],[-72.8864741461231,41.663011479413],[-72.8864631457587,41.6629694792029],[-72.8864301450662,41.6628464795092],[-72.8864191456636,41.6628054796075],[-72.8861691454267,41.6619074795448],[-72.8854191445413,41.6592164787682],[-72.885170145391,41.6583194786249],[-72.8851581445312,41.6582534790387],[-72.8851221447485,41.6580584785114],[-72.885110144869,41.6579934783314],[-72.8850311448018,41.6576054788407],[-72.8847951452262,41.6564424781045],[-72.884717145083,41.6560554783226],[-72.8847361449886,41.6559704787119],[-72.884591144712,41.6553624781315],[-72.8845101438709,41.654977477761],[-72.8844551442917,41.6547094777409],[-72.8843821443391,41.654353477985],[-72.8841651447549,41.6532884778077],[-72.8840931440855,41.6529334778197],[-72.8840411443037,41.6526874773788],[-72.8838861437361,41.651949477382],[-72.8838351443342,41.6517034774371],[-72.8837601437015,41.6513304775957],[-72.8837451443386,41.6512574772251],[-72.8834781438311,41.6499214775873],[-72.8833891435919,41.6494764769959],[-72.8846801447296,41.6493324769621],[-72.8862411451084,41.6491604767064],[-72.8875951447911,41.6490284768263],[-72.8885531455257,41.6489034764879],[-72.8885981450722,41.6488984765924],[-72.8891171456504,41.6488584766791],[-72.8898471460058,41.648791476408],[-72.8916601465835,41.6486224765133],[-72.8934211474409,41.6484594769119],[-72.8970961486098,41.6480874760221],[-72.8989081482566,41.6479054761784],[-72.8994291493382,41.6478484767045],[-72.9009921492993,41.6476804758997],[-72.9015141490391,41.6476244759033],[-72.9015371490779,41.6476214762087],[-72.901813149811,41.6475984764556],[-72.902712150306,41.6475264763194],[-72.9030121499702,41.6475034760916],[-72.9035581499536,41.6474834761375],[-72.9051981501718,41.6474274764339],[-72.9057451512077,41.6474094762065],[-72.9095081519125,41.6471634757212],[-72.9101211520923,41.6471234760423],[-72.9123291523829,41.6468584752451],[-72.9178971543142,41.6461904750866],[-72.9189531546001,41.646062474987],[-72.9198001550872,41.6459614750393],[-72.921162155249,41.6457984755582],[-72.9217111564911,41.6457384749359],[-72.9222491555526,41.6456794749601],[-72.9233621564799,41.6455594750734],[-72.9239121562836,41.6455004753754],[-72.9239191565943,41.6452404753273],[-72.9239201564946,41.6452234746851],[-72.9239071571768,41.6449664751615],[-72.9238291562531,41.6446624749581],[-72.9237331567261,41.6444954745231],[-72.9236501564022,41.6443504749523],[-72.9235741562499,41.6442984747142],[-72.9234121561512,41.6441854745558],[-72.9233831565691,41.6441664752124],[-72.9231931558485,41.6440414743284],[-72.9230051560124,41.6439044743877],[-72.922812156732,41.6437914749113],[-72.9228021557827,41.6437834747485],[-72.9227231562982,41.6437184742839],[-72.9226241561015,41.6436364748875],[-72.9226111560104,41.6436164744615],[-72.9223401557983,41.6431874745906],[-72.922131156182,41.6428544742847],[-72.9219481559181,41.6421484746786],[-72.9219511557769,41.6416784744953],[-72.9219551559022,41.6411484742507],[-72.9220351554372,41.641144474171],[-72.9224611562072,41.6411204741464],[-72.9239821561068,41.6410394740324],[-72.9244901570808,41.6410124740162],[-72.9256761566586,41.6409114739748],[-72.9277801575975,41.640733474398],[-72.9278641572852,41.6413354738518],[-72.9279151573945,41.6417074738335],[-72.9279771577642,41.6421804738298],[-72.9281341582796,41.6433614744069],[-72.9286051577479,41.6454624750564],[-72.9385021607318,41.644319474571],[-72.9404261618677,41.6440924743497],[-72.9408961626148,41.6440364744561],[-72.9414341622865,41.6439744738895],[-72.9430661628061,41.6437824736286],[-72.9432561626017,41.6437604739256],[-72.9437901624456,41.6436974741369],[-72.9441471630439,41.643656473936],[-72.9477531642735,41.6432304737548],[-72.9479441642521,41.6432064738576],[-72.9480911637678,41.6432064741779],[-72.9484491648893,41.6432054735422],[-72.9494661645156,41.6430604740065],[-72.9499931645316,41.6429854735131],[-72.9505191646668,41.6429104732462],[-72.9505491656941,41.6429054734385],[-72.9543111659513,41.6425454737516],[-72.9602101686986,41.6419774732488],[-72.9639321690667,41.6413264725627],[-72.964049169294,41.6413134725277],[-72.965827169646,41.6411754725931],[-72.9661301705943,41.6411334726215],[-72.9686661713284,41.6408864727089],[-72.9699441716031,41.640761472739],[-72.9712231714437,41.6406374722866],[-72.9729741716923,41.6404694725743],[-72.97670617328,41.640140472476],[-72.977116173485,41.6400784723008],[-72.9790361740753,41.6398734717875],[-72.9795171738334,41.6398444720592],[-72.9796971745414,41.6398424718736],[-72.9801841744176,41.6398034721781],[-72.9802531745212,41.6397964715772],[-72.9819241745067,41.639638471797],[-72.9824811747157,41.6395854717732],[-72.9825451752501,41.639578471785],[-72.9825621757929,41.6395774722554],[-72.9827361757304,41.6395594715732],[-72.9828001750032,41.6395534717682],[-72.9830851751391,41.6395244722214],[-72.9834131757701,41.6409644721572],[-72.9841811765702,41.6443354730393],[-72.984734176127,41.6467984729812],[-72.984980176746,41.6480194731834],[-72.985246176712,41.6494204732222],[-72.9853851764598,41.6500934734062],[-72.9858431768919,41.6520844740735],[-72.9859531768209,41.6526894739135],[-72.9860771772822,41.6533634741532],[-72.9863461771142,41.6544924743716],[-72.9864901779398,41.6550914746729],[-72.9865241780337,41.6552514748852],[-72.9866271781898,41.6557314751788],[-72.9866621778756,41.6558924744968],[-72.9867341782157,41.6562434746276],[-72.9867541777628,41.6563444747693],[-72.9869501780771,41.657299474662],[-72.9870221779957,41.6576514748342],[-72.987056177483,41.6578174749216],[-72.9871581781906,41.6583154750857],[-72.9871931785444,41.6584824751701],[-72.9872741776303,41.6588794754151],[-72.9873391783718,41.6591814755658],[-72.9873951775655,41.6596814753248],[-72.9875101780166,41.6601734760106],[-72.9875791786428,41.6603344759486],[-72.9876371781234,41.6604414759405],[-72.9882501791377,41.6630054765744],[-72.9883751789308,41.6636314763514],[-72.9887521789241,41.66551047687],[-72.988878179111,41.6661374767307],[-72.9889151790171,41.6663754763886],[-72.9889291794032,41.6664684768454],[-72.9890831789407,41.6674624769647],[-72.989135179265,41.6677944769409],[-72.9891681795839,41.66802747685],[-72.9892841792289,41.6687384773711],[-72.9893501791203,41.6690014775789],[-72.989470179766,41.6695684770289],[-72.989474179169,41.6695884777467],[-72.989621180071,41.6704664777884],[-72.990751180287,41.6763064789384],[-72.9907751796241,41.6763774790775],[-72.9908291807969,41.6765404788108],[-72.9908511802625,41.6766074782486],[-72.9912431803033,41.6791124789673],[-72.9913351805026,41.6797034793201],[-72.9913511808226,41.6798054796681],[-72.991373180211,41.6798974796137],[-72.9913811808483,41.6799324792576],[-72.9914291812209,41.6801324793725],[-72.991506180258,41.6804554798442],[-72.9915101804565,41.6804714791888],[-72.9918811810086,41.682015479428],[-72.9919511805622,41.6823064796269],[-72.9919801809969,41.6825404795381],[-72.9920001811885,41.6827044799774],[-72.9920511813958,41.6831054797163],[-72.992074180857,41.6831964797534],[-72.9921151806776,41.6833574801254],[-72.9923711807487,41.684359480292],[-72.993139181956,41.6873674803764],[-72.993251181388,41.6878064803438],[-72.9933231819987,41.6883844810675],[-72.9933661822432,41.688733481295],[-72.9934971822958,41.6897814814154],[-72.9935041815098,41.68983448137],[-72.9935411815582,41.6901314814759],[-72.9935501817325,41.690205481047],[-72.9939741825085,41.6919384813919],[-72.9943551823994,41.6934924816783],[-72.9952991825628,41.697356482208],[-72.9957411830472,41.6991634824404],[-72.9957471836501,41.699187482494],[-72.9957651836556,41.6992624826858],[-72.9957721829984,41.6992884830295],[-72.9958511835772,41.6996054830967],[-72.996101183479,41.7008834834491],[-72.9961741840077,41.701260483058],[-72.9967771839977,41.7043464842569],[-72.997332184384,41.7071874843001],[-72.9974541844255,41.7078094844978],[-72.9975511842846,41.7083064843463],[-72.9977541850496,41.7091564847996],[-72.9979131851602,41.709825484939],[-72.9983081853692,41.7114844846964],[-72.9983281851153,41.7115694848606],[-72.9983911852133,41.7118354849408],[-72.9984341850565,41.7120134848184],[-72.9985511854835,41.7125064849804]]]},"properties":{"OBJECTID":35,"TOWN_NO":17,"TOWN":"Bristol","GRACE_PERIOD":"Yes"}},{"type":"Feature","id":36,"geometry":{"type":"Polygon","coordinates":[[[-72.825625126401,41.6684984823761],[-72.8255241257729,41.6687194827556],[-72.8254981264828,41.6687754831103],[-72.8254191255606,41.6689464830296],[-72.8253361264071,41.669252482737],[-72.8237111258303,41.6720464839584],[-72.8234121260413,41.6725764837796],[-72.8230411259235,41.6736004835934],[-72.8219301254619,41.6766744846366],[-72.8215601256023,41.67769948473],[-72.8215131249326,41.6778694848529],[-72.8213731254601,41.678379484447],[-72.8213271253254,41.67855048506],[-72.8212671249874,41.6786984844542],[-72.8210901258058,41.6791444847914],[-72.8210311259023,41.679293484637],[-72.8208801259369,41.6798224853456],[-72.8207991258507,41.6800624854234],[-72.8200341246275,41.6823494857127],[-72.8197801254339,41.6831124855195],[-72.819490125581,41.6834034861789],[-72.8189801245222,41.6839134859074],[-72.8165821248043,41.6863204862333],[-72.815783124388,41.6871224869613],[-72.8157141239929,41.6872624867383],[-72.815509123779,41.6876864867932],[-72.8154511245833,41.6878084871886],[-72.815443123492,41.6878284871033],[-72.8154291235625,41.6878624866425],[-72.8152041245118,41.6879494870346],[-72.8147031239551,41.6881444865036],[-72.8145321242323,41.6882104865876],[-72.8143081231291,41.6882984867736],[-72.8138911238787,41.6886464866269],[-72.8126411228981,41.6896894869146],[-72.8122251229137,41.6900384875926],[-72.8121231226,41.6901414870239],[-72.8120071227313,41.6902414875667],[-72.8112071233767,41.6920244874588],[-72.8111041231373,41.6922554880561],[-72.8101001223398,41.69183748741],[-72.8058381209069,41.6951794888737],[-72.8048561215505,41.6959504884343],[-72.8040741210516,41.6965794890535],[-72.8038051209325,41.6967814886974],[-72.8029991204469,41.6973884890531],[-72.8027311199483,41.6975914895999],[-72.8023801209439,41.697846489168],[-72.8013281196842,41.6986124893319],[-72.8009781195538,41.6988684898321],[-72.8004121197311,41.6993354891373],[-72.7987171195356,41.7007384901192],[-72.7981521193627,41.7012074900134],[-72.7977361186664,41.7016704902857],[-72.7974981193883,41.7019374900893],[-72.7964021182824,41.7029774905014],[-72.7959511191207,41.7034074908487],[-72.7955041189921,41.7037254905536],[-72.795117118953,41.7040024903473],[-72.7943631181862,41.7045074903586],[-72.7941361178545,41.7046384904673],[-72.7940291185801,41.7047014911596],[-72.7936501185631,41.7048904911981],[-72.7931691174196,41.705236490531],[-72.792906118126,41.7054434906115],[-72.7926051178839,41.7056304908335],[-72.7921991178911,41.7057804913557],[-72.7919861171054,41.7059414912039],[-72.7897501168813,41.7076574915173],[-72.7882661169582,41.7087934917121],[-72.7875071162543,41.7093744917606],[-72.7874031164592,41.7094524916133],[-72.7863371161832,41.7102734920393],[-72.7829931149614,41.7128484928121],[-72.7827821152997,41.7128854930703],[-72.781328114316,41.7131484925294],[-72.7808861146693,41.7132224928197],[-72.7805101145881,41.713286492551],[-72.7795611134397,41.7134374928463],[-72.7791201142182,41.7135084933006],[-72.7789351136689,41.7135324931156],[-72.7783801140403,41.7136054928821],[-72.7781961131333,41.7136304933685],[-72.7772191130245,41.7137784929168],[-72.7768901130717,41.7138284934053],[-72.7762161134494,41.7139294928048],[-72.7752311129822,41.7140794932292],[-72.7742241118042,41.7142324934675],[-72.7729741113994,41.7144224934505],[-72.7716691119675,41.7146214938468],[-72.770018111479,41.7147204935962],[-72.768401110047,41.714949493701],[-72.7678731107641,41.7150234937873],[-72.76769311078,41.7150494933953],[-72.7669781099213,41.7151504936756],[-72.7637651087015,41.7155764943711],[-72.7636271091519,41.715593494293],[-72.763390109165,41.7156234942123],[-72.7619701078209,41.7158034940921],[-72.7618861078153,41.7154264941693],[-72.7617061081691,41.714171494048],[-72.7616471080548,41.7137534932646],[-72.7615871077994,41.7133424937307],[-72.761463108411,41.7124944932761],[-72.7613341078583,41.7116134929145],[-72.7613211076913,41.7115234930147],[-72.7613091080044,41.7114444936478],[-72.7612881082687,41.711302493162],[-72.761269107924,41.7111734928136],[-72.7611791077986,41.7105534926666],[-72.760132107224,41.7048714922492],[-72.759724106437,41.7026564920396],[-72.7596771067755,41.702368491816],[-72.7595381070372,41.701504491653],[-72.759492106202,41.7012164911966],[-72.759457106452,41.7010154911781],[-72.7593521063918,41.7004144916157],[-72.7593171064522,41.7002144909238],[-72.7592451067053,41.6998044910849],[-72.7590641063743,41.6987664912767],[-72.7590301064529,41.6985744909934],[-72.7590191059474,41.6985074911509],[-72.7589611064998,41.6981644905911],[-72.7589341059778,41.6979794909528],[-72.7588531068119,41.6974264907657],[-72.7588261058409,41.6972424904776],[-72.7587441063005,41.6967404905274],[-72.7587271061692,41.6966314908136],[-72.7585921062709,41.6952224901411],[-72.7585441056184,41.694716490556],[-72.7585191061191,41.6946004901062],[-72.758485106135,41.6944614904516],[-72.7583021056212,41.6936984900167],[-72.7582421062968,41.6934444901093],[-72.7582371061651,41.6932894896535],[-72.758228105845,41.6931624899805],[-72.7582101059787,41.6930084898482],[-72.75819110556,41.692854489779],[-72.7581611058324,41.6926844900633],[-72.7581041055906,41.6924344901441],[-72.7580481053737,41.6919924895794],[-72.7579091057997,41.6911924898388],[-72.7578171053518,41.6906604890045],[-72.7577971056055,41.690543489447],[-72.7577411060512,41.6902164888554],[-72.7577331053646,41.690029489415],[-72.7577301052137,41.6899324894467],[-72.7576381053335,41.6894794892574],[-72.7576011055312,41.6892974887349],[-72.7575791049039,41.6891964887657],[-72.7575661055023,41.6889784890471],[-72.7575591056965,41.6888604891424],[-72.7575531051383,41.6887514892427],[-72.7574711047022,41.6883024884791],[-72.7572271056386,41.6869584890725],[-72.7571781053579,41.6866884889034],[-72.7571621048455,41.6865994885267],[-72.7571461055781,41.6865104881459],[-72.7571361055426,41.6864174888555],[-72.7571221048828,41.6862834888507],[-72.7570771054784,41.6858504884119],[-72.7570521050759,41.6856044886611],[-72.7570421048801,41.6855074881079],[-72.7570131048474,41.6853814887501],[-72.7569531045522,41.6851114881599],[-72.7568981051877,41.6848664886505],[-72.7565551049497,41.6833214880999],[-72.7564411047632,41.6828074875638],[-72.7563831046716,41.6826154880592],[-72.7562101045284,41.6820394874673],[-72.7561981046559,41.6819994874256],[-72.7561821038892,41.6819444874514],[-72.7561771050664,41.6819184877672],[-72.7561611050267,41.6818454876139],[-72.7561251045831,41.6817014881298],[-72.7560191039294,41.6812694876774],[-72.7559841045783,41.6811254871784],[-72.75592310487,41.6807374870771],[-72.7557431044884,41.6795764871635],[-72.7556831045939,41.6791894870643],[-72.7556561040039,41.6789984876197],[-72.7555761036042,41.6784254873509],[-72.755550104146,41.6782354872113],[-72.7555321039798,41.678095486902],[-72.7555141036688,41.6780374868524],[-72.7553431035317,41.677457486645],[-72.7552861033931,41.677264486907],[-72.755218104053,41.6770564865693],[-72.7552161037334,41.6770324864011],[-72.7551691040531,41.6763054866242],[-72.7551541042727,41.6760634867425],[-72.7550921042577,41.6757204863158],[-72.7549061034997,41.6746934862052],[-72.7548441037818,41.6743514867548],[-72.7547601035558,41.6739014860195],[-72.7545111037867,41.67255348639],[-72.7544281037873,41.6721044855101],[-72.7543091029137,41.671540486004],[-72.7539521033004,41.6698514854724],[-72.7538331023619,41.6692884855129],[-72.7537521025749,41.6689914853695],[-72.7535941024248,41.6683714856016],[-72.7535461026129,41.6680984854258],[-72.7535221032686,41.6679584855799],[-72.7535551028501,41.6677984849239],[-72.7535381022264,41.6676234847075],[-72.7534901030438,41.6671024851647],[-72.7534751021066,41.6669284851652],[-72.7531631021709,41.6653754848583],[-72.7522271020442,41.6607164838739],[-72.7519161020429,41.6591644838262],[-72.7516431010423,41.658122483191],[-72.7508251015589,41.6549974826338],[-72.7505531008845,41.6539564824064],[-72.7505451007369,41.6534064824615],[-72.7505211011252,41.6517584819731],[-72.7505131003281,41.6512094820877],[-72.7504821013334,41.6510024815418],[-72.7503891007355,41.6503814816006],[-72.7503581001375,41.6501754822024],[-72.7506151004552,41.6501424814653],[-72.7513861011029,41.6500464821653],[-72.7516441015881,41.6500144821378],[-72.7520911008112,41.649979481804],[-72.7534341015883,41.6498754814568],[-72.7538821013211,41.649841481663],[-72.7547361026049,41.6498184820323],[-72.757299103133,41.6497524811591],[-72.7581541033324,41.6497304816556],[-72.7585471030171,41.6496924816408],[-72.7597301030886,41.6495804810492],[-72.760124103467,41.6495434812881],[-72.7616631048827,41.649406481406],[-72.7662821058553,41.6489994809168],[-72.767220106285,41.6489174805894],[-72.767620105618,41.6489124806388],[-72.7678251061223,41.6489094805611],[-72.7679401062773,41.6489094807155],[-72.7682871066619,41.6489094810729],[-72.7684031067765,41.6489094806063],[-72.7684961063347,41.6489084807004],[-72.7685281062417,41.64890848096],[-72.7687781071061,41.6488924813248],[-72.7688721066289,41.648887480585],[-72.7693591067287,41.6487894812536],[-72.7708231074214,41.6484984812069],[-72.7708791072619,41.6484874810884],[-72.7713111079331,41.6484014809542],[-72.7718741070798,41.6483264803946],[-72.7785731097874,41.6482524801997],[-72.7791641102545,41.6482024801046],[-72.7809371105033,41.6480564800002],[-72.781529110685,41.648008480741],[-72.7829271114568,41.6479324805944],[-72.7871221119915,41.647708480145],[-72.7885211123089,41.6476334796313],[-72.7887411129473,41.6476184803286],[-72.7894031129448,41.6475754798504],[-72.789624113733,41.6475614797367],[-72.7898931132981,41.6475484800114],[-72.7907041135566,41.6475114798889],[-72.7909741132693,41.6474994803044],[-72.7910111133082,41.6474974800091],[-72.7911231134183,41.6474934802299],[-72.7911611140221,41.6474924798465],[-72.7915361136567,41.6474664801549],[-72.7926651142217,41.6473904801103],[-72.793041114466,41.6473654799675],[-72.7933611146885,41.6473354800952],[-72.7943221150508,41.6472494796297],[-72.7946431154215,41.6472214800468],[-72.7949921153961,41.6472184801739],[-72.79603911535,41.6472114793481],[-72.7963891158584,41.6472094796625],[-72.7971361159932,41.6471244798876],[-72.7975641160955,41.6470774799255],[-72.7993801163364,41.6468724799659],[-72.8001291160815,41.6467894794606],[-72.8013881166318,41.6466834790044],[-72.8051651186543,41.6463694791621],[-72.8064251180501,41.646264479305],[-72.807062118291,41.6462224790277],[-72.8089751190436,41.6460994794964],[-72.8096131192596,41.6460584793224],[-72.8100911200122,41.6460314790001],[-72.8115271204194,41.6459524792051],[-72.8120061204708,41.6459264788231],[-72.8124421206896,41.6458834790556],[-72.8137521208732,41.6457564783814],[-72.8141891208981,41.645714478967],[-72.8142151213927,41.645712479147],[-72.81429612098,41.6457084786143],[-72.8143231211711,41.6457074785298],[-72.8147731209383,41.645651478695],[-72.8149021210611,41.6456344790174],[-72.8150521218037,41.645616478725],[-72.8152891213254,41.6455694791684],[-72.8156401216746,41.6454984786216],[-72.8158021221734,41.6454664786679],[-72.8159641213119,41.6454344784869],[-72.8166231220802,41.6453014783328],[-72.8171971217557,41.6451874787389],[-72.8173671221659,41.6451564785354],[-72.8174681223369,41.645138478529],[-72.8176861225979,41.6450994787007],[-72.8178781223236,41.6450634785302],[-72.8180491218342,41.6450334788492],[-72.8184021223894,41.645026478245],[-72.8191861226601,41.6450124782938],[-72.8192981227942,41.6452644785121],[-72.8194431223977,41.645587478594],[-72.8194421226879,41.6456324781974],[-72.8194421231569,41.6457684782158],[-72.8194421232275,41.6458144784331],[-72.8194391232122,41.6458724788707],[-72.8194311225324,41.646050479047],[-72.8194291222825,41.6461094782963],[-72.8195251232746,41.646819478536],[-72.8197401230145,41.6483954789386],[-72.8198971231506,41.6495434796656],[-72.8199541229252,41.6499574790967],[-72.8206761237796,41.6552534800927],[-72.8207401243021,41.6557234803299],[-72.8225741239656,41.655718480694],[-72.822917124572,41.6569464807551],[-72.8234311252575,41.6587874810527],[-72.8236931253982,41.659723480863],[-72.8239461250395,41.6606324816746],[-72.8242901249396,41.6618614814743],[-72.824469124941,41.662768481871],[-72.8245061253171,41.6629584816624],[-72.8251541258291,41.6662514825089],[-72.8253711256602,41.6673494824249],[-72.8253821265802,41.6674934825388],[-72.8254181255169,41.6679274824139],[-72.8254281260981,41.6680464825325],[-72.8254301256586,41.6680724830652],[-72.825469126569,41.6681574823534],[-72.8255261260617,41.6682814829471],[-72.8255861263152,41.6684124828329],[-72.825625126401,41.6684984823761]]]},"properties":{"OBJECTID":36,"TOWN_NO":89,"TOWN":"New Britain","GRACE_PERIOD":"No"}},{"type":"Feature","id":37,"geometry":{"type":"Polygon","coordinates":[[[-73.0646722017942,41.6418254698168],[-73.0643922017246,41.6433054699192],[-73.0643672014624,41.6434354696105],[-73.0640932021576,41.6448804704369],[-73.0640142022643,41.6454564701359],[-73.0640032018711,41.6455364702359],[-73.0629772025623,41.6530194717784],[-73.0627872021861,41.6544164721287],[-73.0627632027337,41.6545904718077],[-73.0627392019562,41.6547644723789],[-73.0626152024544,41.6556624724077],[-73.0620572023323,41.6597434729546],[-73.0618802020923,41.6608354734909],[-73.0613512020081,41.664111473642],[-73.0611752021796,41.6652044741304],[-73.0611122027803,41.6660964739501],[-73.0609262022002,41.6687744746029],[-73.0608642021926,41.6696674748071],[-73.0607852027351,41.6701674754808],[-73.0607522023186,41.6703834748728],[-73.0604862025114,41.6721064757718],[-73.060425202995,41.6725184759437],[-73.0604222030094,41.672534475612],[-73.0603132027012,41.6732524754407],[-73.0602772025818,41.6735754761423],[-73.0602012023967,41.674288476196],[-73.0604622031918,41.6742974758735],[-73.0607882033002,41.6743094762296],[-73.0604862024721,41.675675476408],[-73.0595812032615,41.6797754764912],[-73.0592802024032,41.6811424774762],[-73.0592322032624,41.6813694772942],[-73.0590902023124,41.6820524772361],[-73.0590432022807,41.6822804772646],[-73.0590282030506,41.6823644774065],[-73.0589822021356,41.6826194778467],[-73.0589682031983,41.6827044774096],[-73.0588632022574,41.6834734777722],[-73.058644202764,41.6850984780209],[-73.0585512028179,41.6857824781594],[-73.0584482025989,41.6865524779576],[-73.0580312027262,41.6890274788795],[-73.0567822030225,41.6964544799262],[-73.0563662025835,41.6989304810808],[-73.0562372027046,41.6997234807537],[-73.0559272025269,41.7016474812719],[-73.0558532030631,41.7021054817877],[-73.0557252033125,41.7028994815466],[-73.0557152027138,41.7029964815457],[-73.0556882032389,41.703286481357],[-73.0556792032483,41.7033844817037],[-73.0555952028325,41.7043404814518],[-73.0553752026571,41.706885482201],[-73.0553462034617,41.7072114819327],[-73.0552632035765,41.7081684827451],[-73.0537872020214,41.7083484829301],[-73.0493582014592,41.7088904830076],[-73.0478832005114,41.7090714826519],[-73.0475462004512,41.7091064829777],[-73.0460471998626,41.709259482646],[-73.0405411978394,41.7098234829629],[-73.0387061976985,41.7100124834758],[-73.0383401977198,41.710050483574],[-73.0372451967688,41.7101644838262],[-73.0368801968294,41.7102034834056],[-73.03597819722,41.7103154831953],[-73.0332721958216,41.7106534840111],[-73.0323711963183,41.7107664840098],[-73.031858195451,41.7108164840288],[-73.0317611962047,41.7108244840423],[-73.0311011948451,41.7108844836071],[-73.0299301949706,41.710992484245],[-73.0293201946918,41.711049483649],[-73.0257741941154,41.7114414837283],[-73.0229641923183,41.7117524844745],[-73.017073190956,41.7124034849721],[-73.0151391898205,41.7126164844048],[-73.0148941905513,41.7126434849023],[-73.0115941890104,41.7130094853135],[-73.0115661888443,41.7131174847874],[-73.0109561893888,41.7131164852591],[-73.0105461892094,41.7131564846053],[-73.0101381892091,41.7131934851618],[-73.0088661886224,41.7133414847429],[-73.0078991876683,41.7134464848834],[-73.0073511880658,41.7135064850068],[-73.0072851875356,41.7135174852899],[-73.0071721880985,41.7135204852536],[-73.0070561876422,41.7135384855989],[-73.0055351871064,41.7137014855424],[-73.0028141864481,41.7139924855019],[-73.0016651856466,41.7141154856279],[-73.000438185407,41.7141754857191],[-72.9989511850155,41.7144064853074],[-72.9988721851647,41.7140254858314],[-72.9987481856524,41.7134294858491],[-72.9986321854302,41.7128854852769],[-72.9985511854835,41.7125064849804],[-72.9984341850565,41.7120134848184],[-72.9983911852133,41.7118354849408],[-72.9983281851153,41.7115694848606],[-72.9983081853692,41.7114844846964],[-72.9979131851602,41.709825484939],[-72.9977541850496,41.7091564847996],[-72.9975511842846,41.7083064843463],[-72.9974541844255,41.7078094844978],[-72.997332184384,41.7071874843001],[-72.9967771839977,41.7043464842569],[-72.9961741840077,41.701260483058],[-72.996101183479,41.7008834834491],[-72.9958511835772,41.6996054830967],[-72.9957721829984,41.6992884830295],[-72.9957651836556,41.6992624826858],[-72.9957471836501,41.699187482494],[-72.9957411830472,41.6991634824404],[-72.9952991825628,41.697356482208],[-72.9943551823994,41.6934924816783],[-72.9939741825085,41.6919384813919],[-72.9935501817325,41.690205481047],[-72.9935411815582,41.6901314814759],[-72.9935041815098,41.68983448137],[-72.9934971822958,41.6897814814154],[-72.9933661822432,41.688733481295],[-72.9933231819987,41.6883844810675],[-72.993251181388,41.6878064803438],[-72.993139181956,41.6873674803764],[-72.9923711807487,41.684359480292],[-72.9921151806776,41.6833574801254],[-72.992074180857,41.6831964797534],[-72.9920511813958,41.6831054797163],[-72.9920001811885,41.6827044799774],[-72.9919801809969,41.6825404795381],[-72.9919511805622,41.6823064796269],[-72.9918811810086,41.682015479428],[-72.9915101804565,41.6804714791888],[-72.991506180258,41.6804554798442],[-72.9914291812209,41.6801324793725],[-72.9913811808483,41.6799324792576],[-72.991373180211,41.6798974796137],[-72.9913511808226,41.6798054796681],[-72.9913351805026,41.6797034793201],[-72.9912431803033,41.6791124789673],[-72.9908511802625,41.6766074782486],[-72.9908291807969,41.6765404788108],[-72.9907751796241,41.6763774790775],[-72.990751180287,41.6763064789384],[-72.989621180071,41.6704664777884],[-72.989474179169,41.6695884777467],[-72.989470179766,41.6695684770289],[-72.9893501791203,41.6690014775789],[-72.9892841792289,41.6687384773711],[-72.9891681795839,41.66802747685],[-72.989135179265,41.6677944769409],[-72.9890831789407,41.6674624769647],[-72.9889291794032,41.6664684768454],[-72.9889151790171,41.6663754763886],[-72.988878179111,41.6661374767307],[-72.9887521789241,41.66551047687],[-72.9883751789308,41.6636314763514],[-72.9882501791377,41.6630054765744],[-72.9876371781234,41.6604414759405],[-72.9875791786428,41.6603344759486],[-72.9875101780166,41.6601734760106],[-72.9873951775655,41.6596814753248],[-72.9873391783718,41.6591814755658],[-72.9872741776303,41.6588794754151],[-72.9871931785444,41.6584824751701],[-72.9871581781906,41.6583154750857],[-72.987056177483,41.6578174749216],[-72.9870221779957,41.6576514748342],[-72.9869501780771,41.657299474662],[-72.9867541777628,41.6563444747693],[-72.9867341782157,41.6562434746276],[-72.9866621778756,41.6558924744968],[-72.9866271781898,41.6557314751788],[-72.9865241780337,41.6552514748852],[-72.9864901779398,41.6550914746729],[-72.9863461771142,41.6544924743716],[-72.9860771772822,41.6533634741532],[-72.9859531768209,41.6526894739135],[-72.9858431768919,41.6520844740735],[-72.9853851764598,41.6500934734062],[-72.985246176712,41.6494204732222],[-72.984980176746,41.6480194731834],[-72.984734176127,41.6467984729812],[-72.9841811765702,41.6443354730393],[-72.9834131757701,41.6409644721572],[-72.9830851751391,41.6395244722214],[-72.9863511765746,41.6378634714894],[-72.9906481773511,41.6356804710949],[-72.9960281793053,41.6328254703105],[-72.9991691806099,41.6311594695089],[-72.999223179593,41.6311304693103],[-72.9995511808329,41.6309564697033],[-73.0000061807314,41.6307204696328],[-73.00236318058,41.6295014694015],[-73.0030231814907,41.6291614692989],[-73.0031471815294,41.629091469367],[-73.0040471820413,41.6285854686041],[-73.0070231829047,41.6283334688673],[-73.0214721865936,41.6271124685483],[-73.020608186163,41.623128467322],[-73.0200851863626,41.6207174673563],[-73.0186511850279,41.6141054657847],[-73.031455189596,41.6149274656907],[-73.0343301900588,41.615112465538],[-73.0347781902206,41.6151424649675],[-73.0348231907964,41.6151444650697],[-73.0357521905615,41.615205465031],[-73.036025191508,41.6152054652062],[-73.0361571914775,41.6152054649809],[-73.0455371938294,41.611626464102],[-73.0456611935923,41.6115774645115],[-73.0457721946437,41.6115354644758],[-73.0464051938948,41.6112954645036],[-73.0503631956093,41.6097564641534],[-73.053090197243,41.6157194646313],[-73.0546601969068,41.6191494654579],[-73.0548031973536,41.6194634659268],[-73.0569981985862,41.6242624663224],[-73.0612742010028,41.6336094681552],[-73.0616152000346,41.6343544682432],[-73.0631282016975,41.6376844682838],[-73.0637582015293,41.6390734686885],[-73.0639882021551,41.6395794694821],[-73.0648202020807,41.6410474688693],[-73.0646722017942,41.6418254698168]]]},"properties":{"OBJECTID":37,"TOWN_NO":111,"TOWN":"Plymouth","GRACE_PERIOD":"No"}}]}