{"type": "FeatureCollection", "crs": {"type": "name", "properties": {"name": "EPSG:4326"}}, "features": [{"geometry": {"type": "Polygon", "coordinates": [[[-72.21930791429385, 41.41213145365874], [-72.2184309139395, 41.410932453455146], [-72.21787091371313, 41.41016545332481], [-72.21743991353888, 41.409574453224415], [-72.21576591286254, 41.407285452835715], [-72.21356091197165, 41.404270452323644], [-72.21212391139106, 41.40230545198981], [-72.2110609109608, 41.400837451740095], [-72.2109819109288, 41.400728451721555], [-72.20754990954053, 41.39600345091798], [-72.20640690907813, 41.39442845065006], [-72.20376890801005, 41.390777450028544], [-72.19936690622777, 41.384682448990795], [-72.19739190542927, 41.38196544852848], [-72.19584290480306, 41.37983544816604], [-72.19319590373283, 41.37619244754608], [-72.19310890369717, 41.376064447524065], [-72.19285090359143, 41.375684447458774], [-72.19276490355615, 41.37555744743693], [-72.19273690354315, 41.37548944742466], [-72.1926529035042, 41.37528844738839], [-72.19262490349125, 41.37522144737632], [-72.19257190346855, 41.37512644735962], [-72.1924159034014, 41.37484144730947], [-72.19236390337903, 41.37474744729288], [-72.19213990330773, 41.37477044730474], [-72.19204090327605, 41.3747774473094], [-72.19169090316421, 41.37480644732654], [-72.19142990308048, 41.37482144733809], [-72.19106890296403, 41.3748324473521], [-72.19090690291179, 41.3748374473584], [-72.1907449028591, 41.37483544736335], [-72.1907039028458, 41.37483444736451], [-72.19064590282692, 41.374833447366235], [-72.19058290280653, 41.37483444736851], [-72.1905429027936, 41.37483544737001], [-72.19015890266849, 41.374825447380765], [-72.18986690257246, 41.374802447385925], [-72.18970490251911, 41.37478844738853], [-72.18957590247662, 41.37477744739067], [-72.18933990239877, 41.37475444739398], [-72.1885249021278, 41.374639447398536], [-72.18786090190441, 41.37450144739356], [-72.1874239017565, 41.37439444738725], [-72.18586090122298, 41.373936447349806], [-72.18578190119604, 41.37391344734793], [-72.18576290118953, 41.373907447347406], [-72.1857069011704, 41.37389044734594], [-72.18568890116428, 41.37388544734558], [-72.18507790095572, 41.373706447330946], [-72.18321790032073, 41.37315944728605], [-72.18275790016372, 41.37302444727501], [-72.18143189971121, 41.37263744724356], [-72.18091889953514, 41.372470447228004], [-72.18077189948465, 41.37242244722352], [-72.18038489935293, 41.372315447215485], [-72.17993389919856, 41.37217544720318], [-72.17878689880793, 41.371854447178656], [-72.17799589853735, 41.37161244715771], [-72.1758098977915, 41.37097644710623], [-72.17333889694837, 41.370257447048], [-72.17222789656928, 41.36993344702169], [-72.16997489580059, 41.369278446968636], [-72.16890089543334, 41.36895244694072], [-72.16790889509423, 41.36865244691513], [-72.16760989499383, 41.3685934469135], [-72.16743089493352, 41.3685544469118], [-72.16729989488934, 41.3685254469105], [-72.16724489487083, 41.36851344690996], [-72.16677989471397, 41.36840944690511], [-72.1661738945096, 41.36827444689883], [-72.16582389439247, 41.36821144689813], [-72.16532889422683, 41.36812344689732], [-72.16501089412075, 41.368073446898094], [-72.16463589399596, 41.368018446899725], [-72.16411289382255, 41.367952446904184], [-72.1639118937563, 41.367934446907306], [-72.16385389373713, 41.367928446908], [-72.1631658935105, 41.36786844691904], [-72.16252889330158, 41.36782844693222], [-72.16179489306184, 41.36779844695059], [-72.16083289274995, 41.36780044698263], [-72.15994689246101, 41.36777344700657], [-72.15939789228297, 41.36777344702464], [-72.15791089180075, 41.367774447073785], [-72.15731789160844, 41.367774447093296], [-72.15645689133068, 41.367800447126676], [-72.15295989019886, 41.367840447249556], [-72.15214788993805, 41.36788444728483], [-72.15209488992106, 41.367887447287146], [-72.15087888953194, 41.36797844734484], [-72.15072988948424, 41.367989447351846], [-72.1506448894567, 41.367990447354835], [-72.15059688944139, 41.36799444735719], [-72.15045288939545, 41.36800744736446], [-72.15040588938051, 41.36801244736697], [-72.15005188926753, 41.36804444738486], [-72.14940988906478, 41.36813944742443], [-72.1486338888198, 41.3682544474723], [-72.14746788845368, 41.368462447551046], [-72.14644088813098, 41.36864144761961], [-72.14580888793245, 41.368752447661976], [-72.14545188782017, 41.36881344768559], [-72.14502788768682, 41.36888544771349], [-72.14394588734673, 41.369072447785406], [-72.14375588728676, 41.36910144779731], [-72.14333188715317, 41.369168447824286], [-72.14118188647393, 41.36948144795576], [-72.13848188561987, 41.36985544811723], [-72.13633688493682, 41.37007444823032], [-72.1358828847934, 41.37014044825808], [-72.13566888472593, 41.37017444827169], [-72.1330868839075, 41.37050344842052], [-72.13100788324788, 41.37075744853821], [-72.12945588275605, 41.37095744862809], [-72.12824288237181, 41.371116448698835], [-72.12720988204396, 41.3712414487571], [-72.12623488173155, 41.37130744880198], [-72.12602988166546, 41.37131444881005], [-72.12577088158164, 41.371317448819134], [-72.12523288140429, 41.3712684488273], [-72.12460188119586, 41.37120344883542], [-72.12433688110757, 41.37116344883636], [-72.12416988105197, 41.371139448837184], [-72.12386488094953, 41.37107844883534], [-72.1236948808924, 41.371044448834354], [-72.12354888084286, 41.37100644883177], [-72.12304688067256, 41.370877448823194], [-72.12288688061756, 41.37082444881817], [-72.12265688053884, 41.370753448811946], [-72.12261588052478, 41.37074044881075], [-72.12230688041902, 41.37064444880227], [-72.12227988041295, 41.37069144881228], [-72.12224088040446, 41.37076244882733], [-72.12220088039562, 41.3708344488427], [-72.12217488038999, 41.37088244885286], [-72.12212288037858, 41.37097744887301], [-72.12196688034454, 41.37126244893352], [-72.1219158803335, 41.37135844895382], [-72.12181688030293, 41.371384448962125], [-72.12165988025443, 41.37142644897545], [-72.12153988022003, 41.37150444899451], [-72.12145588019608, 41.37156144900838], [-72.12125788015102, 41.371892449079205], [-72.12092088006192, 41.37224144915803], [-72.11910687958252, 41.374123449583216], [-72.11850287942296, 41.37475144972505], [-72.11856987944861, 41.37481944973606], [-72.11862487946962, 41.374874449744894], [-72.11875987952286, 41.37503744977211], [-72.11882187954733, 41.37511244978469], [-72.1189958796182, 41.37536144982733], [-72.11900687962353, 41.37539244983296], [-72.11904287964218, 41.375512449855066], [-72.11908487967094, 41.37577344990439], [-72.11911387970234, 41.37615344997727], [-72.11913087972044, 41.37637045001881], [-72.11924187980945, 41.37728545019289], [-72.1194218799347, 41.378439450411086], [-72.11945887995668, 41.378612450443505], [-72.11953287999579, 41.37887345049177], [-72.11967488006282, 41.3792344505572], [-72.11974288009456, 41.37940145058738], [-72.11979988012114, 41.37954145061268], [-72.12005288023586, 41.380104450713695], [-72.12012488026667, 41.380233450736405], [-72.1202088803009, 41.38035445075713], [-72.1202338803112, 41.380391450763504], [-72.1203978803779, 41.38062445080334], [-72.12051188042462, 41.38079245083225], [-72.12071688051294, 41.38116945089874], [-72.12093688060646, 41.381551450965695], [-72.1211198806825, 41.381839451015566], [-72.12117088070367, 41.38191945102945], [-72.12161788088474, 41.38254145113555], [-72.12181188096275, 41.38280145117964], [-72.12239488119374, 41.38352345130068], [-72.12252788124773, 41.38371145133278], [-72.12256888126491, 41.383778451344455], [-72.12260588128157, 41.38385845135881], [-72.12266088130902, 41.3840244513892], [-72.12270888133729, 41.38424245142996], [-72.12272188134791, 41.38435345145109], [-72.12272488135079, 41.38438645145738], [-72.12277988138975, 41.38475045152631], [-72.12288988145934, 41.385335451636266], [-72.1229848815247, 41.38593145174887], [-72.12307488158126, 41.386403451837545], [-72.12313988162195, 41.386741451901024], [-72.12329688172807, 41.387693452080704], [-72.12336788177342, 41.38807845215311], [-72.12347188184016, 41.388648452260405], [-72.12366988197536, 41.389872452491524], [-72.123673881978, 41.38989545249584], [-72.12371388200317, 41.39010545253529], [-72.12386688209097, 41.390763452658064], [-72.12408688223401, 41.391999452890786], [-72.12413788227195, 41.39236845296072], [-72.1242128823318, 41.39298145307724], [-72.12430388239322, 41.393531453181055], [-72.12433688241777, 41.39376945322614], [-72.12449888251868, 41.39460345338272], [-72.12457588256267, 41.39493145344389], [-72.1246628826142, 41.395333453519065], [-72.12476588267508, 41.395806453607506], [-72.12506288284717, 41.39711245385125], [-72.12506488284899, 41.39713245385507], [-72.1250808828662, 41.39733945389471], [-72.12507588286685, 41.39737845390247], [-72.12504588286838, 41.39757345394127], [-72.1249798828548, 41.397708453969635], [-72.12491588284182, 41.397841453997565], [-72.12482388281992, 41.397979454027386], [-72.12453288275101, 41.39841845412217], [-72.12447288273628, 41.39850045414004], [-72.12432888269939, 41.39867045417781], [-72.12403688262039, 41.398941454239996], [-72.12386688257342, 41.39908245427294], [-72.1234108824476, 41.3994634543619], [-72.1236528825441, 41.39977445441433], [-72.12384088262469, 41.400111454473546], [-72.12388588265321, 41.40035145451868], [-72.1238428826588, 41.400688454585506], [-72.1236958826451, 41.40127445470409], [-72.12353588261412, 41.4016354547794], [-72.12336888256885, 41.401788454814536], [-72.12317888251238, 41.401878454838254], [-72.12313888249973, 41.401883454840586], [-72.12284488240674, 41.40192445485818], [-72.12316488252324, 41.40214345489017], [-72.12342888262128, 41.402357454923056], [-72.12363488269891, 41.40254245495216], [-72.12416988289182, 41.402876454999415], [-72.12436088297993, 41.40332645508047], [-72.12441288300474, 41.40346345510534], [-72.12451788304206, 41.40351945511272], [-72.12460988307419, 41.4035584551173], [-72.12476788313374, 41.40370145513982], [-72.12492588319023, 41.40379145515209], [-72.1250008832154, 41.40380645515255], [-72.12515188326647, 41.4038414551544], [-72.1253908833496, 41.40393745516516], [-72.1254758833806, 41.403997455174036], [-72.12558988342222, 41.40407745518575], [-72.12583588352098, 41.40440345524098], [-72.12592988356893, 41.40470345529609], [-72.12592288356946, 41.404752455305825], [-72.12602188361433, 41.40497145534509], [-72.12630088373291, 41.40545545542981], [-72.12659888384782, 41.40576945548093], [-72.12675288390349, 41.405867455494935], [-72.12777288425602, 41.40623945553354], [-72.12795488432823, 41.406465455571414], [-72.12796888433797, 41.40655545558841], [-72.1280338843641, 41.40664245560317], [-72.128143884406, 41.40674945562033], [-72.12850088453202, 41.40692445564254], [-72.12877788462697, 41.40701245565046], [-72.12880688463694, 41.40702245565149], [-72.12926588479752, 41.407222455675196], [-72.12942588485751, 41.4073614556969], [-72.12962988493942, 41.40763245574278], [-72.12986988503467, 41.407931455792884], [-72.13003788509491, 41.40803045580661], [-72.13016888514409, 41.40814545582461], [-72.13040188522396, 41.40821945583128], [-72.13116188547103, 41.40822745580782], [-72.13063988533588, 41.40881645593932], [-72.13032988525565, 41.40916745601761], [-72.12783688461063, 41.41199045664746], [-72.127006884396, 41.41293245685751], [-72.12706388442102, 41.413044456877344], [-72.1271768844717, 41.41328545692041], [-72.12721788448941, 41.413361456933785], [-72.1273088845277, 41.41351245696011], [-72.12740588456754, 41.413656456984896], [-72.12751088460973, 41.41379645700859], [-72.12801788481185, 41.41444445711765], [-72.12805388482617, 41.4144894571252], [-72.12831488492947, 41.41480945717869], [-72.12847488499294, 41.415008457212046], [-72.12863588505603, 41.415195457243], [-72.12886888514826, 41.41548245729104], [-72.1291418852573, 41.4158344573503], [-72.12920888528357, 41.41591245736327], [-72.12941588536437, 41.41614745740204], [-72.12962688544484, 41.416353457435044], [-72.130309885701, 41.41694845752803], [-72.13049388577075, 41.417121457555496], [-72.13062488582254, 41.41728145758229], [-72.13078888588987, 41.417524457624], [-72.13090988594108, 41.41772945765976], [-72.13110788602712, 41.418104457726024], [-72.13125388609457, 41.41845045778831], [-72.13127688610795, 41.41855245780739], [-72.13129688612734, 41.41877445784979], [-72.13129488613768, 41.418963457886505], [-72.13129288615069, 41.419198457932204], [-72.13133588620049, 41.41981545805046], [-72.13135888621903, 41.42000645808678], [-72.13138188623284, 41.42011545810711], [-72.13142788625561, 41.42025045813179], [-72.1315268862988, 41.42044145816563], [-72.13158088632147, 41.42052945818091], [-72.13168388636218, 41.42065545820194], [-72.13156888633108, 41.4207624582265], [-72.13122688623872, 41.421082458299814], [-72.131112886208, 41.42119045832453], [-72.13100188617814, 41.42129645834876], [-72.13054088605453, 41.42174445845086], [-72.13021088596615, 41.42206545852396], [-72.12881288558988, 41.423397458828354], [-72.12866988555146, 41.423535458859824], [-72.12823688543483, 41.42394645895385], [-72.12838888548312, 41.42392845894533], [-72.12851788552396, 41.42391045893759], [-72.12900388567773, 41.42384345890859], [-72.13085088626252, 41.42359245879912], [-72.13146688645756, 41.423508458762534], [-72.13176988655331, 41.42346445874402], [-72.13268188684178, 41.42333645868915], [-72.13298588693802, 41.42329445867105], [-72.13614788793778, 41.422842458479266], [-72.14563589093792, 41.421489457904315], [-72.14596789104293, 41.42144245788426], [-72.14622389112388, 41.42140645786888], [-72.146522891221, 41.42140845785943], [-72.14879289193536, 41.421026457710546], [-72.14890889197183, 41.42100645770283], [-72.14926089208275, 41.420949457680166], [-72.1493778921196, 41.42093045767267], [-72.15017389237175, 41.420825457626066], [-72.15256589312979, 41.42051345748671], [-72.15336289338232, 41.42040945744028], [-72.15369389348729, 41.420367457421264], [-72.15379789352014, 41.42035245741491], [-72.15510289393333, 41.42017645733775], [-72.15553789407114, 41.4201184573122], [-72.15766589474353, 41.41980845718193], [-72.16147989594889, 41.41925545694894], [-72.16248789626727, 41.41910745688703], [-72.1640528967618, 41.41887945679123], [-72.16618189743454, 41.4185704566611], [-72.16690689766689, 41.41852045662751], [-72.16908189836406, 41.418374456527445], [-72.16980789859672, 41.41832545649401], [-72.17172089919741, 41.41798245636442], [-72.17746190100021, 41.41695545597586], [-72.17937590160126, 41.4166134558464], [-72.18115490216326, 41.41635345573725], [-72.18192490240666, 41.416242455690316], [-72.18440290318983, 41.415886455539564], [-72.18525890346044, 41.41576445548761], [-72.18610190372772, 41.41565845543922], [-72.18649690385256, 41.41560145541518], [-72.18718790407105, 41.415504455373565], [-72.18827990441717, 41.41536445531034], [-72.18847990448022, 41.41533245529756], [-72.18908190467009, 41.41523945525966], [-72.18928290473345, 41.41520845524698], [-72.19234790570229, 41.4147704550609], [-72.19966890801632, 41.413725454616554], [-72.20156090863242, 41.413765454561826], [-72.20259290896853, 41.413788454532195], [-72.20397990942016, 41.41381845449226], [-72.20465690964065, 41.41383345447277], [-72.20574390998671, 41.413720454414964], [-72.20900391102442, 41.41338245424174], [-72.21009191137088, 41.413270454184065], [-72.21193491195542, 41.413042454078976], [-72.21662691344353, 41.412462453811465], [-72.21668291346126, 41.41245545380829], [-72.21673191347686, 41.4124494538055], [-72.21746391370897, 41.41235845376369], [-72.21930791429385, 41.41213145365874]]], "crs": null}, "id": 423, "type": "Feature", "properties": {"category": "coal_closure", "name": "Census Tract 6937", "county": "New London County", "adjacent": "Yes", "geoid": "09011693700"}}, {"geometry": {"type": "Polygon", "coordinates": [[[-72.20383791196215, 41.45818246309736], [-72.2038449119572, 41.458059463073326], [-72.20383791194773, 41.45793546304951], [-72.20381591193421, 41.45782646302911], [-72.20375491190465, 41.457659462998784], [-72.20366091186403, 41.45748646296837], [-72.20360591183811, 41.457347462943254], [-72.20352491179604, 41.45707746289362], [-72.20345491175739, 41.456804462843046], [-72.20336591171203, 41.45652246279133], [-72.20328491167497, 41.45633846275835], [-72.20322991165214, 41.45625246274349], [-72.20314591161943, 41.45615946272827], [-72.20304891158295, 41.456073462714855], [-72.20281091149681, 41.45592146269324], [-72.20271191146, 41.45584046268081], [-72.20262291142596, 41.4557524626667], [-72.20243191134905, 41.45549746262361], [-72.20209991121732, 41.45508546255476], [-72.20195791116168, 41.45492246252782], [-72.20181591110617, 41.45476046250114], [-72.20170591106462, 41.45466046248543], [-72.2015199109964, 41.45452546246541], [-72.2014199109604, 41.45446446245688], [-72.20082391074877, 41.45415246241612], [-72.20074491071982, 41.4540954624077], [-72.2007019107036, 41.45405646240157], [-72.20059691066191, 41.453926462379826], [-72.20053991063544, 41.45379046235536], [-72.20052491062611, 41.45371346234097], [-72.20052291062092, 41.45363546232588], [-72.20053391061985, 41.45355646231024], [-72.20054391061407, 41.453401462279864], [-72.2005259106048, 41.453342462269], [-72.20049091058779, 41.453246462251585], [-72.20043791056548, 41.45315846223626], [-72.20036491053719, 41.4530794622234], [-72.20023591048907, 41.452972462206915], [-72.20016791046426, 41.45292546220006], [-72.20009091043627, 41.45287346219248], [-72.1999589103894, 41.45280446218349], [-72.19978791033067, 41.452749462178495], [-72.19963191027706, 41.452698462173785], [-72.19948191022475, 41.4526364621667], [-72.19930991016373, 41.45254646215495], [-72.1992649101473, 41.452515462150394], [-72.19906291007194, 41.452347462124536], [-72.1969689092739, 41.45031646180016], [-72.19665390915485, 41.45002746175454], [-72.19621190898934, 41.449649461695884], [-72.19592990888351, 41.44940346165751], [-72.19580090884449, 41.449452461671264], [-72.19567290880603, 41.4495054616858], [-72.19554590876089, 41.44943746167682], [-72.19533290868398, 41.449304461658066], [-72.19520590863749, 41.449213461644646], [-72.1950749085896, 41.44912146163114], [-72.19496490854849, 41.44902846161677], [-72.19487690851501, 41.448944461603375], [-72.19467590843665, 41.448719461566405], [-72.19438190831978, 41.44835146150482], [-72.19427390827772, 41.44823146148509], [-72.19393590814745, 41.447878461427884], [-72.19380490809606, 41.447726461402716], [-72.1935709080032, 41.44743546135405], [-72.19347190796292, 41.44729546133019], [-72.1934229079423, 41.44721546131628], [-72.19338090792388, 41.44713346130175], [-72.19335490791143, 41.44706446128924], [-72.19333690790154, 41.44699446127629], [-72.19332690789192, 41.44688546125548], [-72.19333490788813, 41.44677646123413], [-72.19339390789364, 41.446542461186816], [-72.19343490789592, 41.44635346114885], [-72.19344390789293, 41.44625246112895], [-72.19342190787886, 41.446133461106626], [-72.19340690787192, 41.446097461100116], [-72.19334390784546, 41.445994461082265], [-72.19324890780682, 41.44586046105943], [-72.19297490769758, 41.44551246100099], [-72.19283290763907, 41.445299460964435], [-72.19279790762414, 41.44523746095356], [-72.19277690761366, 41.44517446094201], [-72.19277090760815, 41.445114460930625], [-72.19277990760767, 41.445055460918866], [-72.19281290761528, 41.44500246090754], [-72.1928599076277, 41.44495446089668], [-72.1929389076497, 41.444891460881855], [-72.19307890769045, 41.44481146086169], [-72.19332390776313, 41.44469446083093], [-72.19340490778633, 41.44464146081802], [-72.19344790779779, 41.44459946080845], [-72.1934819078061, 41.444552460798214], [-72.19349490780877, 41.44452546079256], [-72.19351290780955, 41.44443946077529], [-72.19350290780278, 41.44437846076378], [-72.19347590779051, 41.44431846075302], [-72.19339090775583, 41.44419646073221], [-72.19323890769813, 41.444053460709526], [-72.19309190764253, 41.44391746068802], [-72.1928569075519, 41.4436714606481], [-72.1928169075357, 41.44361646063872], [-72.19272790749643, 41.44343846060716], [-72.19265690746676, 41.44332446058741], [-72.19253090741779, 41.44318546056465], [-72.19243290738166, 41.44311146055355], [-72.19216390728532, 41.442956460532386], [-72.19209390725969, 41.442906460525016], [-72.19200190722279, 41.44278546050455], [-72.1918339071512, 41.442492460453316], [-72.19176290712224, 41.442390460435924], [-72.19167890708948, 41.44229646042048], [-72.1915719070495, 41.44220646040657], [-72.19145290700618, 41.442125460394784], [-72.19109590688102, 41.441965460375556], [-72.19098390684039, 41.44189246036512], [-72.19088590680384, 41.441810460352436], [-72.19081590677588, 41.44172046033731], [-72.19065290670855, 41.44147346029481], [-72.19054390666453, 41.441325460269695], [-72.1903529065917, 41.44113846023977], [-72.18995490644224, 41.44079046018548], [-72.18986990641127, 41.44073146017682], [-72.18977990637924, 41.44068346017052], [-72.18962390632495, 41.44062046016342], [-72.18918290617549, 41.44051146015685], [-72.18889990607803, 41.44041546014761], [-72.18866190599402, 41.4402984601328], [-72.18852090594247, 41.44019846011803], [-72.1884799059257, 41.44013946010798], [-72.18844990591207, 41.440073460096194], [-72.18841490589533, 41.439980460079305], [-72.18840090588407, 41.43986546005748], [-72.18839290586901, 41.43965146001624], [-72.18837490584626, 41.4393614599606], [-72.18835690583572, 41.43928145994572], [-72.1882829058044, 41.43915545992371], [-72.18822590578318, 41.43910845991649], [-72.18803490571477, 41.43899845990147], [-72.18794290568218, 41.43895145989539], [-72.1878329056424, 41.438881459885465], [-72.18773990560781, 41.43880545987381], [-72.18766190557763, 41.43872245986029], [-72.18761190555576, 41.43862545984316], [-72.1875299055194, 41.43845745981325], [-72.18740690545707, 41.43807345974288], [-72.1873659054398, 41.43800545973105], [-72.18729390541208, 41.4379304597189], [-72.18715690536197, 41.43783345970459], [-72.18699490530463, 41.43775145969408], [-72.18675790522146, 41.43764445968113], [-72.18660990516975, 41.43758045967361], [-72.18645790511697, 41.43752145966724], [-72.18630390506308, 41.43745445965932], [-72.18615190500721, 41.43734245964263], [-72.18606290497065, 41.43721045961997], [-72.18594390491998, 41.43700345958372], [-72.18578790485165, 41.436699459529954], [-72.18576090484028, 41.43665445952212], [-72.18571990482452, 41.43661245951532], [-72.18566590480468, 41.43657245950934], [-72.18544690472778, 41.43647245949721], [-72.18495590455814, 41.43629545947909], [-72.18476590449127, 41.43620545946791], [-72.18445690438074, 41.43602945944398], [-72.18433490433644, 41.43594845943233], [-72.1839569041974, 41.43566745939031], [-72.18383790415449, 41.4355934593799], [-72.1836579040912, 41.435509459369555], [-72.18358090406343, 41.43546245936298], [-72.18344590401381, 41.43536245934807], [-72.18322790393012, 41.43513945931202], [-72.18309190387761, 41.434996459288755], [-72.1829319038135, 41.43478745925352], [-72.18289390379633, 41.43470345923848], [-72.1826279036762, 41.43412345913485], [-72.18258290365321, 41.43397945910838], [-72.18253590362714, 41.43379345907388], [-72.18248490360524, 41.43370145905773], [-72.18244890359125, 41.43366245905135], [-72.18238790356912, 41.433622459045594], [-72.18231790354454, 41.43359045904173], [-72.182248903521, 41.43357045904011], [-72.18202690344708, 41.43353845904125], [-72.18194290341935, 41.433530459042444], [-72.18177690336472, 41.433516459045244], [-72.18162590331453, 41.43349645904634], [-72.18147990326544, 41.433466459045306], [-72.18137890323071, 41.433433459042256], [-72.18128190319686, 41.43339245903751], [-72.18119390316545, 41.43334345903092], [-72.18115190315014, 41.4333144590267], [-72.18076890300547, 41.432964458971455], [-72.18069190297706, 41.432905458962516], [-72.18060690294645, 41.43285345895527], [-72.18051490291391, 41.43280745894939], [-72.18041290287877, 41.432772458946005], [-72.18016990279583, 41.4327014589402], [-72.17990090270348, 41.43261445893227], [-72.17982690267743, 41.43258045892808], [-72.17975990265336, 41.43254045892253], [-72.17971290263556, 41.432496458915544], [-72.17967190261945, 41.4324474589074], [-72.17962890260164, 41.432381458896025], [-72.1795769025782, 41.432269458876], [-72.1795279025547, 41.43213845885223], [-72.17945090252175, 41.4320014588282], [-72.1793689024897, 41.43190845881289], [-72.17927090245361, 41.43183445880179], [-72.17862790222242, 41.43144745874798], [-72.17858790220767, 41.431417458743425], [-72.17852690218535, 41.43137345873692], [-72.17829990209877, 41.431151458701414], [-72.1782549020816, 41.43110745869436], [-72.17814090203898, 41.43101045867928], [-72.17800890199123, 41.4309264586674], [-72.1778679019412, 41.43085345865784], [-72.17760290184904, 41.43074645864587], [-72.17746190180078, 41.43070445864237], [-72.17732990175544, 41.430660458638194], [-72.17725890173101, 41.43063745863609], [-72.17715990169707, 41.43060545863311], [-72.17700090164239, 41.4305524586281], [-72.17688690160335, 41.43051745862504], [-72.17683890158698, 41.43050345862396], [-72.17663790151873, 41.43045145862046], [-72.17619190136982, 41.43037945862121], [-72.17606090132486, 41.43033745861738], [-72.17593390128064, 41.430285458611515], [-72.17578890122961, 41.430217458603124], [-72.17569190119553, 41.4301724585976], [-72.17575290121201, 41.43011545858455], [-72.17587390124689, 41.43004045856599], [-72.17598290127732, 41.42995545854589], [-72.1760919013064, 41.429847458521394], [-72.17612890131261, 41.429748458500946], [-72.17612990130891, 41.429679458487534], [-72.17610690129395, 41.429550458463275], [-72.17603690126114, 41.42937745843205], [-72.175897901199, 41.42908445837985], [-72.17575590113705, 41.42881145833159], [-72.17563990108864, 41.4286274582997], [-72.17549990103544, 41.428493458278375], [-72.17535590098261, 41.428388458262745], [-72.17510890089349, 41.428234458241015], [-72.17479790078193, 41.4280514582158], [-72.17447690066683, 41.42786345818994], [-72.17381290042565, 41.427421458126105], [-72.17372290039212, 41.427347458114745], [-72.17365490036546, 41.42726845810163], [-72.17359890034237, 41.42718345808701], [-72.17349790029634, 41.4269564580463], [-72.17345090027709, 41.42688745803448], [-72.17339190025439, 41.42682545802438], [-72.17332490023013, 41.42678245801831], [-72.17300590011702, 41.4266174579968], [-72.17293490009115, 41.426569457989835], [-72.17280790004382, 41.42646345797344], [-72.17275590002299, 41.42639645796218], [-72.17271490000553, 41.42632445794958], [-72.17268689999199, 41.42624845793578], [-72.17267989998693, 41.42620045792671], [-72.17269589995412, 41.425547457799546], [-72.17266489992063, 41.42514545772259], [-72.17246689978458, 41.42391145748978], [-72.17236189970161, 41.42307145733034], [-72.17233089968325, 41.4229284573036], [-72.17229589966767, 41.422856457290806], [-72.17225089964906, 41.4227874572789], [-72.1721938996268, 41.42272345726837], [-72.17197889954504, 41.422516457235325], [-72.17180389947357, 41.42226445719223], [-72.17160989939129, 41.42193245713421], [-72.17120489921338, 41.42113245699245], [-72.17111189917391, 41.42097345696466], [-72.17102789914053, 41.42086745694686], [-72.17093289910267, 41.42074745692668], [-72.17060889897655, 41.42038645686735], [-72.17052089894092, 41.420264456846624], [-72.1703848988838, 41.42004145680783], [-72.17022789881564, 41.4197454567556], [-72.16999989871269, 41.41924745666653], [-72.1699198986742, 41.419032456627434], [-72.16986889864417, 41.418800456584144], [-72.16982189861909, 41.418631456552866], [-72.16980289860203, 41.41844445651724], [-72.16980789859672, 41.41832545649401], [-72.16908189836406, 41.418374456527445], [-72.16690689766689, 41.41852045662751], [-72.16618189743454, 41.4185704566611], [-72.1640528967618, 41.41887945679123], [-72.16248789626727, 41.41910745688703], [-72.16147989594889, 41.41925545694894], [-72.15766589474353, 41.41980845718193], [-72.15553789407114, 41.4201184573122], [-72.15510289393333, 41.42017645733775], [-72.15379789352014, 41.42035245741491], [-72.15369389348729, 41.420367457421264], [-72.15336289338232, 41.42040945744028], [-72.15256589312979, 41.42051345748671], [-72.15017389237175, 41.420825457626066], [-72.1493778921196, 41.42093045767267], [-72.14926089208275, 41.420949457680166], [-72.14890889197183, 41.42100645770283], [-72.14879289193536, 41.421026457710546], [-72.146522891221, 41.42140845785943], [-72.14622389112388, 41.42140645786888], [-72.14596789104293, 41.42144245788426], [-72.14563589093792, 41.421489457904315], [-72.13614788793778, 41.422842458479266], [-72.13298588693802, 41.42329445867105], [-72.13268188684178, 41.42333645868915], [-72.13176988655331, 41.42346445874402], [-72.13146688645756, 41.423508458762534], [-72.13085088626252, 41.42359245879912], [-72.12900388567773, 41.42384345890859], [-72.12851788552396, 41.42391045893759], [-72.12838888548312, 41.42392845894533], [-72.12823688543483, 41.42394645895385], [-72.12802188537638, 41.42414145899871], [-72.12781588532069, 41.42433345904276], [-72.12769288528771, 41.424452459069876], [-72.12754488524756, 41.42458845910112], [-72.12727688517545, 41.42484445915958], [-72.12594088481622, 41.42612345945165], [-72.12549688469693, 41.4265504595491], [-72.12512588459713, 41.42690445962998], [-72.12453388443798, 41.42747145975943], [-72.12447888442317, 41.4275244597715], [-72.12400388429424, 41.427958459871356], [-72.12394788427912, 41.42801045988326], [-72.12362888419287, 41.42830845995155], [-72.12359988418527, 41.42833945995855], [-72.12356888417709, 41.428371459965746], [-72.12315488406837, 41.428813460065136], [-72.12300388402953, 41.428987460103784], [-72.12270988395643, 41.429371460188015], [-72.12244088389086, 41.429745460269366], [-72.12226288384848, 41.430010460326635], [-72.12193388377317, 41.43055246044259], [-72.12172388372585, 41.43091046051893], [-72.12161288370393, 41.43115346056973], [-72.12086888356035, 41.432837460920766], [-72.12076388353995, 41.43307346097002], [-72.12068688352248, 41.43320246099758], [-72.12058788350346, 41.43342846104467], [-72.12048788348385, 41.43364946109084], [-72.12020488343157, 41.4343304612322], [-72.11918488322809, 41.4365254616914], [-72.11848588308003, 41.43788146197735], [-72.11754688289845, 41.4400014624194], [-72.1174078828834, 41.44051846252422], [-72.11735588288387, 41.440816462583705], [-72.11728088289564, 41.44143846270672], [-72.11727888291189, 41.441729462763234], [-72.11726688293402, 41.442176462850306], [-72.11728188295396, 41.442436462900254], [-72.11734188300856, 41.44304046301539], [-72.11745188310816, 41.444139463224815], [-72.11752288317236, 41.44484746335977], [-72.11756188320038, 41.445111463409695], [-72.11761488325854, 41.4458164635446], [-72.11771188332624, 41.446438463662034], [-72.11772488335548, 41.44686946374515], [-72.1176478834044, 41.44814046399406], [-72.1176378834044, 41.44819646400528], [-72.11763288340462, 41.44822846401164], [-72.11763188340578, 41.44825346401649], [-72.11745288339674, 41.44909746418604], [-72.11728488339841, 41.450063464378836], [-72.11692088337286, 41.45165646469958], [-72.11660688334628, 41.45295246496118], [-72.1162818833341, 41.45455646528278], [-72.1158398833017, 41.456466465667546], [-72.11581888330011, 41.45655646568568], [-72.11574588329516, 41.45687846575047], [-72.11563788328802, 41.45735846584711], [-72.11553088328183, 41.45784846594554], [-72.11548388327954, 41.458071465990336], [-72.11545888327731, 41.45817346601095], [-72.11543488327726, 41.45830646603751], [-72.11536288327304, 41.45863546610363], [-72.11530388327003, 41.45891246615929], [-72.11520688326742, 41.459409466258805], [-72.11516288326762, 41.459658466308504], [-72.11510588327073, 41.46002946638225], [-72.11507888327303, 41.46021946641999], [-72.11504288327761, 41.46049946647543], [-72.1150228832863, 41.4607604665267], [-72.1150138832948, 41.46095646656493], [-72.11505888335938, 41.46181546672999], [-72.11512888342429, 41.46254046686816], [-72.1154948836651, 41.46463746726247], [-72.11590988393766, 41.46700546770767], [-72.11643588427808, 41.46992046825521], [-72.11648888431505, 41.47026046831933], [-72.11655488436786, 41.470799468421596], [-72.11656388440021, 41.47130446851913], [-72.11658088444275, 41.47194146864197], [-72.1164278845331, 41.47434546911276], [-72.11635388456953, 41.47538446931648], [-72.11634788459503, 41.47585546940794], [-72.11632788461537, 41.4763164694979], [-72.11632288461725, 41.47637646950967], [-72.11627788464055, 41.477027469637264], [-72.11622388468767, 41.478138469854294], [-72.11615788471336, 41.47894647001297], [-72.11610388475904, 41.480032470225154], [-72.11608888476957, 41.480297470276945], [-72.11605888479038, 41.48082147037947], [-72.11602488481613, 41.4814524705028], [-72.11598888482742, 41.48184747058046], [-72.11598388484602, 41.48219447064789], [-72.11597988485306, 41.482337470675695], [-72.11597388486774, 41.482623470731305], [-72.11596488487542, 41.48280547076685], [-72.11595788488023, 41.48292647079048], [-72.11595188488556, 41.48305247081512], [-72.11592988489217, 41.48328847086154], [-72.11591888489562, 41.48340847088517], [-72.11587288491133, 41.48393447098854], [-72.11586188491192, 41.48400647100284], [-72.11581688491158, 41.48425147105178], [-72.11578688491473, 41.48447247109558], [-72.11570788491277, 41.48487847117682], [-72.11568488491206, 41.48499447120005], [-72.11566188490977, 41.48508347121804], [-72.11544888488544, 41.48585347137419], [-72.11531088486727, 41.48631047146728], [-72.11510988484163, 41.48699047160558], [-72.11501788482748, 41.48726047166091], [-72.1150048848254, 41.48729747166846], [-72.11498688482308, 41.4873574716807], [-72.11487988480663, 41.487671471745024], [-72.11479288479363, 41.48793347179867], [-72.11475988478831, 41.48802647181776], [-72.1147368847849, 41.48809647183207], [-72.11466088477266, 41.488309471875795], [-72.1146288847679, 41.48840547189549], [-72.11443888474474, 41.48906747202993], [-72.1144058847411, 41.489188472054416], [-72.114316884733, 41.4895454721265], [-72.1142818847339, 41.48975647216856], [-72.11425688473832, 41.489971472210975], [-72.1142328847602, 41.49048047231037], [-72.11424188478023, 41.490774472367], [-72.11428188481285, 41.49111147243095], [-72.11436388487948, 41.49179747256106], [-72.11441488491263, 41.4920824726146], [-72.11443288492396, 41.492176472632195], [-72.11458888501868, 41.49293247277347], [-72.11463588504758, 41.493166472817215], [-72.11464088505018, 41.49318347282035], [-72.1146428850528, 41.49321747282684], [-72.11476388513584, 41.49396747296814], [-72.11492488524713, 41.494980473158975], [-72.11504588532097, 41.49557347326979], [-72.11530688549226, 41.49705747354854], [-72.11555788564063, 41.49820447376235], [-72.1156138856787, 41.49854647382671], [-72.11562688569427, 41.49874047386387], [-72.11565288572555, 41.499132473938886], [-72.11560688576395, 41.50004747411758], [-72.1155608857671, 41.50035747417906], [-72.11553188576879, 41.500547474216845], [-72.11544088575602, 41.5008354742756], [-72.11542688575408, 41.50088047428478], [-72.11563288582487, 41.500947474290975], [-72.11582788589415, 41.50104947430426], [-72.11604688597392, 41.50119747432572], [-72.11656488615938, 41.501493474365944], [-72.11682788625565, 41.50168047439345], [-72.11699588631718, 41.50179947441094], [-72.11709788635454, 41.501872474421766], [-72.11770388656375, 41.50208547444299], [-72.11786488662115, 41.502173474454736], [-72.11806988669699, 41.50233247447875], [-72.11828888677582, 41.502464474497096], [-72.11829588677939, 41.50248647450114], [-72.11869788691882, 41.502639474517515], [-72.11901888702725, 41.50271047452066], [-72.11928888711942, 41.50278747452666], [-72.11971188726214, 41.50288047453072], [-72.12005488737452, 41.50289647452253], [-72.12059488754892, 41.50288047450162], [-72.12079988761323, 41.502841474487326], [-72.12107688769673, 41.50273147445692], [-72.12118588772479, 41.5026054744289], [-72.12130288775059, 41.502396474384604], [-72.12149388780168, 41.50220847434191], [-72.12168988785413, 41.50201747429846], [-72.1217768878789, 41.501957474283955], [-72.12189388791431, 41.50191347427164], [-72.12203988796082, 41.50189747426372], [-72.12238988807502, 41.5019074742541], [-72.12295188826293, 41.50200047425356], [-72.12305888829805, 41.50200647425123], [-72.12325188836138, 41.502017474246976], [-72.1237108885107, 41.502022474232795], [-72.12383488855257, 41.502049474234], [-72.12409088864304, 41.5021754742499], [-72.12428088871083, 41.502280474263976], [-72.12452188879003, 41.50229647425917], [-72.12473388886335, 41.50237347426706], [-72.12493088892828, 41.50238947426366], [-72.12500888895497, 41.502412474265554], [-72.12507388897735, 41.50243447426767], [-72.12536588907923, 41.502555474281436], [-72.12540288909541, 41.50262747429416], [-72.12539788909969, 41.50272847431389], [-72.12539488910241, 41.5027914743262], [-72.12541688911439, 41.5028744743415], [-72.12552588915266, 41.502923474347405], [-72.12585488926202, 41.502967474345056], [-72.12641688945477, 41.50314347436062], [-72.12668688954088, 41.5031164743465], [-72.12700788965053, 41.50320947435392], [-72.12722688972201, 41.50321547434784], [-72.12732888975287, 41.50317647433698], [-72.1275988898345, 41.50307247430789], [-72.12829289005315, 41.502957474262786], [-72.12855589013692, 41.50293047424889], [-72.12879589021617, 41.50295247424523], [-72.12884689023242, 41.50294747424253], [-72.12892789026003, 41.502969474244125], [-72.1291688903443, 41.50307347425633], [-72.12937989042214, 41.503232474280146], [-72.12951889047083, 41.50329347428739], [-72.12986889057844, 41.50318947425569], [-72.1300958906438, 41.503046474220554], [-72.13029289069816, 41.50288247418233], [-72.13043089073813, 41.502799474161684], [-72.13073089083271, 41.50275047414231], [-72.13126389100931, 41.50281147413651], [-72.13189089121326, 41.502817474117045], [-72.13215389129674, 41.502784474101944], [-72.13270389146744, 41.50264947405767], [-72.13271589147125, 41.50264747405691], [-72.13293489154046, 41.5026144740433], [-72.13321989163524, 41.502653474041416], [-72.13359189176597, 41.502823474062076], [-72.13431389202954, 41.50332247413486], [-72.1344378920727, 41.50337247414045], [-72.13468589216056, 41.503498474156665], [-72.13480289220053, 41.50353147415919], [-72.13503689228227, 41.50363047417066], [-72.1350978923073, 41.50371947418587], [-72.13512389231788, 41.503756474192166], [-72.13533489239724, 41.503942474221226], [-72.1354168924281, 41.504014474232456], [-72.1356488925153, 41.50421847426428], [-72.13612989270901, 41.50486047437265], [-72.13619589273135, 41.50487647437359], [-72.1364418928099, 41.50485447436122], [-72.13650289282944, 41.50484947435826], [-72.13663389287906, 41.50497047437734], [-72.13671389290569, 41.50498147437685], [-72.137276893076, 41.504767474316836], [-72.1378678932609, 41.50464747427412], [-72.13877289354676, 41.50451047421776], [-72.14014489398525, 41.504390474149275], [-72.14057389411434, 41.504215474101244], [-72.14060489412367, 41.50420347409787], [-72.14085389420197, 41.50415947408114], [-72.1411818943079, 41.5041494740684], [-72.14156889443771, 41.50422047406937], [-72.14165589446466, 41.504198474062235], [-72.14190989454602, 41.504179474050176], [-72.14195589456072, 41.50417547404788], [-72.1419838945702, 41.504181474048124], [-72.14201389457934, 41.504171474045215], [-72.1422188946463, 41.50417847403978], [-72.14245189472253, 41.50418847403407], [-72.14262689478252, 41.50424247403873], [-72.14291889488072, 41.504300474040335], [-72.14293389488579, 41.504303474040405], [-72.14314289495813, 41.504380474048396], [-72.14342289505515, 41.5044844740593], [-72.14375789517315, 41.504643474079025], [-72.1438438952049, 41.50470847408879], [-72.14388989522182, 41.504742474093824], [-72.14404989528754, 41.504978474134255], [-72.14418089533267, 41.50502247413844], [-72.14476489552392, 41.50505047412457], [-72.14503489561639, 41.50513247413157], [-72.14540789574873, 41.505324474156374], [-72.14557489580585, 41.50537447416054], [-72.14596089593537, 41.50544647416173], [-72.14612989599215, 41.50547847416238], [-72.14652389613099, 41.505665474185555], [-72.14668489618646, 41.505720474190916], [-72.14679389622314, 41.50574247419159], [-72.14698389628488, 41.50574247418532], [-72.14766289649896, 41.505633474141796], [-72.1477868965395, 41.50563847413865], [-72.1479838966089, 41.50573147415014], [-72.14804989663519, 41.505814474164055], [-72.14813689666666, 41.5058694741718], [-72.14855989681045, 41.505979474179135], [-72.14888889691724, 41.505979474168264], [-72.14902789696428, 41.50601247417013], [-72.14926789705859, 41.50629247421635], [-72.14940689711108, 41.50641847423618], [-72.14959689717693, 41.50648947424364], [-72.14991789728307, 41.5065224742394], [-72.1499618972961, 41.5065004742337], [-72.15030489740494, 41.50645747421405], [-72.15040689743937, 41.506479474214935], [-72.15067689753278, 41.506577474225026], [-72.15075689755842, 41.50657247422138], [-72.1508888976, 41.50655047421276], [-72.15107089765908, 41.50655047420675], [-72.15121689771196, 41.506643474219985], [-72.15145789780782, 41.50694547427045], [-72.15160389786104, 41.507044474284776], [-72.15233389810733, 41.507203474291444], [-72.1526328982038, 41.50719247427947], [-72.15290289828927, 41.507154474263174], [-72.15321689839158, 41.507160474254015], [-72.15337689844479, 41.50718247425301], [-72.1535518985107, 41.50733847427737], [-72.1536148985311, 41.507337474275104], [-72.1537548985765, 41.507336474270275], [-72.15401189866003, 41.507337474261995], [-72.15453589883127, 41.50735647424838], [-72.15613089935502, 41.50745647421509], [-72.15649889947552, 41.507474474206454], [-72.1565848995037, 41.507478474204355], [-72.15767289985911, 41.50751547417557], [-72.15824290004451, 41.50752047415776], [-72.15827590005526, 41.50752147415686], [-72.15874190020583, 41.50750847413894], [-72.15913490033147, 41.507475474119595], [-72.15973390052139, 41.507396474084494], [-72.16028790069589, 41.507304474048404], [-72.16068390082053, 41.507237474022354], [-72.16153990108975, 41.50708847396522], [-72.16329290164245, 41.50680647385278], [-72.16366690175877, 41.50671847382339], [-72.16398190185386, 41.50659547378914], [-72.16415790190598, 41.50650947376674], [-72.16430790194966, 41.50642447374534], [-72.16449090200155, 41.5062954737143], [-72.16464290204355, 41.50616947368491], [-72.16487190210158, 41.505890473623325], [-72.16490290210858, 41.50583747361206], [-72.16481090207759, 41.50581847361143], [-72.16466590202758, 41.505768473606544], [-72.1644979019695, 41.50570747360027], [-72.16439190193196, 41.50565447359352], [-72.16426890188637, 41.50555847357897], [-72.1638419017219, 41.50511647350756], [-72.16364690164426, 41.50487047346639], [-72.1634459015639, 41.50461247342307], [-72.16338390153996, 41.504547473412586], [-72.16333090152057, 41.504509473406955], [-72.16327790150156, 41.50447947340292], [-72.16313990145454, 41.504441473400114], [-72.1623889012018, 41.50428847339528], [-72.16225990115825, 41.50426047339414], [-72.16143790088222, 41.504103473390884], [-72.1611389007806, 41.504026473385814], [-72.1610019007335, 41.50398147338165], [-72.15992790036209, 41.50359247334182], [-72.15958390024188, 41.50344747332515], [-72.15945990019809, 41.50338647331743], [-72.15941390018159, 41.50335947331373], [-72.15926590012836, 41.50327147330156], [-72.1591669000925, 41.503207473292456], [-72.15901790003855, 41.503112473278996], [-72.15886889998401, 41.50300647326337], [-72.1588068999609, 41.50295547325557], [-72.15871889992724, 41.50286847324162], [-72.15847889983212, 41.50257447319263], [-72.15823289973687, 41.50231147314984], [-72.15816589970957, 41.50221647313367], [-72.15810889968584, 41.50212647311814], [-72.15806189966625, 41.50205247310539], [-72.15804789966069, 41.502035473102545], [-72.15794589962002, 41.50190547308073], [-72.15787789959403, 41.50183847307], [-72.15772689953768, 41.50171347305082], [-72.15767389951826, 41.50167547304521], [-72.15760089949148, 41.501623473037554], [-72.1573618994051, 41.501472473016214], [-72.15726789937062, 41.50140547300633], [-72.15720289934595, 41.50134347299648], [-72.15711189931021, 41.50123747297899], [-72.15695789924642, 41.50100147293837], [-72.15689789922014, 41.50088547291791], [-72.15685189919773, 41.50075747289464], [-72.15682089918015, 41.500628472870666], [-72.15680989917112, 41.50053547285304], [-72.15679389915037, 41.500269472802124], [-72.15678289914345, 41.50021147279123], [-72.15676389913305, 41.500139472777946], [-72.15674289912337, 41.50009047276915], [-72.15671989911293, 41.50003947275999], [-72.15646189900961, 41.499704472703655], [-72.15639489898366, 41.49963247269194], [-72.15625089892636, 41.499452472661844], [-72.1560978988658, 41.49926547263073], [-72.15605189884813, 41.49921947262334], [-72.15591089879541, 41.49910047260496], [-72.15568189870864, 41.498887472571276], [-72.1555958986752, 41.49879347255593], [-72.15551889864405, 41.49868747253791], [-72.15545489861684, 41.49857747251872], [-72.1553758985786, 41.49836247247974], [-72.1553258985522, 41.498188472447715], [-72.15530689854013, 41.49808747242881], [-72.15530389853386, 41.49799647241128], [-72.15532189853539, 41.497922472396326], [-72.15534389854021, 41.49788247238786], [-72.15539289855353, 41.49783847237776], [-72.15545489857163, 41.49780347236892], [-72.15554489859899, 41.49777147235978], [-72.15564089862897, 41.497751472352725], [-72.15574189866132, 41.49774347234782], [-72.15594689872846, 41.49775347234302], [-72.15616989880222, 41.49777647234011], [-72.15656889893603, 41.49785047234124], [-72.15689689904663, 41.49792047234396], [-72.15712189912215, 41.497962472344675], [-72.15725489916585, 41.497971472342], [-72.15735089919747, 41.497979472340404], [-72.15750689924808, 41.49797847233506], [-72.15760789928076, 41.497976472331366], [-72.15769289930704, 41.4979544723243], [-72.15777689933275, 41.49792747231625], [-72.15788589936497, 41.49787347230222], [-72.1579758993899, 41.49779947228494], [-72.15807089941511, 41.49770347226322], [-72.15814989943506, 41.49760547224162], [-72.15817989944262, 41.49756847223348], [-72.15831289947454, 41.49737547219171], [-72.15839589949239, 41.49721947215877], [-72.15840989949375, 41.49716547214789], [-72.15839589948469, 41.49708747213322], [-72.15834689946347, 41.49699747211741], [-72.1582908994413, 41.496928472105914], [-72.15804689934443, 41.49662647205552], [-72.15795089930457, 41.496477472029824], [-72.15787289927064, 41.496330472003955], [-72.15784389925469, 41.49621847198324], [-72.15775589918927, 41.49558747186398], [-72.15774789918358, 41.49553447185395], [-72.15771989917062, 41.49546747184189], [-72.15736389901699, 41.494816471727624], [-72.15730989899365, 41.49471747171025], [-72.15713889892133, 41.494429471660126], [-72.15697189885009, 41.4941384716093], [-72.15694789883979, 41.494095471601746], [-72.15681789878508, 41.49388147156465], [-72.15673889874819, 41.493688471529865], [-72.15668289871672, 41.49346047148758], [-72.15662989868419, 41.49319847143858], [-72.15660089865908, 41.492929471387505], [-72.15658589865033, 41.492863471375216], [-72.15653289862684, 41.49275547135605], [-72.1564788986056, 41.49269247134561], [-72.15636589856122, 41.492560471323785], [-72.15628289852701, 41.49243547130235], [-72.15614489847293, 41.492276471276135], [-72.15588489837319, 41.49201447123396], [-72.15580589834214, 41.491921471218575], [-72.15554189823598, 41.4915714711595], [-72.15550289821951, 41.491506471148185], [-72.15544689819396, 41.491379471125484], [-72.15535689814494, 41.49104047106283], [-72.15528689810897, 41.490814471021366], [-72.15522789808279, 41.49069347099986], [-72.15516189805692, 41.490617470987345], [-72.15479589792061, 41.4903174709413], [-72.15474889790144, 41.49025047092993], [-72.15472389788626, 41.49013047090748], [-72.15472289785798, 41.489651470814785], [-72.15475589785389, 41.48939747076452], [-72.15479789785626, 41.48920447072575], [-72.15480789784326, 41.48892647067161], [-72.15481589784227, 41.48886447065932], [-72.15482489783912, 41.488760470638866], [-72.15483089783491, 41.488655470618376], [-72.1548598978327, 41.48845547057868], [-72.1548848978353, 41.48836147055965], [-72.15491789784163, 41.488286470544004], [-72.15501889786381, 41.48810447050545], [-72.15508889788035, 41.487998470482594], [-72.15549689798326, 41.48749247037117], [-72.15559789800751, 41.4873464703396], [-72.15571789803636, 41.48717247030193], [-72.15576789804742, 41.487084470283236], [-72.15582689805849, 41.486946470254566], [-72.15593589807474, 41.486618470187445], [-72.15600389808672, 41.48644547015173], [-72.15607989810267, 41.48629547012016], [-72.15610989810976, 41.48625047011045], [-72.1561808981269, 41.48614947008853], [-72.1563218981638, 41.48599747005448], [-72.1568818983138, 41.485452469930394], [-72.1571968983993, 41.48516546986448], [-72.15727389842111, 41.48511046985125], [-72.15744389847072, 41.485015469827246], [-72.1575478985023, 41.484977469816464], [-72.15772289855632, 41.48492946980139], [-72.15799089863977, 41.48486846978072], [-72.15818889870013, 41.48480246976145], [-72.15827289872486, 41.484758469750155], [-72.15835189874763, 41.484708469737804], [-72.15845989877774, 41.48462446971803], [-72.15855489880319, 41.484531469696826], [-72.15863489882364, 41.48443746967598], [-72.15870589884096, 41.484339469654685], [-72.15887889887992, 41.48404446959186], [-72.15902989891401, 41.48378846953726], [-72.15930189897627, 41.483342469441965], [-72.15952089902812, 41.48301246937081], [-72.15953389903113, 41.4829924693665], [-72.15956689903928, 41.482947469356695], [-72.15970989907464, 41.4827584693154], [-72.15976589908963, 41.48270446930305], [-72.1596998990664, 41.48267246929906], [-72.15950289899693, 41.48257846928736], [-72.15943789897402, 41.48254746928348], [-72.15916089887642, 41.4824154692671], [-72.15902189882691, 41.482341469257335], [-72.1588678987708, 41.482235469241914], [-72.15864789869049, 41.48208346921972], [-72.15847189862664, 41.481968469203274], [-72.15836189858736, 41.481907469195065], [-72.15801289846394, 41.48173346917288], [-72.15787989841726, 41.48167346916569], [-72.15774589837032, 41.48161446915866], [-72.15746389827197, 41.4814984691455], [-72.15653289794864, 41.48113646910611], [-72.15483889735906, 41.480456469030344], [-72.1528888966814, 41.4796914689465], [-72.15280689665288, 41.47965946894299], [-72.1521698964307, 41.47939546891285], [-72.15176089628862, 41.47923546889537], [-72.15138689615809, 41.47907946887748], [-72.15122689610324, 41.47902946887307], [-72.15130589611812, 41.47884446883465], [-72.15134089612495, 41.478767468818546], [-72.1515258961619, 41.47837146873579], [-72.15171489620148, 41.47799746865708], [-72.15179089621748, 41.477849468625955], [-72.15184889623035, 41.47774646860407], [-72.15224489631827, 41.47705046845618], [-72.15244189635972, 41.47666446837492], [-72.15261689639081, 41.47622346828372], [-72.1527108964076, 41.47598846823511], [-72.15276989641677, 41.47581646819983], [-72.15333189650318, 41.47417046786246], [-72.15346389652667, 41.473838467793826], [-72.15355989654621, 41.47363946775209], [-72.15364389656698, 41.47352746772765], [-72.1537168965875, 41.47347346771475], [-72.15379889661124, 41.47342446770254], [-72.15391889664689, 41.47336746768758], [-72.15417589672462, 41.47327046766028], [-72.15455889683967, 41.47311146761684], [-72.15482289691771, 41.47297946758256], [-72.1552218970333, 41.472740467523124], [-72.15561489714638, 41.472492467462125], [-72.15584989721405, 41.47234446742568], [-72.15614289729906, 41.472171467382545], [-72.15669789745826, 41.47181246729468], [-72.15684389749926, 41.471702467268564], [-72.15695389752902, 41.471600467245125], [-72.15698589753407, 41.47150946722645], [-72.15700989753509, 41.4713934672032], [-72.1570138975288, 41.47126346717787], [-72.15699989751222, 41.47105646713823], [-72.15690989745762, 41.47062146705696], [-72.15688989744729, 41.47055546704483], [-72.15684989742631, 41.47041846701962], [-72.1567648973864, 41.470207466981506], [-72.15654889728873, 41.469734466897], [-72.1564998972624, 41.46955646686412], [-72.15648989725392, 41.46946646684702], [-72.15649989725021, 41.46934746682364], [-72.15655189725331, 41.46911046677605], [-72.1567388972783, 41.468498466651276], [-72.156858897291, 41.46804846656013], [-72.15689689728767, 41.46777946650674], [-72.1569048972872, 41.46772746649644], [-72.15690589727966, 41.46759246647025], [-72.15688689726322, 41.46741546643657], [-72.15687389725099, 41.46727846641047], [-72.1568698972459, 41.46721346639801], [-72.15686689723502, 41.46704346636519], [-72.15690489723747, 41.46687446633118], [-72.15693189724337, 41.46682446632062], [-72.1569468972465, 41.4667954663145], [-72.15703489726872, 41.46668646629049], [-72.15712789729459, 41.46661246627309], [-72.15721089731781, 41.46654846625795], [-72.15740289737356, 41.46643646622991], [-72.15774789747744, 41.46629646619141], [-72.15790889752594, 41.46623246617369], [-72.15817989760774, 41.46612646614421], [-72.15824889762818, 41.46609346613557], [-72.15843489768183, 41.465978466107096], [-72.15844389768434, 41.46597046610527], [-72.15850389770097, 41.46592246609399], [-72.15853589770988, 41.46589646608791], [-72.1586238977332, 41.46580646606758], [-72.15867789774622, 41.46572946605084], [-72.15873589776038, 41.465649466033454], [-72.15877089776698, 41.46556846601658], [-72.15880489776815, 41.46539846598256], [-72.1588138977605, 41.4652174659472], [-72.15878989774157, 41.465026465910945], [-72.1587728977333, 41.4649794659024], [-72.15873789771595, 41.46487646588364], [-72.15867289768687, 41.46473946585919], [-72.15854189763397, 41.46456146582907], [-72.1584588976006, 41.464451465810484], [-72.15817189748526, 41.46407046574615], [-72.15799189741367, 41.46384446570828], [-72.15781589734704, 41.46368146568246], [-72.15776089732687, 41.463642465676784], [-72.15772889731522, 41.46362046567356], [-72.15758989726562, 41.46354346566319], [-72.15744389721453, 41.46348046565579], [-72.1576458972737, 41.46337046562786], [-72.15802589738706, 41.46319946558217], [-72.15803989739133, 41.46319446558074], [-72.15905089769502, 41.46277446546601], [-72.1593998977988, 41.46261246542312], [-72.15977689790958, 41.462413465372116], [-72.1597948979148, 41.46240246536941], [-72.15995289796082, 41.462312465346756], [-72.16030989806255, 41.46206946528789], [-72.16033689807013, 41.462049465283116], [-72.16037089807979, 41.462026465277525], [-72.16047289810878, 41.46195546526043], [-72.16050789811878, 41.46193246525481], [-72.1605998981445, 41.46186146523803], [-72.160927898236, 41.46160446517737], [-72.16218889858801, 41.46062246494554], [-72.16259489870136, 41.460306464870904], [-72.16260989870561, 41.46029546486825], [-72.16280589876132, 41.46016046483562], [-72.16291289879231, 41.460096464819685], [-72.16307689883993, 41.46000046479568], [-72.16387889907676, 41.45959746469112], [-72.16421989918024, 41.45947446465607], [-72.16427589921163, 41.45970046469802], [-72.16433089924146, 41.45990646473609], [-72.16450389933543, 41.46055446485598], [-72.1647038994317, 41.46109246495357], [-72.16474689945062, 41.46117746496863], [-72.16475989945627, 41.46120246497306], [-72.16497089954264, 41.46150846502539], [-72.16500189955477, 41.461544465031366], [-72.1651828996257, 41.46175346506587], [-72.16519189962918, 41.4617634650675], [-72.16542289971628, 41.461970465099974], [-72.16548989974046, 41.46201246510591], [-72.16550489974583, 41.462021465107185], [-72.16576589983539, 41.46210446511462], [-72.16590189988007, 41.46211346511191], [-72.16617889997107, 41.46213246510645], [-72.16631290001496, 41.462139465103384], [-72.16647790006908, 41.462148465099645], [-72.16671790014756, 41.46215946509389], [-72.16685390019212, 41.46216646509074], [-72.16718290029829, 41.46215546507777], [-72.16727890032925, 41.46215246507403], [-72.16783990050642, 41.46206846503924], [-72.16816190060807, 41.462019465019125], [-72.1684879007111, 41.46197146499902], [-72.16850290071022, 41.46187346497953], [-72.16850790070845, 41.46181446496799], [-72.16856190072065, 41.46172346494853], [-72.16862090073701, 41.46167546493729], [-72.1687009007601, 41.46162646492516], [-72.16874390077282, 41.46160546491967], [-72.1688139007946, 41.46158946491429], [-72.16888890081869, 41.461584464910786], [-72.16896390084237, 41.46157346490623], [-72.16917290091018, 41.46157346489934], [-72.17082490146203, 41.46184146489674], [-72.17112490156312, 41.46190546489925], [-72.17151090169338, 41.46199146490312], [-72.17172590176568, 41.46203446490437], [-72.1719729018468, 41.462050464899335], [-72.17219190191912, 41.46207246489636], [-72.1723689019778, 41.4620934648946], [-72.17348490233844, 41.462066464852526], [-72.17411190253793, 41.46199746481848], [-72.17448190265699, 41.461980464802956], [-72.17478290275501, 41.461986464794165], [-72.17498090281958, 41.46199146478857], [-72.17560390302395, 41.46202846477521], [-72.1758059030937, 41.46210046478248], [-72.1759179031317, 41.462128464784186], [-72.17593090313606, 41.46213146478439], [-72.17602890316942, 41.46215746478617], [-72.17622290323392, 41.462184464785], [-72.17677490341602, 41.46223446477645], [-72.17707690351634, 41.46227446477423], [-72.17725790357707, 41.46230846477482], [-72.17775490374567, 41.46243346478264], [-72.17792190380169, 41.46246446478313], [-72.17812790387012, 41.462491464781586], [-72.17833790393925, 41.46250846477793], [-72.17838290395413, 41.46251346477746], [-72.17859590402455, 41.46253446477442], [-72.178890904122, 41.462564464770544], [-72.17912490419928, 41.462587464767275], [-72.1794239042973, 41.462603464760505], [-72.17955590434056, 41.462611464757686], [-72.17975090440392, 41.462612464751444], [-72.18017590454052, 41.46258946473296], [-72.18053790465852, 41.46259846472271], [-72.18118190487081, 41.46265446471232], [-72.18176390506375, 41.46272446470666], [-72.18190990511162, 41.462732464703365], [-72.18210890517688, 41.462743464698974], [-72.18225290522298, 41.46273346469223], [-72.18239690526859, 41.4627134646836], [-72.18260790533442, 41.462668464667914], [-72.18272990537196, 41.46263346465714], [-72.18559290627384, 41.46216546447189], [-72.18856690723533, 41.46210246436145], [-72.1886069072482, 41.46210146435994], [-72.1893899075014, 41.462085464331004], [-72.19130590811548, 41.461953464242136], [-72.19152990818766, 41.46194446423294], [-72.19166690823276, 41.461955464230584], [-72.19176590826585, 41.46197146423037], [-72.19203790835681, 41.46201746423035], [-72.19241690848501, 41.46210646423503], [-72.19245290849712, 41.46211446423543], [-72.19290190865009, 41.462238464244585], [-72.19310690872126, 41.462318464253336], [-72.19352690886903, 41.46251446427745], [-72.19368690892529, 41.46258846428649], [-72.19404390904914, 41.46272546430122], [-72.19467790926686, 41.462930464319975], [-72.19530190948065, 41.46312346433676], [-72.19587390967665, 41.463301464352355], [-72.19760791027255, 41.46386946440508], [-72.19783191034846, 41.46392446440832], [-72.19794891038754, 41.463943464408146], [-72.19816391045785, 41.463952464402745], [-72.19825491048681, 41.46394246439783], [-72.1983069105033, 41.463936464394955], [-72.19844691054698, 41.46390646438449], [-72.19856391058283, 41.463869464373495], [-72.19916291076356, 41.46363646430853], [-72.19948291086075, 41.46352146427567], [-72.19985691097573, 41.46341246424218], [-72.20003691103197, 41.46337546422912], [-72.2002369110952, 41.4633464642169], [-72.20064191122435, 41.463307464195935], [-72.20071591124776, 41.46329746419153], [-72.2015749115201, 41.46318746414182], [-72.20257891183797, 41.46305146408228], [-72.20258591182535, 41.462796464032664], [-72.20263791181692, 41.46236246394689], [-72.20268291182094, 41.46218146391032], [-72.20271891182728, 41.462090463891506], [-72.20275391183509, 41.46202946387853], [-72.20288091186605, 41.46185446384042], [-72.20300891189154, 41.461579463782925], [-72.2030779119034, 41.461399463745764], [-72.20321691192405, 41.460980463659965], [-72.20323291192672, 41.460937463651156], [-72.2035169119772, 41.46022346350344], [-72.20359791198915, 41.45997846345328], [-72.20364991198784, 41.4596664633911], [-72.20374091197006, 41.45885646323116], [-72.20383791196215, 41.45818246309736]]], "crs": null}, "id": 424, "type": "Feature", "properties": {"category": "coal_closure", "name": "Census Tract 6952.01", "county": "New London County", "adjacent": "Yes", "geoid": "09011695201"}}, {"geometry": {"type": "Polygon", "coordinates": [[[-73.18616021344532, 41.183028376616754], [-73.18625721346912, 41.182904376589306], [-73.18575421327891, 41.18243837651602], [-73.18575921327692, 41.18237837650419], [-73.18597121321145, 41.18015137606408], [-73.18603721319086, 41.179454375926355], [-73.18604221318981, 41.17940937591743], [-73.18567521295083, 41.17740237553992], [-73.18553821288928, 41.17711337548844], [-73.18425721231345, 41.17440437500581], [-73.18349621203079, 41.17378437491136], [-73.18121621118387, 41.17192437462798], [-73.18045621090154, 41.171304374533484], [-73.17968321071754, 41.17239137477128], [-73.17736821016686, 41.175653375484764], [-73.17659620998323, 41.17674137572275], [-73.17656620997647, 41.17678937573312], [-73.17642020994413, 41.177035375785934], [-73.17589420982777, 41.177922375976365], [-73.17582520981298, 41.178046376002854], [-73.17579520980662, 41.17810237601474], [-73.17573420979426, 41.17822337604039], [-73.17571320979032, 41.17827037605025], [-73.17540820972242, 41.17877837615941], [-73.17532320970354, 41.178920376189915], [-73.17407220942549, 41.18100837663866], [-73.1736562093331, 41.181704376788204], [-73.17318020922283, 41.18242437694446], [-73.17175620889338, 41.18458537741326], [-73.17128220878382, 41.18530637756964], [-73.17126720878268, 41.185368377582215], [-73.17125320878203, 41.18543237759514], [-73.17116620875957, 41.18552537761619], [-73.17112320874853, 41.185572377626784], [-73.17110220874301, 41.185593377631605], [-73.17107920873714, 41.18561937763743], [-73.17107220873815, 41.18567337764816], [-73.17106920873894, 41.1857033776541], [-73.17186820899931, 41.185747377635266], [-73.174267209781, 41.18587937757871], [-73.17506721004169, 41.18592437756002], [-73.1752322100953, 41.18593137755569], [-73.17572921025686, 41.18595237754274], [-73.17589521031091, 41.185960377538585], [-73.17634721045657, 41.1859583775227], [-73.17770321089364, 41.18595437747545], [-73.17815621103969, 41.18595337745972], [-73.17869421121189, 41.18593137743699], [-73.17905321132683, 41.185917377421944], [-73.1803052117232, 41.185793377354926], [-73.18084221189321, 41.18574037732619], [-73.18121321200904, 41.18567737730125], [-73.18233021235802, 41.18548937722636], [-73.18270221247424, 41.185427377201535], [-73.18306021258273, 41.185311377166755], [-73.18404021287988, 41.1849963770719], [-73.18413221290709, 41.184955377060824], [-73.1844772130092, 41.18480337701945], [-73.18449721301505, 41.18479337701678], [-73.18456021303356, 41.1847633770088], [-73.1845812130398, 41.18475437700636], [-73.18521721320874, 41.184152376867544], [-73.18577521335109, 41.18352637672674], [-73.18587121337451, 41.18340137669918], [-73.18616021344532, 41.183028376616754]]], "crs": null}, "id": 419, "type": "Feature", "properties": {"category": "coal_closure", "name": "Census Tract 740", "county": "Fairfield County", "adjacent": "Yes", "geoid": "09001074000"}}, {"geometry": {"type": "Polygon", "coordinates": [[[-73.22163722244697, 41.14246436751266], [-73.22165822244415, 41.14230436748082], [-73.22156922239415, 41.14194936741481], [-73.22118522217824, 41.1404153671296], [-73.22105822210665, 41.13990436703458], [-73.21412121999883, 41.142041367688265], [-73.20807921816291, 41.14390436825795], [-73.19331121367509, 41.148456369649786], [-73.1863752115672, 41.150595370303584], [-73.18507121117086, 41.15099737042649], [-73.18115920998189, 41.15220237079495], [-73.17985620958592, 41.152605370917975], [-73.17944320953568, 41.15398837120109], [-73.17820320938493, 41.15814037205113], [-73.17779120933514, 41.15952437233437], [-73.17763120931554, 41.16005737244351], [-73.17715320925754, 41.1616593727714], [-73.17699420923832, 41.16219337288073], [-73.17806920962968, 41.16293937298893], [-73.18129421080397, 41.165177373313526], [-73.18193821103843, 41.16562437337838], [-73.18209721111977, 41.16612537347034], [-73.18212921113548, 41.16621437348655], [-73.18222521118244, 41.16648137353517], [-73.18225821119846, 41.166571373551534], [-73.18231121122759, 41.16677137358861], [-73.1823532112505, 41.1669273736175], [-73.18240321128764, 41.16727737368382], [-73.18241321129737, 41.167386373704666], [-73.18243421131658, 41.1675933737442], [-73.18252721135124, 41.16767137375619], [-73.18259821137647, 41.16770937376116], [-73.18266521140102, 41.167758373768386], [-73.18283521146212, 41.16786337378293], [-73.18293621149934, 41.16794037379447], [-73.18314221156322, 41.16789837377923], [-73.1833012116106, 41.167833373761134], [-73.18354821168029, 41.16766737372042], [-73.18368521171821, 41.16756337369548], [-73.18387421177319, 41.16746437366978], [-73.18395821179926, 41.16744737366358], [-73.18421221187822, 41.167398373645355], [-73.18429721190475, 41.16738337363951], [-73.1857582123546, 41.16702937352057], [-73.18557021225598, 41.166396373403956], [-73.1859742123834, 41.16634937338096], [-73.18642421252302, 41.16625837334785], [-73.18747421285228, 41.16610237328152], [-73.18764621290619, 41.16607637327057], [-73.18784421296832, 41.16604737325815], [-73.18816221306761, 41.16599337323673], [-73.18833421312134, 41.165965373225376], [-73.18811521301078, 41.165299373103394], [-73.18787721289173, 41.164595372974695], [-73.18834721303945, 41.164531372946115], [-73.18896521323418, 41.16445637291035], [-73.18939321336873, 41.164398372884385], [-73.18963221344364, 41.16436237286922], [-73.18982221350382, 41.1643443728592], [-73.18984421351078, 41.16434237285806], [-73.19010821359352, 41.164302372841206], [-73.19049321371327, 41.16422937281383], [-73.19068121378884, 41.16447737285559], [-73.19092721388748, 41.164800372909944], [-73.19125521401826, 41.165216372979614], [-73.19144921409561, 41.16546237302079], [-73.19164121417352, 41.165729373066135], [-73.19192921429043, 41.166129373133984], [-73.19220921440194, 41.166483373193216], [-73.19223821441355, 41.16652037319944], [-73.1924432144952, 41.166779373242726], [-73.19264021455213, 41.166669373214575], [-73.19281921460319, 41.16655837318685], [-73.19339421476742, 41.16620637309874], [-73.19355621481402, 41.16611237307491], [-73.19394521492613, 41.1658903730184], [-73.19402821495, 41.16584237300622], [-73.19432521503565, 41.16567437296335], [-73.19447221507791, 41.16558837294158], [-73.19491421520496, 41.165330372876284], [-73.19506221524755, 41.16524537285467], [-73.19520521530383, 41.16541537288284], [-73.19544221539724, 41.16569737292951], [-73.19562921547156, 41.165931372968615], [-73.19576921552725, 41.1661063729978], [-73.19584021554826, 41.166075372989354], [-73.19596121558426, 41.1660253729755], [-73.19620721565747, 41.1659233729472], [-73.1965302157518, 41.16576037290445], [-73.19671721580656, 41.16566737287995], [-73.19709821591925, 41.165498372834], [-73.19762721607364, 41.165229372763555], [-73.19784621615965, 41.165485372805854], [-73.19790021617975, 41.16553037281275], [-73.19795221619918, 41.16557437281952], [-73.19805221623773, 41.165679372836465], [-73.19810221625694, 41.165731372844895], [-73.19817121628328, 41.16579937285576], [-73.19825621631574, 41.16588337286913], [-73.19838121636305, 41.16599937288744], [-73.19845321639028, 41.16606637289801], [-73.19854721642683, 41.166170372914955], [-73.19883221653748, 41.166482372965845], [-73.19892721657436, 41.166586372982806], [-73.19918621667453, 41.16686437302797], [-73.19945121677627, 41.16713537307155], [-73.1996542168305, 41.166948373028255], [-73.19986421688726, 41.16676637298567], [-73.20017921697327, 41.166507372924485], [-73.20059221708617, 41.166169372844614], [-73.20100121719688, 41.16581737276213], [-73.20111921722943, 41.16572637274039], [-73.20144421731942, 41.16547937268122], [-73.20239921758294, 41.164740372504816], [-73.20372221794818, 41.16371937226087], [-73.20523121836021, 41.16247937196802], [-73.20590421854405, 41.161927371837635], [-73.20611121860007, 41.161749371795906], [-73.2061302186025, 41.161687371783195], [-73.20622121863538, 41.161746371791565], [-73.20630021866448, 41.16180737180066], [-73.20636421868747, 41.16184637180607], [-73.20662921875328, 41.161519371733434], [-73.20664321875451, 41.16146437172223], [-73.20682121880337, 41.16132337168871], [-73.20735821895136, 41.16090437158879], [-73.20753721900066, 41.16076437155545], [-73.2088152193516, 41.159747371313856], [-73.21125822002254, 41.15780437085224], [-73.21277022045358, 41.15686537061775], [-73.2141582208493, 41.15600437040269], [-73.21660522151461, 41.15394736991868], [-73.2166582215291, 41.15390436990849], [-73.2191582221548, 41.15090436923929], [-73.22088922239176, 41.14555936814036], [-73.22145822246982, 41.143804367779474], [-73.22163722244697, 41.14246436751266]]], "crs": null}, "id": 411, "type": "Feature", "properties": {"category": "coal_closure", "name": "Census Tract 704", "county": "Fairfield County", "adjacent": "Yes", "geoid": "09001070400"}}, {"geometry": {"type": "Polygon", "coordinates": [[[-73.19945121677627, 41.16713537307155], [-73.19918621667453, 41.16686437302797], [-73.19892721657436, 41.166586372982806], [-73.19883221653748, 41.166482372965845], [-73.19854721642683, 41.166170372914955], [-73.19845321639028, 41.16606637289801], [-73.19838121636305, 41.16599937288744], [-73.19825621631574, 41.16588337286913], [-73.19817121628328, 41.16579937285576], [-73.19810221625694, 41.165731372844895], [-73.19805221623773, 41.165679372836465], [-73.19795221619918, 41.16557437281952], [-73.19790021617975, 41.16553037281275], [-73.19784621615965, 41.165485372805854], [-73.19762721607364, 41.165229372763555], [-73.19709821591925, 41.165498372834], [-73.19671721580656, 41.16566737287995], [-73.1965302157518, 41.16576037290445], [-73.19620721565747, 41.1659233729472], [-73.19596121558426, 41.1660253729755], [-73.19584021554826, 41.166075372989354], [-73.19576921552725, 41.1661063729978], [-73.19562921547156, 41.165931372968615], [-73.19544221539724, 41.16569737292951], [-73.19520521530383, 41.16541537288284], [-73.19506221524755, 41.16524537285467], [-73.19491421520496, 41.165330372876284], [-73.19447221507791, 41.16558837294158], [-73.19432521503565, 41.16567437296335], [-73.19402821495, 41.16584237300622], [-73.19394521492613, 41.1658903730184], [-73.19355621481402, 41.16611237307491], [-73.19339421476742, 41.16620637309874], [-73.19281921460319, 41.16655837318685], [-73.19264021455213, 41.166669373214575], [-73.1924432144952, 41.166779373242726], [-73.19223821441355, 41.16652037319944], [-73.19220921440194, 41.166483373193216], [-73.19192921429043, 41.166129373133984], [-73.19164121417352, 41.165729373066135], [-73.19144921409561, 41.16546237302079], [-73.19125521401826, 41.165216372979614], [-73.19092721388748, 41.164800372909944], [-73.19068121378884, 41.16447737285559], [-73.19049321371327, 41.16422937281383], [-73.19010821359352, 41.164302372841206], [-73.18984421351078, 41.16434237285806], [-73.18982221350382, 41.1643443728592], [-73.18963221344364, 41.16436237286922], [-73.18939321336873, 41.164398372884385], [-73.18896521323418, 41.16445637291035], [-73.18834721303945, 41.164531372946115], [-73.18787721289173, 41.164595372974695], [-73.18811521301078, 41.165299373103394], [-73.18833421312134, 41.165965373225376], [-73.18816221306761, 41.16599337323673], [-73.18784421296832, 41.16604737325815], [-73.18764621290619, 41.16607637327057], [-73.18747421285228, 41.16610237328152], [-73.18762121291807, 41.16640837333598], [-73.18786221302581, 41.166909373425106], [-73.18789221303902, 41.1669673734354], [-73.18801621309326, 41.16720537347737], [-73.18807721311997, 41.16732237349802], [-73.18823521318906, 41.167624373551334], [-73.18835321324042, 41.16784637359047], [-73.1886432133668, 41.16839337368686], [-73.18871421339678, 41.16851137370735], [-73.18884621345232, 41.16872737374484], [-73.18896621350355, 41.168936373781335], [-73.18915521358429, 41.16926537383884], [-73.1893032136506, 41.169575373893984], [-73.18940821369756, 41.16979337393279], [-73.18942121370358, 41.16982337393815], [-73.18946221372224, 41.16991437395443], [-73.18947621372862, 41.16994537396002], [-73.18972121380475, 41.1698973739423], [-73.18987121385145, 41.16986937393167], [-73.19046421403785, 41.16978937389581], [-73.19071321411616, 41.169756373880816], [-73.19097921420025, 41.16972837386627], [-73.1917772144527, 41.16964737382318], [-73.19204421453722, 41.16962137380893], [-73.19251321468583, 41.169577373784335], [-73.19392421513291, 41.16944537371026], [-73.19439421528182, 41.16940237368578], [-73.19693121608746, 41.16919537355853], [-73.19700321611043, 41.16919137355523], [-73.19713521614537, 41.169064373526055], [-73.19727521618, 41.16888937348721], [-73.19829821646236, 41.16809837329835], [-73.19945121677627, 41.16713537307155]]], "crs": null}, "id": 412, "type": "Feature", "properties": {"category": "coal_closure", "name": "Census Tract 705", "county": "Fairfield County", "adjacent": "Yes", "geoid": "09001070500"}}, {"geometry": {"type": "Polygon", "coordinates": [[[-73.2108992212994, 41.18096937536757], [-73.21085922128412, 41.18093037536142], [-73.21077322125127, 41.180845375347836], [-73.21066822121114, 41.180741375331216], [-73.21045022112878, 41.18054037529963], [-73.21038722110515, 41.18048537529114], [-73.2102552210556, 41.18036937527313], [-73.21013322100985, 41.18026237525649], [-73.21002422096898, 41.180167375241794], [-73.20975322086933, 41.17996337521147], [-73.20962522082226, 41.17986737519721], [-73.20949922077504, 41.179758375180356], [-73.20927322069039, 41.17956237515], [-73.20912422063444, 41.17943037512945], [-73.20900122058812, 41.1793203751123], [-73.20886422053692, 41.179203375094275], [-73.20866222046143, 41.179031375067765], [-73.20845322038372, 41.17885937504154], [-73.20831522033242, 41.17874637502432], [-73.20801922022041, 41.178470374980805], [-73.20771622010726, 41.17821437494147], [-73.20702021984745, 41.177626374851094], [-73.20694221981819, 41.177557374840354], [-73.20668621972183, 41.17732837480465], [-73.20649421965201, 41.177196374785574], [-73.20611921953257, 41.1772213748033], [-73.20572921940749, 41.17723237481886], [-73.20566421933307, 41.176343374648276], [-73.20556321923999, 41.17533637445601], [-73.20552421919228, 41.174752374343825], [-73.20545021913031, 41.174118374223156], [-73.20552321915332, 41.17410937421892], [-73.20574221922243, 41.174084374206544], [-73.20581621924588, 41.1740773742026], [-73.20575621920973, 41.173798374150444], [-73.20568321916583, 41.17345937408705], [-73.20559821910841, 41.17296037399299], [-73.20555121907641, 41.172680373940146], [-73.20550721904965, 41.17247137390103], [-73.20545121901559, 41.172204373851066], [-73.20536821896722, 41.17184537378412], [-73.20532021893932, 41.17163837374554], [-73.20518821889915, 41.17167837375788], [-73.20494421882503, 41.171754373781006], [-73.20479621878016, 41.171802373795394], [-73.20466621874094, 41.17184637380843], [-73.20426521861931, 41.171974373847085], [-73.20371121845132, 41.172151373900505], [-73.20306121825391, 41.17235437396227], [-73.20266021813222, 41.172480374000486], [-73.20236721804322, 41.17257137402822], [-73.20189121789863, 41.17272037407354], [-73.20149321777828, 41.17285237411287], [-73.20120321769058, 41.17294937414167], [-73.20093721760992, 41.173034374167315], [-73.20048321747235, 41.1731813742115], [-73.20013821736714, 41.173281374242755], [-73.19987121728578, 41.173360374267304], [-73.1994772171658, 41.17347837430374], [-73.19886021697803, 41.17366437436106], [-73.1982962168061, 41.17382937441246], [-73.19790221668599, 41.173945374448564], [-73.19798421671996, 41.17407037447003], [-73.19823321682279, 41.1744453745344], [-73.19831621685715, 41.174571374556], [-73.19835621687366, 41.1746323745665], [-73.19841321689712, 41.17471637458089], [-73.19845421691312, 41.17476237458844], [-73.19849221692797, 41.17480637459567], [-73.19854021694687, 41.17486237460488], [-73.19861821697783, 41.1749593746211], [-73.19862821698192, 41.17497337462344], [-73.19872821702243, 41.17511137464684], [-73.19889021708663, 41.17531037467996], [-73.19898121712264, 41.17542137469842], [-73.19906121715441, 41.1755203747149], [-73.19915821719295, 41.17564137473512], [-73.19928721724581, 41.17582837476703], [-73.19936021727568, 41.17593437478514], [-73.19944321730736, 41.176015374798], [-73.19953721734427, 41.17612537481616], [-73.1995682173564, 41.176161374822115], [-73.19960421737008, 41.17619537482746], [-73.20007321754795, 41.176638374897486], [-73.20038221766553, 41.17693737494498], [-73.20064021776372, 41.17718637498452], [-73.20076321780954, 41.177289375000335], [-73.2008972178596, 41.177403375017896], [-73.20110621793829, 41.177590375047046], [-73.20112621794578, 41.17760837504988], [-73.20124621799101, 41.17771637506676], [-73.20135121803149, 41.17782737508473], [-73.20166721815364, 41.1781633751392], [-73.20177321819452, 41.17827537515733], [-73.20194521825962, 41.17843537518252], [-73.20217321834602, 41.17864937521625], [-73.20245221845266, 41.17892737526074], [-73.2026192185166, 41.17909437528744], [-73.20274021856227, 41.17920537530487], [-73.20310321869941, 41.179539375357336], [-73.2032252187455, 41.17965137537492], [-73.20339321880958, 41.179816375401195], [-73.20364821890682, 41.18006637544102], [-73.20390521900428, 41.18030837547926], [-73.20407821906983, 41.18047037550479], [-73.20437721918367, 41.180760375550896], [-73.20468921930191, 41.18105337559712], [-73.20583521974477, 41.18227237579467], [-73.2059062197717, 41.18233937580525], [-73.20601421981267, 41.1824413758214], [-73.20611721985216, 41.18254637583829], [-73.20618721987901, 41.182617375849674], [-73.2066892200704, 41.18310737592761], [-73.20724722023381, 41.18283337585522], [-73.20765922035311, 41.182607375797154], [-73.20787422041586, 41.18249837576858], [-73.20821722051605, 41.182325375723224], [-73.2085162206027, 41.182162375681244], [-73.20872922066452, 41.182048375651775], [-73.20899422074221, 41.18191937561765], [-73.20957222091184, 41.18164037554356], [-73.20978922097547, 41.18153537551574], [-73.20985522099488, 41.181504375507416], [-73.21005222105234, 41.18140337548104], [-73.21022122110159, 41.18131637545833], [-73.21072922124972, 41.18105537539014], [-73.2108992212994, 41.18096937536757]]], "crs": null}, "id": 415, "type": "Feature", "properties": {"category": "coal_closure", "name": "Census Tract 712", "county": "Fairfield County", "adjacent": "Yes", "geoid": "09001071200"}}, {"geometry": {"type": "Polygon", "coordinates": [[[-73.20618721987901, 41.182617375849674], [-73.20611721985216, 41.18254637583829], [-73.20601421981267, 41.1824413758214], [-73.2059062197717, 41.18233937580525], [-73.20583521974477, 41.18227237579467], [-73.20468921930191, 41.18105337559712], [-73.20437721918367, 41.180760375550896], [-73.20407821906983, 41.18047037550479], [-73.20390521900428, 41.18030837547926], [-73.20364821890682, 41.18006637544102], [-73.20339321880958, 41.179816375401195], [-73.2032252187455, 41.17965137537492], [-73.20310321869941, 41.179539375357336], [-73.20274021856227, 41.17920537530487], [-73.2026192185166, 41.17909437528744], [-73.20245221845266, 41.17892737526074], [-73.20217321834602, 41.17864937521625], [-73.20194521825962, 41.17843537518252], [-73.20177321819452, 41.17827537515733], [-73.20166721815364, 41.1781633751392], [-73.20135121803149, 41.17782737508473], [-73.20124621799101, 41.17771637506676], [-73.20112621794578, 41.17760837504988], [-73.20110621793829, 41.177590375047046], [-73.2008972178596, 41.177403375017896], [-73.20076321780954, 41.177289375000335], [-73.20064021776372, 41.17718637498452], [-73.20038221766553, 41.17693737494498], [-73.20007321754795, 41.176638374897486], [-73.19960421737008, 41.17619537482746], [-73.1995682173564, 41.176161374822115], [-73.19953721734427, 41.17612537481616], [-73.19944321730736, 41.176015374798], [-73.19936021727568, 41.17593437478514], [-73.19928721724581, 41.17582837476703], [-73.19915821719295, 41.17564137473512], [-73.19906121715441, 41.1755203747149], [-73.19898121712264, 41.17542137469842], [-73.19888021709528, 41.17550737471861], [-73.19874921706149, 41.17564837475049], [-73.19872921705641, 41.17567137475565], [-73.19847921699449, 41.17598237482469], [-73.1982362169368, 41.176326374899865], [-73.1981522169153, 41.17641937492082], [-73.19805921689162, 41.176524374944435], [-73.19794521686359, 41.17666937497658], [-73.19784821683888, 41.176778375001035], [-73.19755821676495, 41.17710437507437], [-73.1974622167406, 41.17721437509906], [-73.1973792167193, 41.177305375119595], [-73.19724421668485, 41.17745637515353], [-73.197137216658, 41.17758437518211], [-73.19705921663859, 41.17767937520323], [-73.19690321659616, 41.17781037523405], [-73.19665021652897, 41.17804937528922], [-73.19644421647324, 41.178227375330884], [-73.19605821637012, 41.17858337541332], [-73.19581721630813, 41.17884437547229], [-73.19569021628068, 41.17906937552037], [-73.19558721625813, 41.17924737555851], [-73.1955422162474, 41.17931037557231], [-73.19547621623205, 41.1794083755936], [-73.19536821621142, 41.179644375643214], [-73.19524621618237, 41.17981637568077], [-73.195113216153, 41.18004137572908], [-73.19508521614688, 41.18008937573936], [-73.19499521613041, 41.18029837578311], [-73.19515921618556, 41.180336375784826], [-73.19539721626607, 41.18039837578873], [-73.19551321630479, 41.18042037578903], [-73.19621721653985, 41.18055437579092], [-73.19699321680042, 41.180725375797536], [-73.19707821682898, 41.18074437579826], [-73.19725321688789, 41.18078637580043], [-73.1976002170038, 41.18085237580136], [-73.19800021713922, 41.18095937580844], [-73.19825721722593, 41.18102337581207], [-73.19851921731376, 41.18107837581373], [-73.19902121748427, 41.181222375824525], [-73.19957421767178, 41.18137437583505], [-73.19961721768613, 41.181383375835345], [-73.20014121786267, 41.18150837584163], [-73.20056221800482, 41.181615375848], [-73.20061521802236, 41.18162237584751], [-73.20109421818415, 41.18174437585482], [-73.20164521836854, 41.18185537585749], [-73.20217921854666, 41.181954375858375], [-73.2027042187211, 41.18203937585688], [-73.20284221876669, 41.182057375855656], [-73.20325121890247, 41.18212237585425], [-73.2034602189719, 41.18215637585366], [-73.20379721908473, 41.1822253758555], [-73.20618721987901, 41.182617375849674]]], "crs": null}, "id": 416, "type": "Feature", "properties": {"category": "coal_closure", "name": "Census Tract 713", "county": "Fairfield County", "adjacent": "Yes", "geoid": "09001071300"}}, {"geometry": {"type": "Polygon", "coordinates": [[[-73.19840321729332, 41.18136037587254], [-73.19851921731376, 41.18107837581373], [-73.19825721722593, 41.18102337581207], [-73.19800021713922, 41.18095937580844], [-73.1976002170038, 41.18085237580136], [-73.19725321688789, 41.18078637580043], [-73.19707821682898, 41.18074437579826], [-73.19699321680042, 41.180725375797536], [-73.19621721653985, 41.18055437579092], [-73.19551321630479, 41.18042037578903], [-73.19539721626607, 41.18039837578873], [-73.19515921618556, 41.180336375784826], [-73.19499521613041, 41.18029837578311], [-73.19498321612964, 41.18034937579341], [-73.1949472161272, 41.180502375824396], [-73.19493521612644, 41.18055337583471], [-73.19492121612538, 41.18061137584648], [-73.19488121612473, 41.180815375887505], [-73.19486921612487, 41.18088137590074], [-73.19483021612345, 41.18106737593821], [-73.19477321612199, 41.18134937599494], [-73.19469521611327, 41.18162237605067], [-73.19464421610792, 41.18180637608822], [-73.19461821610662, 41.181925376112225], [-73.19454221610373, 41.18228437618461], [-73.1945172161029, 41.182404376208765], [-73.1944612160932, 41.182544376237885], [-73.19443121608825, 41.1826223762541], [-73.19436221608018, 41.182858376302306], [-73.19431221607098, 41.18297337632637], [-73.19425321606035, 41.18311337635566], [-73.19414921604344, 41.18338937641284], [-73.19393721600895, 41.18395337652971], [-73.19385721599947, 41.184224376585114], [-73.19377521599009, 41.18450837664315], [-73.19364221597561, 41.18498137673962], [-73.19357321596974, 41.18525337679485], [-73.19351421596288, 41.185456376836306], [-73.1934602159568, 41.18564437687468], [-73.19338821595372, 41.18597937694226], [-73.19357721601598, 41.18600137694005], [-73.19381721609442, 41.18601837693512], [-73.19453321632871, 41.18607437692141], [-73.19508521650957, 41.186122376911804], [-73.19561621668434, 41.186180376904865], [-73.19634121692326, 41.18626537689651], [-73.19640721693654, 41.1861323768684], [-73.1964922169538, 41.18596337683261], [-73.19658321696872, 41.18572337678288], [-73.1966362169775, 41.18558537675427], [-73.19670021698947, 41.18544137672405], [-73.19677921700452, 41.185268376687716], [-73.19688421702277, 41.1850083766336], [-73.1969432170331, 41.184863376603374], [-73.19700021704286, 41.18472037657366], [-73.19705521705257, 41.184586376545724], [-73.1971802170754, 41.18429637648505], [-73.19724121708661, 41.184155376455585], [-73.19729721709633, 41.18401737642684], [-73.19746821712668, 41.18360437634074], [-73.19752521713686, 41.18346737631212], [-73.19758621714819, 41.18332937628322], [-73.197681217166, 41.18311637623858], [-73.1977502171758, 41.18290837619581], [-73.197799217183, 41.1827653761663], [-73.19784921719291, 41.182662376144606], [-73.1979232172078, 41.18251337611308], [-73.19798621721814, 41.18234737607869], [-73.19802821722527, 41.18224037605643], [-73.19809121723718, 41.18210037602707], [-73.19818721725544, 41.181889375982735], [-73.19827621727146, 41.18167837593869], [-73.19833621728233, 41.18153737590925], [-73.19840321729332, 41.18136037587254]]], "crs": null}, "id": 417, "type": "Feature", "properties": {"category": "coal_closure", "name": "Census Tract 716", "county": "Fairfield County", "adjacent": "Yes", "geoid": "09001071600"}}, {"geometry": {"type": "Polygon", "coordinates": [[[-73.18923521483853, 41.18970837780939], [-73.18945421490992, 41.189720377804164], [-73.18882621449201, 41.18613837712967], [-73.18856321440603, 41.186119377135], [-73.18837921434611, 41.18610937713939], [-73.18887921442895, 41.18480437686864], [-73.18792121404122, 41.18349437664693], [-73.18625721346912, 41.182904376589306], [-73.18616021344532, 41.183028376616754], [-73.18587121337451, 41.18340137669918], [-73.18577521335109, 41.18352637672674], [-73.18521721320874, 41.184152376867544], [-73.1845812130398, 41.18475437700636], [-73.18456021303356, 41.1847633770088], [-73.18449721301505, 41.18479337701678], [-73.1844772130092, 41.18480337701945], [-73.18413221290709, 41.184955377060824], [-73.18404021287988, 41.1849963770719], [-73.18306021258273, 41.185311377166755], [-73.18270221247424, 41.185427377201535], [-73.18233021235802, 41.18548937722636], [-73.18121321200904, 41.18567737730125], [-73.18084221189321, 41.18574037732619], [-73.18084121189457, 41.18576837733169], [-73.18084121189705, 41.18580937733961], [-73.18083421189738, 41.18585337734841], [-73.18083021189784, 41.185882377354226], [-73.18081621190822, 41.186130377402904], [-73.1807962119247, 41.18651137747763], [-73.18077221193884, 41.18687637754937], [-73.18075621194868, 41.1871253775983], [-73.18074921196003, 41.187352377642654], [-73.18073921197649, 41.18767937770657], [-73.18072121199201, 41.18803437777613], [-73.1807112120025, 41.18826237782076], [-73.18069921201045, 41.18845937785948], [-73.18068221202198, 41.18874237791506], [-73.18065621203229, 41.18905337797641], [-73.18064021203905, 41.1892513780154], [-73.18063021204729, 41.18944237805289], [-73.18060121207245, 41.190016378165375], [-73.18059221208104, 41.19020837820302], [-73.18058621208723, 41.19034337822946], [-73.18057921209787, 41.19055737827126], [-73.18056421210449, 41.190748378308925], [-73.18055421210947, 41.19088437833569], [-73.1805492121161, 41.19102137836247], [-73.18053421213595, 41.191432378442826], [-73.18052921214259, 41.1915693784696], [-73.1808612122506, 41.19158537846136], [-73.18185821257525, 41.19163637843705], [-73.18219121268363, 41.191653378428946], [-73.18236821274127, 41.191662378424596], [-73.18290021291456, 41.19169037841183], [-73.18307821297257, 41.191700378407646], [-73.18326721303417, 41.191711378403326], [-73.18383721322004, 41.191744378390155], [-73.18402721328196, 41.1917553783858], [-73.18423521334957, 41.1917643783804], [-73.18481521353826, 41.19179137836572], [-73.18486221355354, 41.19179337836451], [-73.18507121362153, 41.19180337835931], [-73.18552421376896, 41.19182437834785], [-73.18661421412577, 41.191912378327565], [-73.18684121419999, 41.191929378323046], [-73.18718721431313, 41.19195537831621], [-73.18752521442383, 41.1919833783101], [-73.18775321449861, 41.192003378306154], [-73.1877772144983, 41.1918693782793], [-73.18781421449818, 41.19166937823917], [-73.18784021449439, 41.19146737819902], [-73.18785921449248, 41.19133337817232], [-73.1879232144931, 41.191000378105414], [-73.1880192144944, 41.19050737800633], [-73.18807921448317, 41.189998377905404], [-73.18812021447624, 41.18966337783891], [-73.18883121470728, 41.189692377820116], [-73.18923521483853, 41.18970837780939]]], "crs": null}, "id": 418, "type": "Feature", "properties": {"category": "coal_closure", "name": "Census Tract 739", "county": "Fairfield County", "adjacent": "Yes", "geoid": "09001073900"}}, {"geometry": {"type": "Polygon", "coordinates": [[[-73.19898121712264, 41.17542137469842], [-73.19889021708663, 41.17531037467996], [-73.19872821702243, 41.17511137464684], [-73.19862821698192, 41.17497337462344], [-73.19861821697783, 41.1749593746211], [-73.19854021694687, 41.17486237460488], [-73.19849221692797, 41.17480637459567], [-73.19845421691312, 41.17476237458844], [-73.19841321689712, 41.17471637458089], [-73.19835621687366, 41.1746323745665], [-73.19831621685715, 41.174571374556], [-73.19823321682279, 41.1744453745344], [-73.19798421671996, 41.17407037447003], [-73.19790221668599, 41.173945374448564], [-73.19783121665722, 41.173847374431915], [-73.19762521657378, 41.17356437438401], [-73.1976192165714, 41.17355637438263], [-73.19754621654215, 41.17346237436687], [-73.19752021653173, 41.17342837436118], [-73.1974422165006, 41.173328374344386], [-73.19741621649024, 41.1732953743389], [-73.19733421645815, 41.17320137432338], [-73.1972002164056, 41.173046374297904], [-73.1970962163643, 41.17291737427638], [-73.19701921633371, 41.17282137426037], [-73.19696821631315, 41.17275237424871], [-73.19691921629344, 41.17268737423777], [-73.19681621625186, 41.172548374214216], [-73.19676621623167, 41.17248037420273], [-73.19673721622047, 41.17244937419771], [-73.19669321620344, 41.172402374190085], [-73.19666021618971, 41.172351374181325], [-73.1966382161805, 41.172316374175246], [-73.19655921614857, 41.172208374156966], [-73.19632321605303, 41.17188537410228], [-73.1962452160215, 41.17177837408415], [-73.19621621600982, 41.171740374077785], [-73.1961302159754, 41.17162837405898], [-73.1961022159641, 41.17159137405271], [-73.19601821593095, 41.17148937403575], [-73.19588921587987, 41.171332374009644], [-73.19577821583489, 41.171179373983755], [-73.1957022158041, 41.17107437396593], [-73.19552221573242, 41.170847373927984], [-73.1952822156356, 41.170524373873455], [-73.19521821560961, 41.17043537385833], [-73.19508521555723, 41.170277373832185], [-73.19493521549659, 41.170072373797424], [-73.19484821546143, 41.16995437377749], [-73.19479621544035, 41.16988337376548], [-73.19469421539914, 41.16974437374197], [-73.19449421532155, 41.16952637370643], [-73.19447421531359, 41.16950137370227], [-73.19441421528973, 41.16942637368977], [-73.19439421528182, 41.16940237368578], [-73.19392421513291, 41.16944537371026], [-73.19251321468583, 41.169577373784335], [-73.19204421453722, 41.16962137380893], [-73.1917772144527, 41.16964737382318], [-73.19097921420025, 41.16972837386627], [-73.19071321411616, 41.169756373880816], [-73.19046421403785, 41.16978937389581], [-73.18987121385145, 41.16986937393167], [-73.18972121380475, 41.1698973739423], [-73.18947621372862, 41.16994537396002], [-73.18946221372224, 41.16991437395443], [-73.18942121370358, 41.16982337393815], [-73.18940821369756, 41.16979337393279], [-73.1893032136506, 41.169575373893984], [-73.18915521358429, 41.16926537383884], [-73.18896621350355, 41.168936373781335], [-73.18884621345232, 41.16872737374484], [-73.18871421339678, 41.16851137370735], [-73.1886432133668, 41.16839337368686], [-73.18835321324042, 41.16784637359047], [-73.18823521318906, 41.167624373551334], [-73.18807721311997, 41.16732237349802], [-73.18801621309326, 41.16720537347737], [-73.18789221303902, 41.1669673734354], [-73.18786221302581, 41.166909373425106], [-73.18762121291807, 41.16640837333598], [-73.18747421285228, 41.16610237328152], [-73.18642421252302, 41.16625837334785], [-73.1859742123834, 41.16634937338096], [-73.18557021225598, 41.166396373403956], [-73.1857582123546, 41.16702937352057], [-73.18429721190475, 41.16738337363951], [-73.18421221187822, 41.167398373645355], [-73.18395821179926, 41.16744737366358], [-73.18387421177319, 41.16746437366978], [-73.18368521171821, 41.16756337369548], [-73.18354821168029, 41.16766737372042], [-73.1833012116106, 41.167833373761134], [-73.18314221156322, 41.16789837377923], [-73.18293621149934, 41.16794037379447], [-73.18283521146212, 41.16786337378293], [-73.18266521140102, 41.167758373768386], [-73.18259821137647, 41.16770937376116], [-73.18252721135124, 41.16767137375619], [-73.18243421131658, 41.1675933737442], [-73.18241321129737, 41.167386373704666], [-73.18240321128764, 41.16727737368382], [-73.1823532112505, 41.1669273736175], [-73.18231121122759, 41.16677137358861], [-73.18225821119846, 41.166571373551534], [-73.18222521118244, 41.16648137353517], [-73.18212921113548, 41.16621437348655], [-73.18209721111977, 41.16612537347034], [-73.18193821103843, 41.16562437337838], [-73.18129421080397, 41.165177373313526], [-73.17806920962968, 41.16293937298893], [-73.17699420923832, 41.16219337288073], [-73.17678120921238, 41.16290637302663], [-73.17614120913439, 41.16504537346448], [-73.17592920910883, 41.16575937361059], [-73.17585620910002, 41.16600437366074], [-73.1758562091305, 41.16651237375948], [-73.17585620915405, 41.166904373835735], [-73.17692520959297, 41.16847337410412], [-73.17735620976981, 41.16910437421202], [-73.17797620999613, 41.16954437427634], [-73.1798362106752, 41.170864374469225], [-73.18045621090154, 41.171304374533484], [-73.18121621118387, 41.17192437462798], [-73.18349621203079, 41.17378437491136], [-73.18425721231345, 41.17440437500581], [-73.18553821288928, 41.17711337548844], [-73.18567521295083, 41.17740237553992], [-73.18604221318981, 41.17940937591743], [-73.18603721319086, 41.179454375926355], [-73.18597121321145, 41.18015137606408], [-73.18575921327692, 41.18237837650419], [-73.18575421327891, 41.18243837651602], [-73.18625721346912, 41.182904376589306], [-73.18792121404122, 41.18349437664693], [-73.18887921442895, 41.18480437686864], [-73.18837921434611, 41.18610937713939], [-73.18856321440603, 41.186119377135], [-73.18882621449201, 41.18613837712967], [-73.18893721452835, 41.1861473771276], [-73.18919321461131, 41.18615437712022], [-73.18922921462303, 41.18615537711917], [-73.18948721470649, 41.18615937711109], [-73.18975021479083, 41.186152377100726], [-73.19005821488804, 41.18611637708313], [-73.19027821495659, 41.18607637706779], [-73.19053821503644, 41.186010377046046], [-73.1908522151314, 41.185905377014905], [-73.19107321519866, 41.18583837699431], [-73.19146521531869, 41.185732376960246], [-73.19154921534398, 41.18570237695154], [-73.19180421542272, 41.1856443769315], [-73.19186121544028, 41.18563037692685], [-73.19189321545014, 41.185623376924354], [-73.19203521549437, 41.185596376914255], [-73.19209321551243, 41.185586376910344], [-73.19218421553919, 41.18554337689887], [-73.1922312155531, 41.18552237689317], [-73.1924162156069, 41.185424376867736], [-73.19245421561779, 41.185402376862164], [-73.19254321564355, 41.1853533768496], [-73.19261121566498, 41.18534537684574], [-73.19281521572935, 41.18532137683406], [-73.19288421575118, 41.1853143768303], [-73.19307121581055, 41.1852983768208], [-73.19324321586468, 41.18527637681062], [-73.19337121590475, 41.18525637680236], [-73.19357321596974, 41.18525337679485], [-73.19364221597561, 41.18498137673962], [-73.19377521599009, 41.18450837664315], [-73.19385721599947, 41.184224376585114], [-73.19393721600895, 41.18395337652971], [-73.19414921604344, 41.18338937641284], [-73.19425321606035, 41.18311337635566], [-73.19431221607098, 41.18297337632637], [-73.19436221608018, 41.182858376302306], [-73.19443121608825, 41.1826223762541], [-73.1944612160932, 41.182544376237885], [-73.1945172161029, 41.182404376208765], [-73.19454221610373, 41.18228437618461], [-73.19461821610662, 41.181925376112225], [-73.19464421610792, 41.18180637608822], [-73.19469521611327, 41.18162237605067], [-73.19477321612199, 41.18134937599494], [-73.19483021612345, 41.18106737593821], [-73.19486921612487, 41.18088137590074], [-73.19488121612473, 41.180815375887505], [-73.19492121612538, 41.18061137584648], [-73.19493521612644, 41.18055337583471], [-73.1949472161272, 41.180502375824396], [-73.19498321612964, 41.18034937579341], [-73.19499521613041, 41.18029837578311], [-73.19508521614688, 41.18008937573936], [-73.195113216153, 41.18004137572908], [-73.19524621618237, 41.17981637568077], [-73.19536821621142, 41.179644375643214], [-73.19547621623205, 41.1794083755936], [-73.1955422162474, 41.17931037557231], [-73.19558721625813, 41.17924737555851], [-73.19569021628068, 41.17906937552037], [-73.19581721630813, 41.17884437547229], [-73.19605821637012, 41.17858337541332], [-73.19644421647324, 41.178227375330884], [-73.19665021652897, 41.17804937528922], [-73.19690321659616, 41.17781037523405], [-73.19705921663859, 41.17767937520323], [-73.197137216658, 41.17758437518211], [-73.19724421668485, 41.17745637515353], [-73.1973792167193, 41.177305375119595], [-73.1974622167406, 41.17721437509906], [-73.19755821676495, 41.17710437507437], [-73.19784821683888, 41.176778375001035], [-73.19794521686359, 41.17666937497658], [-73.19805921689162, 41.176524374944435], [-73.1981522169153, 41.17641937492082], [-73.1982362169368, 41.176326374899865], [-73.19847921699449, 41.17598237482469], [-73.19872921705641, 41.17567137475565], [-73.19874921706149, 41.17564837475049], [-73.19888021709528, 41.17550737471861], [-73.19898121712264, 41.17542137469842]]], "crs": null}, "id": 413, "type": "Feature", "properties": {"category": "coal_closure", "name": "Census Tract 706", "county": "Fairfield County", "adjacent": "No", "geoid": "09001070600"}}, {"geometry": {"type": "Polygon", "coordinates": [[[-73.20883522000621, 41.17053237340993], [-73.20876421995706, 41.170095373327456], [-73.20855221980986, 41.168784373079816], [-73.20848221976102, 41.168347372997296], [-73.2084762197573, 41.16831737299171], [-73.2084582197462, 41.16822937297521], [-73.20845221974254, 41.168200372969736], [-73.20760321947323, 41.16827437301328], [-73.20505621866546, 41.16849837314423], [-73.20420821839657, 41.1685743731881], [-73.20418521838927, 41.168576373189275], [-73.20411621836752, 41.16858437319318], [-73.20409421836064, 41.16858837319477], [-73.20348821816808, 41.16863537322468], [-73.20242421783, 41.16871837327729], [-73.20167221759195, 41.168791373317326], [-73.20106821740079, 41.16885137334968], [-73.2003302171666, 41.168914373387246], [-73.1983662165434, 41.16908237348733], [-73.19823021650028, 41.169094373494296], [-73.19811721646438, 41.1691033734999], [-73.19738021623057, 41.169167373537626], [-73.19700321611043, 41.16919137355523], [-73.19693121608746, 41.16919537355853], [-73.19439421528182, 41.16940237368578], [-73.19441421528973, 41.16942637368977], [-73.19447421531359, 41.16950137370227], [-73.19449421532155, 41.16952637370643], [-73.19469421539914, 41.16974437374197], [-73.19479621544035, 41.16988337376548], [-73.19484821546143, 41.16995437377749], [-73.19493521549659, 41.170072373797424], [-73.19508521555723, 41.170277373832185], [-73.19521821560961, 41.17043537385833], [-73.1952822156356, 41.170524373873455], [-73.19552221573242, 41.170847373927984], [-73.1957022158041, 41.17107437396593], [-73.19577821583489, 41.171179373983755], [-73.19588921587987, 41.171332374009644], [-73.19601821593095, 41.17148937403575], [-73.1961022159641, 41.17159137405271], [-73.1961302159754, 41.17162837405898], [-73.19621621600982, 41.171740374077785], [-73.1962452160215, 41.17177837408415], [-73.19632321605303, 41.17188537410228], [-73.19655921614857, 41.172208374156966], [-73.1966382161805, 41.172316374175246], [-73.19666021618971, 41.172351374181325], [-73.19669321620344, 41.172402374190085], [-73.19673721622047, 41.17244937419771], [-73.19676621623167, 41.17248037420273], [-73.19681621625186, 41.172548374214216], [-73.19691921629344, 41.17268737423777], [-73.19696821631315, 41.17275237424871], [-73.19701921633371, 41.17282137426037], [-73.1970962163643, 41.17291737427638], [-73.1972002164056, 41.173046374297904], [-73.19733421645815, 41.17320137432338], [-73.19741621649024, 41.1732953743389], [-73.1974422165006, 41.173328374344386], [-73.19752021653173, 41.17342837436118], [-73.19754621654215, 41.17346237436687], [-73.1976192165714, 41.17355637438263], [-73.19762521657378, 41.17356437438401], [-73.19783121665722, 41.173847374431915], [-73.19790221668599, 41.173945374448564], [-73.1982962168061, 41.17382937441246], [-73.19886021697803, 41.17366437436106], [-73.1994772171658, 41.17347837430374], [-73.19987121728578, 41.173360374267304], [-73.20013821736714, 41.173281374242755], [-73.20048321747235, 41.1731813742115], [-73.20093721760992, 41.173034374167315], [-73.20120321769058, 41.17294937414167], [-73.20149321777828, 41.17285237411287], [-73.20189121789863, 41.17272037407354], [-73.20236721804322, 41.17257137402822], [-73.20266021813222, 41.172480374000486], [-73.20306121825391, 41.17235437396227], [-73.20371121845132, 41.172151373900505], [-73.20426521861931, 41.171974373847085], [-73.20466621874094, 41.17184637380843], [-73.20479621878016, 41.171802373795394], [-73.20494421882503, 41.171754373781006], [-73.20518821889915, 41.17167837375788], [-73.20532021893932, 41.17163837374554], [-73.2053972189625, 41.171611373737676], [-73.20544221897612, 41.17159637373319], [-73.20563221903416, 41.1715423737162], [-73.20571121905829, 41.171520373709214], [-73.20588321911033, 41.1714633736922], [-73.20611321917995, 41.17138837366976], [-73.20640221926806, 41.17130337364329], [-73.20657621932118, 41.171253373627614], [-73.20680221938984, 41.17118337360626], [-73.2071192194862, 41.17108637357655], [-73.20748021959564, 41.17097037354156], [-73.20770621966423, 41.170899373519994], [-73.20793121973234, 41.170825373497905], [-73.20860921993767, 41.17060437343167], [-73.20869821996469, 41.17057637342318], [-73.20883522000621, 41.17053237340993]]], "crs": null}, "id": 414, "type": "Feature", "properties": {"category": "coal_closure", "name": "Census Tract 709", "county": "Fairfield County", "adjacent": "Yes", "geoid": "09001070900"}}, {"geometry": {"type": "Polygon", "coordinates": [[[-73.18045621090154, 41.171304374533484], [-73.1798362106752, 41.170864374469225], [-73.17797620999613, 41.16954437427634], [-73.17735620976981, 41.16910437421202], [-73.17692520959297, 41.16847337410412], [-73.17585620915405, 41.166904373835735], [-73.1758562091305, 41.16651237375948], [-73.17585620910002, 41.16600437366074], [-73.17592920910883, 41.16575937361059], [-73.17614120913439, 41.16504537346448], [-73.17678120921238, 41.16290637302663], [-73.17699420923832, 41.16219337288073], [-73.17715320925754, 41.1616593727714], [-73.17763120931554, 41.16005737244351], [-73.17779120933514, 41.15952437233437], [-73.17820320938493, 41.15814037205113], [-73.17944320953568, 41.15398837120109], [-73.17985620958592, 41.152605370917975], [-73.17703620869702, 41.152944371080544], [-73.16857520602997, 41.15396437156877], [-73.16575620514139, 41.154305371731624], [-73.1654872050986, 41.15503737188325], [-73.16467920496987, 41.157236372338566], [-73.1644112049274, 41.157969372490335], [-73.16440220493207, 41.15809637251536], [-73.16437720494704, 41.1584803725909], [-73.16436920495217, 41.15860837261603], [-73.16434320494737, 41.158668372628604], [-73.16426720493382, 41.15885137266679], [-73.16424220492948, 41.15891337267973], [-73.16407220489724, 41.15928937275869], [-73.16356120480013, 41.160418372995736], [-73.16339220476821, 41.16079537307481], [-73.16328220475258, 41.16112537314279], [-73.16273120467827, 41.16284937349692], [-73.1623092046215, 41.164172373768615], [-73.16218320460003, 41.16449137383501], [-73.1618072045362, 41.16544937403414], [-73.16168320451544, 41.1657693741006], [-73.1616132045035, 41.16594737413761], [-73.16140220446768, 41.16648437424926], [-73.16133320445616, 41.166663374286436], [-73.16105120441367, 41.16747037445302], [-73.16020520428609, 41.16989237495289], [-73.15992420424391, 41.17070037511961], [-73.1596492041971, 41.17139837526475], [-73.15882420405674, 41.173493375700296], [-73.15875520404516, 41.17367137573729], [-73.1589182040994, 41.173699375737186], [-73.15930720422887, 41.17376637573689], [-73.15926420421812, 41.17381837574845], [-73.15913820418687, 41.1739743757831], [-73.15909620417649, 41.17402737579483], [-73.15903320415983, 41.17408837580886], [-73.15884620411053, 41.17427137585083], [-73.15878420409423, 41.174333375865025], [-73.15872520407937, 41.17440337588064], [-73.1585492040352, 41.17461337592749], [-73.15849120402079, 41.17468437594326], [-73.15832820397898, 41.17486337598365], [-73.15817320393917, 41.175033376022036], [-73.15730620371653, 41.17598337623641], [-73.15721920369423, 41.17607937625804], [-73.15690120361266, 41.17642937633698], [-73.1566002035339, 41.176734376406564], [-73.15569920329838, 41.177652376615896], [-73.15561920327748, 41.1777343766346], [-73.15542520322977, 41.17798137668925], [-73.15540020322759, 41.178079376709135], [-73.15533120322299, 41.178374376768836], [-73.15532820322305, 41.17839137677226], [-73.15532120322584, 41.17847537678884], [-73.15529620323721, 41.17879937685267], [-73.15528420324274, 41.1789563768836], [-73.15532020328337, 41.179439376976305], [-73.15529520329547, 41.1797753770424], [-73.15529120329779, 41.17983537705424], [-73.15513620326075, 41.18005137710155], [-73.15495020321644, 41.18031237715861], [-73.15480820320961, 41.18096237728984], [-73.15476320319954, 41.18103637730575], [-73.15472220319104, 41.181115377322534], [-73.15456620317072, 41.18161537742506], [-73.15449520316123, 41.18183837747084], [-73.15447520316177, 41.18195537749425], [-73.15435220315328, 41.18247437759934], [-73.15423220314844, 41.18303837771306], [-73.15422620315246, 41.183138377732746], [-73.1542982031831, 41.183261377754164], [-73.15457420328909, 41.183544377799755], [-73.15461420330311, 41.18356237780188], [-73.1550992034338, 41.18313437770208], [-73.15555420355938, 41.18278137761787], [-73.1556302035826, 41.18275937761098], [-73.15626920376354, 41.18234037750763], [-73.15635820378967, 41.18229737749622], [-73.1564992038301, 41.1822133774751], [-73.15699420397257, 41.181927377402545], [-73.15738020408422, 41.18171337734775], [-73.1574572041065, 41.181670377336744], [-73.1575742041404, 41.1816063773203], [-73.15768320417095, 41.18152937730155], [-73.1577572041918, 41.181479377289314], [-73.15785420421965, 41.18142137727475], [-73.15799720426077, 41.181338377253695], [-73.15813720429966, 41.18123437722867], [-73.15822920432537, 41.18116837721267], [-73.15831320434965, 41.18112137720066], [-73.15843820438592, 41.18105437718337], [-73.15856520442227, 41.180977377164076], [-73.15864820444605, 41.18092737715151], [-73.15875920447814, 41.18086537713566], [-73.15909220457456, 41.18068237708867], [-73.159204204607, 41.18062137707298], [-73.15932820464418, 41.18057437705959], [-73.15970420475702, 41.180433377019305], [-73.15982920479453, 41.18038737700609], [-73.15985720480283, 41.180375377002775], [-73.15994220482816, 41.18034037699309], [-73.15997120483689, 41.18032937698994], [-73.16011820488121, 41.18027837697498], [-73.16056320501563, 41.18012637693019], [-73.16071120506032, 41.180076376915416], [-73.16087620510993, 41.180015376897906], [-73.16112220518393, 41.17992637687216], [-73.16137420525968, 41.17983437684566], [-73.16154120530997, 41.17977537682844], [-73.16176820537831, 41.179694376804946], [-73.16207220546991, 41.179586376773536], [-73.16244820558298, 41.17944937673402], [-73.16267520565125, 41.17936737671028], [-73.16288720571511, 41.17929237668845], [-73.16352620590784, 41.179070376623415], [-73.16373920597213, 41.17899637660174], [-73.16459620622992, 41.1786863765121], [-73.16509920638319, 41.17853737646587], [-73.16563220654496, 41.17836837641481], [-73.16609720668667, 41.178230376372035], [-73.16667020686063, 41.17805037631742], [-73.1667802068942, 41.178018376307385], [-73.16691820693636, 41.17797937629512], [-73.16711020699465, 41.177918376276665], [-73.16722020702808, 41.177884376266256], [-73.16728420704742, 41.17786337626005], [-73.16747920710674, 41.17780337624168], [-73.1675442071265, 41.17778337623556], [-73.1677102071769, 41.177731376219775], [-73.16796020725282, 41.17765337619602], [-73.16821020732918, 41.17758237617367], [-73.16837820738056, 41.17753537615878], [-73.16855020743266, 41.17747837614177], [-73.16880720751045, 41.177394376116666], [-73.16907320759164, 41.17731737609255], [-73.16924820764508, 41.17726737607684], [-73.16969420778071, 41.177131376035135], [-73.17037420798674, 41.17690937596866], [-73.17040920799752, 41.17690137596593], [-73.17073520809697, 41.17680637593631], [-73.17106720820622, 41.17684337593209], [-73.17132720829365, 41.17690237593467], [-73.17154420836755, 41.17696737593986], [-73.17171620842666, 41.17702837594579], [-73.17180720845828, 41.177066375950076], [-73.17194720850762, 41.177136375958874], [-73.17215020857856, 41.17722737596961], [-73.17235820865035, 41.17730537597767], [-73.17258520872615, 41.177348375978255], [-73.17324920894428, 41.177415375968515], [-73.17331520896366, 41.177383375960005], [-73.17341020899295, 41.17736137595245], [-73.17348920901678, 41.177333375944336], [-73.17358520904611, 41.17730637593579], [-73.17366420906909, 41.17726437592491], [-73.17373120908854, 41.1772283759156], [-73.17375120909439, 41.177218375913], [-73.17393420914938, 41.1771513758937], [-73.17406520918816, 41.17709337587791], [-73.17424020923933, 41.177006375855], [-73.17440920928773, 41.17690437582941], [-73.1746312093502, 41.17675237579223], [-73.17483420941032, 41.176663375767966], [-73.17509320948908, 41.176584375743765], [-73.17531120955869, 41.17657237573393], [-73.17619320984984, 41.17668437572548], [-73.17659620998323, 41.17674137572275], [-73.17736821016686, 41.175653375484764], [-73.17968321071754, 41.17239137477128], [-73.18045621090154, 41.171304374533484]]], "crs": null}, "id": 420, "type": "Feature", "properties": {"category": "coal_closure", "name": "Census Tract 744", "county": "Fairfield County", "adjacent": "Yes", "geoid": "09001074400"}}, {"geometry": {"type": "Polygon", "coordinates": [[[-73.20514322085197, 41.20437838011313], [-73.20511422083943, 41.20432538010385], [-73.2050272208018, 41.204166380075954], [-73.20499822078921, 41.204113380066616], [-73.20487422073582, 41.203890380027616], [-73.20468722065536, 41.203555379968975], [-73.20449522057378, 41.20322937991222], [-73.20436722051927, 41.20301037987408], [-73.20429122048654, 41.20287337985006], [-73.20418122043894, 41.2026723798148], [-73.20405522038607, 41.2024683797795], [-73.20397422035197, 41.2023363797567], [-73.2038712203077, 41.202153379724635], [-73.2037212202433, 41.20188637967798], [-73.203558220174, 41.201608379629555], [-73.20345322012928, 41.20142837959819], [-73.20340322010817, 41.20134537958383], [-73.2032552200454, 41.20109637954048], [-73.20320622002463, 41.201013379526096], [-73.20308221997324, 41.2008243794936], [-73.20271021981927, 41.20025937939663], [-73.20258621976792, 41.200071379364395], [-73.20248821972761, 41.199926379339566], [-73.20223621962384, 41.19955237927559], [-73.20219821960796, 41.19949237926523], [-73.20217421959792, 41.19945437925871], [-73.20211621957229, 41.19933937923832], [-73.20201221952969, 41.1991883792126], [-73.20170021940184, 41.1987363791355], [-73.20159721935957, 41.19858637910988], [-73.20152521932955, 41.19847337909041], [-73.2014192192853, 41.19830637906163], [-73.20130421923817, 41.19813937903311], [-73.20122921920745, 41.19803037901449], [-73.20120621919784, 41.19799437900833], [-73.2011392191698, 41.197887378989826], [-73.2011172191606, 41.19785237898377], [-73.20105721913612, 41.19776737896935], [-73.20087921906347, 41.19751337892608], [-73.20082021903937, 41.19742937891183], [-73.2004232188731, 41.19679437880206], [-73.20006421872674, 41.19628637871573], [-73.19971121858224, 41.19577637862875], [-73.19959521853443, 41.19560437859935], [-73.19925021839232, 41.195091378511535], [-73.19913621834525, 41.1949203784822], [-73.1990242182986, 41.19474537845203], [-73.19885621822856, 41.19448137840655], [-73.19868721815851, 41.19422337836222], [-73.19857421811164, 41.194050378332456], [-73.19835221802073, 41.193729378277716], [-73.19800421787808, 41.193223378191384], [-73.19771121775526, 41.19275237810992], [-73.19750521766898, 41.19242237805287], [-73.19740821762946, 41.19228637802978], [-73.19726321757034, 41.19208037799473], [-73.19712721751402, 41.191873377959205], [-73.19703621747631, 41.19173437793533], [-73.19690621742313, 41.191547377903426], [-73.19671321734403, 41.19126737785567], [-73.19652521726621, 41.19098137780654], [-73.19640021721456, 41.19079237777412], [-73.196315217179, 41.1906573777508], [-73.19606021707251, 41.190254377681235], [-73.19597521703707, 41.19012037765813], [-73.19588721700116, 41.18999537763683], [-73.19575521694716, 41.18980537760447], [-73.19563021689551, 41.18961737757227], [-73.19554621686088, 41.18949137755064], [-73.19547421683136, 41.18938737753288], [-73.19525921674328, 41.18907537747968], [-73.19518821671421, 41.18897237746209], [-73.19506221666255, 41.188789377430844], [-73.19504821665679, 41.188768377427245], [-73.19470721651432, 41.188228377334035], [-73.19459021646534, 41.18804137730171], [-73.19449521642485, 41.18787737727307], [-73.19428321633312, 41.18748837720477], [-73.19389121617563, 41.18697237711795], [-73.193832216152, 41.186895377105046], [-73.19370821610158, 41.18672237707566], [-73.19349421601137, 41.186370377014576], [-73.19341921597542, 41.1861743769791], [-73.1933982159639, 41.186095376964445], [-73.19338821595372, 41.18597937694226], [-73.1934602159568, 41.18564437687468], [-73.19351421596288, 41.185456376836306], [-73.19357321596974, 41.18525337679485], [-73.19337121590475, 41.18525637680236], [-73.19324321586468, 41.18527637681062], [-73.19307121581055, 41.1852983768208], [-73.19288421575118, 41.1853143768303], [-73.19281521572935, 41.18532137683406], [-73.19261121566498, 41.18534537684574], [-73.19254321564355, 41.1853533768496], [-73.19245421561779, 41.185402376862164], [-73.1924162156069, 41.185424376867736], [-73.1922312155531, 41.18552237689317], [-73.19218421553919, 41.18554337689887], [-73.19209321551243, 41.185586376910344], [-73.19203521549437, 41.185596376914255], [-73.19189321545014, 41.185623376924354], [-73.19186121544028, 41.18563037692685], [-73.19180421542272, 41.1856443769315], [-73.19154921534398, 41.18570237695154], [-73.19146521531869, 41.185732376960246], [-73.19107321519866, 41.18583837699431], [-73.1908522151314, 41.185905377014905], [-73.19053821503644, 41.186010377046046], [-73.19027821495659, 41.18607637706779], [-73.19005821488804, 41.18611637708313], [-73.18975021479083, 41.186152377100726], [-73.18948721470649, 41.18615937711109], [-73.18922921462303, 41.18615537711917], [-73.18919321461131, 41.18615437712022], [-73.18893721452835, 41.1861473771276], [-73.18882621449201, 41.18613837712967], [-73.18945421490992, 41.189720377804164], [-73.1893132150013, 41.19199637825124], [-73.18693321437253, 41.19430537878155], [-73.18683321434398, 41.19436637879684], [-73.18681121433815, 41.19438737880162], [-73.18662221430361, 41.194827378893635], [-73.18628821421993, 41.195227378982814], [-73.18620821420377, 41.19538737901665], [-73.18616321420411, 41.19563437906616], [-73.18607721420439, 41.19610037915965], [-73.18606221423225, 41.196644379265855], [-73.18608421425915, 41.19697337932899], [-73.18621721432201, 41.19730537938894], [-73.18630621435992, 41.19745837941563], [-73.18635421437949, 41.197526379427174], [-73.18649121444388, 41.19786237948776], [-73.18650321445301, 41.19794937950426], [-73.18652021446555, 41.1980663795264], [-73.18650521446423, 41.198125379538325], [-73.18642821445783, 41.19843137960045], [-73.18640421445618, 41.19853237962092], [-73.18608421438924, 41.19913637974919], [-73.18604121438459, 41.19928937978039], [-73.18596721437696, 41.199559379835385], [-73.18596521437848, 41.199595379842485], [-73.18594621439321, 41.19994237991052], [-73.18594621439394, 41.19995437991287], [-73.18598921441797, 41.200123379944195], [-73.18601121442549, 41.20013037994483], [-73.18604721443546, 41.200102379938116], [-73.18672921467912, 41.20049637999129], [-73.18703021478663, 41.20067038001478], [-73.18727321487346, 41.200810380033616], [-73.18800221513395, 41.20123138009034], [-73.18824521522076, 41.20137238010943], [-73.18847421530262, 41.201504380127226], [-73.18853321532383, 41.20154138013235], [-73.18869121538334, 41.201683380154535], [-73.18891421547724, 41.20204838021778], [-73.18893321548579, 41.202088380224914], [-73.18907321554826, 41.20237638027601], [-73.18919921560432, 41.20263238032144], [-73.18922421562068, 41.20277038034739], [-73.18935721565961, 41.20270438033], [-73.18940121567123, 41.20266138032013], [-73.18947921569178, 41.20258538030271], [-73.18966421574265, 41.202439380267975], [-73.18998421583304, 41.202225380215445], [-73.1908362160761, 41.201698380083805], [-73.19137021622849, 41.2013683800014], [-73.19196021639603, 41.20099037990772], [-73.19212421644565, 41.200935379891376], [-73.19212721643854, 41.20080137986524], [-73.19249421655834, 41.200825379857314], [-73.19261421659608, 41.20080937985011], [-73.19286621667571, 41.200781379835995], [-73.19307821674359, 41.200773379827176], [-73.19328121680833, 41.20076137981791], [-73.19348921687373, 41.200733379805285], [-73.19366021692844, 41.20072537979789], [-73.19393021701346, 41.200691379781986], [-73.1941222170721, 41.20063737976492], [-73.19443921716633, 41.20050437972821], [-73.19462521721952, 41.20039037969967], [-73.19474221725183, 41.20030037967817], [-73.19512121735417, 41.19996937960086], [-73.19549921745714, 41.199654379526685], [-73.1958772175595, 41.199330379450785], [-73.19604121760437, 41.19919637941912], [-73.19630021767519, 41.19898537936926], [-73.19658921775246, 41.198720379307865], [-73.19671021778706, 41.19864737928954], [-73.19684721783655, 41.19873537930193], [-73.19705121791017, 41.19886537932015], [-73.19726521798697, 41.198994379337876], [-73.1974052180373, 41.19908037934978], [-73.19751221807483, 41.199130379355815], [-73.1975532180892, 41.19914937935809], [-73.19781221818172, 41.19929937937837], [-73.19782321818573, 41.19930637937934], [-73.19792221822172, 41.199374379389134], [-73.1979972182515, 41.199466379404434], [-73.19817221832072, 41.19967937943982], [-73.19822121834042, 41.19974437945073], [-73.19829321836947, 41.19984037946694], [-73.19848921845058, 41.20013837951808], [-73.19878221857174, 41.2005813795941], [-73.19908821869737, 41.20102837967036], [-73.19929021878033, 41.201324379720965], [-73.19948221885872, 41.2015983797676], [-73.20006021909482, 41.202423379907955], [-73.20025321917372, 41.202699379954986], [-73.20045821925758, 41.202994380005215], [-73.2007652193831, 41.20343538008032], [-73.20106621950733, 41.20388538015738], [-73.20126721959022, 41.20418538020878], [-73.20145821966726, 41.204442380252125], [-73.2017492197846, 41.20483238031786], [-73.2020192198953, 41.20522438038475], [-73.20220221997022, 41.205488380429756], [-73.20236922002013, 41.205422380411214], [-73.20287322017087, 41.2052263803558], [-73.20304122022122, 41.20516238033761], [-73.20320222026972, 41.20510538032103], [-73.2036852204153, 41.204936380271604], [-73.20384722046417, 41.20488038025518], [-73.20389422047812, 41.20486038024966], [-73.20403622052052, 41.204803380233685], [-73.20408422053492, 41.204785380228536], [-73.204295220598, 41.2047033802054], [-73.20493122078844, 41.204459380136164], [-73.20514322085197, 41.20437838011313]]], "crs": null}, "id": 421, "type": "Feature", "properties": {"category": "coal_closure", "name": "Census Tract 2572", "county": "Fairfield County", "adjacent": "Yes", "geoid": "09001257200"}}, {"geometry": {"type": "Polygon", "coordinates": [[[-72.13168388636218, 41.42065545820194], [-72.13158088632147, 41.42052945818091], [-72.1315268862988, 41.42044145816563], [-72.13142788625561, 41.42025045813179], [-72.13138188623284, 41.42011545810711], [-72.13135888621903, 41.42000645808678], [-72.13133588620049, 41.41981545805046], [-72.13129288615069, 41.419198457932204], [-72.13129488613768, 41.418963457886505], [-72.13129688612734, 41.41877445784979], [-72.13127688610795, 41.41855245780739], [-72.13125388609457, 41.41845045778831], [-72.13110788602712, 41.418104457726024], [-72.13090988594108, 41.41772945765976], [-72.13078888588987, 41.417524457624], [-72.13062488582254, 41.41728145758229], [-72.13049388577075, 41.417121457555496], [-72.130309885701, 41.41694845752803], [-72.12962688544484, 41.416353457435044], [-72.12941588536437, 41.41614745740204], [-72.12920888528357, 41.41591245736327], [-72.1291418852573, 41.4158344573503], [-72.12886888514826, 41.41548245729104], [-72.12863588505603, 41.415195457243], [-72.12847488499294, 41.415008457212046], [-72.12831488492947, 41.41480945717869], [-72.12805388482617, 41.4144894571252], [-72.12801788481185, 41.41444445711765], [-72.12751088460973, 41.41379645700859], [-72.12740588456754, 41.413656456984896], [-72.1273088845277, 41.41351245696011], [-72.12721788448941, 41.413361456933785], [-72.1271768844717, 41.41328545692041], [-72.12706388442102, 41.413044456877344], [-72.127006884396, 41.41293245685751], [-72.12783688461063, 41.41199045664746], [-72.13032988525565, 41.40916745601761], [-72.13063988533588, 41.40881645593932], [-72.13116188547103, 41.40822745580782], [-72.13040188522396, 41.40821945583128], [-72.13016888514409, 41.40814545582461], [-72.13003788509491, 41.40803045580661], [-72.12986988503467, 41.407931455792884], [-72.12962988493942, 41.40763245574278], [-72.12942588485751, 41.4073614556969], [-72.12926588479752, 41.407222455675196], [-72.12880688463694, 41.40702245565149], [-72.12877788462697, 41.40701245565046], [-72.12850088453202, 41.40692445564254], [-72.128143884406, 41.40674945562033], [-72.1280338843641, 41.40664245560317], [-72.12796888433797, 41.40655545558841], [-72.12795488432823, 41.406465455571414], [-72.12777288425602, 41.40623945553354], [-72.12675288390349, 41.405867455494935], [-72.12659888384782, 41.40576945548093], [-72.12630088373291, 41.40545545542981], [-72.12602188361433, 41.40497145534509], [-72.12592288356946, 41.404752455305825], [-72.12592988356893, 41.40470345529609], [-72.12583588352098, 41.40440345524098], [-72.12558988342222, 41.40407745518575], [-72.1254758833806, 41.403997455174036], [-72.1253908833496, 41.40393745516516], [-72.12515188326647, 41.4038414551544], [-72.1250008832154, 41.40380645515255], [-72.12492588319023, 41.40379145515209], [-72.12476788313374, 41.40370145513982], [-72.12460988307419, 41.4035584551173], [-72.12451788304206, 41.40351945511272], [-72.12441288300474, 41.40346345510534], [-72.12436088297993, 41.40332645508047], [-72.12416988289182, 41.402876454999415], [-72.12363488269891, 41.40254245495216], [-72.12342888262128, 41.402357454923056], [-72.12316488252324, 41.40214345489017], [-72.12284488240674, 41.40192445485818], [-72.12313888249973, 41.401883454840586], [-72.12317888251238, 41.401878454838254], [-72.12336888256885, 41.401788454814536], [-72.12353588261412, 41.4016354547794], [-72.1236958826451, 41.40127445470409], [-72.1238428826588, 41.400688454585506], [-72.12388588265321, 41.40035145451868], [-72.12384088262469, 41.400111454473546], [-72.1236528825441, 41.39977445441433], [-72.1234108824476, 41.3994634543619], [-72.12386688257342, 41.39908245427294], [-72.12403688262039, 41.398941454239996], [-72.12432888269939, 41.39867045417781], [-72.12447288273628, 41.39850045414004], [-72.12453288275101, 41.39841845412217], [-72.12482388281992, 41.397979454027386], [-72.12491588284182, 41.397841453997565], [-72.1249798828548, 41.397708453969635], [-72.12504588286838, 41.39757345394127], [-72.12507588286685, 41.39737845390247], [-72.1250808828662, 41.39733945389471], [-72.12506488284899, 41.39713245385507], [-72.12506288284717, 41.39711245385125], [-72.12476588267508, 41.395806453607506], [-72.1246628826142, 41.395333453519065], [-72.12457588256267, 41.39493145344389], [-72.12449888251868, 41.39460345338272], [-72.12433688241777, 41.39376945322614], [-72.12430388239322, 41.393531453181055], [-72.1242128823318, 41.39298145307724], [-72.12413788227195, 41.39236845296072], [-72.12408688223401, 41.391999452890786], [-72.12386688209097, 41.390763452658064], [-72.12371388200317, 41.39010545253529], [-72.123673881978, 41.38989545249584], [-72.12366988197536, 41.389872452491524], [-72.12347188184016, 41.388648452260405], [-72.12336788177342, 41.38807845215311], [-72.12329688172807, 41.387693452080704], [-72.12313988162195, 41.386741451901024], [-72.12307488158126, 41.386403451837545], [-72.1229848815247, 41.38593145174887], [-72.12288988145934, 41.385335451636266], [-72.12277988138975, 41.38475045152631], [-72.12272488135079, 41.38438645145738], [-72.12272188134791, 41.38435345145109], [-72.12270888133729, 41.38424245142996], [-72.12266088130902, 41.3840244513892], [-72.12260588128157, 41.38385845135881], [-72.12256888126491, 41.383778451344455], [-72.12252788124773, 41.38371145133278], [-72.12239488119374, 41.38352345130068], [-72.12181188096275, 41.38280145117964], [-72.12161788088474, 41.38254145113555], [-72.12117088070367, 41.38191945102945], [-72.1211198806825, 41.381839451015566], [-72.12093688060646, 41.381551450965695], [-72.12071688051294, 41.38116945089874], [-72.12051188042462, 41.38079245083225], [-72.1203978803779, 41.38062445080334], [-72.1202338803112, 41.380391450763504], [-72.1202088803009, 41.38035445075713], [-72.12012488026667, 41.380233450736405], [-72.12005288023586, 41.380104450713695], [-72.11979988012114, 41.37954145061268], [-72.11974288009456, 41.37940145058738], [-72.11967488006282, 41.3792344505572], [-72.11953287999579, 41.37887345049177], [-72.11945887995668, 41.378612450443505], [-72.1194218799347, 41.378439450411086], [-72.11924187980945, 41.37728545019289], [-72.11913087972044, 41.37637045001881], [-72.11911387970234, 41.37615344997727], [-72.11908487967094, 41.37577344990439], [-72.11904287964218, 41.375512449855066], [-72.11900687962353, 41.37539244983296], [-72.1189958796182, 41.37536144982733], [-72.11882187954733, 41.37511244978469], [-72.11875987952286, 41.37503744977211], [-72.11862487946962, 41.374874449744894], [-72.11856987944861, 41.37481944973606], [-72.11850287942296, 41.37475144972505], [-72.1184058793967, 41.37484244974592], [-72.11811787931914, 41.375115449808376], [-72.11810287931512, 41.375130449811756], [-72.11802187929322, 41.37520644982923], [-72.11749787915313, 41.375722449946664], [-72.1159248787327, 41.3772734502996], [-72.11540187859299, 41.377790450417145], [-72.11485587844716, 41.37833045053997], [-72.11321887800985, 41.379949450908185], [-72.11267387786441, 41.380490451031164], [-72.11234287777461, 41.3807944511011], [-72.11135287750626, 41.38170645131071], [-72.11102287741686, 41.38201145138082], [-72.11092187739193, 41.38214645141034], [-72.11061887731707, 41.382550451498766], [-72.11051887729246, 41.382686451528464], [-72.11035387724237, 41.38274545154536], [-72.10986087709269, 41.38292245159586], [-72.10969687704296, 41.38298245161294], [-72.10903687683836, 41.38314745166664], [-72.10895787681386, 41.383166451672935], [-72.10710587623991, 41.3836314518241], [-72.1067438761277, 41.383721451853475], [-72.10600687589941, 41.38390745191378], [-72.1059128758703, 41.38393245192173], [-72.10563087578313, 41.3840064519454], [-72.10553787575446, 41.38403245195348], [-72.10540087571201, 41.38406645196457], [-72.10470087549452, 41.38423245201984], [-72.10427687536284, 41.38433445205354], [-72.10304887498145, 41.38462845215095], [-72.10273587488413, 41.384701452175406], [-72.10062287422758, 41.385201452341946], [-72.09940487384904, 41.38548945243784], [-72.09913587376506, 41.38554645245776], [-72.09833087351377, 41.38571645251725], [-72.09806287343018, 41.38577445253728], [-72.09703387311055, 41.38602045261885], [-72.0960768728134, 41.38625045269492], [-72.09409087219655, 41.386726452852564], [-72.09394987215272, 41.38675945286363], [-72.09350587201484, 41.386866452899], [-72.09292187183347, 41.387006452945336], [-72.09292187185547, 41.38738645301915], [-72.09292187192145, 41.38852645324049], [-72.09292187194346, 41.38890645331426], [-72.09366787231184, 41.39108745371326], [-72.09422187258532, 41.39270645400942], [-72.09722187376143, 41.3962064545904], [-72.0971158737528, 41.396650454680085], [-72.09708287374988, 41.396785454707384], [-72.09696487373999, 41.397275454806405], [-72.09681487372751, 41.39790045493266], [-72.0966218737116, 41.39870645509543], [-72.09648087368319, 41.39900545515814], [-72.09634887365658, 41.39928545521682], [-72.0961728736212, 41.39966045529542], [-72.09595287357672, 41.40012545539292], [-72.09586487355918, 41.400315455432654], [-72.09582187355048, 41.40040645545176], [-72.09552187355746, 41.402206455811], [-72.09555587359493, 41.40266345589859], [-72.09565887370657, 41.40401245615705], [-72.09602187410218, 41.4088064570756], [-72.09591087408414, 41.40911645713942], [-72.09578887406421, 41.409455457209226], [-72.09546687401226, 41.4103614573956], [-72.09502187394001, 41.41160645765183], [-72.09480187389521, 41.412065457748156], [-72.09414087376072, 41.413445458037664], [-72.09392187371637, 41.41390645813434], [-72.09302187353445, 41.41580645853259], [-72.09309487357424, 41.4160844585841], [-72.09435987426353, 41.42089145947528], [-72.09452187435181, 41.42150645958927], [-72.09495687458018, 41.42300945986657], [-72.09562187492921, 41.42530646029034], [-72.10124787680498, 41.42616546027205], [-72.10134987683897, 41.42618046027161], [-72.101541876903, 41.42621046027108], [-72.10186387701259, 41.4262974602774], [-72.10232987716849, 41.42637846027781], [-72.10647887855107, 41.42699846026162], [-72.10667587861298, 41.42696446024859], [-72.10726687879902, 41.42686446020974], [-72.10746487886132, 41.426831460196844], [-72.10801387903558, 41.426763460165596], [-72.10966387955915, 41.42655846007158], [-72.11021387973379, 41.42649146004049], [-72.11192288027135, 41.42619845992745], [-72.11293488058945, 41.42602045985963], [-72.12011788285608, 41.42491045940797], [-72.12080288307818, 41.424906459384665], [-72.12089388310764, 41.424905459381485], [-72.12116588319577, 41.42490345937215], [-72.12125788322565, 41.424903459369105], [-72.12219388352146, 41.42476645931175], [-72.1250048844098, 41.42435645913972], [-72.12594188470598, 41.42422045908251], [-72.12643088486128, 41.42416145905496], [-72.12789888532747, 41.423986458972685], [-72.12823688543483, 41.42394645895385], [-72.12866988555146, 41.423535458859824], [-72.12881288558988, 41.423397458828354], [-72.13021088596615, 41.42206545852396], [-72.13054088605453, 41.42174445845086], [-72.13100188617814, 41.42129645834876], [-72.131112886208, 41.42119045832453], [-72.13122688623872, 41.421082458299814], [-72.13156888633108, 41.4207624582265], [-72.13168388636218, 41.42065545820194]]], "crs": null}, "id": 422, "type": "Feature", "properties": {"category": "coal_closure", "name": "Census Tract 6936", "county": "New London County", "adjacent": "Yes", "geoid": "09011693600"}}, {"geometry": {"type": "Polygon", "coordinates": [[[-72.09652187550563, 41.4302064612113], [-72.09662187549168, 41.42940646105279], [-72.09646887540447, 41.428759460932326], [-72.09604487516664, 41.42703246061127], [-72.09594187510899, 41.42661446053357], [-72.09562187492921, 41.42530646029034], [-72.09495687458018, 41.42300945986657], [-72.09452187435181, 41.42150645958927], [-72.09435987426353, 41.42089145947528], [-72.09309487357424, 41.4160844585841], [-72.09302187353445, 41.41580645853259], [-72.09392187371637, 41.41390645813434], [-72.09414087376072, 41.413445458037664], [-72.09480187389521, 41.412065457748156], [-72.09502187394001, 41.41160645765183], [-72.09338687337896, 41.41108145760366], [-72.09255787307481, 41.410475457513286], [-72.09235387300363, 41.41038945750329], [-72.09243687302306, 41.41025945747538], [-72.0925068730388, 41.41013945744975], [-72.09266887307352, 41.409831457384705], [-72.09280287309916, 41.40952345732048], [-72.0928458731036, 41.40935945728728], [-72.09288587310772, 41.40920645725626], [-72.09294087310474, 41.408847457184784], [-72.09299387309122, 41.40831645707994], [-72.09299087307146, 41.407992457017194], [-72.09298987306795, 41.407937457006575], [-72.09299087306253, 41.4078384569873], [-72.0929968730093, 41.40688645680234], [-72.09281887295188, 41.40689245680933], [-72.09267887290669, 41.40689645681471], [-72.0926678729629, 41.40792845701537], [-72.0927938730038, 41.40792845701124], [-72.09279387300977, 41.40803145703126], [-72.09279687305114, 41.40872845716642], [-72.09268387305121, 41.40936245729318], [-72.09249987301992, 41.40985245739433], [-72.09221687295563, 41.41032845749599], [-72.09205387289853, 41.410255457487146], [-72.09124387261606, 41.40991745744815], [-72.08921587190997, 41.40908945735411], [-72.0891988719048, 41.40909545735582], [-72.08846487168083, 41.409340457427476], [-72.08806987155761, 41.40942645745715], [-72.08786787149431, 41.40946545747131], [-72.0876898714382, 41.409494457482836], [-72.08758387140415, 41.40950045748747], [-72.08684687116634, 41.409523457516116], [-72.08643687103185, 41.409499457524944], [-72.08626587093967, 41.408865457407515], [-72.0862518709322, 41.40881545739823], [-72.08615487088277, 41.4085054573413], [-72.08490987048229, 41.408566457393974], [-72.08509087056665, 41.40900845747384], [-72.08516287060327, 41.40923745751591], [-72.08424587028367, 41.40885745747225], [-72.08383287015214, 41.40890045749418], [-72.0834208700211, 41.408947457516824], [-72.08295086987314, 41.40902545754741], [-72.08214886960725, 41.40892845755494], [-72.08171386946238, 41.408864457556795], [-72.08087586917804, 41.40865145754293], [-72.08010186890837, 41.408331457506236], [-72.07960386873012, 41.408044457466886], [-72.07883886845052, 41.40750345738697], [-72.07819986821156, 41.406957457302], [-72.07773186802706, 41.40639445720809], [-72.07757186795696, 41.40608045715237], [-72.0773408678552, 41.40561845707027], [-72.07759086792653, 41.4054484570291], [-72.07812486807784, 41.40506945693799], [-72.07834986814096, 41.40489845689745], [-72.07857086820262, 41.4047244568564], [-72.07889886829311, 41.40444845679209], [-72.07900786832269, 41.40434945676924], [-72.07911786835207, 41.40424045674446], [-72.07922186837943, 41.4041294567195], [-72.07932086840486, 41.40401445669394], [-72.07950886845244, 41.403781456642555], [-72.07960986847735, 41.40364645661303], [-72.07979886852274, 41.40337045655327], [-72.07988586854276, 41.403229456523], [-72.0800028685682, 41.403012456477065], [-72.0800398685759, 41.40293845646144], [-72.08016886860023, 41.40263545639842], [-72.08022586860989, 41.402482456366855], [-72.08031486862257, 41.402202456309595], [-72.08036486862743, 41.40200645626988], [-72.0804048686289, 41.40180745622993], [-72.08043586862742, 41.40160845619027], [-72.0804518686236, 41.401452456159475], [-72.08045486862379, 41.40143945615687], [-72.08047986862171, 41.401263456121875], [-72.08049886861758, 41.4010854560867], [-72.08050986861082, 41.400907456051776], [-72.08051386861013, 41.400873456045076], [-72.08049186856623, 41.40023845592254], [-72.08049186856368, 41.40019445591399], [-72.08044886854961, 41.40019245591495], [-72.0778588677037, 41.40009845598172], [-72.07782686769316, 41.4000954559822], [-72.07773186766183, 41.40008645598361], [-72.07770086765156, 41.400083455984046], [-72.07763386762964, 41.400080455985666], [-72.07536986689065, 41.40000545604536], [-72.07259086598879, 41.40000545613655], [-72.07250986596254, 41.400005456139205], [-72.07234386590788, 41.39999245614218], [-72.07204886581083, 41.39996945614739], [-72.07191286576642, 41.39996445615082], [-72.0709018654364, 41.399931456177626], [-72.07012086518154, 41.39990645619841], [-72.06989586510853, 41.39990645620579], [-72.06889186478269, 41.39990645623873], [-72.06831086459414, 41.39990645625778], [-72.06288386283308, 41.39990845643618], [-72.0610758622464, 41.399909456495664], [-72.05720686098483, 41.39980645660251], [-72.04719885772167, 41.39954345687957], [-72.04563285721096, 41.399501456922735], [-72.0456028572012, 41.39950045692351], [-72.04507785703002, 41.399487456938196], [-72.04402885668799, 41.399459456967136], [-72.04254385620372, 41.39941945700801], [-72.04233085613427, 41.39941445701403], [-72.0422988561242, 41.399419457016045], [-72.04174285594904, 41.39951145705212], [-72.04015585543435, 41.399517457105325], [-72.03862885493916, 41.399524457156694], [-72.03698585440164, 41.39945045719617], [-72.0369718544017, 41.399530457212116], [-72.03718585448937, 41.399845457266274], [-72.0372198545108, 41.400025457300096], [-72.03716685450759, 41.40026745734885], [-72.03706985449715, 41.40063145742269], [-72.03700085448921, 41.40088145747349], [-72.03683585446942, 41.40146645759247], [-72.0366548544409, 41.40198945769994], [-72.03641585440023, 41.40262745783167], [-72.03629085438251, 41.40302345791262], [-72.03592185431334, 41.40389845809458], [-72.03562385429103, 41.405185458354204], [-72.03556985428658, 41.40541245840004], [-72.03501285417269, 41.40657045864313], [-72.03485385413569, 41.406823458697446], [-72.03463585408181, 41.40711445876109], [-72.0344158540238, 41.407346458813315], [-72.0341678539607, 41.40764745887989], [-72.0341258539496, 41.40769145888981], [-72.03394785390135, 41.407856458927675], [-72.03380385386694, 41.4080694589737], [-72.03367085383226, 41.40821645900663], [-72.03352385379222, 41.40834945903727], [-72.03340585375884, 41.40843445905764], [-72.0330698536707, 41.40879645913893], [-72.0330238536586, 41.40884545914993], [-72.03302885366283, 41.40889045915849], [-72.03306785369793, 41.40927845923253], [-72.03308185379335, 41.41085045953724], [-72.03308885380474, 41.41100845956767], [-72.03298685379275, 41.41137445964204], [-72.03288485378083, 41.41174045971641], [-72.03261485377446, 41.41314645999821], [-72.0340958544489, 41.41649646059991], [-72.03404285446632, 41.41709546071787], [-72.02900485305518, 41.42097346163558], [-72.02857085294269, 41.42146546174526], [-72.02813585282996, 41.42195746185497], [-72.02761085270166, 41.42268546201349], [-72.02708485257294, 41.423413462171986], [-72.02701485256266, 41.42362846221595], [-72.02694385255201, 41.42384246225983], [-72.02767785285012, 41.424876462436444], [-72.02816285304702, 41.42555946255306], [-72.02917785345925, 41.426989462797316], [-72.03006885382118, 41.42824546301184], [-72.0303008539133, 41.42853646306063], [-72.03038785394625, 41.42861746307353], [-72.03069985406472, 41.42891446312094], [-72.03099085417506, 41.42918846316454], [-72.03109285421351, 41.42928146317929], [-72.03112085422408, 41.42930646318322], [-72.03235285469317, 41.430501463374696], [-72.03318485500829, 41.43127946349832], [-72.03329385504912, 41.43137346351299], [-72.03337685508072, 41.4314534635258], [-72.03339585508799, 41.43147246352888], [-72.0335008551288, 41.43158946354813], [-72.03368085519975, 41.43180546358416], [-72.03391385529268, 41.43210346363433], [-72.03406985535716, 41.43234246367554], [-72.03420385541229, 41.43254446371035], [-72.0344348555128, 41.432984463788166], [-72.03454185555721, 41.433152463817216], [-72.03464285559838, 41.43329646384187], [-72.03465985560534, 41.43332146384616], [-72.03477185565058, 41.43347446387217], [-72.03483385567493, 41.433548463884485], [-72.03487385569036, 41.433590463891335], [-72.03496585572522, 41.433676463905], [-72.03500585574034, 41.43371346391084], [-72.03510085577562, 41.433790463922705], [-72.03524485582832, 41.43389246393773], [-72.03533285586043, 41.43395346394669], [-72.03546085590582, 41.434020463955505], [-72.03565385597429, 41.43412046396856], [-72.03598785609066, 41.43425746398423], [-72.0361678561539, 41.43434046399438], [-72.03683585639017, 41.434676464037686], [-72.03695185643166, 41.43474146404649], [-72.03700085644913, 41.434768464050116], [-72.03732485656546, 41.43496146407697], [-72.03813785685884, 41.435470464149], [-72.03830085691696, 41.435560464161114], [-72.03856985701218, 41.43569646417868], [-72.03906085718408, 41.4359124642045], [-72.0391948572317, 41.43598346421387], [-72.03925385725331, 41.436025464220094], [-72.03931285727562, 41.43608046422881], [-72.03934285728761, 41.43611846423522], [-72.03942285731898, 41.4362124642508], [-72.0394848573441, 41.43629846426547], [-72.03962585740132, 41.43649646429926], [-72.03965585741383, 41.4365434643074], [-72.03971085743659, 41.4366284643221], [-72.03977585746482, 41.4367514643438], [-72.03989585751818, 41.43700046438814], [-72.04002985757649, 41.43725646443346], [-72.04007085759359, 41.43732146444472], [-72.04014685762357, 41.43741346446007], [-72.04031185768528, 41.437553464481795], [-72.04042485772659, 41.43763346449359], [-72.04043985773195, 41.437642464494864], [-72.04062885780024, 41.437761464511745], [-72.0410808579611, 41.43800546454427], [-72.04157585813725, 41.438272464579825], [-72.04169485818018, 41.43834646459027], [-72.04174785819978, 41.43838746459649], [-72.04182885823062, 41.43846646460914], [-72.04191785826596, 41.43857746462775], [-72.0420108583046, 41.43872346465304], [-72.04221585839771, 41.439182464735325], [-72.04225085841468, 41.439278464752846], [-72.04246185848037, 41.43923046473656], [-72.04252485850067, 41.439227464733925], [-72.04262585853343, 41.439226464730424], [-72.04268185855169, 41.43922846472896], [-72.04282085859728, 41.439236464725994], [-72.04299585865475, 41.43924746472236], [-72.0434998588209, 41.43929146471436], [-72.04398885898256, 41.43934146470801], [-72.04442485912676, 41.43938746470264], [-72.04464185919849, 41.43940946469979], [-72.04472485922587, 41.43941646469846], [-72.04484685926616, 41.439428464696746], [-72.0450518593335, 41.43944246469277], [-72.04526585940364, 41.439453464687865], [-72.04547985947328, 41.43945646468142], [-72.04562985952164, 41.439450464675346], [-72.04577985956978, 41.43944046466852], [-72.0459298596182, 41.439436464662826], [-72.04611885968048, 41.439451464659506], [-72.04622385971527, 41.4394644646586], [-72.0463268597496, 41.439479464658085], [-72.04642385978224, 41.43949946465879], [-72.04658885983741, 41.43952646465867], [-72.04670785987805, 41.43956146466152], [-72.0467658598979, 41.43957946466311], [-72.04689485994263, 41.43962846466838], [-72.04722586005803, 41.43976546468407], [-72.04736586010684, 41.439823464690775], [-72.04781386026364, 41.44001946471405], [-72.04820786040234, 41.44020646473745], [-72.0483028604359, 41.44025246474325], [-72.04851886051371, 41.44038546476195], [-72.04891386065766, 41.44065646480155], [-72.04920286076246, 41.4408454648287], [-72.04934486081392, 41.44093846484208], [-72.04940286083499, 41.440976464847566], [-72.04975386096541, 41.44126146489135], [-72.05016386111843, 41.441605464944594], [-72.05039486120258, 41.44176246496746], [-72.05067386130061, 41.44189146498334], [-72.05106486143565, 41.44203146499766], [-72.05130286151665, 41.44209546500226], [-72.05145286156768, 41.44213546500506], [-72.05184686170026, 41.442216465007874], [-72.05211186178875, 41.44225846500733], [-72.05207786181029, 41.442821465117625], [-72.05204086182243, 41.443237465199495], [-72.052030861826, 41.44335546522275], [-72.05204786188767, 41.444324465410126], [-72.05208086190318, 41.44440746542508], [-72.05215786193864, 41.44458746545746], [-72.05218386195287, 41.444687465476036], [-72.05218386195781, 41.44477246549251], [-72.05216386195721, 41.444874465512946], [-72.05214086195356, 41.444940465526514], [-72.05210986194729, 41.44500546554013], [-72.05185586188884, 41.44541946562873], [-72.05182586188232, 41.44547546564061], [-72.05177886187366, 41.44558946566426], [-72.05170586186343, 41.44582146571162], [-72.05164486185608, 41.446036465755334], [-72.05157886184831, 41.44627246580324], [-72.05153786184636, 41.44646846584262], [-72.05150586184735, 41.44666446588168], [-72.05148186185097, 41.446861465920634], [-72.05145586185054, 41.446999465948245], [-72.05141086184851, 41.44721646599183], [-72.05137486184232, 41.447311466011406], [-72.05135886183884, 41.447341466017775], [-72.05132486183062, 41.447389466028206], [-72.05126586181545, 41.44745846604352], [-72.05121086180056, 41.4475094660552], [-72.05115186178418, 41.44755746606645], [-72.05102286174744, 41.447645466087735], [-72.05100986174365, 41.44765346608976], [-72.0507868616789, 41.447785466122625], [-72.04988386141402, 41.448273466246896], [-72.04968186135446, 41.448377466273726], [-72.04947586129337, 41.44847746629984], [-72.04938086126585, 41.44853446631405], [-72.04932486124984, 41.44857246632321], [-72.04924586122776, 41.44863346633765], [-72.04919286121387, 41.44869146635067], [-72.0491078611935, 41.44881646637766], [-72.04901186117284, 41.4489974664159], [-72.04899486116905, 41.44902746642231], [-72.04883886113451, 41.44930446648113], [-72.04874286111199, 41.44945446651338], [-72.04860686107868, 41.44964146655408], [-72.0485458610632, 41.44971646657061], [-72.04856186106842, 41.44971646657009], [-72.0484318610335, 41.44984246659881], [-72.04828286099826, 41.45006846664753], [-72.04817686097931, 41.450335466702775], [-72.04813386097857, 41.450563466748385], [-72.04811186098839, 41.45085646680594], [-72.04804786100733, 41.45154146694083], [-72.04800686100275, 41.45169146697128], [-72.04795386099444, 41.45184546700288], [-72.04781086097202, 41.45225946708782], [-72.04762686093356, 41.45262646716502], [-72.04721386084042, 41.45333346731568], [-72.04707086081216, 41.453646467381056], [-72.04694686078768, 41.45391946743806], [-72.04688486077653, 41.45407346746996], [-72.04674186075117, 41.45443746754521], [-72.04651986071136, 41.454993467660316], [-72.04635086067763, 41.455358467736616], [-72.04614286063457, 41.45578046782523], [-72.04603786061664, 41.45605946788279], [-72.04599086060875, 41.45618646790898], [-72.04592686059966, 41.45638846795017], [-72.04588986060014, 41.45660346799309], [-72.04585686060837, 41.456930468057614], [-72.04582786061619, 41.45722746811613], [-72.04582186062075, 41.45734046813823], [-72.0458078606287, 41.45755546818036], [-72.04578986063538, 41.45777146822284], [-72.04576886064021, 41.4579724682625], [-72.04576286064216, 41.458039468275686], [-72.04575786064629, 41.45813846829502], [-72.04575386065069, 41.45823746831438], [-72.04574986065222, 41.458286468324], [-72.04574286065284, 41.45833546833373], [-72.04572186065123, 41.458425468351855], [-72.04569686064832, 41.458515468370116], [-72.04565286064175, 41.45864846839736], [-72.04564886064098, 41.45865746839921], [-72.04560486063376, 41.458779468424325], [-72.04551186061686, 41.45900846847179], [-72.04546186060718, 41.45912146849532], [-72.0454088605965, 41.459234468518986], [-72.0453448605833, 41.45936546854647], [-72.04527786056909, 41.45949546857388], [-72.04520486055344, 41.45963446860322], [-72.04512886053675, 41.45977146863227], [-72.04506886052263, 41.45986446865227], [-72.04501686051044, 41.459945468669645], [-72.04489486048067, 41.46011546870661], [-72.0448328604655, 41.460200468725134], [-72.04477286045093, 41.4602854687436], [-72.04468586042962, 41.46040546876971], [-72.044597860408, 41.460525468795836], [-72.0445558603979, 41.46058646880905], [-72.04451586038844, 41.4606474688222], [-72.04445886037524, 41.460738468841726], [-72.04440486036306, 41.4608304688613], [-72.0443558603525, 41.46092346888096], [-72.04430686034327, 41.461038468904846], [-72.04426686033698, 41.46115446892865], [-72.04423086033218, 41.46127246895267], [-72.04419686032796, 41.46139046897672], [-72.04412986032064, 41.46163946902717], [-72.04407286031673, 41.46189046907771], [-72.04401686031306, 41.46214146912817], [-72.0439478603083, 41.462445469189404], [-72.04391486030583, 41.46258746921799], [-72.04391286030578, 41.46259746921996], [-72.04387586030256, 41.462749469250674], [-72.04383786029913, 41.46290346928177], [-72.04381786029704, 41.46297946929715], [-72.04379386029366, 41.4630554693127], [-72.04375886028782, 41.46315046933224], [-72.04371786027995, 41.463244469351785], [-72.04365386026612, 41.463364469377154], [-72.0436178602579, 41.46342346938979], [-72.0435798602489, 41.46348146940229], [-72.04351186023227, 41.46357546942274], [-72.04343686021328, 41.46366746944303], [-72.04335586019211, 41.46375646946294], [-72.04327586017213, 41.46386046948568], [-72.0431828601478, 41.46396146950836], [-72.04303186010831, 41.46412546954508], [-72.04299586009898, 41.46416646955423], [-72.04291986008064, 41.46427546957785], [-72.04291286007904, 41.464287469580384], [-72.04285486006563, 41.46438046960031], [-72.04284786006401, 41.46439246960288], [-72.04281286005616, 41.46445246961568], [-72.04280086005356, 41.46447546962053], [-72.04271986003685, 41.46464046965516], [-72.04268986003075, 41.46470346966836], [-72.04266586002626, 41.464760469680165], [-72.04263786002285, 41.464858469700104], [-72.04262886002512, 41.46494746971767], [-72.04262986002874, 41.46500446972866], [-72.04263886003491, 41.46506046973925], [-72.04265786004375, 41.46510646974753], [-72.04283386011814, 41.46540346979932], [-72.04287086013487, 41.46548546981402], [-72.04293086016418, 41.465654469844786], [-72.04297586018765, 41.46580746987297], [-72.04306586023654, 41.466146469935715], [-72.04311086026188, 41.46633146997008], [-72.04313086027456, 41.46643746999], [-72.04313186027555, 41.466449469992256], [-72.04314686028596, 41.466544470010234], [-72.0431578602968, 41.466670470034266], [-72.0431618603054, 41.46679647005857], [-72.04315686030873, 41.46688147007521], [-72.04316286031461, 41.4669494700882], [-72.04318986034957, 41.467400470174745], [-72.04320286037367, 41.467743470240755], [-72.0432088603945, 41.468069470303725], [-72.04321786042124, 41.46847947038294], [-72.04323386044096, 41.46872947043086], [-72.04324686044997, 41.468812470446494], [-72.04328186046826, 41.46893147046845], [-72.04331886048517, 41.46901647048366], [-72.04336286050426, 41.469099470498314], [-72.04346186054592, 41.46926247052665], [-72.04369886064373, 41.46962247058864], [-72.04380486068814, 41.46979447061853], [-72.04391886073682, 41.469995470653735], [-72.04396686075845, 41.47009947067229], [-72.04404286079615, 41.4703244707134], [-72.04409486082363, 41.47050647074703], [-72.04426586092109, 41.471229470881504], [-72.04431186094867, 41.47144747092222], [-72.04432086095626, 41.47152747093743], [-72.04432086096271, 41.47163847095896], [-72.04431186096618, 41.47174947098079], [-72.04430886096603, 41.471763470983575], [-72.04429986096726, 41.47183447099767], [-72.04422686096665, 41.47223247107715], [-72.04416486096467, 41.47254547113985], [-72.0440888609649, 41.47297447122548], [-72.04401686096637, 41.47340347131098], [-72.04399186096899, 41.47358847134764], [-72.04395086096712, 41.473785471387174], [-72.04383086096239, 41.47437547150544], [-72.04379086096087, 41.47457347154514], [-72.04376786096297, 41.47473847157791], [-72.0437248609681, 41.47506747164302], [-72.0437118609736, 41.47523447167586], [-72.04369986097939, 41.47540147170859], [-72.0436848609854, 41.475588471745304], [-72.04366786099325, 41.475819471790686], [-72.0436228609978, 41.47614947185606], [-72.04345586102467, 41.47754747213242], [-72.04335286104192, 41.47842047230498], [-72.04329486103734, 41.478666472354554], [-72.04316286102772, 41.4792394724699], [-72.04310786102323, 41.47946947251632], [-72.04301986101456, 41.47981247258564], [-72.04291786100492, 41.48021647266728], [-72.0427868609926, 41.48073747277253], [-72.04262586097421, 41.48132147289097], [-72.04224186089526, 41.48211047305643], [-72.04197586084246, 41.48268847317717], [-72.04182486081285, 41.483023473247044], [-72.04175186079867, 41.483187473281205], [-72.04170886079145, 41.48330347330507], [-72.04168086078916, 41.48342047332865], [-72.04167086079268, 41.483537473351625], [-72.04167986080526, 41.48370347338356], [-72.04170386082181, 41.48385447341197], [-72.04174186084242, 41.48399747343845], [-72.04179186086533, 41.484111473458896], [-72.04184486088937, 41.484229473480006], [-72.04194886093612, 41.484453473520006], [-72.04196086094154, 41.484479473524644], [-72.04198086095013, 41.48451547353097], [-72.04200586096115, 41.484565473539824], [-72.04211786099665, 41.48455047353322], [-72.04238486108402, 41.48456147352661], [-72.04245586110811, 41.48457947352778], [-72.04256586114548, 41.48460747352958], [-72.04291486126135, 41.484651473526654], [-72.04378486156502, 41.48501447356841], [-72.04583786224052, 41.48516547353027], [-72.04646186244587, 41.4852114735187], [-72.04672886253375, 41.48523147351381], [-72.0475398627932, 41.48516347347401], [-72.0483608630558, 41.485094473433676], [-72.04881086319973, 41.48505647341152], [-72.04904186327366, 41.485036473400065], [-72.04927286334755, 41.48501747338878], [-72.04990886355095, 41.48496347335746], [-72.05007686360473, 41.48495047334939], [-72.05145986403306, 41.48459147323443], [-72.05230086429344, 41.48437247316436], [-72.05314286455427, 41.484154473094506], [-72.05358286469045, 41.484039473057784], [-72.05402186482638, 41.4839244730211], [-72.05448486496972, 41.4838044729826], [-72.0549468651129, 41.483685472944394], [-72.05507086515127, 41.483653472934144], [-72.05561986530972, 41.483311472849806], [-72.05566386532246, 41.48328447284313], [-72.05576586534904, 41.48317247281809], [-72.05598486540636, 41.48293447276482], [-72.05710086569695, 41.48169847248869], [-72.05779786586933, 41.48076947228577], [-72.05799686591777, 41.48049047222519], [-72.05819686596656, 41.48021247216477], [-72.05841786602046, 41.479904472097836], [-72.0586038660219, 41.47888947189505], [-72.05861486602218, 41.47883247188364], [-72.05871186602289, 41.47830247177777], [-72.0585928659315, 41.477394471605784], [-72.05846286583227, 41.47641247141974], [-72.05833386573332, 41.475430471233686], [-72.05809286554847, 41.47359447088586], [-72.05877086573074, 41.472941470737034], [-72.05997086605356, 41.47179047047459], [-72.0601268660955, 41.47164047044037], [-72.06028286613744, 41.47149047040617], [-72.0604098661682, 41.4713104703671], [-72.06053786619934, 41.47113047032802], [-72.06126486637571, 41.47010247010497], [-72.06131386638754, 41.47003147008953], [-72.06199086655184, 41.46907546988206], [-72.06310486682204, 41.46749946954002], [-72.06366486697166, 41.466944469414045], [-72.06391586703876, 41.46669646935774], [-72.06416586710553, 41.46644846930146], [-72.06470886725053, 41.46590946917915], [-72.06491586730588, 41.46570446913264], [-72.06508686735842, 41.46565346911715], [-72.0657178675524, 41.46546546905999], [-72.06634886774636, 41.4652774690028], [-72.0664548677776, 41.46522246898868], [-72.06656186780921, 41.46516846897467], [-72.06706986795898, 41.46490746890741], [-72.06740286805724, 41.464737468863525], [-72.06824486830558, 41.464306468752326], [-72.0692218685938, 41.46380646862332], [-72.06923486859776, 41.463802468622134], [-72.0700218688419, 41.46360646855827], [-72.07026686886266, 41.46259346835387], [-72.07082186891009, 41.46030646789238], [-72.07121386899873, 41.45964146775056], [-72.07174486911907, 41.458744467559235], [-72.07180386913238, 41.45864346753773], [-72.07186386914596, 41.458542467516175], [-72.07212186920445, 41.458106467423185], [-72.07362186958692, 41.45630646702497], [-72.07574387017023, 41.45448646660241], [-72.07642187035667, 41.453906466467686], [-72.08052187150193, 41.450706465712564], [-72.08159887180264, 41.449863465513765], [-72.0828218721441, 41.44890646528799], [-72.08412187247903, 41.44740646495447], [-72.0849148726608, 41.446103464675765], [-72.08552187279997, 41.44510646446245], [-72.08652187297945, 41.44260646394482], [-72.08702487307596, 41.44145546370508], [-72.08792187324815, 41.43940646327827], [-72.09099487413212, 41.43745046279791], [-72.09122187419746, 41.43730646276254], [-72.0920688744478, 41.43688246265246], [-72.09242187455212, 41.436706462606715], [-72.09295787468879, 41.43606346246444], [-72.0931828747462, 41.435794462404864], [-72.09340687480325, 41.43552446234514], [-72.09342187480709, 41.43550646234114], [-72.09417787496461, 41.433993462022855], [-72.0947218750781, 41.43290646179417], [-72.09486387510769, 41.43262146173421], [-72.09502187514069, 41.4323064616679], [-72.09544687525391, 41.43188046157131], [-72.0956728753142, 41.431655461520236], [-72.09612187543388, 41.43120646141838], [-72.0963858754811, 41.430544461281315], [-72.09652187550563, 41.4302064612113]]], "crs": null}, "id": 425, "type": "Feature", "properties": {"category": "coal_closure", "name": "Census Tract 7012", "county": "New London County", "adjacent": "Yes", "geoid": "09011701200"}}, {"geometry": {"type": "Polygon", "coordinates": [[[-72.11658088444275, 41.47194146864197], [-72.11656388440021, 41.47130446851913], [-72.11655488436786, 41.470799468421596], [-72.11648888431505, 41.47026046831933], [-72.11643588427808, 41.46992046825521], [-72.11590988393766, 41.46700546770767], [-72.1154948836651, 41.46463746726247], [-72.11512888342429, 41.46254046686816], [-72.11505888335938, 41.46181546672999], [-72.1150138832948, 41.46095646656493], [-72.1150228832863, 41.4607604665267], [-72.1146998831782, 41.460704466526444], [-72.11459288314201, 41.460679466525136], [-72.11404288295697, 41.460567466521525], [-72.1137678828644, 41.46051146651976], [-72.11255488245462, 41.460235466506155], [-72.11231788237417, 41.46017546650236], [-72.11211688230507, 41.46010946649618], [-72.1119198822368, 41.46003546648829], [-72.11176988218429, 41.45996946648048], [-72.11160088212507, 41.459894466471475], [-72.1113188820254, 41.459754466453624], [-72.11106188193344, 41.459608466433835], [-72.11090088187456, 41.459494466416984], [-72.11086288186063, 41.45946746641302], [-72.1107528818194, 41.45937246639823], [-72.11061588176585, 41.45921646637249], [-72.11056188174345, 41.45913246635797], [-72.11048988171034, 41.45896446632781], [-72.11042788167542, 41.45871046628065], [-72.11037788164967, 41.45854646625045], [-72.11033088162452, 41.458376466219086], [-72.11029288160559, 41.45826346619842], [-72.1102678815944, 41.458210466188945], [-72.11018888156185, 41.458092466168694], [-72.11013288154, 41.45802846615813], [-72.11006788151563, 41.457972466149435], [-72.10997388148176, 41.45791446614127], [-72.1097668814098, 41.45783246613222], [-72.10965988137342, 41.45780446613028], [-72.1095948813517, 41.45779346613029], [-72.10951688132569, 41.45778146613053], [-72.1093718812777, 41.45776646613242], [-72.10923388123118, 41.45773646613112], [-72.10904588116563, 41.45765846612219], [-72.10898888114524, 41.457626466117844], [-72.10890288111369, 41.45756446610871], [-72.1087568810579, 41.457419466085355], [-72.10864788101507, 41.45729146606418], [-72.10829788087293, 41.456801465980725], [-72.1082398808499, 41.45672846596849], [-72.1081578808186, 41.45664846595566], [-72.10747388056328, 41.45607546586713], [-72.10692388035835, 41.45562246579737], [-72.1062598801111, 41.45507646571339], [-72.10599388001492, 41.45490746568942], [-72.10590488000155, 41.4551744657441], [-72.10520787996846, 41.45849746641111], [-72.10482887993467, 41.460032466721074], [-72.10481287993406, 41.46011046673675], [-72.10473687990516, 41.460038466725315], [-72.10455087984555, 41.460051466733916], [-72.10339587947651, 41.46015246679152], [-72.10322487942108, 41.46015446679754], [-72.10311287938437, 41.46014846680007], [-72.10300487934825, 41.46013046680012], [-72.10279187927465, 41.46005346679218], [-72.10264387922244, 41.459982466783295], [-72.1022388790761, 41.45972646674702], [-72.10209487902493, 41.459650466736996], [-72.10195187897482, 41.459586466729355], [-72.10162487886184, 41.45946946671738], [-72.10153087883022, 41.459450466716845], [-72.10143287879797, 41.45944246671848], [-72.10133387876608, 41.459447466722686], [-72.10124087873723, 41.4594704667302], [-72.10115287871064, 41.45950446673972], [-72.10106587868513, 41.4595514667517], [-72.10077787860132, 41.459718466793504], [-72.10057887854612, 41.45987946683131], [-72.10050387852627, 41.45995746684887], [-72.10040987849507, 41.45994546684962], [-72.09985687831545, 41.45994346686742], [-72.09964287824624, 41.45994846687547], [-72.09948687819583, 41.459952466881376], [-72.09891487801092, 41.45996546690266], [-72.09720187745725, 41.46000746696716], [-72.09681887733349, 41.46001746698173], [-72.0966318772724, 41.46001146698668], [-72.09649487722791, 41.46001146699119], [-72.09584587701757, 41.460017467013735], [-72.09558787693443, 41.46002746702413], [-72.09551387691059, 41.460030467027146], [-72.09513587678943, 41.4600574670448], [-72.09438187654851, 41.4601244670826], [-72.09347487625728, 41.460179467123105], [-72.09329387619874, 41.46018346712981], [-72.09246487592914, 41.460175467155565], [-72.09200087577837, 41.460172467170246], [-72.0914218755913, 41.46018846719234], [-72.09112287549472, 41.460196467203765], [-72.09022787520553, 41.46022046723785], [-72.09018787519264, 41.46022246723953], [-72.09000487513278, 41.460214467243965], [-72.08992987510804, 41.460207467245105], [-72.0899128751024, 41.46020546724527], [-72.0897808750576, 41.460172467243254], [-72.08972987504008, 41.46015546724163], [-72.08941487493183, 41.46005246723199], [-72.08918187485109, 41.45996546722277], [-72.08914587483851, 41.4599494672209], [-72.08895587477215, 41.45986946721162], [-72.08880687472085, 41.45981846720664], [-72.08802187445187, 41.45957546718534], [-72.087633874319, 41.459456467175045], [-72.08699887410096, 41.4592524671564], [-72.08664087397676, 41.4591144671414], [-72.08623187383776, 41.4590084671343], [-72.08579187368908, 41.45890746712917], [-72.08542487356385, 41.45880246712092], [-72.08520587348983, 41.45875246711837], [-72.0850438734351, 41.45871546711656], [-72.08475687333889, 41.45866346711593], [-72.08423787316808, 41.458623467125236], [-72.08410187312333, 41.45861346712774], [-72.08383487303368, 41.45856246712663], [-72.0836868729838, 41.45853146712552], [-72.08256987260802, 41.45830446711824], [-72.08204187243093, 41.458207467116765], [-72.08162387229083, 41.45813146711578], [-72.08149587224712, 41.4580944671128], [-72.08138587220874, 41.45804846710749], [-72.08108287210312, 41.45792346709326], [-72.08105887209476, 41.457913467092084], [-72.08094987205675, 41.45786846708693], [-72.08076687200123, 41.45793546710593], [-72.08059487194873, 41.45799346712286], [-72.08035787187595, 41.4580654671446], [-72.08007287178765, 41.4581374671679], [-72.07960687164243, 41.458242467203604], [-72.07872687136707, 41.45842046726701], [-72.07690687079779, 41.45879246739891], [-72.07645287065671, 41.45890146743497], [-72.07609887054775, 41.459004467466585], [-72.07589787048661, 41.45907546748695], [-72.07568787042385, 41.45916846751187], [-72.07545287035508, 41.45929746754461], [-72.07511287025817, 41.45953046760094], [-72.07512087025853, 41.45949146759309], [-72.07510987025341, 41.45946546758843], [-72.07505887023119, 41.459367467571134], [-72.07398086986905, 41.459158467566056], [-72.07290286950698, 41.45895046756112], [-72.07232386931304, 41.4588474675602], [-72.07174486911907, 41.458744467559235], [-72.07121386899873, 41.45964146775056], [-72.07082186891009, 41.46030646789238], [-72.07026686886266, 41.46259346835387], [-72.0700218688419, 41.46360646855827], [-72.06992186893798, 41.465819468990446], [-72.07042086924558, 41.46832646945997], [-72.07062286937008, 41.469340469649836], [-72.0713238697029, 41.47115146997772], [-72.07157286980215, 41.47146847003097], [-72.07282387030112, 41.47306447029912], [-72.0733018705226, 41.47420547050452], [-72.07362487067226, 41.47497647064329], [-72.07352487072747, 41.476484470938765], [-72.07342487080614, 41.47839647131252], [-72.07363887091816, 41.47912847144733], [-72.07403287112423, 41.48047247169473], [-72.07442587132996, 41.4818164719422], [-72.07495287153259, 41.482358472029865], [-72.07548087173565, 41.482901472117696], [-72.07761387255582, 41.4850944724724], [-72.08034987366983, 41.48897247313359], [-72.08049887373046, 41.48918247316935], [-72.08102087407013, 41.49210747371868], [-72.08196387440931, 41.49267347379728], [-72.0829068747485, 41.49323947387587], [-72.08341387493081, 41.4935434739181], [-72.08392087511317, 41.493847473960265], [-72.08401387514775, 41.493922473971764], [-72.08541687563117, 41.49440047401816], [-72.08665087605641, 41.4948214740591], [-72.08681587611325, 41.49487747406449], [-72.08935587698846, 41.4957424741484], [-72.0915268777366, 41.496482474220265], [-72.09189187786242, 41.49660747423246], [-72.09368287847958, 41.49721847429183], [-72.09428987866308, 41.49698447422655], [-72.09454387873862, 41.49686447419492], [-72.0952938789616, 41.49651147410193], [-72.09710387950587, 41.49576447389764], [-72.09728287955821, 41.495665473872606], [-72.09731887956882, 41.49564647386774], [-72.09760287965291, 41.49550747383146], [-72.09759587964828, 41.495466473823754], [-72.09755987963545, 41.49544747382125], [-72.09741387958918, 41.495466473829744], [-72.09731887955321, 41.49537847381582], [-72.09733287955487, 41.49532947380588], [-72.09734187955738, 41.49532147380407], [-72.09753687961197, 41.49517247376877], [-72.0976978796611, 41.495117473752856], [-72.09786587970463, 41.49492847371067], [-72.09789587971015, 41.494856473695755], [-72.09801187973233, 41.49458947364023], [-72.09808387975109, 41.49451047362259], [-72.09823787979715, 41.49444247360435], [-72.09843487985928, 41.494411473591825], [-72.09890888001726, 41.494481473589765], [-72.09899688004784, 41.494515473593474], [-72.09915088010099, 41.494569473598844], [-72.09921388012279, 41.494592473601216], [-72.09948088022502, 41.49485847364396], [-72.09952188024066, 41.49489847365037], [-72.09954588025205, 41.4949604736616], [-72.0995808802684, 41.49504647367711], [-72.0996818803034, 41.495083473680914], [-72.09974488032519, 41.4951064736833], [-72.09994988039328, 41.495132473681565], [-72.1004378805979, 41.4959254738191], [-72.10042788060731, 41.49614247386141], [-72.09985988044338, 41.4964944739483], [-72.1000038804977, 41.496624473968744], [-72.10013188054592, 41.49673847398661], [-72.10025988059408, 41.496852474004456], [-72.10086588078603, 41.49676947396841], [-72.10113588087884, 41.49685747397657], [-72.10181488111344, 41.49709947400108], [-72.10204888123835, 41.49793847415582], [-72.10213188126787, 41.497982474161596], [-72.1032818816765, 41.49858647424069], [-72.10395488192151, 41.499040474306426], [-72.104121881977, 41.499062474305184], [-72.10424688201832, 41.49907447430337], [-72.10477088218083, 41.4989434742608], [-72.10514488230201, 41.49893947424765], [-72.10558488245343, 41.49908547426146], [-72.10580688253398, 41.4992304742822], [-72.10631088270864, 41.49941947430223], [-72.10652988279003, 41.49959547432911], [-72.10669388285639, 41.499820474367255], [-72.10672088287434, 41.49997847439696], [-72.10671788287524, 41.50001047440324], [-72.10669588287388, 41.500109474423084], [-72.1066308828576, 41.500192474441334], [-72.10638988281103, 41.50073547455439], [-72.10629488278845, 41.50087847458524], [-72.10621488278007, 41.50117947464614], [-72.1062368827946, 41.50130647467003], [-72.10633188283755, 41.50151447470716], [-72.10642688287224, 41.50158047471681], [-72.10652188290537, 41.501618474721006], [-72.10666788295373, 41.501635474719485], [-72.10704788307713, 41.50163547470696], [-72.1071428831089, 41.50165147470695], [-72.10722988314002, 41.501700474713566], [-72.10729588317074, 41.50185947474217], [-72.10749288325681, 41.50223847480907], [-72.10798288345075, 41.50283647490872], [-72.10831888356273, 41.502885474907124], [-72.10852988362679, 41.502808474885235], [-72.10866188366617, 41.502748474869314], [-72.10875588369156, 41.502660474849186], [-72.10923088382913, 41.50237447477813], [-72.1097118839722, 41.50214947471874], [-72.10990888403202, 41.502078474698514], [-72.11023788413569, 41.50202347467698], [-72.11039788418475, 41.501973474662066], [-72.11079188431073, 41.50194047464271], [-72.11119388444514, 41.50200647464224], [-72.11136888450389, 41.50203947464284], [-72.11168288460615, 41.50204447463345], [-72.11190888466864, 41.50185747458981], [-72.11195988466828, 41.501567474531996], [-72.1121128846914, 41.50111147443867], [-72.1121778847058, 41.500996474414286], [-72.11227288473216, 41.5009194743962], [-72.11244088478219, 41.500842474375794], [-72.11352088511659, 41.50056247428601], [-72.1138568852225, 41.50050747426427], [-72.11408288529616, 41.500512474257775], [-72.11468088549552, 41.50060047425511], [-72.11489288556749, 41.500654474258624], [-72.11542688575408, 41.50088047428478], [-72.11544088575602, 41.5008354742756], [-72.11553188576879, 41.500547474216845], [-72.1155608857671, 41.50035747417906], [-72.11560688576395, 41.50004747411758], [-72.11565288572555, 41.499132473938886], [-72.11562688569427, 41.49874047386387], [-72.1156138856787, 41.49854647382671], [-72.11555788564063, 41.49820447376235], [-72.11530688549226, 41.49705747354854], [-72.11504588532097, 41.49557347326979], [-72.11492488524713, 41.494980473158975], [-72.11476388513584, 41.49396747296814], [-72.1146428850528, 41.49321747282684], [-72.11464088505018, 41.49318347282035], [-72.11463588504758, 41.493166472817215], [-72.11458888501868, 41.49293247277347], [-72.11443288492396, 41.492176472632195], [-72.11441488491263, 41.4920824726146], [-72.11436388487948, 41.49179747256106], [-72.11428188481285, 41.49111147243095], [-72.11424188478023, 41.490774472367], [-72.1142328847602, 41.49048047231037], [-72.11425688473832, 41.489971472210975], [-72.1142818847339, 41.48975647216856], [-72.114316884733, 41.4895454721265], [-72.1144058847411, 41.489188472054416], [-72.11443888474474, 41.48906747202993], [-72.1146288847679, 41.48840547189549], [-72.11466088477266, 41.488309471875795], [-72.1147368847849, 41.48809647183207], [-72.11475988478831, 41.48802647181776], [-72.11479288479363, 41.48793347179867], [-72.11487988480663, 41.487671471745024], [-72.11498688482308, 41.4873574716807], [-72.1150048848254, 41.48729747166846], [-72.11501788482748, 41.48726047166091], [-72.11510988484163, 41.48699047160558], [-72.11531088486727, 41.48631047146728], [-72.11544888488544, 41.48585347137419], [-72.11566188490977, 41.48508347121804], [-72.11568488491206, 41.48499447120005], [-72.11570788491277, 41.48487847117682], [-72.11578688491473, 41.48447247109558], [-72.11581688491158, 41.48425147105178], [-72.11586188491192, 41.48400647100284], [-72.11587288491133, 41.48393447098854], [-72.11591888489562, 41.48340847088517], [-72.11592988489217, 41.48328847086154], [-72.11595188488556, 41.48305247081512], [-72.11595788488023, 41.48292647079048], [-72.11596488487542, 41.48280547076685], [-72.11597388486774, 41.482623470731305], [-72.11597988485306, 41.482337470675695], [-72.11598388484602, 41.48219447064789], [-72.11598888482742, 41.48184747058046], [-72.11602488481613, 41.4814524705028], [-72.11605888479038, 41.48082147037947], [-72.11608888476957, 41.480297470276945], [-72.11610388475904, 41.480032470225154], [-72.11615788471336, 41.47894647001297], [-72.11622388468767, 41.478138469854294], [-72.11627788464055, 41.477027469637264], [-72.11632288461725, 41.47637646950967], [-72.11632788461537, 41.4763164694979], [-72.11634788459503, 41.47585546940794], [-72.11635388456953, 41.47538446931648], [-72.1164278845331, 41.47434546911276], [-72.11658088444275, 41.47194146864197]]], "crs": null}, "id": 426, "type": "Feature", "properties": {"category": "coal_closure", "name": "Census Tract 8705.01", "county": "New London County", "adjacent": "Yes", "geoid": "09011870501"}}, {"geometry": {"type": "Polygon", "coordinates": [[[-72.12802188537638, 41.42414145899871], [-72.12823688543483, 41.42394645895385], [-72.12789888532747, 41.423986458972685], [-72.12643088486128, 41.42416145905496], [-72.12594188470598, 41.42422045908251], [-72.1250048844098, 41.42435645913972], [-72.12219388352146, 41.42476645931175], [-72.12125788322565, 41.424903459369105], [-72.12116588319577, 41.42490345937215], [-72.12089388310764, 41.424905459381485], [-72.12080288307818, 41.424906459384665], [-72.12011788285608, 41.42491045940797], [-72.11293488058945, 41.42602045985963], [-72.11192288027135, 41.42619845992745], [-72.11021387973379, 41.42649146004049], [-72.10966387955915, 41.42655846007158], [-72.10801387903558, 41.426763460165596], [-72.10746487886132, 41.426831460196844], [-72.10726687879902, 41.42686446020974], [-72.10667587861298, 41.42696446024859], [-72.10647887855107, 41.42699846026162], [-72.10232987716849, 41.42637846027781], [-72.10186387701259, 41.4262974602774], [-72.101541876903, 41.42621046027108], [-72.10134987683897, 41.42618046027161], [-72.10124787680498, 41.42616546027205], [-72.09562187492921, 41.42530646029034], [-72.09594187510899, 41.42661446053357], [-72.09604487516664, 41.42703246061127], [-72.09646887540447, 41.428759460932326], [-72.09662187549168, 41.42940646105279], [-72.09652187550563, 41.4302064612113], [-72.0963858754811, 41.430544461281315], [-72.09612187543388, 41.43120646141838], [-72.0956728753142, 41.431655461520236], [-72.09544687525391, 41.43188046157131], [-72.09502187514069, 41.4323064616679], [-72.09486387510769, 41.43262146173421], [-72.0947218750781, 41.43290646179417], [-72.09417787496461, 41.433993462022855], [-72.09342187480709, 41.43550646234114], [-72.09340687480325, 41.43552446234514], [-72.0931828747462, 41.435794462404864], [-72.09295787468879, 41.43606346246444], [-72.09242187455212, 41.436706462606715], [-72.0920688744478, 41.43688246265246], [-72.09122187419746, 41.43730646276254], [-72.09099487413212, 41.43745046279791], [-72.08792187324815, 41.43940646327827], [-72.08702487307596, 41.44145546370508], [-72.08652187297945, 41.44260646394482], [-72.08552187279997, 41.44510646446245], [-72.0849148726608, 41.446103464675765], [-72.08412187247903, 41.44740646495447], [-72.0828218721441, 41.44890646528799], [-72.08159887180264, 41.449863465513765], [-72.08052187150193, 41.450706465712564], [-72.07642187035667, 41.453906466467686], [-72.07574387017023, 41.45448646660241], [-72.07362186958692, 41.45630646702497], [-72.07212186920445, 41.458106467423185], [-72.07186386914596, 41.458542467516175], [-72.07180386913238, 41.45864346753773], [-72.07174486911907, 41.458744467559235], [-72.07232386931304, 41.4588474675602], [-72.07290286950698, 41.45895046756112], [-72.07398086986905, 41.459158467566056], [-72.07505887023119, 41.459367467571134], [-72.07510987025341, 41.45946546758843], [-72.07512087025853, 41.45949146759309], [-72.07511287025817, 41.45953046760094], [-72.07545287035508, 41.45929746754461], [-72.07568787042385, 41.45916846751187], [-72.07589787048661, 41.45907546748695], [-72.07609887054775, 41.459004467466585], [-72.07645287065671, 41.45890146743497], [-72.07690687079779, 41.45879246739891], [-72.07872687136707, 41.45842046726701], [-72.07960687164243, 41.458242467203604], [-72.08007287178765, 41.4581374671679], [-72.08035787187595, 41.4580654671446], [-72.08059487194873, 41.45799346712286], [-72.08076687200123, 41.45793546710593], [-72.08094987205675, 41.45786846708693], [-72.08105887209476, 41.457913467092084], [-72.08108287210312, 41.45792346709326], [-72.08138587220874, 41.45804846710749], [-72.08149587224712, 41.4580944671128], [-72.08162387229083, 41.45813146711578], [-72.08204187243093, 41.458207467116765], [-72.08256987260802, 41.45830446711824], [-72.0836868729838, 41.45853146712552], [-72.08383487303368, 41.45856246712663], [-72.08410187312333, 41.45861346712774], [-72.08423787316808, 41.458623467125236], [-72.08475687333889, 41.45866346711593], [-72.0850438734351, 41.45871546711656], [-72.08520587348983, 41.45875246711837], [-72.08542487356385, 41.45880246712092], [-72.08579187368908, 41.45890746712917], [-72.08623187383776, 41.4590084671343], [-72.08664087397676, 41.4591144671414], [-72.08699887410096, 41.4592524671564], [-72.087633874319, 41.459456467175045], [-72.08802187445187, 41.45957546718534], [-72.08880687472085, 41.45981846720664], [-72.08895587477215, 41.45986946721162], [-72.08914587483851, 41.4599494672209], [-72.08918187485109, 41.45996546722277], [-72.08941487493183, 41.46005246723199], [-72.08972987504008, 41.46015546724163], [-72.0897808750576, 41.460172467243254], [-72.0899128751024, 41.46020546724527], [-72.08992987510804, 41.460207467245105], [-72.09000487513278, 41.460214467243965], [-72.09018787519264, 41.46022246723953], [-72.09022787520553, 41.46022046723785], [-72.09112287549472, 41.460196467203765], [-72.0914218755913, 41.46018846719234], [-72.09200087577837, 41.460172467170246], [-72.09246487592914, 41.460175467155565], [-72.09329387619874, 41.46018346712981], [-72.09347487625728, 41.460179467123105], [-72.09438187654851, 41.4601244670826], [-72.09513587678943, 41.4600574670448], [-72.09551387691059, 41.460030467027146], [-72.09558787693443, 41.46002746702413], [-72.09584587701757, 41.460017467013735], [-72.09649487722791, 41.46001146699119], [-72.0966318772724, 41.46001146698668], [-72.09681887733349, 41.46001746698173], [-72.09720187745725, 41.46000746696716], [-72.09891487801092, 41.45996546690266], [-72.09948687819583, 41.459952466881376], [-72.09964287824624, 41.45994846687547], [-72.09985687831545, 41.45994346686742], [-72.10040987849507, 41.45994546684962], [-72.10050387852627, 41.45995746684887], [-72.10057887854612, 41.45987946683131], [-72.10077787860132, 41.459718466793504], [-72.10106587868513, 41.4595514667517], [-72.10115287871064, 41.45950446673972], [-72.10124087873723, 41.4594704667302], [-72.10133387876608, 41.459447466722686], [-72.10143287879797, 41.45944246671848], [-72.10153087883022, 41.459450466716845], [-72.10162487886184, 41.45946946671738], [-72.10195187897482, 41.459586466729355], [-72.10209487902493, 41.459650466736996], [-72.1022388790761, 41.45972646674702], [-72.10264387922244, 41.459982466783295], [-72.10279187927465, 41.46005346679218], [-72.10300487934825, 41.46013046680012], [-72.10311287938437, 41.46014846680007], [-72.10322487942108, 41.46015446679754], [-72.10339587947651, 41.46015246679152], [-72.10455087984555, 41.460051466733916], [-72.10473687990516, 41.460038466725315], [-72.10481287993406, 41.46011046673675], [-72.10482887993467, 41.460032466721074], [-72.10520787996846, 41.45849746641111], [-72.10590488000155, 41.4551744657441], [-72.10599388001492, 41.45490746568942], [-72.1062598801111, 41.45507646571339], [-72.10692388035835, 41.45562246579737], [-72.10747388056328, 41.45607546586713], [-72.1081578808186, 41.45664846595566], [-72.1082398808499, 41.45672846596849], [-72.10829788087293, 41.456801465980725], [-72.10864788101507, 41.45729146606418], [-72.1087568810579, 41.457419466085355], [-72.10890288111369, 41.45756446610871], [-72.10898888114524, 41.457626466117844], [-72.10904588116563, 41.45765846612219], [-72.10923388123118, 41.45773646613112], [-72.1093718812777, 41.45776646613242], [-72.10951688132569, 41.45778146613053], [-72.1095948813517, 41.45779346613029], [-72.10965988137342, 41.45780446613028], [-72.1097668814098, 41.45783246613222], [-72.10997388148176, 41.45791446614127], [-72.11006788151563, 41.457972466149435], [-72.11013288154, 41.45802846615813], [-72.11018888156185, 41.458092466168694], [-72.1102678815944, 41.458210466188945], [-72.11029288160559, 41.45826346619842], [-72.11033088162452, 41.458376466219086], [-72.11037788164967, 41.45854646625045], [-72.11042788167542, 41.45871046628065], [-72.11048988171034, 41.45896446632781], [-72.11056188174345, 41.45913246635797], [-72.11061588176585, 41.45921646637249], [-72.1107528818194, 41.45937246639823], [-72.11086288186063, 41.45946746641302], [-72.11090088187456, 41.459494466416984], [-72.11106188193344, 41.459608466433835], [-72.1113188820254, 41.459754466453624], [-72.11160088212507, 41.459894466471475], [-72.11176988218429, 41.45996946648048], [-72.1119198822368, 41.46003546648829], [-72.11211688230507, 41.46010946649618], [-72.11231788237417, 41.46017546650236], [-72.11255488245462, 41.460235466506155], [-72.1137678828644, 41.46051146651976], [-72.11404288295697, 41.460567466521525], [-72.11459288314201, 41.460679466525136], [-72.1146998831782, 41.460704466526444], [-72.1150228832863, 41.4607604665267], [-72.11504288327761, 41.46049946647543], [-72.11507888327303, 41.46021946641999], [-72.11510588327073, 41.46002946638225], [-72.11516288326762, 41.459658466308504], [-72.11520688326742, 41.459409466258805], [-72.11530388327003, 41.45891246615929], [-72.11536288327304, 41.45863546610363], [-72.11543488327726, 41.45830646603751], [-72.11545888327731, 41.45817346601095], [-72.11548388327954, 41.458071465990336], [-72.11553088328183, 41.45784846594554], [-72.11563788328802, 41.45735846584711], [-72.11574588329516, 41.45687846575047], [-72.11581888330011, 41.45655646568568], [-72.1158398833017, 41.456466465667546], [-72.1162818833341, 41.45455646528278], [-72.11660688334628, 41.45295246496118], [-72.11692088337286, 41.45165646469958], [-72.11728488339841, 41.450063464378836], [-72.11745288339674, 41.44909746418604], [-72.11763188340578, 41.44825346401649], [-72.11763288340462, 41.44822846401164], [-72.1176378834044, 41.44819646400528], [-72.1176478834044, 41.44814046399406], [-72.11772488335548, 41.44686946374515], [-72.11771188332624, 41.446438463662034], [-72.11761488325854, 41.4458164635446], [-72.11756188320038, 41.445111463409695], [-72.11752288317236, 41.44484746335977], [-72.11745188310816, 41.444139463224815], [-72.11734188300856, 41.44304046301539], [-72.11728188295396, 41.442436462900254], [-72.11726688293402, 41.442176462850306], [-72.11727888291189, 41.441729462763234], [-72.11728088289564, 41.44143846270672], [-72.11735588288387, 41.440816462583705], [-72.1174078828834, 41.44051846252422], [-72.11754688289845, 41.4400014624194], [-72.11848588308003, 41.43788146197735], [-72.11918488322809, 41.4365254616914], [-72.12020488343157, 41.4343304612322], [-72.12048788348385, 41.43364946109084], [-72.12058788350346, 41.43342846104467], [-72.12068688352248, 41.43320246099758], [-72.12076388353995, 41.43307346097002], [-72.12086888356035, 41.432837460920766], [-72.12161288370393, 41.43115346056973], [-72.12172388372585, 41.43091046051893], [-72.12193388377317, 41.43055246044259], [-72.12226288384848, 41.430010460326635], [-72.12244088389086, 41.429745460269366], [-72.12270988395643, 41.429371460188015], [-72.12300388402953, 41.428987460103784], [-72.12315488406837, 41.428813460065136], [-72.12356888417709, 41.428371459965746], [-72.12359988418527, 41.42833945995855], [-72.12362888419287, 41.42830845995155], [-72.12394788427912, 41.42801045988326], [-72.12400388429424, 41.427958459871356], [-72.12447888442317, 41.4275244597715], [-72.12453388443798, 41.42747145975943], [-72.12512588459713, 41.42690445962998], [-72.12549688469693, 41.4265504595491], [-72.12594088481622, 41.42612345945165], [-72.12727688517545, 41.42484445915958], [-72.12754488524756, 41.42458845910112], [-72.12769288528771, 41.424452459069876], [-72.12781588532069, 41.42433345904276], [-72.12802188537638, 41.42414145899871]]], "crs": null}, "id": 427, "type": "Feature", "properties": {"category": "coal_closure", "name": "Census Tract 8705.02", "county": "New London County", "adjacent": "No", "geoid": "09011870502"}}, {"geometry": {"type": "Polygon", "coordinates": [[[-73.54362034042208, 41.37510240144082], [-73.54366034041526, 41.37478340137782], [-73.54372334040512, 41.37428940128023], [-73.54372834040394, 41.37424440127137], [-73.54374534040113, 41.374109401244695], [-73.54375134040038, 41.37406540123598], [-73.54394634036845, 41.372528400932396], [-73.54453334027357, 41.36791940002176], [-73.54470834024552, 41.366548399750855], [-73.5447293402421, 41.366383399718266], [-73.54480734022921, 41.365766399596346], [-73.54504334019144, 41.36391839923117], [-73.5451223401789, 41.363302399109436], [-73.54515634016796, 41.362946399039494], [-73.54525934013539, 41.361879398829814], [-73.54529434012481, 41.36152439876], [-73.54565034001298, 41.35784639803709], [-73.5459693399321, 41.35486439744983], [-73.54597133993194, 41.354851397447284], [-73.54621033987121, 41.3526143970067], [-73.54628333984638, 41.35182939685249], [-73.54692033962803, 41.34494939550087], [-73.54709033957056, 41.343125395142444], [-73.54712433956418, 41.342844395086935], [-73.54790533942841, 41.33654839384287], [-73.54805033940349, 41.335384393612806], [-73.54814333937586, 41.33444739342842], [-73.54823733934583, 41.333467393235736], [-73.54823933934316, 41.333413393225186], [-73.5486103392521, 41.329990392550556], [-73.54862733924645, 41.32980939251497], [-73.54897433914246, 41.326300391824525], [-73.5490893391083, 41.325142391596586], [-73.54929433883285, 41.31958939051573], [-73.54948133871875, 41.31675438996105], [-73.54960333816564, 41.30711738809295], [-73.54968833808744, 41.30539838775748], [-73.5498603379288, 41.30191438707751], [-73.54986733792252, 41.30177538705038], [-73.54988033791167, 41.301530387002536], [-73.55096333788595, 41.29542938578436], [-73.54884633705306, 41.29297738538386], [-73.54811533676377, 41.29210338524033], [-73.5435563349558, 41.28658538433172], [-73.54071833383053, 41.28315238376635], [-73.54059833378292, 41.2830073837425], [-73.53838833291037, 41.28039338331369], [-73.53688333231612, 41.27861238302141], [-73.53670433224539, 41.27839938298644], [-73.53667833223508, 41.27836838298138], [-73.52855532902826, 41.26875738140402], [-73.52631732814481, 41.266109380969304], [-73.52628432813181, 41.2660703809629], [-73.52571332790404, 41.26535638084459], [-73.52529832773872, 41.264840380759104], [-73.52523132771296, 41.26477238074828], [-73.52520932770379, 41.26473838074244], [-73.5247643275295, 41.264234380660376], [-73.52374632713074, 41.26307938047216], [-73.52366332709778, 41.26297838045553], [-73.52341932700163, 41.262692380408616], [-73.51751032465937, 41.25553437922817], [-73.51749732465404, 41.25551637922519], [-73.51746532464114, 41.25547337921797], [-73.51745732463796, 41.25546337921628], [-73.51294932285735, 41.25010337833502], [-73.51293832285299, 41.250089378332724], [-73.51290632284025, 41.250049378326075], [-73.5128963228362, 41.250036378323884], [-73.51230932260265, 41.249310378203695], [-73.51054932190235, 41.247132377843], [-73.50996332166919, 41.24640737772294], [-73.50986332162942, 41.24628437770263], [-73.50832332101704, 41.24438437738807], [-73.506492320289, 41.24212537701412], [-73.50499031969177, 41.240272376707296], [-73.50437531944725, 41.23951337658166], [-73.50340431906119, 41.2383163763835], [-73.50266031876531, 41.237397376231264], [-73.50263731875582, 41.23736337622546], [-73.50253331871458, 41.23723637620449], [-73.5017653184096, 41.23629437604867], [-73.50170031838374, 41.236214376035385], [-73.50147431829407, 41.235938375989775], [-73.50140131826495, 41.23584737597468], [-73.50123431819871, 41.23564337594095], [-73.50101331811088, 41.23537137589594], [-73.49889131726836, 41.232771375465816], [-73.49645331630026, 41.22978137497112], [-73.4914083142973, 41.22359637394752], [-73.48854131315927, 41.22008437336629], [-73.48797831293585, 41.21939537325223], [-73.48632831227826, 41.217329372908964], [-73.48392631132089, 41.214320372408984], [-73.48269631083076, 41.212780372153034], [-73.48489931147807, 41.21175637187786], [-73.48500331150862, 41.211708371864944], [-73.48511031154018, 41.211660371851934], [-73.4853443116089, 41.21155137182264], [-73.48683831205196, 41.21092337164891], [-73.48747531223485, 41.21055737155578], [-73.48841331250394, 41.21001437141785], [-73.49172931348507, 41.20858537102534], [-73.49396331414613, 41.20762437076125], [-73.49422531422373, 41.207512370730406], [-73.49456031432274, 41.20736637069046], [-73.49461431433876, 41.20734437068434], [-73.49500331445383, 41.20717637063817], [-73.49545331458698, 41.20698237058493], [-73.49556631462038, 41.20693337057152], [-73.49590231471984, 41.20678937053185], [-73.50395931710369, 41.20332036957873], [-73.50917531863857, 41.2009383689352], [-73.51015031892658, 41.20051136881844], [-73.51157731934818, 41.19988836864798], [-73.51160931935851, 41.19988836864687], [-73.51170531938692, 41.19984736863556], [-73.51173131939358, 41.19981936862924], [-73.51262831966024, 41.199454368527235], [-73.51280431971261, 41.199383368507306], [-73.51386432002506, 41.19890836837827], [-73.51399432006414, 41.198862368364814], [-73.5141803201166, 41.1987403683347], [-73.51678732087882, 41.19747036799758], [-73.51692832092002, 41.19740136797929], [-73.51706932096126, 41.1973333679612], [-73.52098132210504, 41.195428367455534], [-73.52116532215935, 41.19534736743338], [-73.52159832228702, 41.195153367380655], [-73.52233832250516, 41.1948233672909], [-73.52252432255891, 41.19472136726462], [-73.52256432257045, 41.19470036725915], [-73.52308332272064, 41.194421367186976], [-73.52334332279678, 41.194297367153844], [-73.52367632289479, 41.1941453671128], [-73.52375132291684, 41.19411136710357], [-73.52377132292297, 41.19410636710192], [-73.52426132307068, 41.19394036705267], [-73.52454332315187, 41.1937833670124], [-73.52484132323791, 41.19361936697016], [-73.52530432337504, 41.19342336691608], [-73.52603032359022, 41.19311836683159], [-73.52629032366728, 41.19300836680121], [-73.52910832449392, 41.19168236644583], [-73.53588532648209, 41.18849736559196], [-73.53599732651486, 41.18844336557754], [-73.54001332769653, 41.18661436508282], [-73.5400513277081, 41.18660336507939], [-73.54899933034375, 41.18257636398635], [-73.5514693310713, 41.18146636368494], [-73.55377333174748, 41.180389363395676], [-73.5538913317821, 41.180334363380844], [-73.55401033181705, 41.180279363366054], [-73.55471233202299, 41.179950363277726], [-73.55478433204419, 41.179917363268856], [-73.55487533207088, 41.17987436325733], [-73.55506033212524, 41.17978936323438], [-73.55516033215454, 41.17974236322178], [-73.5552603321839, 41.17969536320917], [-73.5553753322177, 41.17964236319491], [-73.5554893322511, 41.17958836318043], [-73.55595533238791, 41.1793713631221], [-73.55602833240933, 41.17933736311295], [-73.5561083324328, 41.17930036310295], [-73.55766633289012, 41.17857336290762], [-73.55784233294166, 41.178490362885356], [-73.55837133309696, 41.17824336281899], [-73.55854833314895, 41.17816136279694], [-73.55950933343092, 41.17771236267633], [-73.56239533427795, 41.17636536231435], [-73.5633573345603, 41.17591736219387], [-73.56363733464242, 41.17578536215849], [-73.56447933488957, 41.17539336205309], [-73.56476033497212, 41.17526336201806], [-73.56494333502579, 41.17517736199498], [-73.56503633505345, 41.1751403619846], [-73.5658813353052, 41.17480836189071], [-73.56616333538932, 41.17469836185952], [-73.56731333572726, 41.17416936171675], [-73.57076533674197, 41.17258636128923], [-73.57087633677466, 41.17253636127567], [-73.57191633708035, 41.17205936114684], [-73.57327733748039, 41.171434360978104], [-73.57736033868052, 41.16956236047245], [-73.57872233908091, 41.16893836030383], [-73.57880533910527, 41.16890036029355], [-73.57905733917956, 41.168787360262826], [-73.57914133920428, 41.16875036025275], [-73.5805433396169, 41.16811536008065], [-73.58421034069606, 41.16645635963074], [-73.5845503407961, 41.166302359589], [-73.58471234084372, 41.166228359569004], [-73.58475134085518, 41.166210359564126], [-73.5852423409997, 41.1659893595041], [-73.5856133411089, 41.165821359458576], [-73.58581334116774, 41.16573035943396], [-73.58588034118746, 41.16570035942576], [-73.58602034122866, 41.165637359408684], [-73.58608734124836, 41.16560635940029], [-73.58615434126808, 41.165576359392176], [-73.58728834160172, 41.165062359252836], [-73.58841134193219, 41.16455435911504], [-73.58932234220045, 41.1641443590037], [-73.59069434260417, 41.163523358835334], [-73.59182934293815, 41.16301035869616], [-73.5928633432451, 41.16258635857779], [-73.59596734416678, 41.16131835822341], [-73.59700234447415, 41.16089635810536], [-73.59702334447964, 41.160875358100554], [-73.59708934449716, 41.16081435808641], [-73.59709934449918, 41.16079535808236], [-73.59711134450303, 41.16079435808174], [-73.59724634453872, 41.16066735805242], [-73.59728434454969, 41.16064735804721], [-73.59789534472718, 41.16033335796493], [-73.59809934478648, 41.16022935793761], [-73.59815334480248, 41.160206357931266], [-73.59833534485509, 41.160108357905905], [-73.59851834490823, 41.16001435788129], [-73.59977234527261, 41.15937135771268], [-73.5998763453028, 41.159318357698815], [-73.60019134539436, 41.15915735765656], [-73.60125734570832, 41.158679357526545], [-73.60445934665131, 41.15724535713649], [-73.60552634696556, 41.15676835700667], [-73.6059483470898, 41.15657835695504], [-73.60617934715789, 41.15647635692721], [-73.60721634746325, 41.15601135680072], [-73.60763934758786, 41.15582235674928], [-73.60767634759874, 41.155805356744686], [-73.60778734763143, 41.15575535673112], [-73.60782534764265, 41.15573935672667], [-73.60853334785112, 41.15542135664023], [-73.60896234797741, 41.15522835658777], [-73.61237534898257, 41.15370135617221], [-73.6135133493177, 41.15319235603371], [-73.61362034934929, 41.153145356020865], [-73.61368434936799, 41.15311435601258], [-73.61396034944893, 41.15298535597793], [-73.61401234946418, 41.15296135597141], [-73.61404634947418, 41.15294535596716], [-73.6142073495214, 41.15287035594694], [-73.61436834956857, 41.152794355926574], [-73.61444434959091, 41.15276035591736], [-73.6146443496498, 41.152670355892916], [-73.61547334989412, 41.15230235579251], [-73.61575034997573, 41.152179355758975], [-73.61743535047134, 41.15141535555183], [-73.62209035184063, 41.14930735498005], [-73.62249035195823, 41.14912535493075], [-73.62417535245388, 41.148362354723794], [-73.62435235250499, 41.148267354699165], [-73.6245723525789, 41.14831835470137], [-73.62458235258187, 41.14831335470008], [-73.62576435293, 41.1477863545565], [-73.62615935304643, 41.14761135450871], [-73.62668635320159, 41.14737535444446], [-73.62826935366796, 41.146671354252526], [-73.6287973538236, 41.14643735418868], [-73.6290613539013, 41.14631835415631], [-73.62928235396625, 41.14621835412921], [-73.62948735402617, 41.14611835410266], [-73.63021135423969, 41.14580035401559], [-73.63232935485775, 41.1447613537399], [-73.63352835520745, 41.144170353583284], [-73.63370135525793, 41.14408535356072], [-73.63382835529589, 41.144038353547174], [-73.63385935530516, 41.14402635354378], [-73.63393135532672, 41.144000353536185], [-73.6344573554818, 41.14376835347278], [-73.63464935553925, 41.14369735345228], [-73.63471635556014, 41.14368635344785], [-73.63473735556684, 41.14368535344688], [-73.63475035556948, 41.143660353441554], [-73.63486035560243, 41.14362035342999], [-73.63501535564839, 41.14355635341215], [-73.6355023557929, 41.143356353356296], [-73.63563735583256, 41.143294353339535], [-73.63601535595072, 41.143237353315286], [-73.63735435634499, 41.14263935315238], [-73.63772435644607, 41.14234535308238], [-73.63774935645299, 41.14232635307783], [-73.63776635645799, 41.14231935307588], [-73.6396733570218, 41.14150435285102], [-73.6440753583163, 41.13950935230985], [-73.64420935835562, 41.139448352293314], [-73.65158236052598, 41.136145351394354], [-73.65167436055307, 41.13610435138316], [-73.65437436134229, 41.13480435103633], [-73.65535436162489, 41.1342703508984], [-73.65543736164881, 41.13422435088656], [-73.65547436165951, 41.134204350881376], [-73.65563436170768, 41.13415035086531], [-73.65597136180926, 41.13403835083178], [-73.65607236183959, 41.13400335082143], [-73.65608536184342, 41.13399735081983], [-73.65612336185463, 41.13398035081517], [-73.6561373618588, 41.133975350813735], [-73.66057436316576, 41.13200435027593], [-73.66087436325007, 41.131804350226595], [-73.66096136327576, 41.13176635021617], [-73.66112236332314, 41.131694350196554], [-73.6616083634665, 41.13148235013836], [-73.66177036351425, 41.131411350118924], [-73.66497436445901, 41.1300043497337], [-73.66564836465585, 41.1296773496466], [-73.66583236470954, 41.12958734962272], [-73.66590836473176, 41.12955134961309], [-73.66593236473794, 41.12952634960739], [-73.66721336511306, 41.128921349445115], [-73.66780536528606, 41.12863634936905], [-73.66802736535081, 41.128527349340104], [-73.66968836583857, 41.12776534913403], [-73.66980636587314, 41.127710349119255], [-73.66993536591106, 41.12765134910326], [-73.67641836781452, 41.12467534829859], [-73.6767753679189, 41.12450434825291], [-73.67902336857621, 41.123428347965316], [-73.68607537064123, 41.12010434707301], [-73.68926637157574, 41.11860234666962], [-73.68947537163696, 41.118504346643284], [-73.69500637324933, 41.115781345920844], [-73.69595937352713, 41.115312345796376], [-73.69605437355473, 41.115264345783736], [-73.70000437472751, 41.113668345335476], [-73.70070437493533, 41.113385345256034], [-73.70273437551873, 41.11225034496447], [-73.70284137554955, 41.1121913449493], [-73.70315437564042, 41.112031344907265], [-73.70330037568283, 41.11195734488774], [-73.70344637572529, 41.111883344868275], [-73.70354337575341, 41.111833344855185], [-73.70362037577631, 41.11180334484662], [-73.70553537634726, 41.111069344637045], [-73.70567537638834, 41.11100434461951], [-73.70581537642933, 41.110938344601784], [-73.70587137644573, 41.11091234459477], [-73.70590137645455, 41.11089834459099], [-73.70602237649001, 41.11084234457589], [-73.71222637830685, 41.107928343792594], [-73.71227337832075, 41.10790834378705], [-73.71296137852414, 41.10761734370643], [-73.71340437865403, 41.10741134365092], [-73.71355137869706, 41.107342343632354], [-73.71365037872627, 41.10729934362055], [-73.71376637876071, 41.10725234360734], [-73.72777638286497, 41.10070434184456], [-73.72684638248815, 41.09943334163021], [-73.72682238247842, 41.09940034162466], [-73.72651638235438, 41.09898134155393], [-73.72621338223162, 41.09856734148413], [-73.7261733822152, 41.098509341474234], [-73.72533538187092, 41.09728634126596], [-73.72514338179201, 41.097006341218254], [-73.72496138171729, 41.096741341173114], [-73.72479638164945, 41.0964993411319], [-73.72477838164207, 41.0964733411275], [-73.72361738116496, 41.09477734083855], [-73.72347238110575, 41.09457134080362], [-73.72338338106941, 41.094445340782215], [-73.7227113808129, 41.09378434067732], [-73.72211038058465, 41.093211340587025], [-73.72172738043906, 41.09284534052927], [-73.72166738041624, 41.09278734052013], [-73.72121938024664, 41.09236934045455], [-73.72101938016985, 41.09216534042191], [-73.72057738000281, 41.09175834035831], [-73.71940137955833, 41.090673340188616], [-73.719355379541, 41.09063134018206], [-73.71884037934629, 41.09015534010758], [-73.71867637928433, 41.09000434008396], [-73.7179713790038, 41.08912333993741], [-73.71787637896593, 41.089004339917615], [-73.71773837890976, 41.08881133988493], [-73.71768037888577, 41.088723339869844], [-73.71706437863118, 41.087799339711815], [-73.71581137813317, 41.08624233945303], [-73.71547937800047, 41.08581833938223], [-73.71545137798923, 41.08578133937606], [-73.7151493778685, 41.085395339311546], [-73.7137973773267, 41.083643339018344], [-73.71192537657976, 41.08126933862232], [-73.71184737654859, 41.08116933860562], [-73.71161437645549, 41.08087233855606], [-73.71153737642472, 41.080773338539466], [-73.71039437596787, 41.07931133829523], [-73.70630537433367, 41.07407933742104], [-73.70570637409429, 41.07331333729302], [-73.7055663740383, 41.073133337262924], [-73.70507437384164, 41.07250333715761], [-73.70155637244768, 41.06819633644309], [-73.69648437043797, 41.06198433541218], [-73.69641637041099, 41.06190033539819], [-73.69625337034647, 41.06170133536517], [-73.69617437031518, 41.06160433534909], [-73.69468236972531, 41.05979833504991], [-73.69420736954461, 41.05933933497721], [-73.69395336944305, 41.0590123349225], [-73.6934913692621, 41.058481334835335], [-73.69315336912832, 41.058069334767005], [-73.69304136908401, 41.05793333474446], [-73.69286636901475, 41.057719334708935], [-73.69234736881327, 41.05715133461656], [-73.69148236846681, 41.0560303344287], [-73.69125236837509, 41.05573833437992], [-73.69101536828056, 41.05543833432985], [-73.69071836816175, 41.055055334265724], [-73.68982736780542, 41.0539083340737], [-73.68953036768661, 41.053526334009746], [-73.68885136740855, 41.052545333842566], [-73.68841936723842, 41.052032333757886], [-73.68789136703853, 41.051537333680024], [-73.68717436675732, 41.05070533354316], [-73.68701036669181, 41.050495333507996], [-73.68695636667022, 41.05042633349646], [-73.68690236664868, 41.05035733348494], [-73.68683436662151, 41.05027033347037], [-73.68676636659436, 41.050183333455806], [-73.68571936617633, 41.04884733323242], [-73.682961365075, 41.04532233264281], [-73.68294836507015, 41.04531133264109], [-73.68247436488086, 41.044705332539706], [-73.68184636463464, 41.043977332419985], [-73.6797723638446, 41.04195233209827], [-73.67975536383786, 41.04193133209477], [-73.67951336374348, 41.04165833205009], [-73.67927636365107, 41.041392332006595], [-73.67890536350248, 41.04091033192573], [-73.67877736345102, 41.04074133189729], [-73.67856336336193, 41.04040833183993], [-73.67853836335215, 41.04037933183517], [-73.67746436293102, 41.03913233162998], [-73.67744536292355, 41.03911033162635], [-73.67705836277172, 41.038660331552265], [-73.67658036258428, 41.038105331460905], [-73.67648636254707, 41.03799033144181], [-73.67623436244752, 41.037685331391216], [-73.6761863624285, 41.037626331381446], [-73.6760893623904, 41.03751333136282], [-73.67591936232367, 41.037314331330016], [-73.6757443622489, 41.03701033127692], [-73.67565236221283, 41.03690333125934], [-73.67560036219254, 41.03684433124965], [-73.67557636218343, 41.03682133124602], [-73.67554736217235, 41.03679333124158], [-73.6755023621551, 41.03674733123422], [-73.67548836214972, 41.036732331231754], [-73.67539736211475, 41.036638331216636], [-73.67534636209503, 41.03658433120787], [-73.67533136208932, 41.03656933120551], [-73.67531236208198, 41.03654933120228], [-73.67522636204849, 41.0364533311866], [-73.67519236203528, 41.03641533118037], [-73.6751243620088, 41.03633933116799], [-73.67510436200084, 41.03631433116376], [-73.67499136195612, 41.03617633114086], [-73.6749233619292, 41.03609333112711], [-73.67480536188246, 41.035949331103154], [-73.67451836177108, 41.035634331051845], [-73.67370836145052, 41.03464533088759], [-73.67309836121026, 41.03391933076756], [-73.67271936106172, 41.033480330695355], [-73.67238936093185, 41.0330893306307], [-73.67192836075039, 41.032542330540316], [-73.67183336071294, 41.032429330521644], [-73.6717683606874, 41.03235233050894], [-73.67141236054745, 41.03193333043977], [-73.6713513605234, 41.031860330427705], [-73.67107536041492, 41.03153533037402], [-73.67105536040673, 41.031506330369076], [-73.67102436039386, 41.031459330361024], [-73.67097536037362, 41.03138533034836], [-73.67068836025544, 41.030958330275226], [-73.67063336023271, 41.03087633026115], [-73.67060736022206, 41.03083833025465], [-73.67059036021385, 41.030793330246475], [-73.67051236017076, 41.03049633019139], [-73.67038236010363, 41.03008033011495], [-73.67037836010158, 41.030067330112544], [-73.670276360062, 41.0299563300945], [-73.66977335986682, 41.029405330004785], [-73.66972835984828, 41.0293383299933], [-73.6691733596192, 41.028505329850475], [-73.66678335867383, 41.0255923293666], [-73.66671635864729, 41.025510329353025], [-73.6665403585777, 41.02529632931746], [-73.66642235853102, 41.02515232929355], [-73.66560735820828, 41.02415232912722], [-73.6652583580701, 41.023725329056234], [-73.66524135806345, 41.02370532905293], [-73.66519035804328, 41.023643329042685], [-73.66517835803859, 41.02362932904035], [-73.6646733578383, 41.02300532893642], [-73.6641803576366, 41.02229432881521], [-73.6641493576249, 41.02226532881059], [-73.66407535759687, 41.02219532879954], [-73.66385935751258, 41.02195132875961], [-73.66360535741406, 41.021673328714286], [-73.66352335738159, 41.021573328697706], [-73.66351135737668, 41.021555328694596], [-73.6627573570751, 41.02058132853124], [-73.66274035706877, 41.020566328528865], [-73.66267335704353, 41.02050532851932], [-73.66184835673408, 41.01977732840632], [-73.66173635669206, 41.01967832839097], [-73.6617173566849, 41.01966132838832], [-73.66045535621176, 41.01855032821588], [-73.66031035615732, 41.01842132819586], [-73.66029435615133, 41.018407328193675], [-73.66026135613892, 41.018378328189186], [-73.65956435587746, 41.01776232809346], [-73.65944835583392, 41.01765932807749], [-73.65907935569207, 41.017276328015754], [-73.65899335565895, 41.017186328001216], [-73.65877335556706, 41.01683832794109], [-73.65868035552965, 41.01671432792021], [-73.6581903553386, 41.01616232782974], [-73.65814035531909, 41.01610532782042], [-73.65787335521505, 41.015805327771304], [-73.65737335501181, 41.01510532765232], [-73.65690235482568, 41.01453332755735], [-73.65686835481112, 41.014473327546845], [-73.6562943545647, 41.01345432736837], [-73.65620535452669, 41.01329932734127], [-73.65611835448925, 41.01314332731391], [-73.65565135431143, 41.01268632724119], [-73.65541435422107, 41.01245332720409], [-73.65532135418464, 41.01234532718628], [-73.6552563541582, 41.012254327170815], [-73.65524235412975, 41.011860327094524], [-73.65527735413345, 41.011735327068976], [-73.65606635421676, 41.00893132649524], [-73.65684735436378, 41.00721832613432], [-73.6572153544331, 41.00641232596446], [-73.65769135453174, 41.00551732577356], [-73.65778235455048, 41.00534432573665], [-73.65787535456992, 41.0051723256999], [-73.65791735457826, 41.00508732568193], [-73.65796035458693, 41.00500232566384], [-73.65802135459901, 41.00487832563754], [-73.6580833546115, 41.00475532561144], [-73.65855635471927, 41.004026325452884], [-73.65969235493219, 41.00152032492507], [-73.66013335502373, 41.00069332474856], [-73.66017535503336, 41.00062932473467], [-73.66026935505525, 41.000492324704645], [-73.66024235504305, 41.00043432469432], [-73.66021135502888, 41.00036532468196], [-73.66013535498801, 41.00009432463181], [-73.66005835494686, 40.99982432458187], [-73.65994035488374, 40.99940932450509], [-73.65973735477488, 40.99869032437206], [-73.65972835477005, 40.99865832436617], [-73.65941735460328, 40.99755732416246], [-73.65931035454594, 40.99717932409251], [-73.6593843545297, 40.99652032396153], [-73.65949535450548, 40.995533323765315], [-73.65950835450411, 40.99544132374695], [-73.65951735450302, 40.99537632373397], [-73.65958335449638, 40.994917323642234], [-73.65964935448987, 40.994460323550875], [-73.65964035448015, 40.99434732352911], [-73.65958635445068, 40.994148323492276], [-73.65948735440888, 40.993983323463546], [-73.65910735424809, 40.99334632335265], [-73.65904335422296, 40.993271323340274], [-73.65903335421906, 40.99325932333825], [-73.65797335380232, 40.99200532313079], [-73.65722935349753, 40.990922322945636], [-73.65780035364, 40.99024632279399], [-73.65863135384755, 40.98926532257388], [-73.65877735388679, 40.98913832254403], [-73.65888335391432, 40.98903132251946], [-73.65891235392174, 40.98899932251224], [-73.65929235401099, 40.988458322393555], [-73.65947535405397, 40.9881963223361], [-73.65953235406727, 40.98811432231819], [-73.65967235410028, 40.987917322274896], [-73.65938135398608, 40.987576322218565], [-73.65761635329345, 40.98550732187674], [-73.65739135320507, 40.98524232183289], [-73.6569143530179, 40.98468332174055], [-73.65677235296216, 40.98451732171315], [-73.65670035293569, 40.984462321704925], [-73.65642435283422, 40.98425132167342], [-73.65641335283011, 40.98424132167188], [-73.65638035281795, 40.98421632166816], [-73.65636935281402, 40.98420932166714], [-73.64983335041045, 40.97920732091957], [-73.64802134974428, 40.977822320712654], [-73.64621034907837, 40.97643732050561], [-73.61289733683246, 40.95096031669429], [-73.61288633682837, 40.95095131669295], [-73.61042833606979, 40.9514683168792], [-73.60833833542485, 40.95190931703785], [-73.60306433379934, 40.95305531744455], [-73.60251333362952, 40.95317531748713], [-73.60156233333643, 40.95338231756052], [-73.60061133304329, 40.953588317633724], [-73.59797733223073, 40.95414931783461], [-73.59067032997656, 40.95570631839203], [-73.59007432979253, 40.95583031843693], [-73.58743932897917, 40.95638431863644], [-73.58400332791837, 40.957104318896135], [-73.573698324737, 40.95926631967544], [-73.57026332367647, 40.959987319935244], [-73.56866032318153, 40.960323320056396], [-73.56385132169672, 40.96133232042001], [-73.56224932120215, 40.96166932054129], [-73.56197232111664, 40.961727320562254], [-73.5611403208597, 40.961901320624996], [-73.56086432077456, 40.9619603206461], [-73.55942632033052, 40.96226132075465], [-73.55511331899874, 40.96316632108077], [-73.55367631855505, 40.96346832118948], [-73.5517793179693, 40.96386632133288], [-73.5460893162122, 40.96505932176281], [-73.54419331562679, 40.96545832190631], [-73.54090731461203, 40.9661473221546], [-73.53105231156857, 40.968215322899404], [-73.52776731055414, 40.968905323147744], [-73.52562730989284, 40.96934832330828], [-73.51920730790899, 40.97067932379019], [-73.5170683072481, 40.97112432395106], [-73.5128663059496, 40.97199532426646], [-73.50026030205387, 40.97460932521255], [-73.4995663018394, 40.97475332526463], [-73.49606230075746, 40.97549732553096], [-73.48814129831095, 40.97716632613047], [-73.46438129097139, 40.98217432792865], [-73.45646128852461, 40.98384432852798], [-73.45363428765121, 40.98443932874164], [-73.4451562850318, 40.986226329383], [-73.44233028415873, 40.98682332959699], [-73.44080228368658, 40.987145329712575], [-73.43621828227009, 40.98811033005897], [-73.43469128179838, 40.98843333017472], [-73.43413628162679, 40.98854933021649], [-73.43247428111322, 40.98889933034214], [-73.43192028094208, 40.989017330384264], [-73.42345327832562, 40.990801331024365], [-73.39805527047633, 40.996155332944426], [-73.38958926785962, 40.99794033358429], [-73.38843026749988, 40.998159333666955], [-73.38495326642064, 40.99881833391525], [-73.38379526606127, 40.99903833399807], [-73.38351726597496, 40.99909033401777], [-73.38268626571706, 40.999248334077215], [-73.38240926563107, 40.99930133409713], [-73.38156126536784, 40.99946133415753], [-73.37902026457913, 40.999943334339044], [-73.37817326431629, 41.000105334399805], [-73.37745026409517, 41.000297334462175], [-73.37528326343258, 41.00087533464951], [-73.37456126321183, 41.00106833471205], [-73.35896825838323, 41.004222335863965], [-73.31219024389449, 41.013683339317616], [-73.29659823906407, 41.016838340468425], [-73.2965652390539, 41.01684534047097], [-73.29553323873411, 41.01705334054695], [-73.29243823777516, 41.01767934077532], [-73.29140723745573, 41.01788834085144], [-73.28820423646334, 41.01853634108778], [-73.27859523348593, 41.020479341796445], [-73.27539323249384, 41.02112834203287], [-73.274207232125, 41.02134634211609], [-73.27302023175591, 41.02156434219929], [-73.27022623088699, 41.0220773423952], [-73.26128922810759, 41.02371934302191], [-73.254725226066, 41.02492434348196], [-73.24955822445897, 41.025874343844336], [-73.24916122433655, 41.025965343875676], [-73.24796922396919, 41.02624134397035], [-73.24757322384721, 41.02633434400205], [-73.24632922346383, 41.02662234410087], [-73.24259722231366, 41.02748634439723], [-73.24135422193066, 41.02777534449619], [-73.24072622173706, 41.027920344546004], [-73.23884122115612, 41.02835634469561], [-73.23821422096292, 41.0285023447456], [-73.23693022056837, 41.02881934485139], [-73.23308121938575, 41.029772345169086], [-73.2317982189916, 41.030091345275224], [-73.23125921882423, 41.030195345314], [-73.22964321832242, 41.030507345430195], [-73.22910521815541, 41.03061234546907], [-73.2275892176899, 41.03099234559509], [-73.22304021629297, 41.032133345973406], [-73.22152521582781, 41.03251434609958], [-73.22106021568493, 41.03263034613812], [-73.22059521554215, 41.032747346176855], [-73.21391521349078, 41.0344233467324], [-73.20203620984248, 41.03740434772021], [-73.19108620647914, 41.040150348630284], [-73.18347720414191, 41.042060349262954], [-73.18242820381923, 41.042316349348695], [-73.17928120285139, 41.04308734960664], [-73.17823320252911, 41.043344349692596], [-73.17808720248415, 41.04337934970439], [-73.17765120235008, 41.04348634974017], [-73.17750620230551, 41.04352234975217], [-73.17697120214099, 41.04365334979596], [-73.17536620164732, 41.044046349927484], [-73.17483120148283, 41.04417734997132], [-73.17170420052102, 41.044942350227366], [-73.16232319763569, 41.04724135099621], [-73.15919619667385, 41.0480073512524], [-73.15684519595067, 41.04858235144481], [-73.14979219378108, 41.05031035202263], [-73.14744219305823, 41.050886352215215], [-73.14159519125943, 41.052317352693834], [-73.12405718586378, 41.0566143541302], [-73.11821118406515, 41.05804735460904], [-73.10495817998702, 41.06129335569384], [-73.06520116775101, 41.071033358947176], [-73.05194916367165, 41.07428036003119], [-73.046464161983, 41.07562336047956], [-73.03000915691678, 41.07965436182498], [-73.02452515522828, 41.08099836227341], [-73.01952915368983, 41.082221362681594], [-73.00454314907492, 41.085892363906375], [-72.99954814753663, 41.087116364314596], [-73.0050481495616, 41.091351364953496], [-73.02154815563739, 41.104056366869195], [-73.0270491576633, 41.10829136750737], [-73.02866815825958, 41.10953836769532], [-73.03352716004912, 41.11327936825888], [-73.03514716064579, 41.114526368446676], [-73.03582016089368, 41.115044368524686], [-73.03784216163848, 41.116601368759255], [-73.03851616188675, 41.11712036883741], [-73.04059016265069, 41.1187173690779], [-73.04363916377388, 41.12106536943144], [-73.04681216494265, 41.12350836979919], [-73.04876316566138, 41.125010370025294], [-73.04882516568425, 41.125058370032534], [-73.04888716570706, 41.125105370039556], [-73.0577721689633, 41.13166037101334], [-73.0844281787346, 41.15132837393275], [-73.09331418199267, 41.157885374905185], [-73.0961411830303, 41.159989375218004], [-73.10136818494894, 41.163878375795925], [-73.10462518614447, 41.16630137615594], [-73.10745318718261, 41.168405376468506], [-73.10751818720604, 41.16844637647425], [-73.10771418727671, 41.1685713764919], [-73.10778018730052, 41.16861337649781], [-73.1078211873153, 41.16863937650146], [-73.10794618736044, 41.16871937651272], [-73.10798818737562, 41.16874637651657], [-73.1088211876761, 41.169277376591346], [-73.11132018857772, 41.17087337681631], [-73.11215318887828, 41.171405376891315], [-73.11312418922579, 41.17197837696953], [-73.11409518957323, 41.17255037704761], [-73.11435118966477, 41.17270037706798], [-73.11605419027431, 41.1737053772052], [-73.1179541909351, 41.17450537729575], [-73.1198541916199, 41.17570537746416], [-73.12073519196679, 41.17675237763756], [-73.12145419224983, 41.17760537777883], [-73.12199819250499, 41.178935378018814], [-73.12235419267195, 41.179805378175786], [-73.12237919272808, 41.180607378330805], [-73.12245419288998, 41.18290537877499], [-73.12195419286056, 41.18510537921976], [-73.12179019284692, 41.18576037935269], [-73.12136719281186, 41.187452379696055], [-73.12135319281045, 41.18750437970667], [-73.12075419267725, 41.1885053799217], [-73.12056219262446, 41.18865837995803], [-73.11930419227897, 41.18966538019681], [-73.1191131922265, 41.18981738023284], [-73.11892319217434, 41.18997038026909], [-73.11825419199062, 41.19050538039597], [-73.11725219172938, 41.19154038063141], [-73.11623419146416, 41.192594380871085], [-73.11535419123487, 41.19350538107823], [-73.11498419114682, 41.19402838119257], [-73.11455619104512, 41.19463538132512], [-73.11346119078486, 41.196186381664], [-73.11307819069378, 41.19672838178242], [-73.11236619052455, 41.19773738200288], [-73.11168319036211, 41.198703382213964], [-73.1115341903268, 41.19891638226048], [-73.11070219012905, 41.20009538251803], [-73.11064319011501, 41.20017838253619], [-73.11057319009839, 41.200278382558004], [-73.11055419009391, 41.20030538256389], [-73.11054319009146, 41.200324382567956], [-73.11012319000355, 41.201118382736595], [-73.10965418990546, 41.20200538292504], [-73.10953918990464, 41.20261038304653], [-73.10929518990241, 41.203886383302766], [-73.1092541899023, 41.204105383346764], [-73.10938518997206, 41.20456338343123], [-73.10941818998975, 41.20468138345308], [-73.1094371899998, 41.20474638346506], [-73.10945419000883, 41.204805383475914], [-73.10945819001142, 41.20482738348006], [-73.10947719002326, 41.204922383497845], [-73.10953419005877, 41.205208383551486], [-73.10955419007104, 41.20530538356963], [-73.10981119018915, 41.20589138367469], [-73.11058519054431, 41.207649383989825], [-73.11065419057593, 41.20780538401771], [-73.11065419060412, 41.20827538410905], [-73.11065419060682, 41.20832038411779], [-73.11065419061504, 41.208457384144396], [-73.11065419061781, 41.20850338415333], [-73.11065419075584, 41.21080438460041], [-73.1105041907793, 41.21200238483824], [-73.11034119080472, 41.21330238509637], [-73.11025419081875, 41.21400438523572], [-73.10958419069908, 41.21561238557097], [-73.10925419064009, 41.21640438573609], [-73.1083541904637, 41.21830438613597], [-73.10935419095442, 41.221104386645564], [-73.10956519107086, 41.22190938679472], [-73.1099391912773, 41.2233383870594], [-73.1101971914196, 41.22432138724151], [-73.11045419156154, 41.22530438742363], [-73.11055419171993, 41.227404387828], [-73.11013219166804, 41.22880838811505], [-73.11002519165511, 41.22916838818861], [-73.10995419164638, 41.2294043882369], [-73.10895419141977, 41.2310043885818], [-73.10755419105799, 41.232504388920916], [-73.10495319046474, 41.236603389805836], [-73.10405519023065, 41.23753139001673], [-73.10157418958397, 41.2400963905996], [-73.09979018906293, 41.24100839083766], [-73.09949518897682, 41.241160390877276], [-73.09916818888139, 41.24132839092107], [-73.09562618785982, 41.24335439143556], [-73.0934031872186, 41.244625391758376], [-73.09161418673106, 41.24612339211033], [-73.09141518667572, 41.24627039214569], [-73.09121618662041, 41.246419392181444], [-73.09115118660375, 41.246491392197626], [-73.08894618607698, 41.249571392870926], [-73.08876618603394, 41.249822392925786], [-73.08858618599096, 41.25007439298084], [-73.08857018598717, 41.25009739298587], [-73.08735118569597, 41.25180039335813], [-73.0870921856852, 41.253012393602155], [-73.08692218567805, 41.2538073937623], [-73.08675318567134, 41.254604393922726], [-73.08719118594446, 41.25679639433312], [-73.08743018609344, 41.25799139455684], [-73.08763018621778, 41.2589873947433], [-73.08785318635692, 41.2601043949524], [-73.08783518640861, 41.26106039513854], [-73.0877531866372, 41.265304395964776], [-73.0881721869516, 41.26828339652843], [-73.08817818695593, 41.26832339653593], [-73.08829118704081, 41.26912839668826], [-73.0884041871257, 41.26993339684056], [-73.08852918721924, 41.27081839700795], [-73.08865318731259, 41.271704397175625], [-73.08865918731499, 41.27171239717695], [-73.08867718732225, 41.27173639718098], [-73.08868318732472, 41.2717453971825], [-73.08831618726462, 41.27271639738346], [-73.08721918708581, 41.27563239798662], [-73.08685318702611, 41.27660439818767], [-73.08679118701197, 41.27670239820883], [-73.08672918699777, 41.276799398229755], [-73.08595418682125, 41.27802439849385], [-73.08375318631988, 41.28150439924416], [-73.08296418609413, 41.28198639936462], [-73.08153118568426, 41.28286439958394], [-73.08137018563814, 41.2829623996085], [-73.08120918559212, 41.28306139963319], [-73.08037718535405, 41.28357039976041], [-73.07885318491817, 41.28450439999366], [-73.07672118427693, 41.28528940021887], [-73.07545218389532, 41.28575740035308], [-73.07292218313428, 41.286688400620186], [-73.07267318305936, 41.28677940064633], [-73.07125218263207, 41.287304400796764], [-73.06947918214058, 41.28865240111882], [-73.06875218193902, 41.289204401250764], [-73.0683681818526, 41.289829401385106], [-73.06711118156984, 41.29187740182524], [-73.06709618156641, 41.291901401830415], [-73.06585418128701, 41.293924402265105], [-73.06577018126816, 41.294061402294595], [-73.06568618124925, 41.29419840232404], [-73.06525218115158, 41.294904402475744], [-73.06519418117904, 41.29567240262663], [-73.06507718123696, 41.29726340293911], [-73.06505218124938, 41.297604403006076], [-73.06615218171892, 41.299504403336755], [-73.06634218179043, 41.29967240336287], [-73.066652181907, 41.29994540340518], [-73.06709718207432, 41.30033840346611], [-73.06785218235825, 41.3010044035694], [-73.07070718338566, 41.30275440381093], [-73.07535318505772, 41.30560440420429], [-73.07654818550937, 41.30669540437487], [-73.07680618560694, 41.306931404411756], [-73.07706418570446, 41.30716740444869], [-73.07765318592702, 41.30770440453261], [-73.07812118616285, 41.309110404789074], [-73.07895318658181, 41.311604405243905], [-73.07955318679971, 41.312004405300904], [-73.08205318767344, 41.31310440542839], [-73.08262018786293, 41.31321040542952], [-73.08318618805218, 41.31331740543089], [-73.08526018874558, 41.3137084054356], [-73.08608718904115, 41.31418040549871], [-73.08652418919934, 41.314463405538596], [-73.08668018925441, 41.314541405548354], [-73.086705189264, 41.314566405552334], [-73.08674118927817, 41.31460840555924], [-73.08712118942773, 41.31505340563246], [-73.08831018989575, 41.316446405861655], [-73.0886621900344, 41.31686140592998], [-73.08867819004068, 41.31687940593294], [-73.08904419018498, 41.317312406004284], [-73.08918019023783, 41.3174604060283], [-73.09093919091471, 41.31926440631756], [-73.09100119093759, 41.31931140632454], [-73.09324119176385, 41.32101540657791], [-73.09565719260998, 41.32210640670641], [-73.09644519288422, 41.32243340674279], [-73.09664919295523, 41.32251840675228], [-73.09685419302662, 41.32260440676187], [-73.09742119322692, 41.32288940679766], [-73.0979891934277, 41.3231754068336], [-73.10122319457028, 41.32480140703769], [-73.10177319476468, 41.32507840707247], [-73.10232319495896, 41.32535440710705], [-73.10558219611042, 41.32699240731257], [-73.10884219726226, 41.32863040751801], [-73.11173519828452, 41.33008640770079], [-73.11317519879336, 41.33081040779159], [-73.11462919930716, 41.33154140788324], [-73.11475519935162, 41.33160440789113], [-73.11575519971089, 41.33220440797303], [-73.11581019973273, 41.332272407984306], [-73.12085520173875, 41.33850440901793], [-73.12219220228688, 41.34042740934435], [-73.12240120237249, 41.34072740939524], [-73.12285520256007, 41.34140440951072], [-73.12305720267005, 41.34214440964705], [-73.1234552028869, 41.343604409916054], [-73.12352820291669, 41.343707409933515], [-73.12366220297146, 41.34389740996566], [-73.12375320300866, 41.344026409987535], [-73.12379620302623, 41.34408740999788], [-73.12403620312433, 41.344428410055656], [-73.12427720322276, 41.34476841011319], [-73.12442920328493, 41.344984410149756], [-73.12455520333641, 41.345162410179896], [-73.12465520337727, 41.34530441020399], [-73.12477320342155, 41.345406410219645], [-73.12489120346588, 41.345509410235564], [-73.12615520394043, 41.34660441040409], [-73.1264602040475, 41.34674641042115], [-73.12956120513634, 41.34818741059356], [-73.13053320547758, 41.34863841064747], [-73.13266220622516, 41.34962841076595], [-73.13605520741646, 41.351204410954416], [-73.13642220756361, 41.35167641103316], [-73.13706720782203, 41.3525044111712], [-73.13771120808019, 41.35333241130934], [-73.13815620825858, 41.353904411404784], [-73.13954720914708, 41.36115841276073], [-73.13955620915281, 41.36120441276931], [-73.13957420915955, 41.361219412771554], [-73.14226821016229, 41.36340741310235], [-73.14356521064514, 41.36446141326163], [-73.14755621213085, 41.367704413751845], [-73.1485242124867, 41.36841641385625], [-73.14949221284249, 41.36912741396054], [-73.15095621338072, 41.370204414118525], [-73.15555421516315, 41.375104414908094], [-73.15665821559132, 41.376283415098165], [-73.15705621574546, 41.37670441516583], [-73.15792421605785, 41.37723141523793], [-73.1588332165008, 41.379692415682584], [-73.1579782164233, 41.38296741634531], [-73.1586572166692, 41.38340441640649], [-73.16125421753593, 41.38386141640542], [-73.16655721920917, 41.38320441609581], [-73.16656621922178, 41.38336441612642], [-73.16895322001044, 41.38365341610011], [-73.16941722016375, 41.38370941609492], [-73.17134022079921, 41.383943416073954], [-73.17158922087673, 41.38389541605615], [-73.17168522090523, 41.38385441604489], [-73.17241722112327, 41.383551415961044], [-73.17266322119661, 41.38345041593307], [-73.17299422130799, 41.38352341593578], [-73.17335722143017, 41.38360441593894], [-73.17388022162213, 41.38398341599423], [-73.17415522172315, 41.38418341602338], [-73.17435122179566, 41.38433541604603], [-73.17494022201367, 41.38479241611408], [-73.1757252223042, 41.38540041620461], [-73.176027222416, 41.38563441623947], [-73.18116922431919, 41.38961941683272], [-73.18120022433106, 41.38965041683762], [-73.18159422448232, 41.39004441690024], [-73.18327022512551, 41.391719417166264], [-73.18338822517225, 41.39186041718943], [-73.18350622521886, 41.39200041721247], [-73.18386622536124, 41.39242941728299], [-73.18422622550361, 41.392858417353516], [-73.18795822697959, 41.3973044180842], [-73.18815822709888, 41.39820441825126], [-73.18755822699022, 41.3996044185425], [-73.18535822643759, 41.40220441912088], [-73.18485822652546, 41.406304419930436], [-73.18581422691302, 41.407598420147465], [-73.1861552270513, 41.408059420224824], [-73.18649622718952, 41.40852042030212], [-73.18655822721462, 41.40860442031622], [-73.1887062279687, 41.409591420432854], [-73.19025822851354, 41.410304420517114], [-73.19111622879957, 41.4104494205155], [-73.19113022880428, 41.41045242051559], [-73.19371922966737, 41.41089042051092], [-73.19630723053017, 41.41132842050624], [-73.19675823068052, 41.41140442050533], [-73.1981582311633, 41.411904420553675], [-73.19818023117152, 41.41192242055635], [-73.19975823175939, 41.41320442074958], [-73.2015582324993, 41.415804421189755], [-73.20369423329079, 41.41746842143748], [-73.20657923435994, 41.41971742177229], [-73.20745923468604, 41.42040342187439], [-73.20768923476943, 41.42055242189524], [-73.20791723485051, 41.42067442191092], [-73.20814523493168, 41.42079742192683], [-73.20919823530633, 41.42136242199959], [-73.2098272355301, 41.421699422042956], [-73.21150823612828, 41.42260242215929], [-73.21183623624495, 41.42277842218196], [-73.21209223634153, 41.42300542221697], [-73.21344323685088, 41.42420042240108], [-73.21443623722524, 41.42507842253634], [-73.21468223732307, 41.42537942258596], [-73.21639423800382, 41.42747142293081], [-73.21713623829886, 41.42837842308032], [-73.21823623869693, 41.429078423177465], [-73.22085823957505, 41.42958542318479], [-73.222079239984, 41.429822423188384], [-73.22379224054916, 41.43001442316623], [-73.22648024143616, 41.43031742313185], [-73.22661124146514, 41.43009942308521], [-73.22674124149378, 41.42988042303843], [-73.2267702415002, 41.42983242302817], [-73.22826324196267, 41.42950542291338], [-73.2299702424914, 41.42913242278239], [-73.23402524367766, 41.42710342225044], [-73.23589824422564, 41.42616742200491], [-73.23591224422981, 41.4261614220033], [-73.23593724423793, 41.426162422002626], [-73.23607124428153, 41.426167421998926], [-73.23659624445241, 41.42618842198483], [-73.23677224450971, 41.4261954219801], [-73.23715724463501, 41.42621042196967], [-73.23739624471273, 41.4262194219632], [-73.23754124476004, 41.42622642195952], [-73.23841224504358, 41.426261421936125], [-73.23901224526394, 41.42669642199941], [-73.23910724529883, 41.42676542200944], [-73.23961424548511, 41.427133422062944], [-73.23993724560782, 41.42743442210989], [-73.24090924597695, 41.428337422250664], [-73.24123424610036, 41.428638422297524], [-73.24226424650524, 41.42981942248989], [-73.24229024651548, 41.429849422494826], [-73.24230424661816, 41.43145742280479], [-73.24231124666889, 41.432250422957615], [-73.24231824671962, 41.43304442311072], [-73.24233124681352, 41.434512423393656], [-73.24233224681689, 41.43456242340326], [-73.24234524691377, 41.43608042369583], [-73.24260824702368, 41.43648842376553], [-73.24278524709769, 41.43676342381249], [-73.2428712471336, 41.43689642383519], [-73.24329824731196, 41.437557423948], [-73.24351424743321, 41.438400424103286], [-73.24355824745794, 41.43857242413493], [-73.24383424756866, 41.43892542419354], [-73.24433524776974, 41.43956642429989], [-73.24481124793408, 41.43973942431685], [-73.24526024808918, 41.43990342433294], [-73.24626924839869, 41.439633424245926], [-73.24676024854934, 41.43950342420387], [-73.24693024860014, 41.43943542418487], [-73.24744124875298, 41.43923442412839], [-73.24752124877676, 41.43920142411922], [-73.24760824880269, 41.43916542410929], [-73.24797824891291, 41.439013424067134], [-73.24807924894307, 41.438972424055734], [-73.24956024938392, 41.43835642388557], [-73.2497812494524, 41.43830842386862], [-73.25000124952057, 41.438261423851934], [-73.2502312495919, 41.43821242383454], [-73.25044324965458, 41.43811742380888], [-73.25119124987565, 41.43778042371793], [-73.25139424993377, 41.43765842368736], [-73.25146524995418, 41.437617423677004], [-73.25243925023388, 41.437044423532654], [-73.25298325039007, 41.43672442345206], [-73.2532612504672, 41.4365174234025], [-73.25347925052782, 41.43635642336389], [-73.25352325053996, 41.43632242335578], [-73.25355625054907, 41.436297423349814], [-73.2539592506604, 41.43598842327621], [-73.2547272508723, 41.43539642313537], [-73.2552722510197, 41.43492742302594], [-73.25552725108874, 41.4347084229749], [-73.25639125133559, 41.434180422843035], [-73.25652425137386, 41.4341034228236], [-73.25695125149694, 41.43386042276189], [-73.25773525173261, 41.433572422679156], [-73.25843925194782, 41.433372422616166], [-73.25920625219347, 41.43333742258287], [-73.26029025255465, 41.43351742258011], [-73.26226625322059, 41.43396842259875], [-73.26265725335654, 41.43412642261571], [-73.26367925371204, 41.43454042266021], [-73.26452525401832, 41.435080422735176], [-73.26513725426011, 41.43580042285298], [-73.26546625441057, 41.43652342298112], [-73.26551725444365, 41.43679542303184], [-73.26578925453255, 41.43681142302554], [-73.26585825457136, 41.437081423075256], [-73.265988254645, 41.43759942317073], [-73.26611825471878, 41.438119423266606], [-73.26627525480775, 41.4387444233818], [-73.26643225489661, 41.43936842349682], [-73.26649025492951, 41.439599423539384], [-73.26654925496267, 41.439830423581924], [-73.266979255206, 41.44153742389647], [-73.26740825544913, 41.44324642421143], [-73.2674942554979, 41.44358942427465], [-73.26777125561509, 41.44404142435227], [-73.26787225565772, 41.4442054243804], [-73.2679722557001, 41.44436942440863], [-73.26830825584217, 41.444918424502916], [-73.26923225623106, 41.44639542475596], [-73.27024425665705, 41.44801342503313], [-73.27126425705255, 41.44909042520554], [-73.27240725749553, 41.45029542539847], [-73.27355125793893, 41.45150042559129], [-73.27369725799548, 41.45165342561579], [-73.27390925806678, 41.45169942561729], [-73.27825425952837, 41.45264342564884], [-73.28073926031091, 41.45231142549864], [-73.28319626106239, 41.45162042528019], [-73.28779926246997, 41.45032342487035], [-73.2912642634542, 41.4481164243244], [-73.29394926427543, 41.447363424086014], [-73.29470826452149, 41.44737742406236], [-73.2952862647176, 41.44753042407184], [-73.29535626474132, 41.4475484240729], [-73.29593426493834, 41.44771742408543], [-73.29776126556334, 41.4482844241315], [-73.29826926575467, 41.448729424199705], [-73.29840426581023, 41.44892442423266], [-73.29866626591817, 41.44930442429689], [-73.29893826603637, 41.449799424382945], [-73.29951426629792, 41.451031424600686], [-73.30007426656806, 41.45248742486211], [-73.30057026684992, 41.45447142522761], [-73.30079426701055, 41.45591142549762], [-73.29986126686434, 41.45844242601822], [-73.29983426699968, 41.46079142647219], [-73.29933826690615, 41.461879426699234], [-73.29889026682616, 41.46293542691845], [-73.29831426675288, 41.46477542729331], [-73.29823426681145, 41.46615142756145], [-73.29826626691305, 41.46763942784727], [-73.29917826732452, 41.46954342818282], [-73.29959426749426, 41.470119428279396], [-73.30012226768845, 41.47050442833531], [-73.3006022678651, 41.47085542838635], [-73.30156226819977, 41.47125542843017], [-73.30180326828007, 41.47129442842934], [-73.30276226859932, 41.471447428425506], [-73.30397826898434, 41.47131942835866], [-73.30431426909193, 41.4713034283439], [-73.30503426931573, 41.471159428291145], [-73.30653826976723, 41.47059942813096], [-73.30760927008623, 41.4701584280087], [-73.3081702702533, 41.46992742794471], [-73.30856427036763, 41.46971642789029], [-73.30954627065269, 41.46919142775499], [-73.3103692708986, 41.46886542766359], [-73.31047427092992, 41.46882342765184], [-73.31111327111348, 41.468450427557705], [-73.31175327129735, 41.468077427463584], [-73.31287427161938, 41.467423427298556], [-73.31363227187178, 41.467545427295725], [-73.31451927216703, 41.46768742729229], [-73.31632727276899, 41.46797842728563], [-73.31902127366601, 41.46841242727577], [-73.32095727431054, 41.468723427268436], [-73.32157527451632, 41.468823427266294], [-73.3220502746737, 41.46888742726214], [-73.32215027470681, 41.46890042726115], [-73.32225027473997, 41.46891442726038], [-73.32320327505575, 41.46904242725198], [-73.32415527537115, 41.46917042724355], [-73.32677527623923, 41.469523427220594], [-73.32735027644847, 41.46990542727426], [-73.32755927652452, 41.47004442729378], [-73.3293072771605, 41.4712044274567], [-73.33141427792589, 41.472583427649326], [-73.33157027798255, 41.47268542766355], [-73.33165727801385, 41.47273742767059], [-73.33178827806091, 41.47281442768087], [-73.33231327824961, 41.473125427722564], [-73.33386127880608, 41.474042427845546], [-73.33488527917423, 41.47464942792698], [-73.33540827936221, 41.4749594279685], [-73.33666327981337, 41.47570342806831], [-73.33864128048816, 41.47628542811173], [-73.33892628058541, 41.47636942811801], [-73.3400632809733, 41.47670342814287], [-73.34087128124337, 41.47685142814326], [-73.34197428161225, 41.47705542814425], [-73.34296628194397, 41.477238428145064], [-73.34395828227566, 41.47742042814564], [-73.34434528240513, 41.47749242814606], [-73.34439928242315, 41.477502428146074], [-73.34484028257063, 41.47758342814636], [-73.34582828290101, 41.477765428147066], [-73.34681628323133, 41.477947428147786], [-73.34696828328215, 41.47797542814788], [-73.3471632833474, 41.47801142814806], [-73.34751128346373, 41.478075428148294], [-73.34766428351489, 41.47810342814835], [-73.34771728353462, 41.478146428154815], [-73.34810328367871, 41.478460428201906], [-73.3484882838223, 41.478773428248836], [-73.34859928386365, 41.47886242826214], [-73.34870928390474, 41.478952428275676], [-73.34926428411173, 41.479403428343275], [-73.35003528437433, 41.47962342835886], [-73.35034228447893, 41.47971142836511], [-73.35059928456643, 41.47978442837026], [-73.3506512845842, 41.47979942837131], [-73.35284028532911, 41.48041342841353], [-73.35503128607468, 41.48102742845562], [-73.35682028668353, 41.481529428490084], [-73.35860828729201, 41.48203142852458], [-73.35886328737881, 41.48210242852942], [-73.35900028742817, 41.482185428540625], [-73.35907728745592, 41.482232428547], [-73.35915528748397, 41.482279428553326], [-73.35933328754814, 41.48238742856796], [-73.35951228761267, 41.48249642858274], [-73.35997328777886, 41.48277642862068], [-73.36043328794472, 41.48305742865882], [-73.36204628852622, 41.484038428791735], [-73.36410428926811, 41.4852904289613], [-73.36420428930262, 41.485325428964586], [-73.36661929013465, 41.48616842904292], [-73.36987729125055, 41.48719742912776], [-73.37044529144659, 41.487401429147276], [-73.37095029162101, 41.48758542916513], [-73.37123729172066, 41.48769742917672], [-73.37152429182022, 41.487808429188114], [-73.37254429217387, 41.48820042922809], [-73.37356429252743, 41.48859142926793], [-73.37456429287201, 41.488940429300314], [-73.37500129302326, 41.489104429316725], [-73.37526429311428, 41.48920242932642], [-73.37535529318755, 41.48991442946046], [-73.37547129328073, 41.49081842963058], [-73.37558729337383, 41.4917214298005], [-73.37562729340556, 41.49202642985783], [-73.37566729343729, 41.49233142991522], [-73.37576429351614, 41.49310243006034], [-73.37619029380835, 41.495610430528686], [-73.37644129398046, 41.49708743080442], [-73.37669129415228, 41.498564431080254], [-73.37676529420324, 41.499002431162005], [-73.37705829432176, 41.49938943122632], [-73.37729329441669, 41.49969843127768], [-73.3775282945117, 41.500007431329], [-73.37802729471356, 41.500666431438525], [-73.37852629491533, 41.50132443154788], [-73.37896529509275, 41.50190243164392], [-73.37956229530653, 41.5022404316882], [-73.38196529616688, 41.50360243186679], [-73.38706529791322, 41.50520243199712], [-73.38720029796406, 41.50531943201492], [-73.38722329797272, 41.505339432017976], [-73.38759729811362, 41.50566443206751], [-73.3879702982541, 41.50598843211693], [-73.38816729832824, 41.50615843214277], [-73.38836329840201, 41.50632743216852], [-73.38856529847806, 41.50650243219511], [-73.38851029846822, 41.506631432221894], [-73.38804529838598, 41.50773243245012], [-73.38757929830335, 41.5088334326784], [-73.38746529828312, 41.509102432734174], [-73.38496529759269, 41.51100243318718], [-73.38506529771756, 41.51250243347253], [-73.38574329798722, 41.51332243360675], [-73.38635429823034, 41.51406243372793], [-73.38696529847344, 41.51480243384909], [-73.38704129849597, 41.514770433840326], [-73.38711629851817, 41.51473743383133], [-73.38762329866859, 41.514520433771835], [-73.388130298819, 41.51430343371241], [-73.38836829888955, 41.51420043368425], [-73.39121329975865, 41.51338943342886], [-73.3918232999307, 41.51298443332963], [-73.39304830030436, 41.51262543321778], [-73.39336530039918, 41.51250243318305], [-73.39377130052004, 41.512335433136705], [-73.39454530075038, 41.5120164330483], [-73.39506530090517, 41.51180243298898], [-73.39979730232734, 41.510075432491355], [-73.40037330250036, 41.50986443243066], [-73.40210230301999, 41.50923343224883], [-73.40246530312915, 41.50910243221094], [-73.40267230319009, 41.50900643218524], [-73.41126630571908, 41.50500243111433], [-73.41155030580644, 41.50493143109075], [-73.41166630584212, 41.504902431081085], [-73.41186430589369, 41.504701431035464], [-73.41210630596477, 41.50458743100506], [-73.41259130610707, 41.504354430943295], [-73.41404630653412, 41.50365843075848], [-73.41416630656941, 41.50360243074354], [-73.41447230666353, 41.50352643071819], [-73.41456030669059, 41.50350443071086], [-73.41461030670605, 41.50349243070684], [-73.41477230675578, 41.503450430693086], [-73.41482630677241, 41.50343743068868], [-73.41496630681544, 41.503402430677085], [-73.41655430727742, 41.502576430462575], [-73.41666130730859, 41.502521430448276], [-73.4174663075427, 41.502102430339455], [-73.41756530757212, 41.502060430327916], [-73.41759430758071, 41.50204843032462], [-73.41772430761945, 41.50199543030983], [-73.4189963079985, 41.50148043016624], [-73.41908630802547, 41.50144643015659], [-73.42023830837364, 41.50105843004167], [-73.42216430895583, 41.500412429849995], [-73.42369430941821, 41.49989742969739], [-73.42484730976672, 41.49951042958263], [-73.42546630995385, 41.49930242952097], [-73.42586431007655, 41.49920842948892], [-73.4278523106901, 41.498745429330356], [-73.42896831103441, 41.4984844292411], [-73.42937431115972, 41.498390429208825], [-73.42999731135028, 41.49821742915374], [-73.43076631158537, 41.498002429085496], [-73.43078231158889, 41.49797542907975], [-73.43088931162049, 41.497927429066735], [-73.43535531289119, 41.495148428375565], [-73.4357323129987, 41.49491742831793], [-73.43686331332125, 41.494226428145325], [-73.43706731337949, 41.494102428114346], [-73.43723231342545, 41.49398442808582], [-73.43736131346138, 41.4938914280634], [-73.43775131357009, 41.49361242799606], [-73.43776731357467, 41.49360242799356], [-73.43788431360754, 41.49352342797429], [-73.43802331364674, 41.49343042795151], [-73.43836731374374, 41.49320242789558], [-73.438445313766, 41.49315542788381], [-73.43858931380723, 41.493069427862224], [-73.43863931382144, 41.49303842785447], [-73.43878931386435, 41.4929484278319], [-73.43884031387894, 41.49291842782434], [-73.43897031391606, 41.492839427804626], [-73.43936131402786, 41.492605427745865], [-73.4394983140679, 41.49253742772797], [-73.43954931408275, 41.492511427721205], [-73.43970131412709, 41.49243442770108], [-73.43975331414234, 41.492409427694405], [-73.44009531423912, 41.49218742763975], [-73.44112431453036, 41.49152342747588], [-73.44146731462745, 41.49130242742133], [-73.44162531473182, 41.49216542758205], [-73.44210231504594, 41.49475442806401], [-73.4422613151507, 41.49561842822483], [-73.44288031555881, 41.498986428851794], [-73.44306731568206, 41.5000024290409], [-73.44369231595346, 41.50112742923566], [-73.44383331601468, 41.501380429279436], [-73.44406731611633, 41.50180242935256], [-73.44361731608768, 41.503689429731544], [-73.44356731608471, 41.503902429774335], [-73.44456731671698, 41.508902430701994], [-73.44526731698019, 41.50950243079305], [-73.4427673164573, 41.51410243176592], [-73.44303631660516, 41.51508743194612], [-73.44357131689885, 41.51704043230329], [-73.4450873177316, 41.52258243331693], [-73.4452553178191, 41.52311843341415], [-73.44576231808243, 41.52472643370589], [-73.44593131817024, 41.525262433803135], [-73.44667931851008, 41.52684843408214], [-73.44736631882229, 41.52830643433867], [-73.44894931954194, 41.531667434929936], [-73.45036932018773, 41.53468643546109], [-73.4505653202768, 41.53510143553408], [-73.45197932092607, 41.538207436082104], [-73.45270232125827, 41.53979843636281], [-73.45401832186309, 41.54269543687398], [-73.45447132211653, 41.544422437190306], [-73.45516432251291, 41.547203437700865], [-73.45604232291625, 41.549132438041106], [-73.45741032354418, 41.55212943856951], [-73.45760432363328, 41.55255543864462], [-73.46133432534572, 41.56072744008516], [-73.46136832536133, 41.56080244009837], [-73.46296332609126, 41.56425744070669], [-73.46382532648579, 41.56612444103536], [-73.46641132766952, 41.57172844202177], [-73.4672733280642, 41.573596442350535], [-73.46765332823827, 41.574421442495805], [-73.46796832838238, 41.57510244261561], [-73.4687283287413, 41.57692644293945], [-73.4689683288547, 41.577502443041745], [-73.46910732891509, 41.57775144308471], [-73.46914932893337, 41.577827443097824], [-73.46927632898874, 41.57805744313761], [-73.46931932900743, 41.57813444315088], [-73.4694683290722, 41.578402443197156], [-73.47027332944215, 41.580168443508235], [-73.47307233072823, 41.58630344458877], [-73.4740063311574, 41.58834944494906], [-73.47499333160859, 41.59047444532261], [-73.47795433296248, 41.596852446443705], [-73.47894133341386, 41.598978446817384], [-73.47979233380273, 41.60080644713856], [-73.48083633426376, 41.60279144748307], [-73.48198833477257, 41.60498244786331], [-73.48678633689168, 41.614102449445774], [-73.4883453375803, 41.61706444995956], [-73.48852933766159, 41.617414450020306], [-73.4887243377545, 41.61789445010557], [-73.48876833777553, 41.61800345012496], [-73.48890233783942, 41.61833345018356], [-73.48891333784456, 41.618358450188], [-73.48895233786236, 41.61844145020252], [-73.49069333865656, 41.6221524508536], [-73.49208133928975, 41.62511045137249], [-73.49501734065588, 41.63179345255163], [-73.49571434098019, 41.63337945283147], [-73.49736334174764, 41.63713345349365], [-73.49745234178916, 41.63733745352969], [-73.49772134191434, 41.637949453637624], [-73.49781134195617, 41.6381534536736], [-73.4976853419173, 41.63818345368375], [-73.49733334180603, 41.638223453703816], [-73.49729234179432, 41.638248453710055], [-73.49704834172493, 41.63840045374778], [-73.49684234166322, 41.63847845376996], [-73.4967633416404, 41.6385224537812], [-73.49671134163285, 41.63867045381144], [-73.49666034163069, 41.63889945385714], [-73.49654334160823, 41.63914545390844], [-73.49640434157617, 41.63935145395283], [-73.49637034156997, 41.63942845396877], [-73.49615734153156, 41.63991545406969], [-73.4960973415207, 41.64005245409807], [-73.49604034151042, 41.640183454125214], [-73.49598134150511, 41.640403454169515], [-73.4959943415141, 41.6404804541838], [-73.49602134153211, 41.64062845421127], [-73.4960253415349, 41.64065245421572], [-73.49604034154171, 41.64068445422131], [-73.49606934155476, 41.640742454231436], [-73.4961713415912, 41.640798454238556], [-73.49619534159976, 41.64081145424024], [-73.49622834161089, 41.6408184542404], [-73.49625034161943, 41.640841454244054], [-73.49628134163049, 41.64085845424624], [-73.49637034166577, 41.64096245426307], [-73.4963553416646, 41.64102145427488], [-73.49634934167547, 41.64122645431441], [-73.49634134169045, 41.64150745436862], [-73.49634634170972, 41.6417904544227], [-73.49634834171911, 41.64193045444952], [-73.49634234173439, 41.64220545450246], [-73.49636334174934, 41.64233645452686], [-73.49629034173633, 41.642506454561996], [-73.49621234171657, 41.642593454581444], [-73.49618834171062, 41.64262245458782], [-73.49604234167307, 41.6427774546227], [-73.49586334162333, 41.64290645465373], [-73.49583134161438, 41.642929454659274], [-73.49573534158766, 41.642998454675876], [-73.49570334157872, 41.64302145468142], [-73.4956723415701, 41.64304345468673], [-73.4956253415571, 41.643078454695114], [-73.4955823415452, 41.64311045470273], [-73.49555234153695, 41.643133454708206], [-73.49548234151708, 41.64317745471911], [-73.49528934146421, 41.64333045475525], [-73.49522434144632, 41.64338045476711], [-73.49520134143995, 41.64339745477119], [-73.49516634143136, 41.64344045478068], [-73.49500834139263, 41.643638454824156], [-73.49498834138778, 41.6436644548299], [-73.49496434138292, 41.64371045483955], [-73.49482834135506, 41.64396845489381], [-73.49477734134159, 41.64401745490499], [-73.49447034125087, 41.64415345494185], [-73.4944443412439, 41.64417745494736], [-73.49411134115616, 41.644495455020056], [-73.49386334108617, 41.64465845506008], [-73.49376734105785, 41.64470245507188], [-73.49329934091014, 41.64475945509925], [-73.49297734081219, 41.644858455129594], [-73.49267734072458, 41.64500845516885], [-73.49252334067886, 41.64507345518673], [-73.49250034067228, 41.64508745519025], [-73.49239934064367, 41.64515145520608], [-73.49226734060628, 41.64523645522699], [-73.49210734055895, 41.645306455246036], [-73.49183734047689, 41.645390455271645], [-73.49156634039484, 41.64547945529822], [-73.49147734036801, 41.64551045530734], [-73.49144034035666, 41.64552045531053], [-73.49139634034354, 41.64553845531555], [-73.49087934018739, 41.645714455367475], [-73.49068134014908, 41.64612645545344], [-73.49033034005052, 41.64636445551138], [-73.49013233998969, 41.646415455528164], [-73.49003033995712, 41.64642245553308], [-73.48989833990905, 41.64633545552101], [-73.48978833986524, 41.646203455499574], [-73.489774339859, 41.646176455494896], [-73.48975933983833, 41.64592345544691], [-73.48973733982871, 41.64588345543999], [-73.4896783398085, 41.64586445543842], [-73.48953233976252, 41.64588445544738], [-73.48945233973917, 41.64592445545789], [-73.48933433970741, 41.64602645548156], [-73.48929033969455, 41.64604845548733], [-73.4891073396374, 41.64608145550012], [-73.48860333946867, 41.645988455499996], [-73.48838333939203, 41.645900455490846], [-73.48829433935813, 41.64581845547823], [-73.48828033934434, 41.645669455450175], [-73.48814833929929, 41.64563145544751], [-73.48807533927726, 41.64565645545487], [-73.48798733925717, 41.645790455483656], [-73.48773933919311, 41.64604845554183], [-73.48779033921608, 41.646152455560006], [-73.48773133920484, 41.64627845558626], [-73.48754233915345, 41.64643345562265], [-73.48737233910563, 41.64654845565068], [-73.48721833906926, 41.64676245569708], [-73.48708033902416, 41.64675545570061], [-73.48698533899484, 41.64677745570818], [-73.48691133897329, 41.64681545571808], [-73.48683833896231, 41.647017455759325], [-73.48680933895515, 41.64705345576728], [-73.48672933892982, 41.6470614557716], [-73.48658233887959, 41.64701845576857], [-73.48653133886305, 41.647017455770126], [-73.48633333879552, 41.646961455766366], [-73.48565333856774, 41.64683445576588], [-73.48540433848731, 41.64683545577481], [-73.48508933839703, 41.64702045582139], [-73.48503833838443, 41.64708245583504], [-73.48495033836689, 41.64725745587171], [-73.48479733832235, 41.64733645589229], [-73.48468733829314, 41.64743845591566], [-73.48515333846731, 41.64781445597142], [-73.48551433860864, 41.648208456034276], [-73.48636933894339, 41.649142456183384], [-73.48771333945592, 41.65039045637546], [-73.48929734007798, 41.6521504566573], [-73.48942434012788, 41.652291456679926], [-73.49032134048001, 41.65328645683918], [-73.49086534070793, 41.654118456979596], [-73.49115134083137, 41.65461445706465], [-73.49140934094281, 41.6550624571415], [-73.49180234111897, 41.65584845727839], [-73.49188934115799, 41.65602245730866], [-73.49198234120567, 41.65630445735949], [-73.49240134142156, 41.657590457591326], [-73.49274534158675, 41.65845445774486], [-73.49302534172128, 41.65915845787004], [-73.49339334191232, 41.66031045807793], [-73.4936493420301, 41.660870458176305], [-73.49396934214954, 41.661126458214135], [-73.4943083422679, 41.66126645822904], [-73.49443334231161, 41.66131845823464], [-73.49445834231942, 41.66131445823295], [-73.49472134240172, 41.66127045821531], [-73.49486534244527, 41.66122245820101], [-73.4951453425232, 41.66102045815243], [-73.49544134260553, 41.66080645810103], [-73.49620934281582, 41.66019845795746], [-73.4968653429899, 41.659590457817835], [-73.49748934316366, 41.65914245770999], [-73.49795334329858, 41.65890145764746], [-73.49828934340522, 41.65886945762953], [-73.49855334349716, 41.6589744576404], [-73.49876934357246, 41.65906145764945], [-73.49956934385811, 41.659493457704166], [-73.50062534423668, 41.66008745778088], [-73.50107734439872, 41.660341457813665], [-73.50152834456043, 41.660595457846554], [-73.50161734459232, 41.66064545785298], [-73.50285034502848, 41.66124445792442], [-73.50323534516468, 41.66143245794695], [-73.50395334541868, 41.66178145798858], [-73.5044133455876, 41.66210445803434], [-73.50502534581229, 41.662533458095055], [-73.50629034627138, 41.66333345820388], [-73.50669734642845, 41.66374045826756], [-73.50673834644428, 41.66378145827401], [-73.50693034652235, 41.6640374583163], [-73.50686634654268, 41.66469345844434], [-73.50680234655302, 41.665189458541654], [-73.50683434659243, 41.66565345862946], [-73.50692434663137, 41.66581045865638], [-73.50702234666646, 41.6658654586635], [-73.50804034701062, 41.66610545867365], [-73.50916634738219, 41.666225458657074], [-73.50935634744496, 41.66624645865443], [-73.50982134760079, 41.66633445865486], [-73.5103803477923, 41.6665064586682], [-73.51115034804069, 41.6664964586392], [-73.51382134887353, 41.66600545845108], [-73.51478534917827, 41.66589445839586], [-73.5152793493403, 41.6659314583856], [-73.51595134955991, 41.665968458369], [-73.51602034958246, 41.66597245836734], [-73.51672734983025, 41.66627945840131], [-73.51728435002825, 41.66656545843652], [-73.51762435014813, 41.66672445845504], [-73.51808135029631, 41.666731458440275], [-73.5180983502945, 41.66661445841727], [-73.51812235028692, 41.66636945836946], [-73.51814635027988, 41.66613345832341], [-73.51928334969011, 41.65083445535046], [-73.51937534964178, 41.649586455107965], [-73.51965334949747, 41.6458424543802], [-73.51974734944986, 41.644595454137765], [-73.51980134942495, 41.643917454005866], [-73.51996334935008, 41.64188245360986], [-73.52001834932548, 41.64120545347807], [-73.52001934932306, 41.6411614534696], [-73.52002534931684, 41.64103045344433], [-73.52002834931513, 41.640987453435955], [-73.5200743492694, 41.6400184532485], [-73.52017934916564, 41.63781545282226], [-73.52063434871812, 41.628301450981155], [-73.52078634856915, 41.62513045036742], [-73.52078834856799, 41.62510145036179], [-73.52083334852355, 41.62415745017908], [-73.52097234838634, 41.621241449614686], [-73.52101934834081, 41.62026944942648], [-73.5210393483203, 41.61983744934288], [-73.52104234831778, 41.61978144933206], [-73.52143634824768, 41.61662044871157], [-73.5214593482432, 41.61642944867412], [-73.5214793482374, 41.6162334486358], [-73.5223253479869, 41.60784044699514], [-73.52386634753917, 41.59268344403099], [-73.52475234728743, 41.58405444234267], [-73.52599534694578, 41.572128440008], [-73.52600234693546, 41.57192643996895], [-73.52609834675607, 41.56854943931672], [-73.52740634629515, 41.554360436543924], [-73.52742534628716, 41.55413443649984], [-73.52769334611394, 41.549959435687896], [-73.52895134579074, 41.53823343338922], [-73.52896234579016, 41.53816643337595], [-73.52922934575763, 41.53625643299928], [-73.52931434574654, 41.53563743287722], [-73.52944534569802, 41.53417643259171], [-73.529450345696, 41.53411843258035], [-73.52945534569406, 41.534060432569], [-73.53006834546568, 41.5272024312285], [-73.5301103454499, 41.526730431136244], [-73.5302353454024, 41.52531743086004], [-73.53027834538703, 41.52484643076793], [-73.53027934538612, 41.52482643076404], [-73.53028434538398, 41.524766430752365], [-73.53028734538375, 41.52474743074858], [-73.53036734535374, 41.52384843057285], [-73.53053534529239, 41.52198743020893], [-73.53056934527953, 41.521604430134055], [-73.5306093452643, 41.52115143004552], [-73.53068934523431, 41.520253429869946], [-73.53071434522467, 41.519968429814234], [-73.53074334521426, 41.51964942975183], [-73.53090534515398, 41.517837429397574], [-73.53095934513388, 41.51723342927944], [-73.53112934507038, 41.515327428906765], [-73.53177834482962, 41.50807642748872], [-73.53177834482798, 41.508050427483724], [-73.53245234457806, 41.50051942601068], [-73.53250534456721, 41.50006942592223], [-73.53256334453891, 41.49931142577427], [-73.53257034453576, 41.49922442575727], [-73.53260334451933, 41.4987884256722], [-73.53260734451752, 41.49873742566219], [-73.5326193445121, 41.49858842563314], [-73.53269334447832, 41.49765942545173], [-73.53273634445813, 41.49711042534451], [-73.5328773443843, 41.49518642496921], [-73.53318634422503, 41.49101242415478], [-73.53322334420344, 41.49047142404932], [-73.53325134418813, 41.49007942397291], [-73.5336543439754, 41.48455242289456], [-73.53385834386829, 41.48176342235039], [-73.53394834379564, 41.48012342203139], [-73.53395334375162, 41.47938742188947], [-73.53395634374489, 41.4792634218655], [-73.53396634373922, 41.479119421837396], [-73.53397634373214, 41.478953421805095], [-73.53404534369265, 41.47795742161087], [-73.53406134368792, 41.47779742157945], [-73.53407334368481, 41.47768442155727], [-73.53412034367301, 41.47724942147186], [-73.53420234365841, 41.47658742134152], [-73.53429134364491, 41.47590642120718], [-73.5343223436415, 41.47568942116434], [-73.53436834363632, 41.47536642110048], [-73.53453334356182, 41.47330542069776], [-73.5345703435488, 41.47290242061884], [-73.53461634352286, 41.472244420490505], [-73.53467034349143, 41.47145642033681], [-73.53475234346926, 41.47067142018272], [-73.53480834345217, 41.47010442007155], [-73.53485734342819, 41.46946241994614], [-73.5348703434225, 41.469302419914875], [-73.53490334341477, 41.4690054198565], [-73.53497034339904, 41.46840341973819], [-73.53497034338106, 41.4681134196823], [-73.5349703433626, 41.46781541962492], [-73.5349703433556, 41.46770241960315], [-73.53505034334115, 41.46705241947512], [-73.53507334333726, 41.46686941943907], [-73.535070343297, 41.46623541931704], [-73.53507034329495, 41.46620241931067], [-73.5351293432714, 41.46551441917608], [-73.53517134325318, 41.46500241907596], [-73.53520934323963, 41.464585418994304], [-73.53522234324062, 41.46453341898379], [-73.53525234323962, 41.46436141894965], [-73.53526634322924, 41.46412041890271], [-73.53527034322941, 41.4641024188991], [-73.53527034319224, 41.46350241878347], [-73.53528734319192, 41.463408418764786], [-73.5353053431799, 41.463121418708916], [-73.53535534317754, 41.462822418649495], [-73.5354093431485, 41.46207241850312], [-73.53556934310474, 41.460532418200835], [-73.53560734305898, 41.459595418018935], [-73.53573234298477, 41.457746417658285], [-73.53577034296119, 41.45716741754538], [-73.53578434294779, 41.45687741748899], [-73.53579134294259, 41.45675741746565], [-73.53579934293752, 41.456634417441634], [-73.53582334292328, 41.456279417372436], [-73.53583734291537, 41.45607841733321], [-73.5358433429025, 41.4558394172869], [-73.5358633428962, 41.45563341724653], [-73.53586834289118, 41.45552641722572], [-73.53587234288868, 41.455464417213605], [-73.53589334286933, 41.45504341713179], [-73.53597734278759, 41.45328541679008], [-73.53598734277743, 41.45306841674789], [-73.53600134276599, 41.452811416697905], [-73.53603734268692, 41.451346416414296], [-73.53604734266784, 41.45098641634458], [-73.53605634265121, 41.45067041628336], [-73.53606534262488, 41.450198416192066], [-73.53610634260376, 41.44964341608365], [-73.53628834251255, 41.44722141561046], [-73.53633534249175, 41.44664041549687], [-73.53640734247996, 41.4460744153852], [-73.53658434246614, 41.44492841515811], [-73.53673334243292, 41.44361441489963], [-73.53681434241082, 41.44283541474666], [-73.53702734233478, 41.44049541428813], [-73.53709434230808, 41.43971441413519], [-73.53726234225115, 41.437918413783066], [-73.53747034219333, 41.435898413386326], [-73.53751034218163, 41.43550141330842], [-73.53763334214763, 41.43430941307428], [-73.53767434213637, 41.43391341299648], [-73.5377323421214, 41.43336941288957], [-73.53774334211842, 41.43326341286874], [-73.53788934208076, 41.431893412599514], [-73.53806734205322, 41.430519412328344], [-73.53812934204318, 41.43003341223245], [-73.53840534199722, 41.42785041180182], [-73.53838434198977, 41.42783941180041], [-73.5385283419686, 41.42674541158444], [-73.5387443419378, 41.425120411263514], [-73.53888834191727, 41.42403641104942], [-73.53975134177354, 41.41720740970206], [-73.53994534174143, 41.41567540939974], [-73.54007634171985, 41.414642409195885], [-73.54008734171757, 41.41454740917718], [-73.54041134166394, 41.411988408672194], [-73.54042434166166, 41.4118834086515], [-73.54044734165828, 41.411708408616924], [-73.5404693416545, 41.41153240858219], [-73.54110334154703, 41.40648240758573], [-73.54112034154684, 41.40639040756741], [-73.54114534154891, 41.40629340754777], [-73.54132934154833, 41.40532340735417], [-73.54134134154711, 41.40524140733798], [-73.54147034153694, 41.40440240717154], [-73.54152034151629, 41.40380740705499], [-73.5423633411743, 41.39386440510671], [-73.54247034113092, 41.392602404859396], [-73.5425373410535, 41.39099840454749], [-73.54256134103935, 41.39064340447809], [-73.54257334103133, 41.39045140444067], [-73.54258734102396, 41.390258404402886], [-73.54256334101252, 41.39019840439218], [-73.54257234098787, 41.38975240430578], [-73.54260234098012, 41.389470404250254], [-73.54262334098394, 41.38942240424028], [-73.54262334098277, 41.38940340423659], [-73.5426293409758, 41.38925840420842], [-73.54264534096747, 41.38904040416576], [-73.54265834096132, 41.38887240413292], [-73.54265934095977, 41.38884240412705], [-73.54281034085942, 41.38642640365541], [-73.5432653405589, 41.379177402240046], [-73.543417340459, 41.37676240176845], [-73.54342634045372, 41.37663040174263], [-73.5434723404461, 41.376266401670776], [-73.54362034042208, 41.37510240144082]]], "crs": null}, "id": 149, "type": "Feature", "properties": {"category": "msa_ffe", "name": "Bridgeport-Stamford-Norwalk, CT", "county": "Fairfield County", "geoid": "09001", "status": "Yes"}}, {"geometry": {"type": "Polygon", "coordinates": [[[-73.14755621213085, 41.367704413751845], [-73.14356521064514, 41.36446141326163], [-73.14226821016229, 41.36340741310235], [-73.13957420915955, 41.361219412771554], [-73.13955620915281, 41.36120441276931], [-73.13954720914708, 41.36115841276073], [-73.13815620825858, 41.353904411404784], [-73.13771120808019, 41.35333241130934], [-73.13706720782203, 41.3525044111712], [-73.13642220756361, 41.35167641103316], [-73.13605520741646, 41.351204410954416], [-73.13266220622516, 41.34962841076595], [-73.13053320547758, 41.34863841064747], [-73.12956120513634, 41.34818741059356], [-73.1264602040475, 41.34674641042115], [-73.12615520394043, 41.34660441040409], [-73.12489120346588, 41.345509410235564], [-73.12477320342155, 41.345406410219645], [-73.12465520337727, 41.34530441020399], [-73.12455520333641, 41.345162410179896], [-73.12442920328493, 41.344984410149756], [-73.12427720322276, 41.34476841011319], [-73.12403620312433, 41.344428410055656], [-73.12379620302623, 41.34408740999788], [-73.12375320300866, 41.344026409987535], [-73.12366220297146, 41.34389740996566], [-73.12352820291669, 41.343707409933515], [-73.1234552028869, 41.343604409916054], [-73.12305720267005, 41.34214440964705], [-73.12285520256007, 41.34140440951072], [-73.12240120237249, 41.34072740939524], [-73.12219220228688, 41.34042740934435], [-73.12085520173875, 41.33850440901793], [-73.11581019973273, 41.332272407984306], [-73.11575519971089, 41.33220440797303], [-73.11475519935162, 41.33160440789113], [-73.11462919930716, 41.33154140788324], [-73.11317519879336, 41.33081040779159], [-73.11173519828452, 41.33008640770079], [-73.10884219726226, 41.32863040751801], [-73.10558219611042, 41.32699240731257], [-73.10232319495896, 41.32535440710705], [-73.10177319476468, 41.32507840707247], [-73.10122319457028, 41.32480140703769], [-73.0979891934277, 41.3231754068336], [-73.09742119322692, 41.32288940679766], [-73.09685419302662, 41.32260440676187], [-73.09664919295523, 41.32251840675228], [-73.09644519288422, 41.32243340674279], [-73.09565719260998, 41.32210640670641], [-73.09324119176385, 41.32101540657791], [-73.09100119093759, 41.31931140632454], [-73.09093919091471, 41.31926440631756], [-73.08918019023783, 41.3174604060283], [-73.08904419018498, 41.317312406004284], [-73.08867819004068, 41.31687940593294], [-73.0886621900344, 41.31686140592998], [-73.08831018989575, 41.316446405861655], [-73.08712118942773, 41.31505340563246], [-73.08674118927817, 41.31460840555924], [-73.086705189264, 41.314566405552334], [-73.08668018925441, 41.314541405548354], [-73.08652418919934, 41.314463405538596], [-73.08608718904115, 41.31418040549871], [-73.08526018874558, 41.3137084054356], [-73.08318618805218, 41.31331740543089], [-73.08262018786293, 41.31321040542952], [-73.08205318767344, 41.31310440542839], [-73.07955318679971, 41.312004405300904], [-73.07895318658181, 41.311604405243905], [-73.07812118616285, 41.309110404789074], [-73.07765318592702, 41.30770440453261], [-73.07706418570446, 41.30716740444869], [-73.07680618560694, 41.306931404411756], [-73.07654818550937, 41.30669540437487], [-73.07535318505772, 41.30560440420429], [-73.07070718338566, 41.30275440381093], [-73.06785218235825, 41.3010044035694], [-73.06709718207432, 41.30033840346611], [-73.066652181907, 41.29994540340518], [-73.06634218179043, 41.29967240336287], [-73.06615218171892, 41.299504403336755], [-73.06505218124938, 41.297604403006076], [-73.06507718123696, 41.29726340293911], [-73.06519418117904, 41.29567240262663], [-73.06525218115158, 41.294904402475744], [-73.06568618124925, 41.29419840232404], [-73.06577018126816, 41.294061402294595], [-73.06585418128701, 41.293924402265105], [-73.06709618156641, 41.291901401830415], [-73.06711118156984, 41.29187740182524], [-73.0683681818526, 41.289829401385106], [-73.06875218193902, 41.289204401250764], [-73.06947918214058, 41.28865240111882], [-73.07125218263207, 41.287304400796764], [-73.07267318305936, 41.28677940064633], [-73.07292218313428, 41.286688400620186], [-73.07545218389532, 41.28575740035308], [-73.07672118427693, 41.28528940021887], [-73.07885318491817, 41.28450439999366], [-73.08037718535405, 41.28357039976041], [-73.08120918559212, 41.28306139963319], [-73.08137018563814, 41.2829623996085], [-73.08153118568426, 41.28286439958394], [-73.08296418609413, 41.28198639936462], [-73.08375318631988, 41.28150439924416], [-73.08595418682125, 41.27802439849385], [-73.08672918699777, 41.276799398229755], [-73.08679118701197, 41.27670239820883], [-73.08685318702611, 41.27660439818767], [-73.08721918708581, 41.27563239798662], [-73.08831618726462, 41.27271639738346], [-73.08868318732472, 41.2717453971825], [-73.08867718732225, 41.27173639718098], [-73.08865918731499, 41.27171239717695], [-73.08865318731259, 41.271704397175625], [-73.08852918721924, 41.27081839700795], [-73.0884041871257, 41.26993339684056], [-73.08829118704081, 41.26912839668826], [-73.08817818695593, 41.26832339653593], [-73.0881721869516, 41.26828339652843], [-73.0877531866372, 41.265304395964776], [-73.08783518640861, 41.26106039513854], [-73.08785318635692, 41.2601043949524], [-73.08763018621778, 41.2589873947433], [-73.08743018609344, 41.25799139455684], [-73.08719118594446, 41.25679639433312], [-73.08675318567134, 41.254604393922726], [-73.08692218567805, 41.2538073937623], [-73.0870921856852, 41.253012393602155], [-73.08735118569597, 41.25180039335813], [-73.08857018598717, 41.25009739298587], [-73.08858618599096, 41.25007439298084], [-73.08876618603394, 41.249822392925786], [-73.08894618607698, 41.249571392870926], [-73.09115118660375, 41.246491392197626], [-73.09121618662041, 41.246419392181444], [-73.09141518667572, 41.24627039214569], [-73.09161418673106, 41.24612339211033], [-73.0934031872186, 41.244625391758376], [-73.09562618785982, 41.24335439143556], [-73.09916818888139, 41.24132839092107], [-73.09949518897682, 41.241160390877276], [-73.09979018906293, 41.24100839083766], [-73.10157418958397, 41.2400963905996], [-73.10405519023065, 41.23753139001673], [-73.10495319046474, 41.236603389805836], [-73.10755419105799, 41.232504388920916], [-73.10895419141977, 41.2310043885818], [-73.10995419164638, 41.2294043882369], [-73.11002519165511, 41.22916838818861], [-73.11013219166804, 41.22880838811505], [-73.11055419171993, 41.227404387828], [-73.11045419156154, 41.22530438742363], [-73.1101971914196, 41.22432138724151], [-73.1099391912773, 41.2233383870594], [-73.10956519107086, 41.22190938679472], [-73.10935419095442, 41.221104386645564], [-73.1083541904637, 41.21830438613597], [-73.10925419064009, 41.21640438573609], [-73.10958419069908, 41.21561238557097], [-73.11025419081875, 41.21400438523572], [-73.11034119080472, 41.21330238509637], [-73.1105041907793, 41.21200238483824], [-73.11065419075584, 41.21080438460041], [-73.11065419061781, 41.20850338415333], [-73.11065419061504, 41.208457384144396], [-73.11065419060682, 41.20832038411779], [-73.11065419060412, 41.20827538410905], [-73.11065419057593, 41.20780538401771], [-73.11058519054431, 41.207649383989825], [-73.10981119018915, 41.20589138367469], [-73.10955419007104, 41.20530538356963], [-73.10953419005877, 41.205208383551486], [-73.10947719002326, 41.204922383497845], [-73.10945819001142, 41.20482738348006], [-73.10945419000883, 41.204805383475914], [-73.1094371899998, 41.20474638346506], [-73.10941818998975, 41.20468138345308], [-73.10938518997206, 41.20456338343123], [-73.1092541899023, 41.204105383346764], [-73.10929518990241, 41.203886383302766], [-73.10953918990464, 41.20261038304653], [-73.10965418990546, 41.20200538292504], [-73.11012319000355, 41.201118382736595], [-73.11054319009146, 41.200324382567956], [-73.11055419009391, 41.20030538256389], [-73.11057319009839, 41.200278382558004], [-73.11064319011501, 41.20017838253619], [-73.11070219012905, 41.20009538251803], [-73.1115341903268, 41.19891638226048], [-73.11168319036211, 41.198703382213964], [-73.11236619052455, 41.19773738200288], [-73.11307819069378, 41.19672838178242], [-73.11346119078486, 41.196186381664], [-73.11455619104512, 41.19463538132512], [-73.11498419114682, 41.19402838119257], [-73.11535419123487, 41.19350538107823], [-73.11623419146416, 41.192594380871085], [-73.11725219172938, 41.19154038063141], [-73.11825419199062, 41.19050538039597], [-73.11892319217434, 41.18997038026909], [-73.1191131922265, 41.18981738023284], [-73.11930419227897, 41.18966538019681], [-73.12056219262446, 41.18865837995803], [-73.12075419267725, 41.1885053799217], [-73.12135319281045, 41.18750437970667], [-73.12136719281186, 41.187452379696055], [-73.12179019284692, 41.18576037935269], [-73.12195419286056, 41.18510537921976], [-73.12245419288998, 41.18290537877499], [-73.12237919272808, 41.180607378330805], [-73.12235419267195, 41.179805378175786], [-73.12199819250499, 41.178935378018814], [-73.12145419224983, 41.17760537777883], [-73.12073519196679, 41.17675237763756], [-73.1198541916199, 41.17570537746416], [-73.1179541909351, 41.17450537729575], [-73.11605419027431, 41.1737053772052], [-73.11435118966477, 41.17270037706798], [-73.11409518957323, 41.17255037704761], [-73.11312418922579, 41.17197837696953], [-73.11215318887828, 41.171405376891315], [-73.11132018857772, 41.17087337681631], [-73.1088211876761, 41.169277376591346], [-73.10798818737562, 41.16874637651657], [-73.10794618736044, 41.16871937651272], [-73.1078211873153, 41.16863937650146], [-73.10778018730052, 41.16861337649781], [-73.10771418727671, 41.1685713764919], [-73.10751818720604, 41.16844637647425], [-73.10745318718261, 41.168405376468506], [-73.10462518614447, 41.16630137615594], [-73.10136818494894, 41.163878375795925], [-73.0961411830303, 41.159989375218004], [-73.09331418199267, 41.157885374905185], [-73.0844281787346, 41.15132837393275], [-73.0577721689633, 41.13166037101334], [-73.04888716570706, 41.125105370039556], [-73.04882516568425, 41.125058370032534], [-73.04876316566138, 41.125010370025294], [-73.04681216494265, 41.12350836979919], [-73.04363916377388, 41.12106536943144], [-73.04059016265069, 41.1187173690779], [-73.03851616188675, 41.11712036883741], [-73.03784216163848, 41.116601368759255], [-73.03582016089368, 41.115044368524686], [-73.03514716064579, 41.114526368446676], [-73.03352716004912, 41.11327936825888], [-73.02866815825958, 41.10953836769532], [-73.0270491576633, 41.10829136750737], [-73.02154815563739, 41.104056366869195], [-73.0050481495616, 41.091351364953496], [-72.99954814753663, 41.087116364314596], [-72.99549914627717, 41.08789836460452], [-72.98335514249979, 41.09024836547477], [-72.97930714124057, 41.09103136576477], [-72.96550013694522, 41.093700366753325], [-72.9240811240575, 41.10171136971828], [-72.91027511976087, 41.10438137070603], [-72.90553211828458, 41.10529737104501], [-72.89130311385573, 41.108049372062716], [-72.88656111237972, 41.108967372401935], [-72.88576911213313, 41.10911937245836], [-72.8833931113935, 41.10957937262837], [-72.88260211114734, 41.109733372685085], [-72.87882310997091, 41.110463372955095], [-72.8674861064416, 41.112656373765596], [-72.86370810526542, 41.113387374035725], [-72.86350810520311, 41.11342537404985], [-72.86290810501629, 41.113541374092776], [-72.86270910495435, 41.11358037410706], [-72.86218310479056, 41.113681374144534], [-72.8606071042999, 41.11398637425717], [-72.8600821041365, 41.114088374294816], [-72.85791810346274, 41.11450637444933], [-72.85142910144232, 41.115761374913056], [-72.84926610076889, 41.11618037506776], [-72.84860710056367, 41.11630737511475], [-72.8466340999493, 41.1166883752556], [-72.84597609974448, 41.116816375302776], [-72.84234609861413, 41.11751737556192], [-72.83145809522374, 41.119624376339985], [-72.82782909409367, 41.120326376599216], [-72.8228860925543, 41.12128137695203], [-72.81572509032415, 41.12266637746346], [-72.80805808793622, 41.12414837801075], [-72.80362108655433, 41.12500737832769], [-72.80336908647588, 41.12505637834571], [-72.80311608639703, 41.12510537836379], [-72.80149708589246, 41.125412378478195], [-72.79664308437955, 41.12633437882143], [-72.79502508387527, 41.126642378936], [-72.7858980810304, 41.12837537958109], [-72.75852007249583, 41.13357838151661], [-72.7493940696506, 41.13531338216167], [-72.74667806880407, 41.13583338235431], [-72.73853306626543, 41.137397382932924], [-72.73581806541921, 41.137919383125904], [-72.7275970628566, 41.139496383709464], [-72.70293805516941, 41.14423038546016], [-72.69471805260659, 41.14580838604354], [-72.69397305237426, 41.14595038609619], [-72.69174105167832, 41.14637838625448], [-72.69099705144637, 41.14652138630729], [-72.68229304873216, 41.14818838692412], [-72.65618204058921, 41.15319338877475], [-72.64747903787485, 41.15486238939152], [-72.62356303041457, 41.159445391085164], [-72.61135302660546, 41.1617863919498], [-72.57522601533302, 41.168711394506595], [-72.55181700802726, 41.173197396162074], [-72.55156400794834, 41.17324639618007], [-72.52790200056252, 41.177782397853036], [-72.52790200058313, 41.17813539792185], [-72.52790200060369, 41.178487397990416], [-72.52790200096294, 41.18464039918956], [-72.52790200158445, 41.195280401262586], [-72.5279020021651, 41.20521540319776], [-72.52790200256618, 41.21207440453354], [-72.52790200288948, 41.21760140560976], [-72.52790200385984, 41.23418140883718], [-72.52790200418357, 41.23970940991291], [-72.52790200430552, 41.241791410318086], [-72.52790200467165, 41.24804041153393], [-72.52790300479401, 41.2501234119391], [-72.5288080051163, 41.25062641200674], [-72.53152300608332, 41.25213841221028], [-72.53228200635364, 41.25256041226699], [-72.53242800640571, 41.25264241227807], [-72.53248400642563, 41.25267341228223], [-72.53265300648583, 41.252767412294844], [-72.53271000650612, 41.2527994122992], [-72.53335600673627, 41.25315941234765], [-72.53529500742687, 41.25423841249279], [-72.53594300765776, 41.25460041254156], [-72.53613500772607, 41.254706412555784], [-72.53688200799301, 41.25513741261467], [-72.5418740097774, 41.25802241300904], [-72.54202100982997, 41.25810741302069], [-72.54216900988281, 41.25819241303222], [-72.54573501115712, 41.2602464133126], [-72.5458380111943, 41.260312413321984], [-72.54615301132526, 41.26080741340772], [-72.5461870113394, 41.260860413416886], [-72.5462200113531, 41.26091241342587], [-72.54672801156433, 41.26171041356411], [-72.54723601177544, 41.2625074137021], [-72.5472550117867, 41.26259441371839], [-72.5473140118213, 41.26285841376777], [-72.54733401183294, 41.26294641378421], [-72.54734701184053, 41.26300441379504], [-72.54736001184803, 41.26306041380552], [-72.54739801186969, 41.263220413835356], [-72.54743501189101, 41.26337941386503], [-72.54761401199441, 41.264154414009745], [-72.54765601201841, 41.26433141404276], [-72.54636101177988, 41.267406414683975], [-72.54638801180064, 41.26761041472274], [-72.54645801185434, 41.268139414823224], [-72.5465040118899, 41.268491414890164], [-72.5465510119257, 41.26884241495681], [-72.5465490119267, 41.26887041496235], [-72.54653601193468, 41.269078415003214], [-72.54655001194412, 41.26916141501889], [-72.54655501195717, 41.2693564150566], [-72.54655801196341, 41.269446415074015], [-72.546532011959, 41.26951441508809], [-72.54664701200842, 41.26972241512473], [-72.54676201205788, 41.2699314151615], [-72.54677601206733, 41.27001441517721], [-72.5467900120767, 41.270097415192836], [-72.54684301211296, 41.27042241525428], [-72.547036012245, 41.271608415478354], [-72.54678301217743, 41.271851415534094], [-72.54648701209811, 41.27213141559843], [-72.54572201187986, 41.27263041572102], [-72.54568501186998, 41.27266641572922], [-72.5450020116898, 41.273361415887166], [-72.5449300116695, 41.273412415899486], [-72.54434001149582, 41.273705415976146], [-72.54474501168477, 41.274691416154326], [-72.54481401171496, 41.27482541617807], [-72.5448320117228, 41.27485941618409], [-72.54499201179348, 41.275181416241324], [-72.54514401186042, 41.27548441629513], [-72.54578301208949, 41.27586341634746], [-72.54625401224908, 41.27598541635546], [-72.54661001238101, 41.27627141639911], [-72.54768801278054, 41.27713441653088], [-72.54804701291368, 41.27742341657507], [-72.54773701283655, 41.277817416661996], [-72.54680601260482, 41.27900141692329], [-72.54649701252802, 41.27939641701037], [-72.54633701248659, 41.27957241704992], [-72.54619801245902, 41.279868417112105], [-72.546104012438, 41.28002841714634], [-72.54608901244276, 41.28019241717875], [-72.54604301243191, 41.280261417193714], [-72.54598701241865, 41.28034341721147], [-72.54608801245448, 41.28039741721863], [-72.54655701262112, 41.28065041725211], [-72.54702601278777, 41.28090341728559], [-72.54734501290109, 41.28107541730838], [-72.54766301301407, 41.281247417331144], [-72.54805701315414, 41.281460417359405], [-72.54845101329406, 41.28167241738743], [-72.54855101332963, 41.2817264173946], [-72.54865201336544, 41.281780417401706], [-72.54876301340491, 41.281840417409676], [-72.54887401344435, 41.28190041741759], [-72.54888001344504, 41.28187941741336], [-72.54889501344898, 41.28186341740974], [-72.54892501345778, 41.2818484174058], [-72.54902701348774, 41.2817964173923], [-72.54910901351167, 41.281752417381], [-72.54917101352993, 41.28172141737287], [-72.54928301356234, 41.281656417356544], [-72.55112901409713, 41.28059141708777], [-72.55134301416629, 41.280589417080236], [-72.5514950142155, 41.28059041707533], [-72.55158601424499, 41.28059041707229], [-72.55167801427476, 41.28059041706922], [-72.55202101438574, 41.28059041705774], [-72.55236401449677, 41.28059141704648], [-72.55256701456246, 41.28059141703969], [-72.55276901462783, 41.28059141703292], [-72.55289701466933, 41.28059241702884], [-72.55302501471071, 41.280592417024565], [-72.55370701493149, 41.28059341700194], [-72.55412101506543, 41.28059341698811], [-72.55438901515222, 41.28059441697934], [-72.55464201523408, 41.28059441697087], [-72.554895015316, 41.280595416962605], [-72.55502901536059, 41.280616416962204], [-72.55543601550292, 41.280796416983584], [-72.555764015624, 41.281051417022205], [-72.55622901579567, 41.28141141707662], [-72.55723701615648, 41.282000417157384], [-72.55732301622793, 41.28274341729892], [-72.55733801624027, 41.28287041732312], [-72.5573530162526, 41.28299741734727], [-72.55735501626013, 41.28311441736993], [-72.55735901626994, 41.28325941739799], [-72.55743501632061, 41.283703417481775], [-72.55860101673814, 41.28438741757567], [-72.55882301681834, 41.28452941759582], [-72.5590460168989, 41.284672417616186], [-72.55914001693326, 41.284739417626064], [-72.55929201699246, 41.28490941765399], [-72.55931301700471, 41.285002417671365], [-72.55932001700866, 41.28503141767681], [-72.55928701700243, 41.28510641769246], [-72.55981301721279, 41.285789417807585], [-72.56003001729965, 41.28607241785535], [-72.56034101742401, 41.286476417923446], [-72.56113301774104, 41.28750841809752], [-72.5627100183057, 41.2884324182243], [-72.56274101831606, 41.28843841822441], [-72.56354601858662, 41.28860941823066], [-72.56374001865224, 41.28865841823375], [-72.5639350187182, 41.28870641823654], [-72.56397801874782, 41.28897341828699], [-72.56401401875961, 41.288975418286164], [-72.56416601880952, 41.28898841828357], [-72.56430201885418, 41.28899941828119], [-72.56453501895113, 41.2893654183445], [-72.56458601897226, 41.28944441835817], [-72.56463101899065, 41.28950941836925], [-72.56462901899107, 41.28952741837283], [-72.56455701898784, 41.289868418441486], [-72.5645290189868, 41.29000541846905], [-72.56454101899178, 41.290023418472146], [-72.56459301901464, 41.290126418490445], [-72.56474401908253, 41.290449418548135], [-72.56475501908746, 41.29047341855243], [-72.56481401911094, 41.29054741856487], [-72.56531601932814, 41.29147841872895], [-72.56537001936988, 41.29189041880717], [-72.56556001945312, 41.29226041887275], [-72.56562901948374, 41.29240141889781], [-72.56571301951317, 41.29243941890241], [-72.56607901964189, 41.29261441892411], [-72.56644501977091, 41.29279441894683], [-72.56667401985129, 41.29290041895978], [-72.56690301993191, 41.29301141897369], [-72.56707901999384, 41.29309541898412], [-72.56742202015265, 41.29390841913062], [-72.56756002021342, 41.294182419179215], [-72.56807002038343, 41.29426641917848], [-72.56876502061529, 41.29438441917813], [-72.56901402069614, 41.29438941917076], [-72.56935002080118, 41.29432641914725], [-72.56994002099687, 41.294407419143255], [-72.57014702106503, 41.29442741914023], [-72.57063702128023, 41.295389419310744], [-72.57080902135908, 41.29578441938169], [-72.56997802114138, 41.296654419578545], [-72.57019602121872, 41.29676941959358], [-72.57041302129566, 41.29688341960847], [-72.57066402138454, 41.29701341962533], [-72.57090902147144, 41.29714241964214], [-72.57123702158742, 41.29731041966382], [-72.57156502170372, 41.29748241968628], [-72.57174002176573, 41.297573419698104], [-72.5717780217814, 41.297631419708054], [-72.5717480217746, 41.297680419718574], [-72.57142702167297, 41.29771841973672], [-72.570947021521, 41.2977764197641], [-72.57078702147865, 41.29793641980052], [-72.57070302145598, 41.298012419818065], [-72.57085502150808, 41.29806241982269], [-72.57109902159152, 41.298138419829314], [-72.57135102167753, 41.29821441983563], [-72.57165602178215, 41.29831441984481], [-72.57196402188814, 41.29842141985531], [-72.57259502210935, 41.29871041989033], [-72.5727400221619, 41.298806419904096], [-72.57344902241356, 41.29918341995361], [-72.57368602250284, 41.29939741998728], [-72.57419002269012, 41.29980842005024], [-72.57454102281791, 41.3000494200853], [-72.57495902296799, 41.30030042012005], [-72.5755690231876, 41.30067742017282], [-72.57595402332703, 41.30092942020892], [-72.57608702338183, 41.30112942024332], [-72.57618202342954, 41.30141742029605], [-72.5762920234801, 41.30167142034174], [-72.57635102351699, 41.30197442039858], [-72.57628702351107, 41.30222442044928], [-72.57634102354082, 41.30243342048806], [-72.57717102384443, 41.30302742057567], [-72.57726102387737, 41.30309242058528], [-72.57762802400963, 41.30332142061747], [-72.57861702435088, 41.30368142065426], [-72.57973502472991, 41.30397342067353], [-72.5798760247777, 41.30401042067596], [-72.58149902529598, 41.303892420598686], [-72.58176202538198, 41.303907420592815], [-72.58182302540192, 41.303910420591336], [-72.58182202540243, 41.3039254205943], [-72.58180302541406, 41.30422642065337], [-72.58147402532789, 41.304571420731385], [-72.58112402523636, 41.304940420814816], [-72.5812580253077, 41.30541542090257], [-72.58128802532357, 41.305519420921804], [-72.58134102534294, 41.30555742092736], [-72.58140902536783, 41.30560642093459], [-72.58147802539311, 41.30565642094203], [-72.58168402546848, 41.30580442096385], [-72.58188902554355, 41.30595242098575], [-72.58196202557028, 41.306004420993396], [-72.58223202566909, 41.306198421022046], [-72.58232102570172, 41.30626342103168], [-72.582412025735, 41.30632842104121], [-72.58250302576833, 41.30639442105098], [-72.58315802598477, 41.30647042104385], [-72.58353702611197, 41.30654742104606], [-72.58403902628638, 41.30675042106868], [-72.58426502636017, 41.30676142106327], [-72.58464302648899, 41.30687142107197], [-72.58518202667732, 41.30710742109971], [-72.58540002675619, 41.30724942111997], [-72.58546002677753, 41.3072814211242], [-72.58552002679885, 41.30731342112839], [-72.58560002682725, 41.30735642113405], [-72.58561302683671, 41.307445421150916], [-72.58564402685946, 41.307661421191845], [-72.58561102686394, 41.30791842124284], [-72.58555602687193, 41.308356421329776], [-72.5861580271141, 41.3091594214655], [-72.58610902710079, 41.30920242147551], [-72.58602702707847, 41.309274421492226], [-72.58594502705627, 41.3093474215092], [-72.58576902700851, 41.30950342154532], [-72.58565602697965, 41.30963442157457], [-72.58562602697204, 41.30967042158259], [-72.58565802699361, 41.30986042161838], [-72.58569302700857, 41.30992242162926], [-72.58580202705518, 41.31011442166293], [-72.58683302744029, 41.31098742179787], [-72.58689602746384, 41.311040421806084], [-72.58820802791405, 41.31147542184657], [-72.58851002802314, 41.31166742187375], [-72.58857502804653, 41.31170842187948], [-72.58852202803219, 41.31175542189038], [-72.5883710279912, 41.311889421921464], [-72.5878600278319, 41.311991421958425], [-72.58782302782319, 41.31204742197051], [-72.58775202780654, 41.3121544219937], [-72.58768102778987, 41.31226142201686], [-72.58761802777506, 41.31235642203741], [-72.58755502776022, 41.31245042205775], [-72.58752902775417, 41.31249042206641], [-72.58656602746927, 41.31294442218684], [-72.58645202743243, 41.31294542219085], [-72.58488602692549, 41.31294242224277], [-72.58485502691728, 41.31297442225004], [-72.58475902689185, 41.3130694222717], [-72.58466502686714, 41.31316642229367], [-72.58461702685469, 41.313218422305354], [-72.58464302686704, 41.313285422317485], [-72.58474302691471, 41.31354542236467], [-72.58484302696243, 41.31380542241181], [-72.58490402699145, 41.31396342244045], [-72.58520702710588, 41.31424042248407], [-72.58527902712929, 41.31424242248202], [-72.5853630271566, 41.314244422479604], [-72.5854460271836, 41.31424742247739], [-72.58570502726721, 41.314243422467946], [-72.58596302735045, 41.31423942245854], [-72.58617702741951, 41.314235422450594], [-72.58706302767551, 41.31371442231969], [-72.58724702773529, 41.31371842231435], [-72.58740902778987, 41.31375442231586], [-72.5875530278407, 41.313826422325015], [-72.58771802790086, 41.31394142234187], [-72.58789002796787, 41.31413342237335], [-72.58809202804922, 41.314404422419194], [-72.58832102813493, 41.3146014224498], [-72.5885550282192, 41.31474542246988], [-72.5888010283056, 41.314861422484164], [-72.58941602852119, 41.31514142251795], [-72.58956302857686, 41.31527942253979], [-72.58957902858673, 41.315358422554645], [-72.58960902860508, 41.31550542258213], [-72.58959702861284, 41.31570242262079], [-72.58941502856626, 41.315911422667476], [-72.5892850285318, 41.31604042269689], [-72.58904502846396, 41.31620742273733], [-72.58890102842108, 41.316270422754414], [-72.58877702837981, 41.31625142275486], [-72.58864202833087, 41.316162422742096], [-72.58853102828928, 41.31606642272721], [-72.58848702827191, 41.31601242271821], [-72.58845502826145, 41.31601142271909], [-72.58828002820138, 41.31595342271367], [-72.58810002814266, 41.31594542271817], [-72.58788902807747, 41.31599742273533], [-72.58781002805517, 41.31605342274881], [-72.5873990279523, 41.316564422861845], [-72.5873580279412, 41.316601422870406], [-72.58682802780527, 41.31720442300526], [-72.58618302762899, 41.317755423133846], [-72.58531902740073, 41.31862642333193], [-72.58515002736559, 41.31895842340201], [-72.58508302736303, 41.319282423467186], [-72.58514102739744, 41.31954742351672], [-72.58518402741768, 41.31965442353601], [-72.58527902747912, 41.320175423633955], [-72.58531002750087, 41.32037442367157], [-72.5853380275209, 41.3205594237066], [-72.58540102755376, 41.320771423745626], [-72.58548202759225, 41.32097942378327], [-72.58556502762929, 41.3211514238139], [-72.58568102768433, 41.32144842386765], [-72.58585602775231, 41.3216404238991], [-72.58588902776621, 41.32169542390863], [-72.58595802779533, 41.321810423928646], [-72.58573302776009, 41.32244742405983], [-72.58573302777141, 41.32263942409714], [-72.58576902780342, 41.32298442416288], [-72.58591502786392, 41.32320942420167], [-72.58607502793286, 41.3235004242528], [-72.58611202795265, 41.32363242427721], [-72.5858420278763, 41.32381942432253], [-72.58584202788083, 41.32389642433751], [-72.5859440279213, 41.324022424358525], [-72.5861990280132, 41.32418142438084], [-72.58634502806461, 41.324252424389776], [-72.58635902806881, 41.3242464243881], [-72.5863770280743, 41.32424042438635], [-72.58640302808212, 41.32423042438356], [-72.58641802808668, 41.324225424382035], [-72.58654902812155, 41.32409842435303], [-72.58672302817081, 41.32397842432387], [-72.58689102822522, 41.32397842431822], [-72.58703602827602, 41.32404442432618], [-72.5872330283527, 41.32426342436211], [-72.58734202839219, 41.32433442437224], [-72.5875100284469, 41.32434042436775], [-72.58781002853695, 41.3242214243346], [-72.58787402855626, 41.32419742432781], [-72.58802702859929, 41.32408742430131], [-72.5883470286831, 41.32375242422555], [-72.58829602865174, 41.32350042417834], [-72.58831002865044, 41.32340142415869], [-72.58836802866529, 41.32333542414393], [-72.58851402870803, 41.32325842412404], [-72.58886302880833, 41.32304442407083], [-72.58906702886273, 41.32284742402573], [-72.5892050289012, 41.3227424240007], [-72.58944602897503, 41.32267142397884], [-72.59006902917373, 41.32262142394827], [-72.59062502935105, 41.32257742392108], [-72.59074902939221, 41.32259442392024], [-72.59110602950776, 41.322594423908264], [-72.59149902963912, 41.32266542390886], [-72.59180502974532, 41.32278642392208], [-72.59185902976525, 41.32282842392843], [-72.592191029888, 41.323087423967586], [-72.59234402994727, 41.32325242399448], [-72.59268603009258, 41.32383942409695], [-72.59285603016073, 41.32406142413436], [-72.59286703016497, 41.32407342413634], [-72.59287603016868, 41.32408742413874], [-72.59312303027029, 41.324454424201726], [-72.59345103040786, 41.32498642429397], [-72.593669030491, 41.32519942432803], [-72.59399003061341, 41.32551342437822], [-72.59436103074545, 41.32571642440518], [-72.59455103081636, 41.32587542442967], [-72.59479103090928, 41.326133424471664], [-72.59495403098582, 41.32653642454443], [-72.5950020310083, 41.3266544245657], [-72.59500203101673, 41.32679742459351], [-72.59502403103555, 41.32699542463115], [-72.59524303111873, 41.327203424664226], [-72.5956510312637, 41.32742242469301], [-72.59578903131455, 41.32752742470879], [-72.59588403135336, 41.327664424732184], [-72.59588403135692, 41.32772442474385], [-72.59573103131488, 41.327851424773584], [-72.5956730313, 41.327916424788164], [-72.59570903131909, 41.328043424811625], [-72.5957750313427, 41.32808142481681], [-72.59585503136998, 41.328104424818584], [-72.59597903141227, 41.32814142482158], [-72.59626303151424, 41.32831142484507], [-72.59667103165474, 41.32845442485912], [-72.59700603176901, 41.32855342486713], [-72.59713703181141, 41.32855342486274], [-72.59719403182912, 41.32854142485847], [-72.59742003189642, 41.32844242483169], [-72.5976960319809, 41.32835942480631], [-72.59784903202618, 41.3282884247874], [-72.59856903222521, 41.32771242465143], [-72.598860032309, 41.3275364246075], [-72.59925903243003, 41.32739842456733], [-72.59951403250504, 41.32727142453417], [-72.5995940325251, 41.32717242451222], [-72.59977603256787, 41.32689942445314], [-72.60006603264227, 41.32656942437934], [-72.60036403273055, 41.326431424342566], [-72.60044403274837, 41.3262944243133], [-72.6005390327655, 41.326063424265286], [-72.60050203274388, 41.32590042423491], [-72.60056803276197, 41.32584542422198], [-72.60078503283088, 41.32582242421023], [-72.60096703289138, 41.32584942420936], [-72.60147003306714, 41.32606942423519], [-72.60166603313377, 41.32612342423915], [-72.60181903318258, 41.32611142423167], [-72.6019360332169, 41.32605142421607], [-72.6020890332632, 41.325996424200284], [-72.60251103339907, 41.325985424184005], [-72.60277203348812, 41.32606242419019], [-72.60299803356645, 41.32615042419968], [-72.6035730337713, 41.32646742424192], [-72.60375503384053, 41.32664242426979], [-72.6040390339434, 41.326828424296366], [-72.60412003397542, 41.32692642431263], [-72.60429403404055, 41.32707542433574], [-72.60492803426864, 41.32746342438976], [-72.6052270343745, 41.32761742440963], [-72.60575103455152, 41.327743424416525], [-72.60585303458744, 41.327792424422604], [-72.60597703462943, 41.32782442442463], [-72.60627503472786, 41.32785742442106], [-72.60660303483299, 41.327840424406745], [-72.60697303494209, 41.32765942435921], [-72.60720603501841, 41.32767542435451], [-72.60734403506628, 41.327729424360335], [-72.60790503526762, 41.32806442440652], [-72.60810903533783, 41.328135424413446], [-72.6084000354352, 41.328189424414155], [-72.60865503551736, 41.328183424404436], [-72.60906203564193, 41.328062424367324], [-72.60949903576879, 41.32781542430471], [-72.60984103587299, 41.32770542427186], [-72.61026903601051, 41.32768842425419], [-72.6108300361797, 41.32747942419482], [-72.61099703623142, 41.327440424181624], [-72.61128903632527, 41.327429424169715], [-72.61149103639391, 41.327484424173605], [-72.61151903640473, 41.32751442417845], [-72.61152803640826, 41.32752442418014], [-72.61161103644052, 41.327615424195], [-72.61166903647256, 41.32784042423672], [-72.61166203650238, 41.328383424342334], [-72.61171303652827, 41.328542424371484], [-72.61194703662801, 41.32894842444242], [-72.6120780366869, 41.3292284244924], [-72.61223103674322, 41.329343424509574], [-72.6124790368297, 41.3294484245216], [-72.61279903693745, 41.32951942452463], [-72.61323603707956, 41.329530424512114], [-72.61392003729534, 41.32943642447093], [-72.61414603737174, 41.329491424473986], [-72.61427003742, 41.32962842449642], [-72.61440803748509, 41.329974424558955], [-72.61445203752594, 41.33042442464481], [-72.61451803757159, 41.33083542472235], [-72.61469303764765, 41.331165424780544], [-72.61475903768131, 41.33137342481867], [-72.61475903770827, 41.33182942490716], [-72.61461403768406, 41.33221342498655], [-72.61449803766048, 41.33244942503627], [-72.61443203764915, 41.33261942507144], [-72.61443203765192, 41.33266642508055], [-72.61443203766373, 41.33286642511937], [-72.6145490377204, 41.333184425177144], [-72.61463703775443, 41.33327842519243], [-72.61483303782693, 41.33343142521556], [-72.61496403787909, 41.33359642524321], [-72.61492803786676, 41.333585425242255], [-72.61488403785448, 41.333618425250165], [-72.6144770377328, 41.333788425296774], [-72.61426603767653, 41.333991425343264], [-72.61411303764419, 41.33428242540487], [-72.61395303764012, 41.33508942556685], [-72.61381503761716, 41.335457425642865], [-72.6137500376153, 41.33578142570796], [-72.61363403759556, 41.33608342577043], [-72.61360503759494, 41.33623142580015], [-72.61365603761922, 41.33636342582401], [-72.61379403767269, 41.336511425848116], [-72.61415903780572, 41.33676342588475], [-72.61440603790024, 41.33701042592439], [-72.61442803791286, 41.337103425941685], [-72.6144060379184, 41.337317425983976], [-72.6142100378793, 41.33772942607048], [-72.61417403786892, 41.33775142607596], [-72.6139770378344, 41.33824542617844], [-72.61388303781203, 41.33838242620817], [-72.61381803780145, 41.338558426244504], [-72.61374503778327, 41.338651426265], [-72.61370103777553, 41.33876142628784], [-72.61369403779048, 41.33905242634453], [-72.61364303779185, 41.33935442640482], [-72.61356303777143, 41.339447426425544], [-72.61349803775653, 41.339551426447926], [-72.6134610377511, 41.33966142647051], [-72.61350503777408, 41.339809426497766], [-72.61360703781392, 41.33992542651684], [-72.61370903785992, 41.34014442655587], [-72.61371703786864, 41.340248426575805], [-72.61342603778391, 41.34040842661661], [-72.61292303763506, 41.34064442667932], [-72.61276303759044, 41.34076542670814], [-72.61269003757326, 41.34087442673176], [-72.6126330375902, 41.34147342684985], [-72.61274203766244, 41.342098426967475], [-72.61270603766991, 41.34242242703158], [-72.61261103764663, 41.34254842705917], [-72.61238603758066, 41.34266442708924], [-72.61177403739168, 41.34281842713966], [-72.61146103729882, 41.342961427177954], [-72.61130103725414, 41.34308142720659], [-72.61121403723541, 41.34324142724054], [-72.61112003727702, 41.34445942747999], [-72.6111490372971, 41.34464042751414], [-72.61130203736542, 41.344958427570674], [-72.61143403742636, 41.34526642762602], [-72.61147703745519, 41.34551842767346], [-72.6114190374552, 41.34583642773708], [-72.61139103752112, 41.34710442798405], [-72.61153703758592, 41.34740142803677], [-72.6116250376267, 41.34760942807413], [-72.61165403767309, 41.348235428194606], [-72.61172003772008, 41.34866842827639], [-72.61172903772474, 41.34869742828168], [-72.61183703777844, 41.349014428339544], [-72.6119900378416, 41.34924542837924], [-72.61222303794237, 41.34967342845446], [-72.61243503802652, 41.349936428498324], [-72.61266803810912, 41.350057428514006], [-72.6128350381732, 41.35022742854134], [-72.61287903819846, 41.35041342857597], [-72.61281403818523, 41.350545428603716], [-72.61264603813963, 41.35069342863809], [-72.6123190380406, 41.35080942867157], [-72.61220003800571, 41.350870428687415], [-72.61205703796388, 41.350946428706926], [-72.61192503792901, 41.351078428736976], [-72.61170003786754, 41.351270428781795], [-72.61149603782285, 41.35163242885886], [-72.61146703782846, 41.35188542890891], [-72.6115110378547, 41.352088428946786], [-72.61160603790006, 41.35233542899151], [-72.61175203795445, 41.35245542900988], [-72.61188303800272, 41.35255442902471], [-72.6122250381163, 41.352603429022714], [-72.61234903816163, 41.35269142903562], [-72.61242903819925, 41.35288942907131], [-72.61251003825697, 41.35342142917178], [-72.61256303828215, 41.35355742919637], [-72.61265603832909, 41.35384242924855], [-72.61263403833192, 41.35401042928186], [-72.61261203833473, 41.354178429315205], [-72.61268503838564, 41.35463942940214], [-72.61265603838507, 41.354788429432034], [-72.61255503839979, 41.35558942959075], [-72.61255103841201, 41.355818429635335], [-72.6125480384244, 41.35604442967928], [-72.61277403851773, 41.35638542973782], [-72.6128180385479, 41.3566544297885], [-72.61281803856252, 41.35690142983641], [-72.61275303854372, 41.356939429845916], [-72.61260703850719, 41.35712042988594], [-72.61257503850094, 41.35719042990064], [-72.61256403849876, 41.35721342990546], [-72.61247603848199, 41.35741142994678], [-72.61249303850177, 41.35765242999296], [-72.61252803854329, 41.358163430090904], [-72.61223803850487, 41.35910043028233], [-72.61246003860317, 41.359547430361566], [-72.61253603863676, 41.35969843038831], [-72.61263503871582, 41.36049343053913], [-72.61223403871556, 41.36268243097708], [-72.61218003869986, 41.36271243098476], [-72.61120103841456, 41.3632474311214], [-72.61054303819157, 41.363078431110694], [-72.60974703795152, 41.363376431195206], [-72.60934703793973, 41.36536543159437], [-72.61053903837866, 41.366261431728006], [-72.61063803844017, 41.366759431821286], [-72.61034903836033, 41.36699043187578], [-72.61014103830277, 41.367156431914935], [-72.60813303766786, 41.36741243203207], [-72.60924203821186, 41.37053743260065], [-72.60874403808593, 41.37113343273296], [-72.60877303813763, 41.37184743287041], [-72.60884103825876, 41.37352143319266], [-72.61018303878167, 41.37501543343717], [-72.61094703907943, 41.37586643357647], [-72.61152503930462, 41.37650843368153], [-72.61147903931122, 41.37687143375344], [-72.61142403931903, 41.37730443383921], [-72.6118340394659, 41.37754343387177], [-72.61261703974664, 41.378002433934405], [-72.61301503991088, 41.37859943403674], [-72.61310203995042, 41.37879143407106], [-72.61322904000815, 41.37907243412122], [-72.61335704006625, 41.37935343417141], [-72.61400704036173, 41.380788434427735], [-72.61395404039816, 41.381692434604716], [-72.61390604042931, 41.38248043475904], [-72.61383804052136, 41.38440643513458], [-72.61377604050786, 41.38451643515799], [-72.61371604049498, 41.384627435181514], [-72.61369104048866, 41.38465743518815], [-72.61356004045217, 41.384757435211974], [-72.61293304025939, 41.38493043526658], [-72.6128750402464, 41.38502743528733], [-72.61286804025558, 41.385221435325185], [-72.61281704025212, 41.385441435369486], [-72.6125840401991, 41.38581943545059], [-72.61246104016547, 41.38592443547509], [-72.6123290401383, 41.386187435530466], [-72.61273104029142, 41.38657443559199], [-72.6128140403205, 41.38661143559633], [-72.61296404037306, 41.38667843560427], [-72.6134230405302, 41.38682243561679], [-72.61375104064696, 41.38700043564027], [-72.61403504075287, 41.38723643567644], [-72.61438504087678, 41.38741443569916], [-72.61452304092697, 41.387507435712514], [-72.614765041015, 41.387670435735984], [-72.6149980411027, 41.3878774357683], [-72.6150180411106, 41.38790143577228], [-72.61502204111278, 41.387916435775], [-72.61503804111855, 41.387926435776436], [-72.61507304113246, 41.387970435783785], [-72.61515904116649, 41.38807443580101], [-72.6155380413076, 41.38838443584836], [-72.61570504136745, 41.38848243586172], [-72.61603304148957, 41.38875043590263], [-72.61615004153693, 41.38891043592969], [-72.61609904153501, 41.38915643597908], [-72.61612904155116, 41.38926543599921], [-72.61634004163209, 41.38947743603322], [-72.61633304164229, 41.38968843607434], [-72.61643604168059, 41.38977143608697], [-72.6165300417109, 41.389769436083434], [-72.61673404177957, 41.38981343608509], [-72.61682104181105, 41.389869436092994], [-72.61688004183374, 41.389929436102655], [-72.61692404185764, 41.39009243613276], [-72.61696704189185, 41.390435436197755], [-72.61701904191307, 41.390508436210126], [-72.61717204196734, 41.39058843622051], [-72.61736904203163, 41.39059743621563], [-72.61750004207661, 41.390640436219556], [-72.6177110421516, 41.39075243623416], [-72.61779204218462, 41.390867436253714], [-72.61780104219005, 41.39090943626156], [-72.61784304221506, 41.39110243629756], [-72.61796004226353, 41.39128043632812], [-72.6180250422926, 41.39141643635229], [-72.6180110423028, 41.39166443640081], [-72.61807704232902, 41.39174643641445], [-72.61830304240411, 41.391778436413084], [-72.61845604246213, 41.39192143643562], [-72.61870304255149, 41.39207943645794], [-72.61892304262612, 41.392137436461795], [-72.61917004270562, 41.39212943645191], [-72.619469042801, 41.392104436437016], [-72.61962904285647, 41.392166436443674], [-72.61989904294717, 41.39222143644521], [-72.62002304298929, 41.39225543644767], [-72.62021204306251, 41.392457436480456], [-72.62041604313575, 41.39257843649701], [-72.62064304321191, 41.39262343649809], [-72.62068004322711, 41.392678436507545], [-72.62089104331818, 41.39306143657465], [-72.62101504336727, 41.3932124365997], [-72.62127804346613, 41.393443436635636], [-72.62131404347706, 41.39343043663189], [-72.62166404358916, 41.39341043661625], [-72.62211604373847, 41.39346043661073], [-72.62234904381745, 41.39351943661434], [-72.62245904385794, 41.39360243662673], [-72.62253904389277, 41.393752436653074], [-72.62271404396677, 41.39404443670377], [-72.62277204399471, 41.39419943673184], [-72.62273604398943, 41.39430643675381], [-72.62270004398921, 41.39449943679244], [-72.62270704399974, 41.39463943681932], [-72.62280204403548, 41.394722436832225], [-72.62302804411186, 41.39477643683505], [-72.6233390442198, 41.39489943684839], [-72.62362904431652, 41.394946436847746], [-72.62388804440528, 41.395028436854936], [-72.62406004446787, 41.395144436871625], [-72.62409604448328, 41.39520843688281], [-72.62411004449211, 41.395280436896286], [-72.62404504448565, 41.395526436946135], [-72.62408804450527, 41.39562243696334], [-72.62427604457544, 41.39577943698738], [-72.62439304462784, 41.396024437030896], [-72.62442904464059, 41.396042437033195], [-72.62453904467961, 41.39609943704056], [-72.62462604470979, 41.3961334370442], [-72.62479304477071, 41.396249437061044], [-72.62490304480944, 41.39630143706746], [-72.62494704482481, 41.396320437069676], [-72.62500104484607, 41.39638443708021], [-72.62521004492791, 41.396622437119305], [-72.62555304505753, 41.3969354371684], [-72.62581504515177, 41.39709443719041], [-72.62591004518725, 41.39717343720249], [-72.62593904520494, 41.39731343722867], [-72.62571304514456, 41.39752943727808], [-72.62565404513364, 41.397667437306794], [-72.62548604508893, 41.39783043734408], [-72.62531804504958, 41.398084437398914], [-72.62510404501076, 41.398597437505515], [-72.62503204501017, 41.39898043758212], [-72.62502804501037, 41.3990054375871], [-72.62502804501601, 41.399100437605476], [-72.62511704506008, 41.39935843765244], [-72.62526604511896, 41.3995374376821], [-72.62553504521499, 41.39968743770213], [-72.62567404526307, 41.399739437707524], [-72.62593604535653, 41.399884437726826], [-72.62608104541431, 41.40006743775739], [-72.62627904548614, 41.40019743777593], [-72.62686304568481, 41.40035843778745], [-72.62730604583925, 41.40054343780837], [-72.62786704602881, 41.400676437815264], [-72.62809404610795, 41.40077143782602], [-72.6281740461374, 41.400831437834974], [-72.62827504617589, 41.40092843785035], [-72.62865404630307, 41.40100343785216], [-72.62880004635421, 41.40106943785999], [-72.629018046435, 41.4012404378858], [-72.62915704649114, 41.40142843791751], [-72.6291930465122, 41.401586437946904], [-72.62925104653955, 41.401731437973076], [-72.62984804676304, 41.40223943805136], [-72.63002304683138, 41.40243643808365], [-72.63028504693101, 41.402685438123044], [-72.63041604698508, 41.40288143815662], [-72.63054604704048, 41.40310543819563], [-72.63083104716193, 41.40359743828136], [-72.63083904717685, 41.40380443832116], [-72.63073604715458, 41.40399143836085], [-72.63074304717126, 41.40423443840769], [-72.63083804721583, 41.404466438449404], [-72.63086704723435, 41.40462043847828], [-72.63072004719959, 41.40483743852527], [-72.6306990471976, 41.404918438541635], [-72.63075004722866, 41.40516243858718], [-72.63076304728044, 41.405964438742096], [-72.63069004727197, 41.40621943879392], [-72.63055104723774, 41.40640143883385], [-72.63042704721106, 41.406628438881995], [-72.630442047224, 41.40676443890781], [-72.63058804728236, 41.406951438939174], [-72.63126604752875, 41.4074024390037], [-72.63150604762488, 41.407713439055854], [-72.63176804772212, 41.407921439087296], [-72.63200904780794, 41.40805243910458], [-72.63227004789705, 41.40813043911088], [-72.632321047916, 41.40817143911711], [-72.6323360479284, 41.40829843914122], [-72.63223404790301, 41.408426439169396], [-72.63223304790993, 41.408548439193105], [-72.63235004795997, 41.40875343922886], [-72.63232204795615, 41.40884243924704], [-72.63220404792423, 41.4089484392715], [-72.6321170479032, 41.409068439297705], [-72.63211704791068, 41.40919443932208], [-72.63221904794975, 41.40929543933824], [-72.63254004805997, 41.40940143934798], [-72.63262004808969, 41.409465439357625], [-72.63265604810566, 41.4095384393706], [-72.6326520481068, 41.409579439378625], [-72.6326130481235, 41.41007343947561], [-72.6325170481153, 41.41045843955338], [-72.63236304807914, 41.41068943960336], [-72.63207904799731, 41.41085943964581], [-72.63165704787939, 41.41117543972121], [-72.63157604786561, 41.411385439764636], [-72.63160504788954, 41.41162943981087], [-72.63172804794122, 41.411829439845455], [-72.63191204801214, 41.41202043987628], [-72.63203404805915, 41.41214643989655], [-72.63232604816424, 41.412323439920996], [-72.63258104825404, 41.412445439936064], [-72.63264004827491, 41.412474439939686], [-72.63283904834101, 41.41250343993859], [-72.63287804835394, 41.41250843993829], [-72.63296804838387, 41.41252143993774], [-72.63332404849642, 41.41247543991687], [-72.63359404858447, 41.41248543990973], [-72.63366004860507, 41.41247243990497], [-72.63380504864736, 41.412394439884956], [-72.63407504872713, 41.41226543985092], [-72.6341050487353, 41.41223843984469], [-72.63424404877833, 41.412205439833606], [-72.63453504887376, 41.41222543982768], [-72.63525604911936, 41.41242943984291], [-72.63578904929686, 41.41251243984106], [-72.63624004944592, 41.41256243983553], [-72.63680204963843, 41.4127404398511], [-72.6369840496976, 41.41274343984554], [-72.63753204985645, 41.41243043976647], [-72.6378020499378, 41.41232843973765], [-72.63813605005335, 41.412452439750396], [-72.63832605011616, 41.412474439748266], [-72.63852205018814, 41.41261743976933], [-72.63875505026785, 41.41268943977547], [-72.63885105030072, 41.41271943977803], [-72.63904105036839, 41.41282243979155], [-72.63936105048145, 41.412981439811624], [-72.64011105074022, 41.41324943983822], [-72.64061505091239, 41.413399439850295], [-72.64112505108291, 41.41349043985074], [-72.64135105116125, 41.41357643985979], [-72.64163505126318, 41.413744439882734], [-72.64261205161743, 41.41438143997322], [-72.64306405178044, 41.414661440012175], [-72.64367505199986, 41.41502444006189], [-72.64397405210481, 41.415161440078336], [-72.64438205224116, 41.41523244007839], [-72.64453505228987, 41.41521844007051], [-72.64468105233541, 41.415189440060004], [-72.64476105236277, 41.41521344006193], [-72.64481105238234, 41.41527044007126], [-72.64486305240266, 41.41532844008076], [-72.64492105243431, 41.415545440120795], [-72.64498705246383, 41.41568244014515], [-72.64507405249962, 41.41581044016696], [-72.64516905253309, 41.415856440172654], [-72.64532305258399, 41.41587344017078], [-72.64562105267899, 41.4158484401559], [-72.64579005273498, 41.415869440154275], [-72.64586105276184, 41.415934440164484], [-72.64608105283416, 41.41595244016051], [-72.6463800529262, 41.415872440135], [-72.64687605307971, 41.415752440095055], [-72.64699105312752, 41.41593044012568], [-72.64704305315509, 41.41611144015896], [-72.64703605316035, 41.41623744018355], [-72.64694105313671, 41.41635744020996], [-72.64692705313584, 41.41641944022247], [-72.6471960532431, 41.416758440279025], [-72.64740705332402, 41.41697044031299], [-72.6475520533757, 41.41704944032338], [-72.64781505347004, 41.41720344034434], [-72.64817305359557, 41.41736444036344], [-72.6484860537015, 41.41744244036803], [-72.64869705377063, 41.4174554403634], [-72.6490040538683, 41.41742644034747], [-72.64906805388694, 41.41739144033851], [-72.64921505393232, 41.417353440326224], [-72.64939805400357, 41.41755544035917], [-72.64952105406817, 41.41797244043574], [-72.64969605413901, 41.41821044047596], [-72.64974005416425, 41.41839544051028], [-72.64980505419561, 41.418568440541584], [-72.65004605427879, 41.418654440550135], [-72.65008905429704, 41.418727440562805], [-72.65014005431736, 41.41879144057349], [-72.65031505437825, 41.418862440581336], [-72.65041705441779, 41.418972440599205], [-72.6504830544484, 41.41912744062698], [-72.6504470544458, 41.41927944065758], [-72.65016905437656, 41.41962944073474], [-72.64981905428102, 41.4199284408044], [-72.64954905421708, 41.42032344089001], [-72.64933705417761, 41.420814440992146], [-72.64912405413065, 41.421184441071006], [-72.64897105410417, 41.421572441151234], [-72.64879005407137, 41.42200644124136], [-72.6485550540123, 41.42229344130483], [-72.64851505400154, 41.42232944131317], [-72.648315053948, 41.422518441356495], [-72.64822705392825, 41.422665441387934], [-72.64813905390955, 41.422830441422825], [-72.64794305385462, 41.42297444145728], [-72.64729305369127, 41.42376744163273], [-72.64692905359013, 41.42404844169937], [-72.64680505355655, 41.42415844172485], [-72.64671705354105, 41.42437744177021], [-72.64664405352373, 41.424483441793164], [-72.64626505341501, 41.42471944185165], [-72.6459950533412, 41.42494844190506], [-72.64552005321652, 41.42543844201593], [-72.64542605319477, 41.42558444204735], [-72.64518505313038, 41.42581444210003], [-72.64514805312338, 41.42589844211747], [-72.64511905312524, 41.42608744215507], [-72.64504505311163, 41.42626144219121], [-72.64450605296693, 41.42676344230657], [-72.64448105296033, 41.42678844231229], [-72.64443005294686, 41.426840442324036], [-72.64439705293691, 41.42685244232749], [-72.6443780529332, 41.426893442336024], [-72.6443450529245, 41.42692744234374], [-72.64411205285786, 41.42707544238027], [-72.64398105282281, 41.42719944240865], [-72.64390805281488, 41.42746344246224], [-72.64370305275789, 41.42762144249971], [-72.6434400526978, 41.42804344259029], [-72.64313405261467, 41.428311442652415], [-72.64301705258553, 41.42845844268483], [-72.64300905259628, 41.428683442728655], [-72.64292905257885, 41.428825442758814], [-72.64260005248339, 41.42901244280613], [-72.6424760524453, 41.42904744281705], [-72.64230905239415, 41.429096442832154], [-72.64226605238336, 41.429149442843915], [-72.64225805238645, 41.429244442862554], [-72.64235205242205, 41.429331442876226], [-72.64280505258243, 41.42956144290547], [-72.64299405265167, 41.429696442925234], [-72.6432640527469, 41.429827442941516], [-72.64352605284391, 41.43003144297215], [-72.6439350529795, 41.430084442968614], [-72.64417505306642, 41.430238442990344], [-72.64445905317507, 41.43051844303495], [-72.64466405324544, 41.430585443041004], [-72.64492605332902, 41.43056444302816], [-72.64529105344744, 41.43056744301644], [-72.64540705348834, 41.43062344302335], [-72.6454430535073, 41.430746443045976], [-72.64550805353589, 41.430873443068336], [-72.64559005356658, 41.43094244307891], [-72.6459310536785, 41.43096744307225], [-72.64604105371906, 41.43105044308464], [-72.64613505375445, 41.431133443097536], [-72.64629005380084, 41.43106944307993], [-72.64638405383084, 41.43106244307542], [-72.64650105387129, 41.4311054430798], [-72.64658805389797, 41.43108044307199], [-72.64672005393925, 41.43105544306271], [-72.64684405398569, 41.43116144307906], [-72.64707705405559, 41.43106744305303], [-72.64737505415299, 41.43108244304591], [-72.6475510542078, 41.431045443032794], [-72.64821505441532, 41.430919442985996], [-72.64849905450768, 41.43092544297764], [-72.64950505483392, 41.430932442945064], [-72.64959205486703, 41.431015442958234], [-72.64954805486236, 41.43117644299086], [-72.64955705487037, 41.431262443007206], [-72.64962205489232, 41.43127744300788], [-72.64969405491729, 41.43130544301087], [-72.64966505491971, 41.43150344305018], [-72.64965305492328, 41.431629443074996], [-72.64962205493303, 41.431961443140295], [-72.64955605491618, 41.43203744315722], [-72.64911105478458, 41.43224844321303], [-72.64898005474686, 41.432327443232765], [-72.6488340547144, 41.43257644328587], [-72.64860605467271, 41.43311644339806], [-72.6484970546662, 41.43360044349537], [-72.64848205466454, 41.43365444350635], [-72.64847605468938, 41.434104443593654], [-72.64843205468127, 41.43420744361504], [-72.64844205468847, 41.434274443627665], [-72.64844205469252, 41.43434244364082], [-72.64846305470253, 41.43439644365061], [-72.64853505473, 41.43446544366153], [-72.64860105475601, 41.43454344367438], [-72.648644054774, 41.43461244368628], [-72.6486430547828, 41.43476544371593], [-72.64858405476687, 41.43481844372817], [-72.64852905475324, 41.43488944374381], [-72.64848605474272, 41.43494644375626], [-72.64842005472717, 41.435044443777414], [-72.64836405471573, 41.43515644380096], [-72.64864205482026, 41.43540044383886], [-72.64887505489607, 41.43540544383201], [-72.6490870549738, 41.43555844385442], [-72.64929105504355, 41.43562044385956], [-72.6495170551133, 41.43556244384069], [-72.64962605515034, 41.43559144384267], [-72.64980205520837, 41.43560844384003], [-72.65021005533484, 41.43551344380785], [-72.6502690553528, 41.43549344380198], [-72.65045805541034, 41.43543244378387], [-72.65056005543929, 41.435363443767066], [-72.65074205548372, 41.4351194437137], [-72.65087405552147, 41.43503644369318], [-72.65089005552696, 41.435041443693606], [-72.65090905553302, 41.43503944369256], [-72.65094805554584, 41.43504244369183], [-72.65103405557191, 41.43501244368314], [-72.65107105558202, 41.43498144367593], [-72.65121705562552, 41.4349174436586], [-72.65141405568923, 41.434916443651765], [-72.65166205576692, 41.43487244363488], [-72.65191805583808, 41.43467444358795], [-72.65206305587931, 41.434578443564476], [-72.65213705590205, 41.43455744355792], [-72.65221605592636, 41.43453644355118], [-72.6525230560329, 41.434655443563855], [-72.65266205608076, 41.43470344356845], [-72.65301905620942, 41.434922443598815], [-72.65326605630098, 41.435116443628054], [-72.65339005635116, 41.435285443656554], [-72.65355805641518, 41.435446443682025], [-72.65398105656743, 41.43570344371754], [-72.65446205674765, 41.436113443780656], [-72.6545640567899, 41.43626844380721], [-72.65457805680362, 41.43642244383655], [-72.65454905680306, 41.436570443866124], [-72.6543670567522, 41.43670644389859], [-72.65417705669653, 41.43680544392419], [-72.65401705665234, 41.43693344395432], [-72.65397305664392, 41.437031443974796], [-72.65400305665506, 41.43705544397842], [-72.65406005667622, 41.43710044398521], [-72.65409605669468, 41.43721444400605], [-72.65405305668443, 41.43727644401952], [-72.65384105661974, 41.43734344403963], [-72.65379105660647, 41.43739244405078], [-72.65365205659344, 41.437929444159394], [-72.65367305661239, 41.43813344419815], [-72.65419405678891, 41.438264444205956], [-72.65651405751231, 41.437794444036776], [-72.65843705811187, 41.43740444389643], [-72.66505606017557, 41.436062443413554], [-72.66683406072995, 41.43570244328392], [-72.66791906107416, 41.43558144322386], [-72.66803706111148, 41.43556644321702], [-72.66840206122704, 41.4355224431962], [-72.66851106126158, 41.435509443189986], [-72.66894106139969, 41.43549044317179], [-72.67023206181442, 41.435434443117416], [-72.67066306195287, 41.435415443099195], [-72.67083606200836, 41.43540644309165], [-72.67109306208961, 41.43537244307637], [-72.67192906235003, 41.435199443014675], [-72.67228306246027, 41.435126442988604], [-72.67247906252139, 41.43508644297424], [-72.67371606290692, 41.434833442883566], [-72.67712506396926, 41.43413544263346], [-72.67874006447259, 41.43380544251507], [-72.67953406472948, 41.433801442487514], [-72.68191706550044, 41.4337894424048], [-72.68193106550505, 41.43379044240453], [-72.68266706574306, 41.43378444237853], [-72.68270806575586, 41.43377744237576], [-72.68283106579453, 41.433757442367735], [-72.68333906595393, 41.43367244233418], [-72.68402006616776, 41.43355944228934], [-72.68796106740484, 41.43290344202929], [-72.68855006758972, 41.43280544199047], [-72.68904406774975, 41.43280644197397], [-72.68928206782451, 41.432768441958565], [-72.68953406790376, 41.432728441942366], [-72.69029206814244, 41.432615441894924], [-72.69055606822569, 41.43257744187862], [-72.69099606836473, 41.43251944185252], [-72.69155906854262, 41.432445441819205], [-72.69234906879228, 41.432342441772576], [-72.69263906888399, 41.43230544175566], [-72.69279606893238, 41.4322654417426], [-72.69291506896913, 41.4322344417326], [-72.69295306898078, 41.43222444172937], [-72.69342406912615, 41.432104441690264], [-72.69351406915445, 41.43209044168448], [-72.69358406917645, 41.432079441680024], [-72.69587806989668, 41.4317004415292], [-72.70276207205796, 41.43056444107689], [-72.70494007274178, 41.43020544093383], [-72.70505607277795, 41.43018244092548], [-72.70514907280693, 41.43016344091865], [-72.70516507281195, 41.43016044091753], [-72.70527207284523, 41.430137440909476], [-72.70539907288483, 41.430112440900295], [-72.7054310728948, 41.430105440897876], [-72.70552607292454, 41.43008844089135], [-72.70608507309886, 41.42997644085078], [-72.70776307362227, 41.42964344072971], [-72.70793907367724, 41.42960944071715], [-72.70804107370427, 41.42950844069419], [-72.70828507378043, 41.429461440676874], [-72.70834407379894, 41.4294514406729], [-72.70871207391413, 41.42938544064769], [-72.70999307431525, 41.42915644056009], [-72.71042107444934, 41.42908144053114], [-72.7124650750911, 41.428745440397044], [-72.71859607701614, 41.427740439995326], [-72.72064107765826, 41.427405439861374], [-72.72258707827017, 41.42710143973678], [-72.72776007989691, 41.42629743940627], [-72.72842708010658, 41.42619243936339], [-72.73037508071924, 41.4258904392391], [-72.73047208075339, 41.4259364392447], [-72.73055108077803, 41.42592143923912], [-72.73105608093636, 41.42583443920518], [-72.7328150814876, 41.425529439086716], [-72.73340208167166, 41.42542943904748], [-72.73370908176838, 41.425384439028385], [-72.73463308205945, 41.425249438971], [-72.73494108215648, 41.425205438952084], [-72.73496708216472, 41.42520143895043], [-72.73500108217539, 41.42519643894833], [-72.73553808234371, 41.425103438912174], [-72.73732908290502, 41.42479443879177], [-72.73792708309249, 41.424691438751644], [-72.73801108311886, 41.42467743874607], [-72.73826708319915, 41.424634438729086], [-72.73928608351872, 41.424462438661315], [-72.73962708362583, 41.42440643863897], [-72.74027808383026, 41.42430143859661], [-72.74034108385007, 41.424291438592554], [-72.74064908394688, 41.42424243857266], [-72.74371508491012, 41.4237524383741], [-72.7446420852014, 41.423605438314254], [-72.74473708523108, 41.423586438307424], [-72.7450180853186, 41.42352943828684], [-72.74586008558111, 41.42336143822587], [-72.74614208566908, 41.42330543820546], [-72.74497608544598, 41.425889438744946], [-72.74479408541139, 41.42629643882984], [-72.74345208515537, 41.42928343945323], [-72.74188808485711, 41.432765440179786], [-72.741490084781, 41.43364844036407], [-72.74034108456175, 41.43620444089745], [-72.74033108456051, 41.43623744090413], [-72.74026008455026, 41.43645044094778], [-72.7402570845499, 41.4364604409498], [-72.74024208454772, 41.43650544095899], [-72.73929808433238, 41.43801644128323], [-72.73912108429215, 41.43830244134457], [-72.73896608436438, 41.440350441745956], [-72.73852908457128, 41.44617844288798], [-72.73803108471022, 41.451198443875626], [-72.73801208471572, 41.451393443914], [-72.7378220847477, 41.45295744422285], [-72.73775608475921, 41.453507444331464], [-72.7377210847652, 41.453796444388466], [-72.7377150847665, 41.453850444399166], [-72.73766208477753, 41.45432244449223], [-72.73752008480795, 41.4555994447439], [-72.73731708483481, 41.45714744505009], [-72.73708808489467, 41.459387445490954], [-72.736569085032, 41.46449144649521], [-72.73636108506113, 41.46610444681407], [-72.73607508510226, 41.46833844725556], [-72.73603008510852, 41.46868644732438], [-72.73589508512735, 41.46973144753091], [-72.73585108513399, 41.47008044759989], [-72.7358000851401, 41.47045844767464], [-72.73576508514431, 41.4707184477261], [-72.73575108514628, 41.47082744774765], [-72.73568308515569, 41.47135244785139], [-72.73553308517707, 41.472520448082236], [-72.73551708517893, 41.47263844810556], [-72.73543808519182, 41.47328144823253], [-72.73542808519201, 41.47333844824386], [-72.73540608519538, 41.473513448278446], [-72.73540008519697, 41.47357244829008], [-72.73511908523747, 41.475769448724144], [-72.73509808524042, 41.47593244875639], [-72.73502508525081, 41.476500448868606], [-72.73451108532511, 41.48052144966303], [-72.73418908537022, 41.48301545015583], [-72.73398408539948, 41.48461245047136], [-72.73388708541384, 41.48537645062226], [-72.73429008553856, 41.485280450590075], [-72.73862608688097, 41.48424545024323], [-72.74307708825894, 41.48318344988725], [-72.74333108833753, 41.48312244986683], [-72.74359308858435, 41.485824450379994], [-72.74427308922608, 41.492856451715355], [-72.74474308966916, 41.497706452636265], [-72.74478108971053, 41.4981914527286], [-72.74492008986138, 41.499955453064615], [-72.74493208987406, 41.50010245309255], [-72.74547609044622, 41.50670245434863], [-72.74566109063987, 41.50893045477256], [-72.74566209064146, 41.50895145477658], [-72.74573809072187, 41.50988145495355], [-72.74596709096369, 41.512674455485026], [-72.74603009103025, 41.51344345563139], [-72.74603909104036, 41.51356345565426], [-72.74604109104352, 41.51360545566229], [-72.74616309119617, 41.51548945602188], [-72.74650309161852, 41.52068945701407], [-72.74655009166095, 41.52114245709997], [-72.74674909183847, 41.523024457456444], [-72.74675409184235, 41.523062457463624], [-72.74675909184572, 41.52309145746902], [-72.74703909209897, 41.52579745798178], [-72.74704009213012, 41.52631045808078], [-72.74704209216716, 41.52691645819767], [-72.74704309218443, 41.5271984582521], [-72.74705709219494, 41.52729745827068], [-72.74711709224017, 41.52772745835163], [-72.74714309225939, 41.52790745838549], [-72.7472010922886, 41.528080458416916], [-72.74724709231229, 41.52822645844352], [-72.7472430923375, 41.52866745852877], [-72.74724309234615, 41.52881145855653], [-72.74756109262768, 41.53178245911908], [-72.74774509279034, 41.533497459443744], [-72.74856909351804, 41.54116146089451], [-72.74886609378005, 41.543918461416254], [-72.74887909380641, 41.544287461487016], [-72.74893209390746, 41.54568146175413], [-72.7489430939366, 41.546107461835874], [-72.74898209395907, 41.54627046186606], [-72.74899209396504, 41.54631646187457], [-72.74916009406168, 41.54701746200408], [-72.74917109406799, 41.54706346201258], [-72.74927009412596, 41.54749346209215], [-72.74934909428819, 41.5497654625277], [-72.74938109431933, 41.55011046259313], [-72.74939509433268, 41.550257462621055], [-72.7493970943349, 41.55028346262598], [-72.74941609435248, 41.55047346266195], [-72.7495290944596, 41.55164546288416], [-72.74958109450989, 41.55220046298945], [-72.7500700949803, 41.55738546397276], [-72.75023409513756, 41.559114464300606], [-72.75024109514406, 41.55918546431406], [-72.75024309514603, 41.55920746431822], [-72.75031909520881, 41.559841464437895], [-72.75058009542464, 41.562021464849394], [-72.75066809549699, 41.562749464986794], [-72.75070309552581, 41.56304046504171], [-72.75080809561254, 41.563915465206804], [-72.75084309564149, 41.56420746526193], [-72.7508650956632, 41.56444946530783], [-72.75087509567302, 41.56455946532872], [-72.75111109590524, 41.56714546581927], [-72.75168209646712, 41.57340246700606], [-72.75191409669652, 41.57596246749156], [-72.75218209696054, 41.57890246804912], [-72.75530909795532, 41.578591467882944], [-72.75845209895523, 41.57827946771601], [-72.76013209948957, 41.57811146762658], [-72.7646921009402, 41.57765846738429], [-72.76756510185413, 41.57737346723168], [-72.76782210193589, 41.57734746721794], [-72.7680801020179, 41.57732146720415], [-72.76838510211496, 41.57729146718803], [-72.76887210226988, 41.577243467162184], [-72.76919810237357, 41.57721046714475], [-72.76973410254331, 41.57714446711382], [-72.77089910290961, 41.5769574670382], [-72.77103010295095, 41.576939467030265], [-72.77221010332828, 41.57685446697373], [-72.77246110340853, 41.57683646696172], [-72.77274310349809, 41.57680646694636], [-72.7730961036099, 41.57676346692608], [-72.77312910362035, 41.576758466924005], [-72.77500210421366, 41.57653146681657], [-72.77563910441543, 41.57645446678004], [-72.77581510447122, 41.576433466769984], [-72.77604310454346, 41.576406466757064], [-72.77634910464025, 41.576366466738925], [-72.77652710469648, 41.57634346672845], [-72.77708910487411, 41.5762684666949], [-72.77834110526999, 41.57610446662074], [-72.77877810540845, 41.5760524665958], [-72.77901010548204, 41.57602546658273], [-72.77917610553467, 41.5760064665734], [-72.77934410558805, 41.57598846656426], [-72.77941710561105, 41.575977466559635], [-72.77964510568337, 41.575951466546876], [-72.77972210570786, 41.575944466542936], [-72.77982710574119, 41.57593246653702], [-72.78004310580964, 41.57590646652467], [-72.78009210582509, 41.575899466521676], [-72.78107510613583, 41.575770466463354], [-72.7820591064469, 41.57564046640482], [-72.78226210651106, 41.57561346639272], [-72.78246510657522, 41.575586466380614], [-72.78688210797137, 41.575002466117816], [-72.79592911083107, 41.57380846557986], [-72.79705411118665, 41.57365946551284], [-72.79874411172081, 41.573436465412314], [-72.80124411251099, 41.57310646526366], [-72.8026241128228, 41.57086346478438], [-72.80500611336088, 41.566991463957024], [-72.80524411341477, 41.56660646387471], [-72.80627411367699, 41.56542146361122], [-72.80924411443313, 41.562005462851694], [-72.80986911465067, 41.5622554628786], [-72.80996111468271, 41.56229246288256], [-72.81024311478092, 41.56240546289473], [-72.81260211541573, 41.560259462400744], [-72.8191461171765, 41.554306461030286], [-72.82124411784999, 41.55420346093897], [-72.82514311918568, 41.55540546103787], [-72.8261421195395, 41.555905461100295], [-72.8261451195756, 41.55648746121233], [-72.82615011957847, 41.55650746121603], [-72.82584511976944, 41.56130646215156], [-72.82583811978023, 41.561522462193395], [-72.82582411979844, 41.56189946226655], [-72.82578611985467, 41.563034462486605], [-72.82577511987408, 41.563414462560225], [-72.82575311990476, 41.564040462681646], [-72.82574411991794, 41.56430646273324], [-72.82615912004016, 41.564104462680156], [-72.82719712034589, 41.56359846254722], [-72.82776112051205, 41.56332446247521], [-72.82956712104388, 41.56244246224368], [-72.82964512106695, 41.562405462233855], [-72.82896312102912, 41.56543746284152], [-72.82834012099455, 41.56820546339622], [-72.82789912096983, 41.57016146378821], [-72.82764512093871, 41.571007463959866], [-72.8285951212339, 41.57079946388742], [-72.82911112139512, 41.57070046385078], [-72.82940012148634, 41.57066046383321], [-72.83097012198144, 41.57043546373632], [-72.83435112304831, 41.56996346353012], [-72.8386301243977, 41.569352463266505], [-72.84024512490606, 41.56910646316404], [-72.84262212564529, 41.56859646298469], [-72.84444612621282, 41.56820946284791], [-72.84633712680112, 41.56780746270594], [-72.84854212748706, 41.567337462540145], [-72.84614712600602, 41.55567246037353], [-72.84604012593883, 41.55513446027347], [-72.84600612591112, 41.55485846022144], [-72.84598712589558, 41.55470246019202], [-72.84596712587918, 41.5545384601611], [-72.84592312585158, 41.554317460119975], [-72.84574212574387, 41.55350545996962], [-72.84573212573149, 41.553354459940834], [-72.84566412565682, 41.55248345977529], [-72.84561312560788, 41.551946459673474], [-72.8455671255639, 41.55146545958228], [-72.84534312533604, 41.54889445909426], [-72.8452961252992, 41.54853645902682], [-72.84517812520663, 41.54763645885731], [-72.8451501251844, 41.54741945881647], [-72.84511212516615, 41.547320458798644], [-72.84497412510056, 41.54697445873664], [-72.84480712502125, 41.54655745866191], [-72.84475712499763, 41.54643445863992], [-72.84446912485507, 41.54561845849241], [-72.84428112474073, 41.54473345832814], [-72.84555512516947, 41.54500045833621], [-72.84698912564879, 41.545245458334584], [-72.84702112565941, 41.54524945833424], [-72.84716112570595, 41.545269458333344], [-72.84944112646589, 41.54562445832406], [-72.8502941267539, 41.54581845833241], [-72.85078912691925, 41.54590145833151], [-72.85113712703381, 41.545932458325645], [-72.85219812739051, 41.546148458331096], [-72.8524591274786, 41.54620645833338], [-72.85270812756484, 41.54629945834284], [-72.85329112777623, 41.54667245839489], [-72.85401312800573, 41.54660045835635], [-72.85467012821458, 41.5465354583214], [-72.85579312859436, 41.546800458334204], [-72.85812212938197, 41.54735045836085], [-72.85975412993383, 41.5477354583794], [-72.86031113011558, 41.54775745836465], [-72.86048913017366, 41.547764458359914], [-72.86059213020722, 41.547768458357154], [-72.86116713039493, 41.54779245834216], [-72.8619801306603, 41.54782645832101], [-72.86253813084245, 41.54784945830642], [-72.86469813157012, 41.54831345832215], [-72.865589131867, 41.5484514583184], [-72.86780713261788, 41.5489884583462], [-72.86788713270431, 41.54998945853648], [-72.86800013279225, 41.550838458696305], [-72.86815313288426, 41.551540458826395], [-72.86813413289153, 41.55176245886985], [-72.8682281329511, 41.55224445895953], [-72.8683661330086, 41.552455458995475], [-72.8685731330889, 41.55267445903065], [-72.86894913323465, 41.553070459094165], [-72.86901113325862, 41.553135459104595], [-72.86929613337436, 41.553522459169436], [-72.86940213343865, 41.55401745926123], [-72.86951513350682, 41.554539459358], [-72.86999413366632, 41.55461145935551], [-72.87026613375689, 41.55465245935414], [-72.87129813410029, 41.55480345934805], [-72.87143513414568, 41.55482045934661], [-72.8717681342561, 41.55486245934334], [-72.87184313428094, 41.554871459342536], [-72.87191713430548, 41.55488145934193], [-72.87189913430805, 41.555019459369134], [-72.87189013430947, 41.5550914593833], [-72.8718771343167, 41.55528045942021], [-72.87186713432294, 41.555437459450815], [-72.87185813432852, 41.55557745947809], [-72.87185113433202, 41.55567345949683], [-72.87183113434301, 41.55596145955304], [-72.87182513434689, 41.5560584595719], [-72.87182313434843, 41.55609445957895], [-72.8718241343896, 41.55676945970902], [-72.87189713442744, 41.55700445975178], [-72.87201913447396, 41.557119459769844], [-72.87215713451876, 41.55712145976551], [-72.87223813454514, 41.55712345976313], [-72.87245913461376, 41.557075459746336], [-72.87283013470821, 41.55664945965155], [-72.87310013478549, 41.556481459609934], [-72.87330713485329, 41.556494459605396], [-72.87347113492335, 41.55677445965374], [-72.87383913508536, 41.557481459777485], [-72.87411313522209, 41.558274459920945], [-72.87410513523417, 41.55851645996789], [-72.87400213521046, 41.558676460002225], [-72.8739961352092, 41.55868746000453], [-72.87392013519708, 41.55889446004701], [-72.8739571352253, 41.559162460097404], [-72.87412413528953, 41.559330460124116], [-72.87453113543648, 41.55958046015837], [-72.8745731354512, 41.559598460160444], [-72.87460013546072, 41.55961046016178], [-72.87468113548908, 41.559646460166], [-72.87470913549889, 41.5596584601673], [-72.87500113560114, 41.55978546018185], [-72.87501913560747, 41.55979346018276], [-72.87547613576758, 41.559993460205696], [-72.87593413593055, 41.56023446023651], [-72.87623413603734, 41.560393460256925], [-72.87649513613599, 41.5606264602929], [-72.87694113629736, 41.56090646033166], [-72.8776041365389, 41.56134846039416], [-72.87790613664076, 41.56141546039676], [-72.87822613675596, 41.5616054604225], [-72.8787791369558, 41.56194846046969], [-72.87892613700872, 41.562035460481425], [-72.87942413718369, 41.562261460507976], [-72.8797491373011, 41.562462460535606], [-72.87979213733303, 41.56275946059138], [-72.87966213730101, 41.56292646062798], [-72.879257137184, 41.56316046068693], [-72.8797461373452, 41.5632064606791], [-72.88087413771946, 41.56335346066886], [-72.88269413832484, 41.5636154606572], [-72.88305813844636, 41.56367546065636], [-72.88388613872335, 41.563820460656], [-72.88404613877421, 41.56380446064741], [-72.88498213907184, 41.56371246059773], [-72.88720213977766, 41.56349446047992], [-72.88895514033506, 41.563322460386864], [-72.89007514069117, 41.563212460327385], [-72.89013914071148, 41.56320546032388], [-72.89123414106012, 41.56310646026734], [-72.89203114131392, 41.56303446022626], [-72.8923441414135, 41.56300446020978], [-72.89950214368481, 41.56222745981539], [-72.90140914428986, 41.56202045971034], [-72.90148714431461, 41.56201145970596], [-72.9032141448584, 41.56175545959754], [-72.9034711449393, 41.56171645958129], [-72.90357014497042, 41.561701459575], [-72.90387014506761, 41.561701459564745], [-72.905829145689, 41.56148545945612], [-72.9100661470329, 41.56101845922131], [-72.9104441471528, 41.56097645920027], [-72.91343114810023, 41.5606484590349], [-72.9156491488038, 41.560404458912], [-72.9159131488858, 41.56034745889202], [-72.9163901490342, 41.56024645885623], [-72.91668714912649, 41.56018245883378], [-72.91704814923874, 41.560105458806554], [-72.91714014926865, 41.56010745880379], [-72.91727214931151, 41.56010945879965], [-72.91761514942021, 41.56007045878044], [-72.91771214945088, 41.56005845877479], [-72.91780714948104, 41.560047458769446], [-72.91973515009202, 41.55982745866108], [-72.92206915083335, 41.55958745853497], [-72.92640015219587, 41.55892745825963], [-72.92713315243307, 41.55892445823397], [-72.92853915288684, 41.55889945818104], [-72.9358011551864, 41.558040457766914], [-72.9462751585036, 41.55681445717208], [-72.94635115852762, 41.55680545716776], [-72.94539315835205, 41.55902245762771], [-72.94521615831998, 41.55943845771396], [-72.94510415829949, 41.55969845776786], [-72.94468315835573, 41.562870458393405], [-72.94371715827779, 41.56673845917165], [-72.94359315826638, 41.567211459267014], [-72.94290515821143, 41.56997545982303], [-72.94261615818827, 41.571134460056115], [-72.94160615811909, 41.57538046090856], [-72.94110015808369, 41.57749546133322], [-72.94104215807971, 41.57773846138194], [-72.94094715807381, 41.57814846146421], [-72.93804715789169, 41.590605463962156], [-72.93803815789079, 41.59063946396898], [-72.93584815764147, 41.5982054655005], [-72.9358041576384, 41.59838946553746], [-72.93563215762639, 41.59910846568175], [-72.93511815759106, 41.601265466114484], [-72.9349471575795, 41.601985466258924], [-72.93470215756243, 41.60300946646443], [-72.9339681575116, 41.60608346708117], [-72.9338451575034, 41.60660346718546], [-72.93376115750739, 41.60711646728706], [-72.93364515751156, 41.60780246742308], [-72.93365315752027, 41.60790346744221], [-72.93386615773449, 41.61028946789406], [-72.93392615779392, 41.61094646801843], [-72.93393815780635, 41.611087468045184], [-72.93394715781635, 41.611204468067385], [-72.93395415782281, 41.6112724680802], [-72.93397315784097, 41.611469468117484], [-72.93404715790959, 41.61220346825614], [-72.93413515796304, 41.61261346833203], [-72.93421715801264, 41.61299246840213], [-72.93428815805912, 41.613377468473786], [-72.93431415807174, 41.61344646848616], [-72.93463815826895, 41.61496246876678], [-72.93468715830849, 41.61535146883994], [-72.93469415831409, 41.615405468850064], [-72.93497415853658, 41.617570469257046], [-72.9349821585431, 41.617635469269224], [-72.93499115854999, 41.61770046928143], [-72.93500315855951, 41.61779346929889], [-72.93501515856914, 41.61788746931662], [-72.93501715857083, 41.61790446931978], [-72.93502115857339, 41.617925469323694], [-72.93506015860552, 41.61824546938396], [-72.93510015863804, 41.618566469444325], [-72.93515915868646, 41.61904846953501], [-72.93518515870723, 41.619251469573165], [-72.93520815872539, 41.61942746960625], [-72.93539115886412, 41.62073146985084], [-72.93541415888113, 41.620888469880256], [-72.93541915888476, 41.62092146988642], [-72.93544515890437, 41.621105469920955], [-72.93598615931373, 41.6249494706418], [-72.93600815933037, 41.625105470671066], [-72.93716016020271, 41.633298472207315], [-72.93760916054231, 41.63648347280444], [-72.93814816094991, 41.64030547352081], [-72.93815016095196, 41.64032847352515], [-72.93850216130936, 41.64431947428046], [-72.94042616191895, 41.64409247417081], [-72.94089616206786, 41.64403647414389], [-72.94143416223841, 41.64397447411347], [-72.94306616275553, 41.64378247402061], [-72.94325616281577, 41.643760474009866], [-72.943790162985, 41.643697473979415], [-72.94414716309817, 41.64365647395927], [-72.94775316424067, 41.643230473753626], [-72.94794416430106, 41.64320647374246], [-72.94809116434872, 41.643206473737415], [-72.94844916446468, 41.64320547372493], [-72.94946616478535, 41.64306047366218], [-72.94999316495152, 41.642985473629636], [-72.95051916511744, 41.642910473597176], [-72.95054916512682, 41.64290547359521], [-72.95431116632383, 41.64254547339686], [-72.96021016820056, 41.64197747308515], [-72.96393216936679, 41.641326472832176], [-72.96405016940379, 41.64130547282407], [-72.96585316997228, 41.641048472712725], [-72.96615017006594, 41.64100647269443], [-72.96863717085657, 41.64075847256132], [-72.96989117125517, 41.640632472494076], [-72.97114617165417, 41.640507472426904], [-72.97297417224411, 41.640469472356834], [-72.97670617343317, 41.640140472165335], [-72.9771161735622, 41.640078472139336], [-72.97903617417172, 41.63987347203393], [-72.97951717432575, 41.63984447201187], [-72.97969717438396, 41.6398424720053], [-72.98020417454661, 41.63981547198268], [-72.9802761745696, 41.639810471979224], [-72.98201517512578, 41.63969247189677], [-72.98259517531133, 41.63965347186933], [-72.98272217535188, 41.63964347186307], [-72.98275617536274, 41.63964147186153], [-72.98310317547366, 41.63961647184479], [-72.98323117551455, 41.639607471838644], [-72.98325117552098, 41.63960647183775], [-72.98644517645216, 41.63791047140194], [-72.99064817767757, 41.63568047082875], [-72.99602817924601, 41.63282547009486], [-72.9991691801617, 41.631159469666535], [-72.99922318017747, 41.63113046965911], [-72.99955118027304, 41.63095646961438], [-73.00000618040605, 41.63072046955338], [-73.00236318109503, 41.629501469237894], [-73.0030231812881, 41.629161469149835], [-73.00314718132395, 41.6290914691321], [-73.00404718158457, 41.628585469003895], [-73.00702318253315, 41.628333468853086], [-73.0214721871386, 41.62711246812111], [-73.02060818661523, 41.62312846738481], [-73.02008518629845, 41.620717466939176], [-73.01865118543007, 41.614105465716904], [-73.0314551896269, 41.614927465434356], [-73.03433019056925, 41.61511246537096], [-73.03477819071618, 41.61514246536134], [-73.03482319073088, 41.61514446536017], [-73.03575219103544, 41.61520546533992], [-73.03602519112384, 41.61520546533053], [-73.0361571911666, 41.615205465325985], [-73.04553719398528, 41.61162646431464], [-73.04566119402243, 41.61157746430089], [-73.0457721940558, 41.61153546428904], [-73.04640519424609, 41.61129546422105], [-73.05036319543363, 41.6097564637887], [-73.05727119750456, 41.60704446302912], [-73.05771619763796, 41.60686946298011], [-73.0577711976544, 41.606847462973974], [-73.05789719769216, 41.60679746296001], [-73.05802519773063, 41.6067484629462], [-73.05807619774573, 41.606725462940005], [-73.0587751979537, 41.606425462858255], [-73.05947019816418, 41.606187462788505], [-73.05966619820411, 41.60580346270788], [-73.05969919820541, 41.60564946267712], [-73.05963219815862, 41.60523946260057], [-73.0590441978877, 41.60392246236748], [-73.0589351978045, 41.60313946222067], [-73.0589471977833, 41.60272946214133], [-73.05902219779298, 41.60249046209282], [-73.05909819780297, 41.60225146204421], [-73.05913819782577, 41.602412462073794], [-73.05917719784833, 41.60257446210359], [-73.05940419791571, 41.60247446207654], [-73.05977419802086, 41.602235462017816], [-73.06041819817838, 41.601401461835195], [-73.06070119823438, 41.60081946171351], [-73.06067019818111, 41.60011246157855], [-73.06056019807627, 41.59898046136459], [-73.06056019803873, 41.59836646124648], [-73.06024519787623, 41.59737646106688], [-73.0601671978058, 41.59663746092737], [-73.06018219777694, 41.596086460820814], [-73.06040319780912, 41.595442460689334], [-73.0603871977568, 41.5946714605415], [-73.06015119760833, 41.59349246032281], [-73.05975819741862, 41.592470460139715], [-73.0595531973157, 41.591872460031695], [-73.05945919726945, 41.591613459985126], [-73.05883819703138, 41.59100745988991], [-73.05841319686641, 41.59055945981833], [-73.05811519673584, 41.59000145972121], [-73.05787119664103, 41.58974245967981], [-73.05742519647156, 41.589332459616216], [-73.05747319648417, 41.58928445960533], [-73.05748819648807, 41.58926845960173], [-73.05752119649675, 41.58923645959445], [-73.05755319650521, 41.589204459587215], [-73.0580111966199, 41.588655459465755], [-73.05839019674127, 41.58863345944849], [-73.06113319762385, 41.58854445933687], [-73.0622811979955, 41.588544459297324], [-73.0641501985981, 41.58850445922529], [-73.06421019861718, 41.588499459222206], [-73.06607519921056, 41.58832945912527], [-73.066353199299, 41.58830445911089], [-73.0666651993991, 41.58828945909723], [-73.0668651994633, 41.58828045908862], [-73.06843519996443, 41.58816345901198], [-73.06902520015277, 41.58812045898343], [-73.06918920020586, 41.58812045897779], [-73.06968120036512, 41.588120458960844], [-73.06984520041826, 41.588120458955174], [-73.06998520046356, 41.588120458950364], [-73.07407620176733, 41.58778445874469], [-73.07440320187153, 41.5877574587282], [-73.07585420233187, 41.5876044586488], [-73.07759420288924, 41.5875074585701], [-73.0776462028978, 41.58737245854233], [-73.07765420289877, 41.58734645853706], [-73.0776612029001, 41.58733045853372], [-73.0777982029289, 41.587076458480155], [-73.07787220294118, 41.586885458440854], [-73.07793520295192, 41.58672745840829], [-73.07794820295426, 41.586697458402035], [-73.07799120296274, 41.58660845838342], [-73.07800420296519, 41.58657945837741], [-73.07820420300389, 41.58615345828855], [-73.07826220302393, 41.586174458290586], [-73.0787242031825, 41.586321458302955], [-73.07883420322024, 41.58635645830589], [-73.07941720341778, 41.58650045831353], [-73.08013920366128, 41.58666045831942], [-73.08040220374998, 41.586719458321674], [-73.08190820419797, 41.58607345814548], [-73.08229320431029, 41.585872458093526], [-73.08252020437666, 41.585756458063386], [-73.08267420442206, 41.58568345804399], [-73.08281420446413, 41.5856294580288], [-73.08291820449557, 41.585593458018266], [-73.08298520451602, 41.5855734580121], [-73.0832542045744, 41.58510445791262], [-73.08326420457664, 41.58508745790898], [-73.08337520460188, 41.58491345787164], [-73.08372920468223, 41.58435345775168], [-73.08479120492335, 41.582675457392185], [-73.0851462050041, 41.582116457272356], [-73.08523820502573, 41.58198345724358], [-73.08551420509072, 41.58158545715746], [-73.0856072051128, 41.58145345712886], [-73.08566320512594, 41.58137245711137], [-73.08583420516656, 41.581131457059065], [-73.0858542051714, 41.5811044570532], [-73.0858872051787, 41.581049457041445], [-73.0859402051904, 41.580960457022485], [-73.08610020522578, 41.580692456965465], [-73.08615420523792, 41.58060445694664], [-73.08618420524557, 41.58057145693924], [-73.08627820526995, 41.58047245691695], [-73.08630920527806, 41.5804404569097], [-73.08634620528771, 41.580403456901344], [-73.08640820530023, 41.58027945687531], [-73.08666920535353, 41.5797694567682], [-73.08675620537137, 41.57960045673263], [-73.0868552053936, 41.57944045669843], [-73.0871542054612, 41.57896345659634], [-73.08725420548387, 41.578804456562295], [-73.08735820550729, 41.578637456526536], [-73.08749220553763, 41.57842445648094], [-73.0876712055779, 41.57813545641913], [-73.08775420559678, 41.57800445639105], [-73.08777320560068, 41.57796745638333], [-73.08786020561838, 41.57779645634737], [-73.08806620566084, 41.57740045626405], [-73.0881182056705, 41.57728345623975], [-73.08815420567734, 41.57720445622333], [-73.08820820568936, 41.57711545620433], [-73.08830120570985, 41.57695845617091], [-73.08858120577194, 41.57649145607135], [-73.08867520579282, 41.576335456038095], [-73.08875420581035, 41.576204456010124], [-73.08881720582495, 41.5761094559897], [-73.08911420589374, 41.57566245589341], [-73.08926120592788, 41.57544245584599], [-73.08935420594953, 41.57530445581622], [-73.08940720596146, 41.57521945579802], [-73.08960920600711, 41.57489645572892], [-73.09015820613104, 41.57401645554061], [-73.09235420662701, 41.570504454788875], [-73.09246320666094, 41.57048245478086], [-73.09385420709414, 41.5702044546794], [-73.09478920738174, 41.56995945460001], [-73.09759420824489, 41.56922845436252], [-73.09853020853289, 41.56898445428333], [-73.10090120926259, 41.56836945408312], [-73.10941321188243, 41.56616545336523], [-73.11424421336933, 41.56491545295795], [-73.11436621340683, 41.56488345294753], [-73.1144542134339, 41.564860452940074], [-73.11505621361918, 41.564704452889245], [-73.11518721365223, 41.56455245285551], [-73.11645521404742, 41.56430445276402], [-73.1164892140579, 41.56429645276127], [-73.11696221420459, 41.56419245272497], [-73.11714621426175, 41.56415345271109], [-73.11838421464589, 41.563884452616584], [-73.11875521476107, 41.56380445258834], [-73.11885821479278, 41.56377845257978], [-73.1205182153045, 41.56336245244245], [-73.12455721654975, 41.562353452108766], [-73.12549821683974, 41.562117452030876], [-73.12715921735189, 41.56170345189379], [-73.12750121745813, 41.561631451868145], [-73.12853021777795, 41.56141645179121], [-73.12887321788457, 41.5613454517657], [-73.12891421789729, 41.561336451762585], [-73.12904121793676, 41.56130945175301], [-73.12908321794987, 41.561301451749976], [-73.12931021802038, 41.5612534517329], [-73.12999421823291, 41.561110451681785], [-73.1302222183038, 41.56106345166487], [-73.1303532183445, 41.56103545165496], [-73.13074721846694, 41.56095245162537], [-73.13087921850794, 41.56092545161562], [-73.1309642185343, 41.56090645160902], [-73.13121921861354, 41.560853451589985], [-73.13130521864034, 41.56083645158378], [-73.13137821866303, 41.56082045157816], [-73.13262121904879, 41.56055245148363], [-73.13657222027506, 41.55970145118335], [-73.13788922068389, 41.55941845108342], [-73.13795622070471, 41.559404451078386], [-73.1393182211268, 41.55910145097304], [-73.14018322139495, 41.558909450906185], [-73.14182522190387, 41.558544450779195], [-73.14360722245611, 41.5581474506412], [-73.14503722289933, 41.55783045053075], [-73.1451562229363, 41.557804450521644], [-73.14876022409385, 41.55766645037058], [-73.14919122423233, 41.55765045035258], [-73.15993722768366, 41.5572384499019], [-73.1620782283713, 41.55715644981207], [-73.16366322888042, 41.55709644974576], [-73.16467722920845, 41.55709644971069], [-73.16441722905027, 41.55588844948711], [-73.16299722818667, 41.549290448265914], [-73.16252422789897, 41.547091447858826], [-73.1621012276387, 41.545076447485464], [-73.16120322708628, 41.54079844669266], [-73.16083222685823, 41.53903344636551], [-73.16070522677985, 41.53842444625261], [-73.16045322662497, 41.53722544603041], [-73.16040022659537, 41.53702144599295], [-73.1603152265498, 41.53672644593908], [-73.16023222650487, 41.53643144588513], [-73.16016822647039, 41.53620644584401], [-73.16010422643586, 41.535980445802686], [-73.16011922643644, 41.53591044578869], [-73.16002922638255, 41.535505445713795], [-73.15992722632106, 41.53503944562753], [-73.15979722624233, 41.53444044551663], [-73.15970822618954, 41.53404844544423], [-73.159616226135, 41.53364344536937], [-73.15952522608092, 41.533240445294894], [-73.15951022607233, 41.53317944528364], [-73.15931622596182, 41.532399445140136], [-73.15955122603779, 41.53239844513183], [-73.15943622599485, 41.53230444511763], [-73.15925822592577, 41.532116445087595], [-73.1580052251446, 41.52597244394725], [-73.15800022514075, 41.525935443940284], [-73.1579732251212, 41.525758443907144], [-73.15789222506268, 41.525230443808184], [-73.15787722505162, 41.525128443789086], [-73.15785522504017, 41.525057443776156], [-73.15785422503814, 41.525029443770755], [-73.15777022498709, 41.52463944369855], [-73.1563102241532, 41.5187244426092], [-73.15624422412682, 41.51864244259573], [-73.1562142241128, 41.51857144258303], [-73.15617122409266, 41.51846944256489], [-73.15606222404682, 41.51829644253529], [-73.15605522404019, 41.51822444252168], [-73.15604022403035, 41.51814344250656], [-73.1560502240291, 41.51807044249215], [-73.15607722402693, 41.51789144245672], [-73.15597222391887, 41.51667944222679], [-73.15591722388808, 41.51646744218786], [-73.15587222385214, 41.51611744212193], [-73.15577622379422, 41.51567744204047], [-73.155770223791, 41.515656442036644], [-73.15576022378565, 41.515621442030216], [-73.1557432237686, 41.5154324419944], [-73.15573122375584, 41.51528744196691], [-73.15549322361929, 41.514312441787176], [-73.1558132237169, 41.51421644175763], [-73.15792122438383, 41.513974441638204], [-73.15832522451167, 41.51392844161537], [-73.15917322478019, 41.51383444156798], [-73.16041122517218, 41.51369744149884], [-73.16163422555942, 41.513562441430594], [-73.16529022671705, 41.51315744122624], [-73.16788122753739, 41.51287044108143], [-73.17037222832616, 41.51259544094238], [-73.17077222845285, 41.512552440920246], [-73.1712692286094, 41.512484440889985], [-73.17395922945713, 41.5121214407271], [-73.17480522972376, 41.51200844067609], [-73.17485622973993, 41.51200244067319], [-73.17612423014127, 41.51186044060197], [-73.17678823035149, 41.51178744056497], [-73.17993123134647, 41.511437440388924], [-73.1812012317485, 41.51129644031781], [-73.18128823177595, 41.511285440312705], [-73.18155223185946, 41.51125444029757], [-73.18164023188736, 41.511245440292825], [-73.18197423199311, 41.511208440274125], [-73.18247023215056, 41.51116044024774], [-73.18295223230272, 41.51110044021955], [-73.18308923234594, 41.511082440211325], [-73.1836382325197, 41.5110204401804], [-73.1844282327694, 41.51092644013498], [-73.18501123295394, 41.510861440102296], [-73.1876032337747, 41.51057743995794], [-73.19605223644332, 41.50954243946631], [-73.19787823702009, 41.50931943936018], [-73.20419823901558, 41.508535438990506], [-73.20684123988703, 41.50881143895225], [-73.20709023996905, 41.50883643894846], [-73.20711123997603, 41.50883943894828], [-73.20782924021682, 41.50898043895059], [-73.20800724027652, 41.50901543895121], [-73.20807724029952, 41.50902143894992], [-73.21153024143423, 41.509319438887864], [-73.21163224146804, 41.50933343888704], [-73.21388724221677, 41.509654438870854], [-73.21395624223958, 41.50966243887002], [-73.21399624225276, 41.509666438869395], [-73.214036242266, 41.50967143886898], [-73.21418324231455, 41.50968843886717], [-73.21583124285809, 41.50986243884368], [-73.21703124325198, 41.50995943882081], [-73.21743124338329, 41.50999143881309], [-73.21972524413981, 41.51023343878035], [-73.2208942445261, 41.510370438766245], [-73.22951324737477, 41.511383438662975], [-73.23512824923544, 41.51212243861086], [-73.23667424974772, 41.51232643859661], [-73.23673324976725, 41.51233343859589], [-73.2371422499024, 41.51238143859096], [-73.23723124993187, 41.51239243859003], [-73.23778725011563, 41.512457438583276], [-73.23807125020943, 41.512490438579775], [-73.23835625030367, 41.51252443857648], [-73.23854925036744, 41.512546438574034], [-73.23868725041308, 41.51256343857254], [-73.23901825052245, 41.512602438568535], [-73.24210425154158, 41.51295143852887], [-73.24224825158866, 41.512960438525596], [-73.24228325160018, 41.51296343852494], [-73.24236725162879, 41.512987438526636], [-73.24259225170134, 41.51298443851828], [-73.24269025173305, 41.51298443851489], [-73.24276625175814, 41.51299343851402], [-73.24604925280657, 41.51278243835954], [-73.24956025392467, 41.51250643818468], [-73.24970525396863, 41.51245943817061], [-73.25019725411775, 41.512297438122346], [-73.25031025415208, 41.512261438111466], [-73.25174825461156, 41.512173438044655], [-73.25226625477711, 41.51214243802074], [-73.25266425490437, 41.51211943800249], [-73.25290725498195, 41.51210443799119], [-73.25447225548196, 41.51200743791826], [-73.25632125606745, 41.51180843781581], [-73.26845225990883, 41.51050443714379], [-73.2696572602904, 41.51037543707712], [-73.27249526118835, 41.51005943691778], [-73.27357926153137, 41.50993843685686], [-73.27461826186007, 41.50982243679847], [-73.27962526344432, 41.50926643651756], [-73.2809902638762, 41.509114436440896], [-73.28311426454823, 41.508878436321716], [-73.28362626471039, 41.5088244362935], [-73.2840602648471, 41.508766436267294], [-73.284936265123, 41.50864843621417], [-73.29418026804804, 41.507627435696456], [-73.29918626963072, 41.50705443541222], [-73.29938626969395, 41.50703143540084], [-73.2995822697556, 41.50700343538865], [-73.30077027012919, 41.506835435315], [-73.30085827015691, 41.50682343530965], [-73.30116827025495, 41.506788435292115], [-73.30241227064819, 41.50664543522137], [-73.3061462718286, 41.50621643500898], [-73.30727427218521, 41.50608743494493], [-73.30739127222209, 41.506072434937956], [-73.30742627223312, 41.506067434935794], [-73.30753127226627, 41.506054434929624], [-73.30756727227762, 41.5060504349276], [-73.30789827238198, 41.50600743490781], [-73.30962527293231, 41.50588043482337], [-73.31580827490272, 41.5054294345216], [-73.31786927555956, 41.50527943442102], [-73.31889027588444, 41.50519743436973], [-73.3193862760416, 41.50514643434266], [-73.3199122761787, 41.50461243422151], [-73.32052027633686, 41.50398943408038], [-73.32070227636288, 41.503455433971155], [-73.32082627637308, 41.5029704338734], [-73.32090527636596, 41.50243943376839], [-73.32102927636923, 41.50184143364885], [-73.32107427634766, 41.5012544335342], [-73.32114227635161, 41.500961433475396], [-73.32119827635583, 41.50073543342991], [-73.32130027637486, 41.500509433382824], [-73.32144727640922, 41.500295433336504], [-73.32202327655448, 41.49963143318854], [-73.32230727662609, 41.4993034331155], [-73.32250727667399, 41.49903143305615], [-73.32311527680159, 41.49791143281922], [-73.32446727714735, 41.496430432486854], [-73.32461927718622, 41.496263432449425], [-73.32517027732857, 41.49568343231849], [-73.32525527735058, 41.49559443229839], [-73.3253402773725, 41.495504432278075], [-73.3255092774154, 41.49531443223557], [-73.32585427749324, 41.494767432118195], [-73.32620327757108, 41.49419943199664], [-73.32633427759768, 41.49394343194277], [-73.32653027763747, 41.49356143186236], [-73.32672727767765, 41.4931794317819], [-73.32676127768467, 41.49311443176818], [-73.32679527769152, 41.4930474317541], [-73.32680427769108, 41.49299243174315], [-73.32682727769007, 41.49285543171595], [-73.32684327768635, 41.49271143168766], [-73.32679527766592, 41.49263143167389], [-73.32663527759553, 41.49232743162091], [-73.32621927742574, 41.49175143152436], [-73.32559527718374, 41.49109543141965], [-73.32535527708157, 41.49069543135091], [-73.32508327696516, 41.49023143127098], [-73.32493927689899, 41.48991143121427], [-73.32487527686551, 41.48970343117644], [-73.32477927682959, 41.48962343116438], [-73.32487527685764, 41.48957543115179], [-73.3249872768761, 41.48928743109241], [-73.32522727692319, 41.48879143098847], [-73.32543527696679, 41.488407430907245], [-73.32573927703251, 41.4878794307949], [-73.32599527709363, 41.48752743071819], [-73.32612327711723, 41.48723943065822], [-73.32642727718401, 41.48672743054896], [-73.32661927722438, 41.48637543047444], [-73.32684327727218, 41.485975430389594], [-73.32692327728427, 41.485751430343655], [-73.32695527728278, 41.48555943030551], [-73.32703527729782, 41.48538343026879], [-73.32706727728748, 41.48504743020293], [-73.32705127727252, 41.48488743017264], [-73.3270622772723, 41.48482643016056], [-73.32711527727152, 41.48453543010262], [-73.32645927701728, 41.4838474299928], [-73.32465127635838, 41.48263142982127], [-73.32346827591759, 41.481678429678716], [-73.32341927589935, 41.48163942967289], [-73.32266727560332, 41.4807754295325], [-73.3222192753976, 41.479783429356864], [-73.32175527515724, 41.4783114290892], [-73.32140027500924, 41.47776842899686], [-73.32123527494052, 41.477518428954426], [-73.32106927487149, 41.47726742891181], [-73.32090727480369, 41.47701542886885], [-73.31975527436859, 41.47599142871145], [-73.31885627403372, 41.47526842860333], [-73.3186272739484, 41.475084428575826], [-73.3183992738635, 41.47490142854846], [-73.31827527381732, 41.47480142853346], [-73.3181512737711, 41.47470142851852], [-73.3181232737607, 41.474679428515245], [-73.3176652735888, 41.474289428456004], [-73.31760427356589, 41.47423742844805], [-73.3170272733493, 41.47374642837341], [-73.3163942731117, 41.47320742829154], [-73.31522627267144, 41.47218342813465], [-73.31479427250143, 41.471687428054025], [-73.31428227230063, 41.47111142796073], [-73.31277827174307, 41.46994342778781], [-73.31121027118638, 41.469127427684874], [-73.31095327109686, 41.46902142767339], [-73.31071327101321, 41.46892242766261], [-73.31047427092992, 41.46882342765184], [-73.3103692708986, 41.46886542766359], [-73.30954627065269, 41.46919142775499], [-73.30856427036763, 41.46971642789029], [-73.3081702702533, 41.46992742794471], [-73.30760927008623, 41.4701584280087], [-73.30653826976723, 41.47059942813096], [-73.30503426931573, 41.471159428291145], [-73.30431426909193, 41.4713034283439], [-73.30397826898434, 41.47131942835866], [-73.30276226859932, 41.471447428425506], [-73.30180326828007, 41.47129442842934], [-73.30156226819977, 41.47125542843017], [-73.3006022678651, 41.47085542838635], [-73.30012226768845, 41.47050442833531], [-73.29959426749426, 41.470119428279396], [-73.29917826732452, 41.46954342818282], [-73.29826626691305, 41.46763942784727], [-73.29823426681145, 41.46615142756145], [-73.29831426675288, 41.46477542729331], [-73.29889026682616, 41.46293542691845], [-73.29933826690615, 41.461879426699234], [-73.29983426699968, 41.46079142647219], [-73.29986126686434, 41.45844242601822], [-73.30079426701055, 41.45591142549762], [-73.30057026684992, 41.45447142522761], [-73.30007426656806, 41.45248742486211], [-73.29951426629792, 41.451031424600686], [-73.29893826603637, 41.449799424382945], [-73.29866626591817, 41.44930442429689], [-73.29840426581023, 41.44892442423266], [-73.29826926575467, 41.448729424199705], [-73.29776126556334, 41.4482844241315], [-73.29593426493834, 41.44771742408543], [-73.29535626474132, 41.4475484240729], [-73.2952862647176, 41.44753042407184], [-73.29470826452149, 41.44737742406236], [-73.29394926427543, 41.447363424086014], [-73.2912642634542, 41.4481164243244], [-73.28779926246997, 41.45032342487035], [-73.28319626106239, 41.45162042528019], [-73.28073926031091, 41.45231142549864], [-73.27825425952837, 41.45264342564884], [-73.27390925806678, 41.45169942561729], [-73.27369725799548, 41.45165342561579], [-73.27355125793893, 41.45150042559129], [-73.27240725749553, 41.45029542539847], [-73.27126425705255, 41.44909042520554], [-73.27024425665705, 41.44801342503313], [-73.26923225623106, 41.44639542475596], [-73.26830825584217, 41.444918424502916], [-73.2679722557001, 41.44436942440863], [-73.26787225565772, 41.4442054243804], [-73.26777125561509, 41.44404142435227], [-73.2674942554979, 41.44358942427465], [-73.26740825544913, 41.44324642421143], [-73.266979255206, 41.44153742389647], [-73.26654925496267, 41.439830423581924], [-73.26649025492951, 41.439599423539384], [-73.26643225489661, 41.43936842349682], [-73.26627525480775, 41.4387444233818], [-73.26611825471878, 41.438119423266606], [-73.265988254645, 41.43759942317073], [-73.26585825457136, 41.437081423075256], [-73.26578925453255, 41.43681142302554], [-73.26551725444365, 41.43679542303184], [-73.26546625441057, 41.43652342298112], [-73.26513725426011, 41.43580042285298], [-73.26452525401832, 41.435080422735176], [-73.26367925371204, 41.43454042266021], [-73.26265725335654, 41.43412642261571], [-73.26226625322059, 41.43396842259875], [-73.26029025255465, 41.43351742258011], [-73.25920625219347, 41.43333742258287], [-73.25843925194782, 41.433372422616166], [-73.25773525173261, 41.433572422679156], [-73.25695125149694, 41.43386042276189], [-73.25652425137386, 41.4341034228236], [-73.25639125133559, 41.434180422843035], [-73.25552725108874, 41.4347084229749], [-73.2552722510197, 41.43492742302594], [-73.2547272508723, 41.43539642313537], [-73.2539592506604, 41.43598842327621], [-73.25355625054907, 41.436297423349814], [-73.25352325053996, 41.43632242335578], [-73.25347925052782, 41.43635642336389], [-73.2532612504672, 41.4365174234025], [-73.25298325039007, 41.43672442345206], [-73.25243925023388, 41.437044423532654], [-73.25146524995418, 41.437617423677004], [-73.25139424993377, 41.43765842368736], [-73.25119124987565, 41.43778042371793], [-73.25044324965458, 41.43811742380888], [-73.2502312495919, 41.43821242383454], [-73.25000124952057, 41.438261423851934], [-73.2497812494524, 41.43830842386862], [-73.24956024938392, 41.43835642388557], [-73.24807924894307, 41.438972424055734], [-73.24797824891291, 41.439013424067134], [-73.24760824880269, 41.43916542410929], [-73.24752124877676, 41.43920142411922], [-73.24744124875298, 41.43923442412839], [-73.24693024860014, 41.43943542418487], [-73.24676024854934, 41.43950342420387], [-73.24626924839869, 41.439633424245926], [-73.24526024808918, 41.43990342433294], [-73.24481124793408, 41.43973942431685], [-73.24433524776974, 41.43956642429989], [-73.24383424756866, 41.43892542419354], [-73.24355824745794, 41.43857242413493], [-73.24351424743321, 41.438400424103286], [-73.24329824731196, 41.437557423948], [-73.2428712471336, 41.43689642383519], [-73.24278524709769, 41.43676342381249], [-73.24260824702368, 41.43648842376553], [-73.24234524691377, 41.43608042369583], [-73.24233224681689, 41.43456242340326], [-73.24233124681352, 41.434512423393656], [-73.24231824671962, 41.43304442311072], [-73.24231124666889, 41.432250422957615], [-73.24230424661816, 41.43145742280479], [-73.24229024651548, 41.429849422494826], [-73.24226424650524, 41.42981942248989], [-73.24123424610036, 41.428638422297524], [-73.24090924597695, 41.428337422250664], [-73.23993724560782, 41.42743442210989], [-73.23961424548511, 41.427133422062944], [-73.23910724529883, 41.42676542200944], [-73.23901224526394, 41.42669642199941], [-73.23841224504358, 41.426261421936125], [-73.23754124476004, 41.42622642195952], [-73.23739624471273, 41.4262194219632], [-73.23715724463501, 41.42621042196967], [-73.23677224450971, 41.4261954219801], [-73.23659624445241, 41.42618842198483], [-73.23607124428153, 41.426167421998926], [-73.23593724423793, 41.426162422002626], [-73.23591224422981, 41.4261614220033], [-73.23589824422564, 41.42616742200491], [-73.23402524367766, 41.42710342225044], [-73.2299702424914, 41.42913242278239], [-73.22826324196267, 41.42950542291338], [-73.2267702415002, 41.42983242302817], [-73.22674124149378, 41.42988042303843], [-73.22661124146514, 41.43009942308521], [-73.22648024143616, 41.43031742313185], [-73.22379224054916, 41.43001442316623], [-73.222079239984, 41.429822423188384], [-73.22085823957505, 41.42958542318479], [-73.21823623869693, 41.429078423177465], [-73.21713623829886, 41.42837842308032], [-73.21639423800382, 41.42747142293081], [-73.21468223732307, 41.42537942258596], [-73.21443623722524, 41.42507842253634], [-73.21344323685088, 41.42420042240108], [-73.21209223634153, 41.42300542221697], [-73.21183623624495, 41.42277842218196], [-73.21150823612828, 41.42260242215929], [-73.2098272355301, 41.421699422042956], [-73.20919823530633, 41.42136242199959], [-73.20814523493168, 41.42079742192683], [-73.20791723485051, 41.42067442191092], [-73.20768923476943, 41.42055242189524], [-73.20745923468604, 41.42040342187439], [-73.20657923435994, 41.41971742177229], [-73.20369423329079, 41.41746842143748], [-73.2015582324993, 41.415804421189755], [-73.19975823175939, 41.41320442074958], [-73.19818023117152, 41.41192242055635], [-73.1981582311633, 41.411904420553675], [-73.19675823068052, 41.41140442050533], [-73.19630723053017, 41.41132842050624], [-73.19371922966737, 41.41089042051092], [-73.19113022880428, 41.41045242051559], [-73.19111622879957, 41.4104494205155], [-73.19025822851354, 41.410304420517114], [-73.1887062279687, 41.409591420432854], [-73.18655822721462, 41.40860442031622], [-73.18649622718952, 41.40852042030212], [-73.1861552270513, 41.408059420224824], [-73.18581422691302, 41.407598420147465], [-73.18485822652546, 41.406304419930436], [-73.18535822643759, 41.40220441912088], [-73.18755822699022, 41.3996044185425], [-73.18815822709888, 41.39820441825126], [-73.18795822697959, 41.3973044180842], [-73.18422622550361, 41.392858417353516], [-73.18386622536124, 41.39242941728299], [-73.18350622521886, 41.39200041721247], [-73.18338822517225, 41.39186041718943], [-73.18327022512551, 41.391719417166264], [-73.18159422448232, 41.39004441690024], [-73.18120022433106, 41.38965041683762], [-73.18116922431919, 41.38961941683272], [-73.176027222416, 41.38563441623947], [-73.1757252223042, 41.38540041620461], [-73.17494022201367, 41.38479241611408], [-73.17435122179566, 41.38433541604603], [-73.17415522172315, 41.38418341602338], [-73.17388022162213, 41.38398341599423], [-73.17335722143017, 41.38360441593894], [-73.17299422130799, 41.38352341593578], [-73.17266322119661, 41.38345041593307], [-73.17241722112327, 41.383551415961044], [-73.17168522090523, 41.38385441604489], [-73.17158922087673, 41.38389541605615], [-73.17134022079921, 41.383943416073954], [-73.16941722016375, 41.38370941609492], [-73.16895322001044, 41.38365341610011], [-73.16656621922178, 41.38336441612642], [-73.16655721920917, 41.38320441609581], [-73.16125421753593, 41.38386141640542], [-73.1586572166692, 41.38340441640649], [-73.1579782164233, 41.38296741634531], [-73.1588332165008, 41.379692415682584], [-73.15792421605785, 41.37723141523793], [-73.15705621574546, 41.37670441516583], [-73.15665821559132, 41.376283415098165], [-73.15555421516315, 41.375104414908094], [-73.15095621338072, 41.370204414118525], [-73.14949221284249, 41.36912741396054], [-73.1485242124867, 41.36841641385625], [-73.14755621213085, 41.367704413751845]]], "crs": null}, "id": 150, "type": "Feature", "properties": {"category": "msa_ffe", "name": "New Haven-Milford, CT", "county": "New Haven County", "geoid": "09009", "status": "Yes"}}]}