{"type": "FeatureCollection", "crs": {"type": "name", "properties": {"name": "urn:ogc:def:crs:OGC:1.3:CRS84"}}, "features": [{"type": "Feature", "id": 1, "geometry": {"type": "Polygon", "coordinates": [[[-72.8890432979308, 41.3327149983387], [-72.8795895939762, 41.3339182185472], [-72.8748487494091, 41.3345305268511], [-72.8745038393655, 41.3345825339579], [-72.8697811233388, 41.3350784853695], [-72.8664168287376, 41.3354811023111], [-72.8614200478125, 41.3360529047619], [-72.860787319043, 41.3361252925604], [-72.8661892981376, 41.3233940798019], [-72.8664143354647, 41.3228838888589], [-72.8670098388476, 41.3215112082683], [-72.8675045823223, 41.3204243951918], [-72.8727144472187, 41.3085320074548], [-72.8739721679064, 41.3065884077367], [-72.8745039724983, 41.305731717394], [-72.8751254651498, 41.3047958547737], [-72.8805560153193, 41.2963020804508], [-72.8806212655295, 41.296175588592], [-72.8812337165828, 41.2952427842987], [-72.8819915633555, 41.2940137485619], [-72.8823927083536, 41.2934266480884], [-72.8834860007566, 41.2916543183596], [-72.8845571563256, 41.2899856088865], [-72.8867431150805, 41.2865012731975], [-72.887362458192, 41.2855794048152], [-72.8872993778432, 41.2818689115376], [-72.8871858405589, 41.2781631039232], [-72.8871176816833, 41.2725702244031], [-72.8870819546733, 41.272015701117], [-72.8870188313786, 41.2688100191583], [-72.8868580741643, 41.2591656548995], [-72.8869350160807, 41.2568354741585], [-72.8870857800948, 41.2564323665744], [-72.8868901072218, 41.2562344829156], [-72.8868611131968, 41.2560640117594], [-72.886970143112, 41.2558115590056], [-72.8871305653006, 41.2554604093372], [-72.8871305431222, 41.2553449701394], [-72.8871015718865, 41.2552961189602], [-72.8870145990147, 41.2550101051883], [-72.8870214864328, 41.2549337662814], [-72.8869148162144, 41.2544697256832], [-72.8867703182096, 41.2539566770672], [-72.8872337354412, 41.2535067086572], [-72.8873069535083, 41.2534134798816], [-72.8873065240423, 41.2533143350423], [-72.8871977437209, 41.2531439624147], [-72.887212894177, 41.2530012267363], [-72.8874015682526, 41.2527931066236], [-72.887882343908, 41.2523870262075], [-72.8880359677436, 41.2522996918063], [-72.8881988617357, 41.2521946961033], [-72.8884430639472, 41.2520490353935], [-72.8885348735794, 41.2519336515686], [-72.8885767802703, 41.2518282663081], [-72.888868152959, 41.2513867000164], [-72.8889398675276, 41.2513070524681], [-72.889073886709, 41.2512345574952], [-72.8892891438661, 41.251053470827], [-72.8893802002574, 41.2510569748412], [-72.8894938561022, 41.2510814272369], [-72.8896150777681, 41.2510892356377], [-72.8897684299874, 41.2510926654505], [-72.8899026213439, 41.2510997361437], [-72.8900367999828, 41.2510995720676], [-72.8901182877056, 41.2511103218283], [-72.8901662541076, 41.2511319606607], [-72.8901759211775, 41.2511717311932], [-72.8903100706914, 41.2511571003885], [-72.8904155266844, 41.2511714375175], [-72.8905881055409, 41.2512037755345], [-72.8907607397955, 41.2512578114848], [-72.8909285614071, 41.2513046212832], [-72.8911729986453, 41.251326017633], [-72.8912641122274, 41.2513548324924], [-72.8913742829728, 41.2513329982143], [-72.8918960306466, 41.2510647325315], [-72.8920920468439, 41.250854734351], [-72.8922786154126, 41.2507062246972], [-72.8924507909533, 41.2505541156867], [-72.892589375339, 41.2503767351451], [-72.8926964156335, 41.2501795095989], [-72.8926969634554, 41.2501193027843], [-72.8926823452079, 41.2500863840214], [-72.8927265355189, 41.2499216580494], [-72.8928499950117, 41.2498396846551], [-72.8937054648546, 41.2501764331199], [-72.893753734785, 41.2503354999067], [-72.8938879207489, 41.250338945459], [-72.8937867835955, 41.250111231286], [-72.894203650662, 41.2500962404229], [-72.8946780324523, 41.2500847930257], [-72.8947929887286, 41.2500629465924], [-72.8949222539544, 41.2500085376914], [-72.8950657603888, 41.24989624551], [-72.8951628899385, 41.2497630163012], [-72.8951992253363, 41.2496482159452], [-72.8953088732609, 41.2493870020334], [-72.8955780117553, 41.2492990091132], [-72.8959937675329, 41.2491681452469], [-72.8961805042428, 41.2491028121149], [-72.8962762867772, 41.2490773717093], [-72.896385507281, 41.2489809848786], [-72.896740462578, 41.2487946937699], [-72.8970276881932, 41.2486677455121], [-72.8972959600273, 41.2486348507378], [-72.8975883318565, 41.2486670239882], [-72.8981351552187, 41.2489086225563], [-72.898394063879, 41.248973384105], [-72.8986096998562, 41.2489731043437], [-72.8988443927988, 41.2489257887052], [-72.8990933469876, 41.2488278151124], [-72.8992807387507, 41.2487405339931], [-72.8995275264884, 41.2486256283112], [-72.899651194325, 41.2485378150387], [-72.8997826784457, 41.2483894360643], [-72.8999016871929, 41.2481830219862], [-72.8999445194765, 41.248052774149], [-72.899841032896, 41.2478737343464], [-72.8996086093979, 41.2476098812549], [-72.8995296385738, 41.2475502855692], [-72.8995651736775, 41.2474013548331], [-72.8995881406338, 41.2472756894119], [-72.8998049165315, 41.2470888497963], [-72.8999038049731, 41.2470185049892], [-72.9002101080951, 41.2468589759613], [-72.90057384864, 41.2466740560279], [-72.9007126246694, 41.2465943092945], [-72.900779560662, 41.2465291242065], [-72.9009280527857, 41.2465072302238], [-72.9010129554063, 41.2466335637515], [-72.9011155564499, 41.2467782207414], [-72.9012306986016, 41.2468395458228], [-72.901465809502, 41.2469766641351], [-72.9018016277648, 41.2471461948038], [-72.9028042187981, 41.2476222424409], [-72.9031109677753, 41.2476543795846], [-72.9032117169188, 41.2476373880879], [-72.9032738548652, 41.2476396979389], [-72.9033218598857, 41.2476757955619], [-72.9033555011291, 41.2477191491492], [-72.9035790269407, 41.2477650043914], [-72.9037974000702, 41.2477487594413], [-72.9039924389194, 41.2475627842113], [-72.9040399383164, 41.2473855122208], [-72.9041969585672, 41.2473321508105], [-72.9042744180761, 41.2472513820812], [-72.9044323374408, 41.2471643739162], [-72.9046673751152, 41.2472653238414], [-72.9047489834119, 41.2473266906957], [-72.9044573091431, 41.2475910907549], [-72.9045536348956, 41.2477971038192], [-72.9044852551177, 41.2478400657297], [-72.9044628983078, 41.2479274180512], [-72.9042473893241, 41.2479783419559], [-72.9041325805681, 41.2480616748488], [-72.9041042334961, 41.2482316892624], [-72.9040757562177, 41.2483474557012], [-72.9041911577227, 41.2485172765459], [-72.9041674747711, 41.2486330330332], [-72.9041582518296, 41.2487849438977], [-72.9041296556444, 41.2488500793299], [-72.9041202664155, 41.2489332702026], [-72.9041635450821, 41.2489983088441], [-72.9042404053782, 41.2490777658634], [-72.9042357345451, 41.2491284061408], [-72.9041734986773, 41.2491538024087], [-72.9040969754533, 41.2492153882202], [-72.9040828059093, 41.2493022024863], [-72.9040830366795, 41.2493998496632], [-72.9040545646069, 41.249519233041], [-72.9040165358175, 41.2496494787557], [-72.9040264132002, 41.2497724246702], [-72.9040220041994, 41.2499351721927], [-72.9040751514904, 41.2501195433342], [-72.9040660306645, 41.2503148470581], [-72.9041477838665, 41.2504377025151], [-72.9040762112735, 41.2505679898927], [-72.9040239521721, 41.2507597375094], [-72.903928822829, 41.2510600326879], [-72.9038242050651, 41.2514037405756], [-72.9036801773205, 41.2515521431047], [-72.9036665777784, 41.2516209468964], [-72.9039831665978, 41.2517507131648], [-72.903959324666, 41.251801378503], [-72.9035516463427, 41.2516536481741], [-72.9034897767145, 41.2518345568247], [-72.9035236027784, 41.2519538564904], [-72.9035286254024, 41.2520514915969], [-72.9034808412074, 41.2521094263818], [-72.9033994918988, 41.2521601658821], [-72.9032367077717, 41.2522218610404], [-72.9030403234242, 41.252261905439], [-72.9028296001934, 41.2523164350916], [-72.9027674445536, 41.2523779979971], [-72.9027583666193, 41.252595002589], [-72.9028117196711, 41.2528661691584], [-72.9027670384276, 41.2529357281589], [-72.9027374148829, 41.2530016360363], [-72.9024390231788, 41.2531166201199], [-72.9021412061779, 41.2532868273821], [-72.901979199774, 41.2534314533974], [-72.9017925996291, 41.2535582778097], [-72.9016347715808, 41.2536959160987], [-72.9013764576774, 41.2538951635075], [-72.90112960541, 41.2540115226389], [-72.9010053028125, 41.2544173611636], [-72.9009768150119, 41.2546808720816], [-72.9009665261268, 41.2548468492626], [-72.9009333433004, 41.2550023998983], [-72.9009192724744, 41.2551362298793], [-72.9006659748519, 41.255436731318], [-72.9005750862234, 41.2555091824106], [-72.900460154734, 41.255545498227], [-72.9003738501321, 41.2555275303333], [-72.9003210304351, 41.2554805834184], [-72.9003161364901, 41.2554371912225], [-72.900349608312, 41.2554046002313], [-72.9004083573101, 41.2553775223104], [-72.9005837426095, 41.2552405792948], [-72.9006996052317, 41.255114352381], [-72.9007608459012, 41.2550134766851], [-72.9006790348455, 41.2548653093373], [-72.9005011372463, 41.2546123862362], [-72.9004146725358, 41.254525704737], [-72.9002518166862, 41.2545620833109], [-72.8998257670319, 41.2547651648981], [-72.899404374191, 41.2549067617062], [-72.899198835047, 41.2551384851203], [-72.8990697378129, 41.2552688449561], [-72.8988977845669, 41.2555186109943], [-72.8988355763486, 41.255558473551], [-72.8987445442982, 41.25556943854], [-72.8986582547726, 41.2555587039601], [-72.8985430501908, 41.2554756725261], [-72.8984087912626, 41.255443296819], [-72.8982842307311, 41.2554615423412], [-72.8981406070341, 41.25552682517], [-72.8980304917458, 41.2555739810899], [-72.8978676155448, 41.2556031244754], [-72.8977383964506, 41.2556792369672], [-72.8976284189139, 41.2557878750446], [-72.8975231839557, 41.2558748086479], [-72.8974130120524, 41.2559002664917], [-72.8972644483434, 41.2559004577052], [-72.8970057055222, 41.255918870859], [-72.8968045339449, 41.2559697622638], [-72.89644523138, 41.2560244677598], [-72.8962655474738, 41.256069955168], [-72.8960122644442, 41.2563104228086], [-72.895959301607, 41.2563447973806], [-72.8959024616496, 41.2563391528201], [-72.895834225407, 41.256319226339], [-72.8957090790204, 41.2562622098907], [-72.8955954148642, 41.2562566374921], [-72.8954361785842, 41.2562025201481], [-72.8955049515187, 41.2564625911806], [-72.8954670845781, 41.2564712186975], [-72.8953898913446, 41.2562065205049], [-72.8952127781136, 41.2562542611355], [-72.8950462961241, 41.2563488202197], [-72.894832702844, 41.2565494891224], [-72.8945886574123, 41.2567342703592], [-72.8943549844653, 41.2570035904222], [-72.8941417670165, 41.2573113162085], [-72.8939184909717, 41.257680541859], [-72.8937563021649, 41.2580343182826], [-72.8935944427858, 41.2585418253988], [-72.8935444956106, 41.2589876987503], [-72.8935454942348, 41.2594411952858], [-72.8936380470413, 41.2598407708265], [-72.8938123309673, 41.2603478531055], [-72.8941059864653, 41.2611609435153], [-72.8943238970049, 41.2615292925347], [-72.894573456943, 41.2617955576709], [-72.8947930427863, 41.2617238072788], [-72.8948234433941, 41.2617637921522], [-72.8947326535223, 41.2618268053803], [-72.8947215385867, 41.261938315641], [-72.8947953122654, 41.262138522362], [-72.8949419045711, 41.2623089796279], [-72.8952691227884, 41.262759007676], [-72.8956251314245, 41.2631709210258], [-72.8959882780757, 41.2636210741278], [-72.8964467393354, 41.2640990632475], [-72.8970575496475, 41.2646861189777], [-72.8973843941283, 41.2649611791182], [-72.8977339298498, 41.265114418443], [-72.897878710015, 41.2652025715961], [-72.8981114627763, 41.2654827241132], [-72.8982639004499, 41.2656363922708], [-72.8984021918907, 41.2657677767963], [-72.8988471591916, 41.2660931097288], [-72.8988608222687, 41.2661032135461], [-72.8989912001561, 41.2662514207397], [-72.8990349122172, 41.2663777817302], [-72.8991585436194, 41.2667567036409], [-72.8993985742418, 41.2670363332479], [-72.8997984428151, 41.2673222692014], [-72.9003215639407, 41.2676183336123], [-72.900562275977, 41.2677943524466], [-72.9008312303631, 41.2679917760607], [-72.9016395073707, 41.2683217837112], [-72.9017876603291, 41.2684845458125], [-72.9021291595735, 41.2686870707866], [-72.9025502797954, 41.2689094992869], [-72.90272480171, 41.2690064692017], [-72.9028423879201, 41.2690577745485], [-72.9038492083874, 41.2685904273999], [-72.9038834350454, 41.2686447011105], [-72.903009106759, 41.2690546923181], [-72.9029145111337, 41.2691119951415], [-72.9032443492527, 41.2691887433251], [-72.9033013691534, 41.2692658561542], [-72.9034721643378, 41.2693857000779], [-72.9041512541582, 41.2697364280292], [-72.9047429449064, 41.2699757718458], [-72.9052549790717, 41.2701809199715], [-72.9056039147991, 41.270317671475], [-72.9057480575697, 41.270380371771], [-72.9057709305317, 41.2704375171043], [-72.9057824417267, 41.2704975374512], [-72.90572580437, 41.2705833830279], [-72.9056502321023, 41.2706721089585], [-72.9055937178766, 41.2708065485531], [-72.9054578288279, 41.2710268700617], [-72.9052662296042, 41.27117469948], [-72.9052307505397, 41.271292001482], [-72.9050782511075, 41.2716050797943], [-72.904771737703, 41.2717807995701], [-72.9047021932553, 41.2719627397631], [-72.904751835775, 41.2721256275325], [-72.9051571891079, 41.2720793393829], [-72.9051687408657, 41.2721565128689], [-72.9047028582696, 41.2722429061475], [-72.9045292517738, 41.2725404616856], [-72.9042905863078, 41.2725693734967], [-72.9041969309561, 41.2727246606123], [-72.9040872943847, 41.2731328476426], [-72.9039173091412, 41.2733617819791], [-72.9038379580759, 41.2734562308804], [-72.9037356903051, 41.2734763816301], [-72.9036333917927, 41.2734850983086], [-72.9032430015601, 41.2740199739467], [-72.9030608464938, 41.2743933007837], [-72.9030460915875, 41.2745962416859], [-72.903104425541, 41.2749417986439], [-72.9031113179603, 41.2753591304222], [-72.9033947517085, 41.2758973612424], [-72.9035914886732, 41.2762099711671], [-72.9037731951231, 41.2765238775453], [-72.9040349199141, 41.2766264445964], [-72.9040616141649, 41.276697881484], [-72.9040579490069, 41.2767493458173], [-72.904016361957, 41.2767922874035], [-72.903944415384, 41.2768152542891], [-72.9038420711548, 41.276806812451], [-72.9036032519929, 41.2767756891425], [-72.9034784066184, 41.2768644768457], [-72.9033309176159, 41.2769961831876], [-72.9032516593311, 41.2771335171619], [-72.9032140233572, 41.2772450607805], [-72.9031801959278, 41.2773623212172], [-72.903169135173, 41.2774938447678], [-72.9032035960967, 41.2776424570427], [-72.9032758733123, 41.2777595733942], [-72.903586364478, 41.2776476613245], [-72.9037119443283, 41.2778704870619], [-72.9035454635822, 41.2779822029528], [-72.9035382700281, 41.2781451708624], [-72.9036944955803, 41.2785051777558], [-72.9038011374673, 41.2787308806242], [-72.9039382232231, 41.2790080095891], [-72.9043229183774, 41.279822267594], [-72.9044603406651, 41.2802394751249], [-72.9046774044526, 41.2806794478808], [-72.9048411569404, 41.2810108565341], [-72.9050222299624, 41.2813153996038], [-72.9051744502351, 41.281546248469], [-72.905575218198, 41.2819690449342], [-72.905611453734, 41.2820017569517], [-72.905821993729, 41.2822762642608], [-72.9058873452249, 41.2824080816923], [-72.905887607847, 41.2825178644276], [-72.9059896384025, 41.2826559994731], [-72.906016365896, 41.2827417286897], [-72.9060583671507, 41.2828703206015], [-72.9060852196139, 41.2830046494467], [-72.9061309566812, 41.2831132256644], [-72.9078558604856, 41.2832995483127], [-72.9078334838577, 41.2834510956082], [-72.9061730798644, 41.2832932760332], [-72.9060442643835, 41.2833106047446], [-72.9057591448645, 41.2845345851037], [-72.905639400459, 41.2851779913411], [-72.9055941406084, 41.2852695354448], [-72.9055380261595, 41.2855783713402], [-72.9054359678442, 41.285809668804], [-72.9054204112779, 41.2858990429551], [-72.9057332029123, 41.2859430430514], [-72.9056746041156, 41.2861625159854], [-72.9053761733967, 41.2861351329596], [-72.9054069580116, 41.2862446599521], [-72.9051606269328, 41.2878488174173], [-72.9050791067603, 41.2886322534152], [-72.9051767820576, 41.2887242655389], [-72.9080986407473, 41.288079224074], [-72.9081698108975, 41.2877303457699], [-72.90835557522, 41.2877472450078], [-72.9083180993256, 41.2879216854336], [-72.9082309138403, 41.28791894636], [-72.9081783648329, 41.2881305733475], [-72.9052326479917, 41.2887768948765], [-72.9053299773409, 41.288868575011], [-72.9056331525951, 41.2889088119885], [-72.9057469751982, 41.2889572598649], [-72.9057020370544, 41.2891860263387], [-72.9076014824543, 41.2893835495197], [-72.9079085896512, 41.2894202923132], [-72.9080072868008, 41.289480194909], [-72.9080112032655, 41.2895345034847], [-72.9079317197156, 41.2895803561523], [-72.9068853472723, 41.2894845946179], [-72.9056038961077, 41.2893548341022], [-72.90551420407, 41.2898895661887], [-72.9078004118326, 41.2901408770866], [-72.9078915273325, 41.2902007846036], [-72.9078561030261, 41.2902745727048], [-72.907608118285, 41.2903296314712], [-72.907557347918, 41.2904008887754], [-72.9071021626092, 41.2913740042313], [-72.9070379394751, 41.2914627152995], [-72.9069444873991, 41.2920060273038], [-72.9065579157688, 41.2920322859978], [-72.9064676717667, 41.2923354496737], [-72.9055620654029, 41.2922717642849], [-72.9054236109816, 41.2928647651625], [-72.9053364824294, 41.2929527074886], [-72.90518433806, 41.2930318978247], [-72.9052573236673, 41.2934348983279], [-72.905333175045, 41.2934519485963], [-72.9053599544502, 41.2935548281036], [-72.9053336657749, 41.2936577823925], [-72.9043594306322, 41.2936362300193], [-72.9042882133244, 41.2939765292233], [-72.9042395427387, 41.2942338920438], [-72.9067230448721, 41.2944963969085], [-72.9066930920182, 41.2946508137214], [-72.904103513281, 41.2944170429837], [-72.9040135248743, 41.2948345562043], [-72.9049644819423, 41.2949946065338], [-72.9050876310632, 41.2950385247589], [-72.9051601673559, 41.2951265963158], [-72.9051388755412, 41.2952580128378], [-72.9049276218586, 41.2954668838335], [-72.9054734140273, 41.2955325281197], [-72.9055388306418, 41.2954943566696], [-72.9055895972383, 41.295516070914], [-72.9054150801204, 41.2956756622163], [-72.9053425877811, 41.2956095517102], [-72.9048550218668, 41.295543311694], [-72.9044467904677, 41.2959383884109], [-72.9042210056325, 41.2961582528774], [-72.9036314540644, 41.2961525243382], [-72.9035370003509, 41.2966078952778], [-72.9043298581531, 41.2966961961021], [-72.9043224691171, 41.2967456102734], [-72.9035296513847, 41.2966737732004], [-72.9034200915233, 41.2970910872496], [-72.9033729478039, 41.2971613021583], [-72.9042350017523, 41.297749872919], [-72.9050156986266, 41.2982613548516], [-72.9051737939125, 41.2983649158479], [-72.9053981780084, 41.2985081850807], [-72.905987954622, 41.2988849223569], [-72.9060318675567, 41.2987002977848], [-72.9062650052285, 41.298414551717], [-72.9065124420092, 41.2982119740092], [-72.9071384786162, 41.2978714878354], [-72.9073208299859, 41.2977509923102], [-72.9075244695433, 41.2976848443864], [-72.9076195170452, 41.2976740813065], [-72.9077066962929, 41.2977015767252], [-72.9080852289427, 41.2976302083159], [-72.9084566277675, 41.2976195792372], [-72.90848546051, 41.2975129237059], [-72.9083452923086, 41.2975531400432], [-72.90831104676, 41.2974988713336], [-72.9087239015652, 41.2973582177696], [-72.9087430984337, 41.2974582530289], [-72.9085725920042, 41.2974927953884], [-72.9086032863772, 41.2976442684324], [-72.9087965729056, 41.2976239879993], [-72.9090416885773, 41.2986499792696], [-72.9100648132043, 41.2985911257045], [-72.9101118996221, 41.2975849913236], [-72.910290043369, 41.2975733081928], [-72.9103052904434, 41.2970435782377], [-72.9106621042148, 41.2970218059424], [-72.9106763060847, 41.2968790718487], [-72.9107202526531, 41.2967865208729], [-72.9111978909334, 41.2967858497234], [-72.9117100512653, 41.2967858466059], [-72.9118802589331, 41.2967963235499], [-72.9120963619632, 41.2968074540578], [-72.9124489326729, 41.296818388601], [-72.9129986992919, 41.2968604875811], [-72.9132527294092, 41.2968772789327], [-72.9144605969795, 41.2963237936872], [-72.9150948025607, 41.2969180759856], [-72.9168417694094, 41.2950300704619], [-72.9169152546045, 41.2948601445462], [-72.9169150529266, 41.2945145104803], [-72.9156243176816, 41.2933260317513], [-72.9155410696205, 41.2933833284235], [-72.9155866654135, 41.2934261481045], [-72.9157462111353, 41.2935602826788], [-72.9157235513911, 41.2935917649408], [-72.9162250656259, 41.2940455942532], [-72.9161910040262, 41.2940656591507], [-72.9155641026831, 41.2934976534157], [-72.9151081861798, 41.293083775892], [-72.9151422403644, 41.2930608566886], [-72.9154157505198, 41.2932920269158], [-72.9154744114655, 41.2932460649597], [-72.9153926260623, 41.2931434014237], [-72.9150735523179, 41.2928808452261], [-72.9150280296621, 41.2928666172651], [-72.9149824563586, 41.2928323795042], [-72.9149557780658, 41.2927723792286], [-72.9149556260774, 41.2927123456669], [-72.9150424414767, 41.2925692759092], [-72.9151063605755, 41.2923633457514], [-72.9151670105604, 41.2923632583123], [-72.9152125618998, 41.2923889250977], [-72.9152357001103, 41.2924785903967], [-72.9152434215617, 41.2926004328142], [-72.9152929493904, 41.2927004232768], [-72.9152703185281, 41.2927461982644], [-72.9152213566915, 41.2927948335479], [-72.9152439046392, 41.2928687812777], [-72.9167182777867, 41.294213551809], [-72.9168433836557, 41.2942190866542], [-72.916998724683, 41.2941902731759], [-72.9171805825029, 41.2941528421261], [-72.9174229887696, 41.2940781558288], [-72.9177084009406, 41.293647287568], [-72.9179341814383, 41.2933563852998], [-72.9180659227999, 41.2932028426742], [-72.9186258521238, 41.2925826149283], [-72.9189100456254, 41.2921924796348], [-72.9189320731073, 41.2921816419674], [-72.9191062855488, 41.2920064222982], [-72.91938340862, 41.2917867931655], [-72.9196341950567, 41.291653450617], [-72.9197626398114, 41.2914874454732], [-72.9197324503955, 41.2913258881115], [-72.9198343909662, 41.2911717018336], [-72.9203005243116, 41.2907878082508], [-72.9204172049338, 41.290705469216], [-72.9207368498531, 41.2904861191686], [-72.9208250174541, 41.2903705452778], [-72.9210866267369, 41.2900521357047], [-72.9212555221684, 41.2898299431435], [-72.9215464842054, 41.2894893042139], [-72.9217567365538, 41.2892344717918], [-72.921973513643, 41.2890026587915], [-72.9222416527738, 41.2886334623823], [-72.9224043174858, 41.2884170057002], [-72.9224833222939, 41.2882900327662], [-72.9225663723134, 41.2881641188129], [-72.9227135379677, 41.287915176019], [-72.9228992898133, 41.2875167499655], [-72.922992597051, 41.2873801499154], [-72.9231322407438, 41.2871569476055], [-72.923211390393, 41.2869881534416], [-72.9232677150599, 41.286790806616], [-72.9234747414814, 41.2862530251434], [-72.9229126743159, 41.2858279086077], [-72.9229162795798, 41.2857592906606], [-72.9229957288843, 41.285704851046], [-72.9231245094001, 41.285673206951], [-72.923476482305, 41.2854811325345], [-72.9239300875992, 41.2850287455624], [-72.9242854508351, 41.2846879988297], [-72.9250300397035, 41.2839235469792], [-72.9253208391048, 41.2835371560574], [-72.9254905921082, 41.2832424353951], [-72.9255849351097, 41.2830907665491], [-72.9255354797812, 41.2830222291296], [-72.9253169165364, 41.2829446694124], [-72.9252144686613, 41.2829005740062], [-72.9252533890272, 41.2828291540829], [-72.9261456676215, 41.2830212922791], [-72.9264561640815, 41.2829178983284], [-72.9266717895477, 41.2827689040192], [-72.9267284061867, 41.2826830510042], [-72.9267432179757, 41.2825543789475], [-72.9268425479736, 41.2825058126634], [-72.9268754846087, 41.2824140950466], [-72.9268595965253, 41.2823351824285], [-72.9268826212197, 41.2822511264464], [-72.9269285174856, 41.2821968405769], [-72.926956162095, 41.2821166445195], [-72.9270462882845, 41.2821415625476], [-72.9270946692671, 41.2821821855122], [-72.9271630848192, 41.2822535496854], [-72.9272427014208, 41.2822648626229], [-72.9273677656317, 41.2822618094464], [-72.9275268945826, 41.2822444125698], [-72.9276463608555, 41.282288825894], [-72.9277219433265, 41.2822419720672], [-72.9277732791731, 41.2822583211526], [-72.9279133041838, 41.2821837769803], [-72.9278671773787, 41.2821321362908], [-72.9282411165305, 41.2818434505614], [-72.9285724869016, 41.2816253985445], [-72.9285588815698, 41.2815545982596], [-72.9288399848162, 41.2813492733269], [-72.9291412689088, 41.2811666822941], [-72.9292152192156, 41.2812323308249], [-72.9295334865896, 41.2811281280229], [-72.9294526777225, 41.2810068407613], [-72.9295330684924, 41.2809763633961], [-72.9292283590736, 41.2805572436228], [-72.9291266623558, 41.2803702568999], [-72.9293809737156, 41.2802386360101], [-72.9298277294442, 41.2808241322991], [-72.9306102179266, 41.280600326806], [-72.9308365591177, 41.280507882701], [-72.9309235376845, 41.2804694953885], [-72.9312818574123, 41.2804120678005], [-72.9315714808715, 41.2803432514732], [-72.9317603800626, 41.2803213393237], [-72.9321830687879, 41.2803103753936], [-72.9325390203475, 41.2802610935156], [-72.9327939225419, 41.2801783492068], [-72.9328814515931, 41.2801730664758], [-72.9329395105007, 41.2802005913285], [-72.9330123071733, 41.2804902593726], [-72.9329324290296, 41.2807549938655], [-72.9328795168053, 41.2809685321543], [-72.9328668241449, 41.2811997087676], [-72.9328978587998, 41.2815300429439], [-72.9331063905747, 41.2817548314829], [-72.9337237452111, 41.2818828426151], [-72.9344674944903, 41.2819405582114], [-72.9351150784319, 41.2818474018085], [-72.9355592057584, 41.2817760147447], [-72.9360827472948, 41.2816441124819], [-72.9365633332466, 41.2816004477753], [-72.9367958258469, 41.2816333457887], [-72.9371601140501, 41.2817924458304], [-72.9375817391578, 41.281962601693], [-72.937720107225, 41.2820011413269], [-72.9378074737865, 41.2820172975796], [-72.9378370069831, 41.282006611165], [-72.9379164849196, 41.2817322026998], [-72.9379891531455, 41.2816991493315], [-72.9382001946075, 41.2817046349629], [-72.9382331862034, 41.2817117823364], [-72.9382515560669, 41.2816165534139], [-72.9383012404539, 41.2814967426248], [-72.9383525013568, 41.2813733284234], [-72.9384223316675, 41.2814603514245], [-72.9386022686165, 41.2815615998113], [-72.9387710605183, 41.2816630412319], [-72.9389052476145, 41.2818285198399], [-72.9391259287165, 41.2823343446647], [-72.9393213341011, 41.2829067675895], [-72.9397229702738, 41.2837061274247], [-72.9399619244164, 41.28431398054], [-72.9401977021107, 41.2849240719496], [-72.9404074479214, 41.2854952648427], [-72.9406305373179, 41.2861168708366], [-72.9406228679853, 41.2865287323217], [-72.9404352314437, 41.2868323100512], [-72.9400414224692, 41.2870892353221], [-72.9398715478288, 41.2872473238892], [-72.939773061054, 41.2873984373282], [-72.9398385992904, 41.2875690042641], [-72.9400160885712, 41.2877599665772], [-72.9401881206935, 41.2880305282237], [-72.9403339778438, 41.2883695784042], [-72.9406532098721, 41.2886589363417], [-72.941220466977, 41.2889173434508], [-72.9415186317138, 41.2889993508966], [-72.9419337968496, 41.2890432545213], [-72.9423538456473, 41.2890423819651], [-72.9427650059674, 41.289192981708], [-72.9431598556341, 41.2894376047156], [-72.9433826547918, 41.2897188839285], [-72.9435858062338, 41.2899706918853], [-72.9437664235459, 41.2901369455045], [-72.944015078113, 41.2903933086145], [-72.9450506204325, 41.2911773379371], [-72.9460201254889, 41.2918523714373], [-72.9461979121349, 41.2920582509405], [-72.9463063349372, 41.292264419087], [-72.9463450489707, 41.2925816862407], [-72.9463124118814, 41.2927716265741], [-72.9463499898849, 41.2929377775805], [-72.9464788702287, 41.2930655164766], [-72.9466287332918, 41.2931331860896], [-72.9468121505201, 41.2931692331343], [-72.9470517086501, 41.2931166782928], [-72.9473321783134, 41.2929817148139], [-72.9475741098845, 41.2927365232484], [-72.9477724562264, 41.2924449178988], [-72.9479235538297, 41.2922489402808], [-72.948273155821, 41.2923366756113], [-72.9490284746097, 41.2926384583758], [-72.9497645987305, 41.2928371829678], [-72.9501368702603, 41.293046144987], [-72.9504534832836, 41.2934239929357], [-72.9506821602331, 41.293752763346], [-72.9512940433825, 41.2939993786416], [-72.9516865496299, 41.2941295681086], [-72.9518336396793, 41.2943286292649], [-72.9518750905139, 41.2945681870595], [-72.9516678387165, 41.2948447178139], [-72.9514544585851, 41.2950521307674], [-72.9512453830424, 41.2951811473785], [-72.9511410534072, 41.2952763613281], [-72.9508896659801, 41.2956244935709], [-72.9507692308555, 41.2958825179289], [-72.9505500141898, 41.2959696968226], [-72.9503114168055, 41.2959651385181], [-72.9497802368944, 41.2958605759035], [-72.9496856686028, 41.2958768646103], [-72.9496191983492, 41.2960064853199], [-72.9497433557988, 41.2961448667249], [-72.9501350350494, 41.2965203502956], [-72.9504969524588, 41.2969818265579], [-72.9508400750583, 41.2973186263765], [-72.9510705148033, 41.2975503063405], [-72.9512161492765, 41.2977202124524], [-72.9513462687412, 41.2978719583129], [-72.9515858102188, 41.2981037905615], [-72.9518629081077, 41.2982703744319], [-72.9522044983064, 41.2983304915415], [-72.952641279828, 41.2982808347088], [-72.9529326213835, 41.2981988427347], [-72.9532160512005, 41.2980614582316], [-72.9534641241677, 41.2979628986123], [-72.953623581105, 41.2979679374396], [-72.95371863287, 41.2980338066187], [-72.9537548302471, 41.298187607412], [-72.9536606586915, 41.298550046826], [-72.9535437881387, 41.2987090954625], [-72.9531294330477, 41.2990220156698], [-72.9529338850137, 41.2991160158303], [-72.9528820478328, 41.2992692919787], [-72.9529236534729, 41.2994076404318], [-72.9531764997655, 41.2996722098079], [-72.9532636211718, 41.2997490714425], [-72.9535549882017, 41.299963825205], [-72.9542028532784, 41.3002741733334], [-72.9549512034193, 41.3005673613144], [-72.9552602368906, 41.3007554894877], [-72.9557208231397, 41.3011095636148], [-72.9559662956616, 41.3013370895049], [-72.9560750139114, 41.3015492472058], [-72.9561218320292, 41.3021831466262], [-72.9562576142978, 41.302540028294], [-72.9563881098638, 41.3027334539756], [-72.9565516764371, 41.3029518631202], [-72.9566529140895, 41.3031000541897], [-72.9566899530344, 41.3033034232345], [-72.956388807832, 41.3039578442896], [-72.9564285982312, 41.3043113006004], [-72.9563810765988, 41.3046055612416], [-72.9562898186573, 41.3046647356832], [-72.9561542837513, 41.3046774998492], [-72.9559765152134, 41.3047133279337], [-72.9558272751769, 41.3046355478886], [-72.9557537733836, 41.3046288162804], [-72.9556703139164, 41.3047070143865], [-72.9556669793884, 41.3048752935181], [-72.9557084610021, 41.3051174190291], [-72.9557708271874, 41.3054188592605], [-72.9558518883107, 41.3055875038884], [-72.9560181592383, 41.3057259720645], [-72.9563264337853, 41.3058116964488], [-72.9567269202952, 41.3059217839926], [-72.9569303945873, 41.3060257081764], [-72.957181014982, 41.3062211438028], [-72.9573563186691, 41.306553255023], [-72.9574522119606, 41.3068054057506], [-72.9574192752303, 41.307105474673], [-72.9574074500252, 41.3073940123464], [-72.957388297278, 41.3076647237374], [-72.9571726388576, 41.3078790119632], [-72.9570096126982, 41.3082630241939], [-72.9569671522997, 41.3085027314232], [-72.9568550481271, 41.3091634975514], [-72.9567637410094, 41.3094233610118], [-72.9566619252199, 41.3095995385566], [-72.956385820774, 41.3099070748558], [-72.9562473250758, 41.3101376924332], [-72.9561518468959, 41.3105196931549], [-72.9562545431288, 41.3105491816373], [-72.970895822555, 41.3117919097613], [-72.9730071661749, 41.3120327643201], [-72.9748561607568, 41.3121914252347], [-72.9796548228133, 41.312700789227], [-72.9807245300753, 41.3128266028862], [-72.984401438342, 41.3132040573487], [-72.9891636022617, 41.313706750179], [-72.9937297221956, 41.3142120807326], [-72.9976977962358, 41.3146981373238], [-72.9977192707262, 41.3148555048043], [-72.9977536674691, 41.3212671069086], [-72.9977914649976, 41.323007210173], [-72.9977697640785, 41.3231058891442], [-72.9946626929584, 41.3251004391991], [-72.9889419140993, 41.3288134673423], [-72.9887393425129, 41.3302297111355], [-72.9870939459792, 41.3308894020149], [-72.9870209134189, 41.3309550781698], [-72.9852744226151, 41.3329319737552], [-72.9851578071971, 41.3330306686127], [-72.9839651376323, 41.3352597534507], [-72.9825759036477, 41.3379175405066], [-72.9806240644327, 41.3385547770009], [-72.9791241819455, 41.3390603704892], [-72.9783904962686, 41.3392791628143], [-72.9780613402846, 41.3393954301605], [-72.9771067611595, 41.3397086552253], [-72.9698683509128, 41.3426365637734], [-72.9702771486681, 41.3444588056013], [-72.97034335996, 41.3445190603739], [-72.9716618600624, 41.3451666204755], [-72.9719097863349, 41.3453145131478], [-72.9720769270249, 41.3454683947054], [-72.9723326536295, 41.345967739988], [-72.9730599647854, 41.3471594454065], [-72.9732439274774, 41.3474608638317], [-72.9688802347716, 41.3478298329601], [-72.9683923150705, 41.3478628380686], [-72.9679558234043, 41.3478899139538], [-72.967234121782, 41.346215944535], [-72.9669933080668, 41.3458098728408], [-72.9667085233107, 41.3455244650771], [-72.9657248549677, 41.3447290484052], [-72.9654333441129, 41.3445421118014], [-72.964603551219, 41.3440867126287], [-72.964304127652, 41.3439828067218], [-72.9640938436596, 41.3464143095199], [-72.9633149119458, 41.3464805971917], [-72.9629137557239, 41.3462442876472], [-72.9627611219476, 41.3462061505817], [-72.9626516787806, 41.3462171587684], [-72.9620261990209, 41.3467824829066], [-72.9620328654876, 41.3468045972411], [-72.9621130027899, 41.3469473354114], [-72.9620765490974, 41.3470074356434], [-72.9620043079681, 41.3470511382586], [-72.9619455497654, 41.3471121417691], [-72.9613203067009, 41.3492965381462], [-72.9599942691658, 41.3491981150463], [-72.9584281837288, 41.3490611736423], [-72.9578890895301, 41.3503952887435], [-72.9562941254484, 41.3504170384227], [-72.9549027170069, 41.3503130111649], [-72.9547422900554, 41.3502582379365], [-72.9543414723022, 41.3500553475011], [-72.9539337027451, 41.3498138747895], [-72.9527393426473, 41.3492375890473], [-72.9526732776998, 41.3492212392636], [-72.9536850693605, 41.3473928143676], [-72.9532265324718, 41.3472888242111], [-72.9528984814811, 41.3472724229663], [-72.9524108095965, 41.3473875267887], [-72.9522870298615, 41.3474753961292], [-72.9521700638399, 41.3474862403604], [-72.9520540825626, 41.3474481888205], [-72.951142781055, 41.3469652187257], [-72.9509174127609, 41.3454829050778], [-72.9508660528461, 41.3438141713251], [-72.9530143203747, 41.343835940993], [-72.9541795894241, 41.3428587208059], [-72.9549958381289, 41.3422219167737], [-72.9551626357954, 41.3422821675995], [-72.955264712734, 41.3422440780238], [-72.9556366440515, 41.3418211020701], [-72.9557962284767, 41.3413274905753], [-72.9559783941019, 41.3409923376986], [-72.9560806059412, 41.3408550997136], [-72.9563136718026, 41.3406409504179], [-72.9568086571477, 41.3403390259474], [-72.9572676041474, 41.3403004602206], [-72.9574495607537, 41.3402617057143], [-72.9542366232563, 41.3373145698162], [-72.9431227997834, 41.3360969226948], [-72.940370465507, 41.3358884881224], [-72.9353307516802, 41.335454884194], [-72.9315144692146, 41.3350649276657], [-72.9270939683399, 41.3346582805897], [-72.9239475140813, 41.3343392518473], [-72.9209764195215, 41.3340586351275], [-72.9201537423646, 41.3339763249108], [-72.9145388385512, 41.3334810791739], [-72.9133881437363, 41.333360081872], [-72.9131986597652, 41.3333054619776], [-72.9118376327411, 41.3324267527057], [-72.9026285723255, 41.3266383836608], [-72.8983317251851, 41.327542850375], [-72.8981282049551, 41.3276033227987], [-72.8977058219617, 41.3276850002927], [-72.8933577162023, 41.3286221017935], [-72.892869641048, 41.3281223602531], [-72.8925280579573, 41.3283198726833], [-72.8922726082814, 41.3281553504826], [-72.8917485291095, 41.3285668149428], [-72.8926794778917, 41.3295053052056], [-72.8928179585506, 41.32976912042], [-72.8928396983326, 41.3299282735478], [-72.8928325152316, 41.3301809458437], [-72.8926428726367, 41.3304549455581], [-72.8924315822311, 41.3306143885513], [-72.8920596475345, 41.3307786611601], [-72.8914622199804, 41.3309596770106], [-72.8902462788088, 41.3311455689855], [-72.889438174228, 41.3312439838828], [-72.8892771747858, 41.3312990723032], [-72.8891610823709, 41.3314966439115], [-72.8890803900309, 41.3317547244525], [-72.8890293755082, 41.3322705807748], [-72.8890432979308, 41.3327149983387]]]}, "properties": {"FID": 1, "ID": 0, "TOWN_CODE": 11, "TOWN_NAME": "New Haven", "CIS_TOWN_C": 110, "SHAPE_AREA": 536329393.812, "SHAPE_LEN": 178390.581422, "GlobalID": "db60945b-b583-4db1-9788-500e3838e9dc"}}, {"type": "Feature", "id": 2, "geometry": {"type": "Polygon", "coordinates": [[[-73.248192394582, 41.2316032045589], [-73.2478574080148, 41.2312123792732], [-73.2472019499119, 41.2304767657431], [-73.2465756116072, 41.2297741381641], [-73.2461751604252, 41.2291652038903], [-73.2457314949067, 41.2285780774473], [-73.2456728526812, 41.2284848459293], [-73.2454032623052, 41.2280511704994], [-73.2451997683987, 41.2277935462032], [-73.2442578219512, 41.2267822123048], [-73.2442390030181, 41.2267540164128], [-73.2442091367173, 41.2267197063488], [-73.2433506289341, 41.2257334412237], [-73.2431977845058, 41.2255910426645], [-73.2424048675729, 41.2246906338754], [-73.2423174586938, 41.2246086754949], [-73.2408033272244, 41.2227260605364], [-73.2399956988425, 41.2217330727159], [-73.2389476914667, 41.2205529325834], [-73.23767381437, 41.2191480089182], [-73.2369681839759, 41.2183856213112], [-73.2360953586024, 41.2174084940626], [-73.2356145410658, 41.2168432672341], [-73.234610794301, 41.2155757630186], [-73.2331849842857, 41.2138739852307], [-73.2325882194992, 41.2131663507814], [-73.2319258269323, 41.2124586432639], [-73.2315694632577, 41.2120961461718], [-73.2312714394063, 41.2117888039754], [-73.2302891295644, 41.2107570346243], [-73.2298525877063, 41.2102689641548], [-73.229350324816, 41.2096756665363], [-73.229292254573, 41.2095937460892], [-73.2288996440726, 41.209115950517], [-73.2287102125157, 41.2088692164404], [-73.2274156984247, 41.2072831212028], [-73.2271977074241, 41.2070744144251], [-73.2271684606537, 41.2070198179726], [-73.2266881618417, 41.2065036105858], [-73.2261571090541, 41.2059111082222], [-73.2256550956962, 41.205312823179], [-73.224397011125, 41.2038747514016], [-73.2241423348112, 41.2035841972595], [-73.2236621327443, 41.2030132563043], [-73.2231459012457, 41.202420335106], [-73.2228841831245, 41.2020967053159], [-73.2220259136079, 41.2010317551619], [-73.2218874654592, 41.2008561606026], [-73.2211025009569, 41.1998735813152], [-73.2205934418155, 41.1993247049885], [-73.2202367918733, 41.1990287299593], [-73.2202008173371, 41.1989847940644], [-73.2199534399788, 41.1987873433278], [-73.2194880292504, 41.1983370899111], [-73.2193572396877, 41.1981503069704], [-73.2192698685914, 41.1979695245299], [-73.2191825294005, 41.1976674646662], [-73.2194351449248, 41.195246236084], [-73.219543674994, 41.1940441874989], [-73.2196884573686, 41.1925781687472], [-73.2197465686406, 41.1920070606176], [-73.2197895806062, 41.1915461371112], [-73.2198185361935, 41.1914362355859], [-73.2198259240374, 41.1913591901974], [-73.2198911266699, 41.1905743192364], [-73.2199783313984, 41.1897233160816], [-73.2200863451913, 41.1887353422239], [-73.2201298685264, 41.1874011339573], [-73.2201005157013, 41.1873298934201], [-73.2199843129757, 41.1870222930887], [-73.2197872018158, 41.186704049511], [-73.2194604076582, 41.1860346877759], [-73.2194461731775, 41.1860124467951], [-73.2193438122203, 41.185798107409], [-73.219190885151, 41.1855294212906], [-73.2190971103871, 41.1853095548708], [-73.2190095033187, 41.1851562184195], [-73.2186967352218, 41.1845411725929], [-73.2184491367354, 41.1840200325135], [-73.2183618721148, 41.1838829918814], [-73.2183107891126, 41.1837891996918], [-73.2180128521101, 41.1832132034012], [-73.2179398218996, 41.183097887892], [-73.2177914405087, 41.1827965921912], [-73.2179981033521, 41.1827080906775], [-73.2184409303805, 41.182180694003], [-73.2186302795232, 41.181988827644], [-73.2188988466081, 41.18188995185], [-73.2191598776636, 41.1818787589296], [-73.2194509329258, 41.1818129000419], [-73.2195235391019, 41.1817746913276], [-73.2195527780677, 41.1817356312909], [-73.2196324362019, 41.1816040786292], [-73.2196469660424, 41.1814775985023], [-73.2194649139907, 41.1811043990378], [-73.2193048090538, 41.1808468936015], [-73.2191812703419, 41.1806214898152], [-73.2191234318348, 41.1803143355471], [-73.2191882953523, 41.179957275391], [-73.2191960096446, 41.1796719815916], [-73.219268303166, 41.1793696100972], [-73.2192458638516, 41.1790901016245], [-73.2192749809214, 41.1790347451259], [-73.2209094049156, 41.1780849252344], [-73.2213310557678, 41.1778708302573], [-73.2216066176883, 41.1777057059549], [-73.2221012120827, 41.1772497796777], [-73.2222029147396, 41.1771236257375], [-73.2229071887235, 41.1766237761879], [-73.2230381356941, 41.1764918354188], [-73.2230811860342, 41.1763546021128], [-73.2230738076017, 41.1762451955749], [-73.223015597959, 41.1761075218169], [-73.2229359844757, 41.1757730112407], [-73.2229137930042, 41.1754986489516], [-73.222892055339, 41.1754436746222], [-73.223065930271, 41.1751580360891], [-73.2232038419547, 41.1750156072474], [-73.223327661961, 41.1746526382116], [-73.2233420686521, 41.1745103717968], [-73.2234142028185, 41.1743454018862], [-73.2236906864374, 41.1741533390013], [-73.2238644181082, 41.1740050965265], [-73.2240177345228, 41.1740159551406], [-73.2246787157068, 41.1741257406955], [-73.2248747833492, 41.174114634888], [-73.225244948974, 41.1740376214739], [-73.2254921263616, 41.1739057111794], [-73.2257243738663, 41.1737189731701], [-73.2258116847533, 41.1735818947177], [-73.225797344661, 41.1733896669392], [-73.2257608491954, 41.1733345816972], [-73.2256731361489, 41.1731366518093], [-73.2257022404974, 41.1728624166593], [-73.2257531489188, 41.1727139977707], [-73.2257534562894, 41.1725383440313], [-73.2257750348331, 41.1724778740762], [-73.2260147665641, 41.1722912750321], [-73.2265157798149, 41.1719781929649], [-73.2266678142814, 41.1718139144799], [-73.2268132061124, 41.1716105534052], [-73.2271326163228, 41.1714236190312], [-73.2272198698979, 41.1713416067535], [-73.2272493354838, 41.1712423335766], [-73.2272340849614, 41.1711435955038], [-73.2271905053253, 41.1710506323577], [-73.2270669235189, 41.1708528524706], [-73.2270016335568, 41.1706165785278], [-73.2270527390363, 41.1704957742835], [-73.227473542008, 41.1703310568013], [-73.2275750059616, 41.1702982139792], [-73.2276552957205, 41.1702268630349], [-73.227684442964, 41.1700838535883], [-73.2276694995496, 41.1699962625954], [-73.2275606850495, 41.1698920801675], [-73.2273935359972, 41.1698203902788], [-73.2271757046671, 41.169771378303], [-73.2271176156371, 41.1697440074042], [-73.2270957526242, 41.1696727373298], [-73.2271753053399, 41.1696233463574], [-73.2272552187161, 41.169562634776], [-73.2276326748708, 41.1694305188101], [-73.2277930344032, 41.1692878204953], [-73.2278071607345, 41.1692333829638], [-73.2277380495336, 41.1690948949788], [-73.2276392242907, 41.1689917030267], [-73.2274141093417, 41.168970516488], [-73.227172007522, 41.1690169823459], [-73.226753677306, 41.1691466928543], [-73.2263377375335, 41.1693873740377], [-73.2259616344651, 41.1694865452445], [-73.2258198574598, 41.1695631274469], [-73.2257871350945, 41.1698696233287], [-73.2257497720987, 41.1701015276464], [-73.225613269712, 41.170340529653], [-73.22542359068, 41.1706042813932], [-73.225289291523, 41.1707106758895], [-73.2251338612083, 41.1708142428961], [-73.2249378942514, 41.1708371835343], [-73.224696247831, 41.1707911864866], [-73.2245168198379, 41.1706234853586], [-73.2245064647191, 41.1704790956235], [-73.2245802752902, 41.1703583711291], [-73.2247563051147, 41.1701531704393], [-73.2252133976124, 41.1698268937139], [-73.2252792037595, 41.1697609261994], [-73.2252935038494, 41.1696677217628], [-73.2252063910268, 41.1696128460099], [-73.2250098309201, 41.1695857065135], [-73.2247844953707, 41.1695655422236], [-73.2245660424882, 41.1696184259809], [-73.2244141088747, 41.1697341551462], [-73.2241566035568, 41.1699108756268], [-73.2239133815669, 41.1699919926254], [-73.2237455752887, 41.1700789712344], [-73.2236862784007, 41.1702598424104], [-73.223917612956, 41.1705434634114], [-73.2240312562958, 41.1707186420431], [-73.224097120606, 41.1708478768602], [-73.2241278213095, 41.1709806910894], [-73.2240880869403, 41.1710734850943], [-73.2238773082449, 41.1711832822189], [-73.2237730218172, 41.1711710209695], [-73.2236614343961, 41.1711541596672], [-73.2235377934183, 41.1710086960965], [-73.2234561224377, 41.1708597957171], [-73.2233453541892, 41.1706737963733], [-73.2232708329457, 41.1704147427155], [-73.2232779514122, 41.1700809075353], [-73.2232826253452, 41.1698803619342], [-73.2231277293874, 41.1696502862012], [-73.2228539398635, 41.1693970296163], [-73.2224668564515, 41.1692351575391], [-73.222275854866, 41.169065786369], [-73.2223142443106, 41.1688812257507], [-73.2224278922841, 41.1687442138998], [-73.2227043118321, 41.1685145828501], [-73.2229173000306, 41.1683346224016], [-73.2233091880509, 41.1680326401954], [-73.2235852807513, 41.1677908342105], [-73.2236280849623, 41.167713808963], [-73.2236283980054, 41.1675381523626], [-73.2236061642055, 41.167477691415], [-73.2234976665706, 41.1673848278013], [-73.2231194866675, 41.1672911922927], [-73.2229456164288, 41.1671984257751], [-73.222901620386, 41.167110435803], [-73.2229378047884, 41.1669348065035], [-73.2230979184754, 41.1668523203259], [-73.2234173158386, 41.1668847925698], [-73.2239626369948, 41.1670823713315], [-73.2241948673094, 41.1671152019685], [-73.2242889931993, 41.1671041740847], [-73.2245286926672, 41.166977961171], [-73.2246886903908, 41.1667855203867], [-73.2246738903521, 41.1665606967187], [-73.2246522478974, 41.1664563231944], [-73.2244595470597, 41.1662092519237], [-73.2244395274303, 41.1660156731678], [-73.2245212746355, 41.1659571845457], [-73.2246547950227, 41.1659008768667], [-73.2248519294405, 41.1658535765205], [-73.2251675307804, 41.1657700987426], [-73.2253273618923, 41.1656491862448], [-73.2253783184581, 41.1654462222037], [-73.2253778812959, 41.1651681632421], [-73.2254646125319, 41.1649521807095], [-73.2255806559644, 41.1648036644852], [-73.2257074210328, 41.1647242305419], [-73.2261330190573, 41.1647541918364], [-73.2263818664033, 41.1646073503969], [-73.2267607066893, 41.1644206856474], [-73.2272121014834, 41.1642222200393], [-73.2274623412253, 41.1640180795697], [-73.2274740510354, 41.1638185336095], [-73.2274109887292, 41.1633590782904], [-73.2274401113602, 41.163244203562], [-73.2274668404708, 41.1630195531426], [-73.2275193633566, 41.1628760996608], [-73.228042102103, 41.1621622125105], [-73.2284264468767, 41.1618000365426], [-73.2288625310549, 41.161466631586], [-73.2291535117743, 41.1612796402453], [-73.2293568045549, 41.1611460193451], [-73.2297683758589, 41.1608756682557], [-73.2301660241643, 41.160595425171], [-73.2304609718542, 41.1604555849691], [-73.2308421100414, 41.1602771307372], [-73.2310703845881, 41.1600531710285], [-73.2313388594073, 41.1597398459038], [-73.2315202314504, 41.1595584564652], [-73.2318028884292, 41.1593224349602], [-73.2322893936431, 41.1588447107394], [-73.2324420774528, 41.1587130156267], [-73.2326742756477, 41.1584986478075], [-73.2331462643234, 41.158147401911], [-73.2337854714126, 41.1577573770331], [-73.2351211428831, 41.1568068948003], [-73.2355422819892, 41.1565486596952], [-73.2359704694329, 41.1563233335741], [-73.2362899855451, 41.1561036055978], [-73.2367762404006, 41.1556915655842], [-73.2370964296413, 41.1552891507557], [-73.2374194620792, 41.1547515524415], [-73.2375223839314, 41.154462249778], [-73.2375028848551, 41.1541913034754], [-73.2372943408563, 41.1538909754003], [-73.2371538081304, 41.1537624090792], [-73.2370734453836, 41.1538198744752], [-73.2369311812932, 41.1537207181311], [-73.2371911680744, 41.1535339068634], [-73.2369599838487, 41.153376848553], [-73.2368915826569, 41.1533178732231], [-73.2369062343436, 41.1531795200778], [-73.2368739892719, 41.1530611247871], [-73.2368105512644, 41.1529665670118], [-73.2367052983288, 41.1528721872249], [-73.2367099087439, 41.1527891906196], [-73.2367354533613, 41.1527100633998], [-73.2371350766602, 41.1523211480389], [-73.2371865199209, 41.152210300578], [-73.2370918401007, 41.1521316792201], [-73.2370649665607, 41.1520330164108], [-73.2370119875722, 41.1519384169948], [-73.2368702605835, 41.1518599965673], [-73.2368239196043, 41.1519550218384], [-73.2368089229808, 41.1520459607331], [-73.2367622578702, 41.1520975245292], [-73.2366502091985, 41.1520849617904], [-73.2362852509657, 41.1519217496195], [-73.236284809737, 41.1518624883478], [-73.2362215217399, 41.1517876849292], [-73.2361223530214, 41.1518078619767], [-73.2360025396136, 41.1518156968084], [-73.2357772310704, 41.1517935230402], [-73.2355472937647, 41.1518024042292], [-73.2353174150875, 41.1518191834615], [-73.235124731861, 41.1519187785628], [-73.23504118718, 41.1519309896142], [-73.2348945006795, 41.1518881462374], [-73.2347631126774, 41.1517938783337], [-73.2346531673838, 41.1517706369771], [-73.2345586671524, 41.1517157230895], [-73.2345161446855, 41.151621076103], [-73.2345820181538, 41.1513402653442], [-73.2345083367956, 41.1512734094155], [-73.2344382440405, 41.1509852740316], [-73.234333580926, 41.1509699143651], [-73.234301607125, 41.1508870756575], [-73.2344268812014, 41.1508628373803], [-73.234384679029, 41.1508116539188], [-73.233938529628, 41.1505646216248], [-73.2338701633669, 41.1505095937309], [-73.2337165853378, 41.1502415665546], [-73.2338155833362, 41.1501976869091], [-73.2337783471975, 41.1501109188414], [-73.2336514614846, 41.1499178533241], [-73.2335620203696, 41.1497895906072], [-73.2335038453995, 41.1497485744217], [-73.2334541236175, 41.1496683610192], [-73.233367063471, 41.1496306174247], [-73.2332986731905, 41.1495716434294], [-73.2332561284175, 41.1494730431799], [-73.2332673339728, 41.1493670111289], [-73.2332756024046, 41.1492793528309], [-73.2333377415555, 41.1492000709554], [-73.2333526300571, 41.1490933291422], [-73.233404435483, 41.1490298891335], [-73.2334874220365, 41.1489426146402], [-73.2335651581175, 41.148851410107], [-73.2336430648747, 41.1487839123054], [-73.2337161893722, 41.1487756985376], [-73.233758086051, 41.1488049599586], [-73.2337974392074, 41.1488603987762], [-73.2338238632068, 41.1489224322062], [-73.2338243235104, 41.1489845727081], [-73.233807429946, 41.1490402495601], [-73.2337949349237, 41.1491057190577], [-73.2337866669824, 41.1491580824232], [-73.2337914792712, 41.1492234786752], [-73.2338264071154, 41.1492658556974], [-73.2338698982322, 41.149295106817], [-73.2339177134498, 41.1493243403186], [-73.2339611319667, 41.1493437825558], [-73.2340477910109, 41.1493597682298], [-73.2341127944122, 41.149372576297], [-73.2341821694698, 41.1493919085275], [-73.2343078504772, 41.1494175406911], [-73.2343772983826, 41.1494466816505], [-73.2344120886046, 41.1494694323362], [-73.2344641284476, 41.1494855664931], [-73.2345468034465, 41.1495473620637], [-73.2345599818424, 41.1495734700427], [-73.2346253486667, 41.1496353410272], [-73.2346732335353, 41.1496743823724], [-73.2347075870877, 41.1496382609165], [-73.2346682784552, 41.1495893656392], [-73.2346680114858, 41.1495533881572], [-73.234619977329, 41.1494947150796], [-73.2345113375216, 41.1494330331233], [-73.2344330875386, 41.1493843056131], [-73.2342769516154, 41.1493359023968], [-73.2341729105758, 41.14931017855], [-73.2340818995128, 41.1492909351236], [-73.2340299736783, 41.1492911549923], [-73.2339561983382, 41.1492620342508], [-73.2339256877224, 41.1492327282163], [-73.2339038363388, 41.1492033791963], [-73.2338732568048, 41.1491642614739], [-73.23387296602, 41.1491250099236], [-73.2338812516213, 41.1490759185371], [-73.2338895445991, 41.1490268207952], [-73.2339064893555, 41.1489776871325], [-73.2339193235104, 41.1489580095757], [-73.233927810293, 41.1489350755498], [-73.2339014374493, 41.1488795846427], [-73.2338751103147, 41.1488306341441], [-73.2337732453742, 41.1487161883291], [-73.2337515160825, 41.1486056492245], [-73.233782235288, 41.1485185956772], [-73.2340258804908, 41.1481018629665], [-73.2340393441249, 41.1480072330766], [-73.2340671814308, 41.1479356413689], [-73.2341275623434, 41.1478453031763], [-73.2341922613, 41.1478016949037], [-73.2342330051683, 41.1477705498117], [-73.2342512043483, 41.1476751754417], [-73.2342815395948, 41.1475154227803], [-73.2343343068135, 41.1474056080219], [-73.2343840307883, 41.1473101000576], [-73.2345059365069, 41.1471737848339], [-73.2346532192391, 41.1470588020751], [-73.2347537031611, 41.1470083451676], [-73.2349044683076, 41.1469386137527], [-73.2351497685531, 41.1468660991159], [-73.235385488826, 41.1467769453362], [-73.235498758925, 41.1467502590292], [-73.2356312344948, 41.1467639930561], [-73.2357067701805, 41.1467493754014], [-73.2357538657926, 41.1467253553558], [-73.2357975819389, 41.1466703708126], [-73.2357908008188, 41.1466060727449], [-73.2358691700734, 41.1465485618627], [-73.2359446318003, 41.1465244183582], [-73.2360170657336, 41.1465169634561], [-73.2360957243367, 41.1465320969932], [-73.2362153174345, 41.1464756155466], [-73.2362790828826, 41.1464118598548], [-73.2362331592056, 41.1458932700919], [-73.236108289792, 41.145393371064], [-73.2360806930546, 41.1451743453005], [-73.2359820762108, 41.1449272999201], [-73.235687131323, 41.1445867463374], [-73.2352442351712, 41.1443068997551], [-73.2352172731682, 41.1442169148226], [-73.2352757359379, 41.1441310414925], [-73.2354047030691, 41.1441180169418], [-73.2356911432124, 41.1442439047669], [-73.2359594171431, 41.144421636822], [-73.2361043457889, 41.1446067404972], [-73.2363976627236, 41.1450159549204], [-73.2364024833816, 41.1453888482705], [-73.236442567424, 41.1455424041786], [-73.2366413695676, 41.1458414824904], [-73.2365782706756, 41.1463333599067], [-73.2365918353851, 41.146411802135], [-73.2366439979474, 41.1464442873511], [-73.2367701092783, 41.1465287909901], [-73.2369440599107, 41.1466457951747], [-73.2369960108105, 41.1466488452255], [-73.2371887868523, 41.1467452286953], [-73.2374349237715, 41.1469020969812], [-73.2375301633663, 41.1469082335581], [-73.2375732395584, 41.146881885991], [-73.2387162518461, 41.1458172666166], [-73.2389390669272, 41.1455252126853], [-73.2383379639253, 41.1451613456406], [-73.2380483900582, 41.1450351300023], [-73.2378398265092, 41.1449182724086], [-73.2376745309906, 41.1448012270432], [-73.2377555639731, 41.1446438834545], [-73.2377198536835, 41.1444968499382], [-73.237359125777, 41.1442825187913], [-73.2365729043906, 41.1438704764711], [-73.2364608206246, 41.1439265588989], [-73.2362460235982, 41.1441335297956], [-73.2361249022077, 41.144137317017], [-73.2360203548727, 41.144042909024], [-73.2354217440824, 41.1438393949505], [-73.2350066765193, 41.143880404695], [-73.2349245424529, 41.1438905672337], [-73.2348767792907, 41.1438678717381], [-73.2348202670446, 41.1438321328128], [-73.2335760364305, 41.1429183108796], [-73.2329840649843, 41.1424400082416], [-73.2330356979283, 41.1424005393764], [-73.2336734144931, 41.1427805299074], [-73.2337461099115, 41.1427917170074], [-73.2338330342554, 41.1428246240877], [-73.2339709562488, 41.1428188942881], [-73.2342325553515, 41.1427531187291], [-73.2346462561232, 41.1425443254978], [-73.2346896234609, 41.1425168634271], [-73.2349145652528, 41.142374050015], [-73.234967377859, 41.1422572802686], [-73.2354082259262, 41.1419019490314], [-73.2359768470754, 41.1412157765777], [-73.2363838939812, 41.1408146568896], [-73.2376261199084, 41.1392714187506], [-73.2383844418774, 41.138397872684], [-73.2392745830875, 41.1372316688264], [-73.2400770306273, 41.1359406501941], [-73.2404178579378, 41.135128492001], [-73.2407346214509, 41.1342627824758], [-73.2409727195624, 41.133421257317], [-73.2411295416746, 41.1322581826226], [-73.2412242828488, 41.1312265191558], [-73.2407186896373, 41.1310915883365], [-73.2406945898781, 41.1310320828933], [-73.2413811532969, 41.1311185481689], [-73.241599670108, 41.130479617506], [-73.2416516465633, 41.1293469613169], [-73.2415235318048, 41.1290852293214], [-73.2411841354453, 41.1290330405772], [-73.2411835976733, 41.128961507819], [-73.2420555583266, 41.129082311732], [-73.2420882347727, 41.1286953302247], [-73.2422011882975, 41.1279914465785], [-73.2419678072584, 41.1273605809102], [-73.2413423379367, 41.1270056118816], [-73.2405357760016, 41.1265422541495], [-73.2395523125721, 41.1258926189355], [-73.2389980845626, 41.125573096326], [-73.2371746506731, 41.1248733102546], [-73.2359071808042, 41.124429844228], [-73.233519697404, 41.1234196602067], [-73.2331783805437, 41.1232015270597], [-73.2328696282956, 41.1230239976714], [-73.2324741677996, 41.122846839907], [-73.2318418252607, 41.1226170256003], [-73.231122912282, 41.1224054587329], [-73.2292029568601, 41.1222630745976], [-73.2281664062531, 41.122066443019], [-73.2269766181543, 41.1219550622696], [-73.2268780113085, 41.1218602755264], [-73.2276755285889, 41.1218886772703], [-73.2293381478029, 41.1221184004509], [-73.2302514794711, 41.1221846293635], [-73.2308814634777, 41.1222560233312], [-73.2315329476602, 41.1224216151852], [-73.2321887565637, 41.1226274848139], [-73.2327181359438, 41.1227921609191], [-73.2331928245902, 41.1230226315126], [-73.2335175159467, 41.1232239343292], [-73.2341976510373, 41.1235191046808], [-73.2358190458978, 41.1242394709673], [-73.2370834692251, 41.124645281087], [-73.2393050799449, 41.1255121754343], [-73.2395188161849, 41.1256304793348], [-73.2398509780451, 41.1257721226319], [-73.2403735498968, 41.1260738933768], [-73.2409218593245, 41.1263476139114], [-73.2409837243318, 41.1264045253248], [-73.2411165933055, 41.1264754318542], [-73.241666997519, 41.1267625330316], [-73.2423448725936, 41.1270312129251], [-73.2424928878162, 41.1272306988426], [-73.2425979948311, 41.1273803414174], [-73.2427132538186, 41.1276228550037], [-73.2427703715432, 41.1276762131413], [-73.2429074586836, 41.1276791954336], [-73.2431626373628, 41.1276745210389], [-73.2436636936203, 41.1276830781542], [-73.243965840503, 41.1276388885972], [-73.2443005806052, 41.1275302295771], [-73.2445139582244, 41.1274562895452], [-73.2445595227863, 41.1273968839115], [-73.2444239170163, 41.1269650590295], [-73.2444520286468, 41.1269327710965], [-73.244494780351, 41.1269611761219], [-73.2446834301349, 41.1275321520873], [-73.2453079011571, 41.1276116388549], [-73.2458972863278, 41.1274268265431], [-73.246251173592, 41.1273502422006], [-73.2467694945207, 41.1271442901979], [-73.2471937567691, 41.1269994964941], [-73.2476029078218, 41.1267332641892], [-73.2474254940824, 41.1263981111025], [-73.2474346455034, 41.1263587635995], [-73.2477115838241, 41.1267292174416], [-73.2484944810562, 41.1266552339199], [-73.2493294037672, 41.1263004665323], [-73.2496638038731, 41.1261489092381], [-73.2500733771336, 41.1259398440953], [-73.2504443847204, 41.1256308872644], [-73.2506319952445, 41.1254442321365], [-73.2504123317466, 41.1251485791863], [-73.2504022782771, 41.1250700078521], [-73.2509738633562, 41.1257236287447], [-73.2512744376828, 41.1256550382956], [-73.2516125427707, 41.125504408238], [-73.2519661971322, 41.1253238815459], [-73.2522803955301, 41.1251435236652], [-73.2526102390741, 41.1249452019531], [-73.2531440963083, 41.124602801312], [-73.25367712764, 41.1241530179148], [-73.25341813793, 41.1238798351138], [-73.2534219070441, 41.123796188581], [-73.2538112433033, 41.1241524267045], [-73.2547930726294, 41.1235873017029], [-73.2554913367476, 41.1230830867058], [-73.2559524101764, 41.1225142951507], [-73.2557376921342, 41.1222945070449], [-73.2556896241134, 41.1221992662497], [-73.2561335377402, 41.1224717290028], [-73.2570129939697, 41.1219368745475], [-73.2573579356523, 41.1216549424876], [-73.2577096473257, 41.1212298119762], [-73.2582278851981, 41.12079214294], [-73.2579648345146, 41.1205664675367], [-73.2579247888404, 41.1204890889712], [-73.2584474932524, 41.1207492614147], [-73.2592089513794, 41.1202626405383], [-73.2596547048024, 41.1197595218916], [-73.2600542856152, 41.1194057576809], [-73.2604768274187, 41.1189623961732], [-73.260577842899, 41.118765072511], [-73.260276258392, 41.1185337506205], [-73.2602757459529, 41.1184681273931], [-73.2610518241959, 41.1189165955249], [-73.2611315392622, 41.1188411527587], [-73.2616693240121, 41.1184023595391], [-73.2619960526181, 41.1181832150299], [-73.2622983937516, 41.1178565300646], [-73.2623589749896, 41.1175341051183], [-73.2623493118413, 41.1173074480169], [-73.2625183802819, 41.1177421922735], [-73.262758956479, 41.1179036253823], [-73.263557076252, 41.1181233815509], [-73.2637919556022, 41.1181839118499], [-73.263905130056, 41.1182221618858], [-73.2640577725395, 41.1182497800648], [-73.2643050850284, 41.1182293284266], [-73.2643510954899, 41.1183347220698], [-73.2655946411182, 41.118694820346], [-73.2659740481969, 41.1187885585163], [-73.2664477495966, 41.118834149856], [-73.2664388698055, 41.1187089019888], [-73.2664854901598, 41.1186192042562], [-73.2665879055187, 41.1186008464094], [-73.2666984822791, 41.1186182413127], [-73.2667700495175, 41.1186895105106], [-73.2668181829165, 41.118790710213], [-73.2668744393162, 41.1189217075431], [-73.2669784876167, 41.1190648447952], [-73.2671280609776, 41.1190697031629], [-73.2671116669659, 41.1189922214266], [-73.2671739261389, 41.1188845549513], [-73.2672762907519, 41.1188602273105], [-73.2673711425784, 41.118883662159], [-73.2674191825878, 41.1189729316505], [-73.2675153074705, 41.1191574376703], [-73.2675160161539, 41.1192469214785], [-73.267461321818, 41.1193127947258], [-73.2671384463425, 41.1193858436629], [-73.2669336718305, 41.1194285350144], [-73.2667368773621, 41.1194831146731], [-73.2665479769895, 41.1195376632239], [-73.2664619535201, 41.1196335035663], [-73.2663200979785, 41.1196520423226], [-73.2661464024587, 41.1196349293648], [-73.2659094127055, 41.119594238357], [-73.2654983036687, 41.1194827417846], [-73.264778595121, 41.1192533228784], [-73.2645487908212, 41.1191231089842], [-73.264078741293, 41.1188095810875], [-73.2636005180665, 41.1186285278962], [-73.2631646430247, 41.118496347457], [-73.2629249359138, 41.1184740948565], [-73.2627296615011, 41.1185287345651], [-73.2625019243297, 41.1186610023805], [-73.2623222613706, 41.1188885105926], [-73.2621819923728, 41.1191098781565], [-73.2619782941973, 41.1192897657017], [-73.2614042823342, 41.1195309690616], [-73.2610276319103, 41.1197891854154], [-73.2606198369766, 41.1201012313105], [-73.2602999819057, 41.1205620296225], [-73.2596413005592, 41.1211741899833], [-73.259307336239, 41.1217777751521], [-73.2593635054038, 41.1218727261004], [-73.2592072148215, 41.1220643276535], [-73.2590030735717, 41.122190518751], [-73.2586495039193, 41.1223770343283], [-73.2579195967494, 41.1227212241325], [-73.2576145627221, 41.1229349416231], [-73.2572664555681, 41.1231819601543], [-73.2569461323687, 41.1233847653732], [-73.2569174095771, 41.1233962118919], [-73.2565542956823, 41.1236974971907], [-73.2563001102156, 41.1238293322148], [-73.2561031973154, 41.1240324495939], [-73.2559148950102, 41.1241478669702], [-73.2558204408543, 41.1242246205097], [-73.2557256426319, 41.124520941409], [-73.2556021136578, 41.1247403632663], [-73.2555876380482, 41.1249212321611], [-73.255500298718, 41.1250972690192], [-73.2554433385738, 41.1252117644606], [-73.2551216507595, 41.1255331006409], [-73.2545898975567, 41.1259435366552], [-73.2544973834747, 41.126096268815], [-73.2544404682356, 41.1263641172709], [-73.2544788724435, 41.1266661922016], [-73.2543453649625, 41.1269122456742], [-73.2542039045262, 41.1269844626455], [-73.254132717572, 41.1269609096418], [-73.2540217084325, 41.1268898121643], [-73.253886202305, 41.1267114359267], [-73.2537742776118, 41.126521021696], [-73.2535894316037, 41.1263526050372], [-73.2535212339712, 41.1262760080634], [-73.2535156020695, 41.1261895566739], [-73.2535114445118, 41.1261257327635], [-73.2535444076971, 41.1260238020816], [-73.2535413832537, 41.1259271182912], [-73.2535019522827, 41.1258478616276], [-73.2533619792608, 41.1257604155546], [-73.2532381060922, 41.1256884352956], [-73.2531614877981, 41.1256707843739], [-73.2530463209349, 41.1256927351458], [-73.2532960187626, 41.1257952381002], [-73.2533719321586, 41.1258674295623], [-73.2534019241749, 41.125907011244], [-73.2534182583149, 41.1259518355585], [-73.2534277531087, 41.1259984128074], [-73.2534120575403, 41.126036472236], [-73.2533576103947, 41.1260833346613], [-73.2533032893735, 41.1261457361965], [-73.2532836129104, 41.1262597859804], [-73.2533050051443, 41.1263684759314], [-73.2534781956279, 41.1265778055602], [-73.2536341968746, 41.126772202871], [-73.2537784173341, 41.1270579283594], [-73.2539772886839, 41.1271375583017], [-73.2541533079153, 41.1271927056922], [-73.2543257240533, 41.1271929742614], [-73.2544062472952, 41.1272207507989], [-73.2540983760752, 41.1276232682633], [-73.2539193061386, 41.127934280613], [-73.2538177936028, 41.1280719463898], [-73.2539331603171, 41.1281806940425], [-73.2540460920192, 41.1280053142306], [-73.2541316393099, 41.1278438600484], [-73.2542721338645, 41.1276463659227], [-73.2545054337675, 41.1274036155695], [-73.2545457329853, 41.1273059908505], [-73.2546130845307, 41.1272821257239], [-73.2547954206312, 41.1273480989049], [-73.2548424469598, 41.1273832445507], [-73.2549171535055, 41.1273929569505], [-73.2550274267033, 41.1273686054299], [-73.255216917513, 41.1273856620197], [-73.255454159637, 41.127456205712], [-73.2557469105718, 41.1275622950849], [-73.255984663903, 41.1276984524535], [-73.2561436153099, 41.12784689717], [-73.2562703572077, 41.1279119619348], [-73.256294722889, 41.1280013409005], [-73.2562792640166, 41.1280431713025], [-73.2562245472503, 41.1281090363478], [-73.2561382200695, 41.1281690747793], [-73.2560834984367, 41.1282349432902], [-73.2560211215359, 41.1283306730001], [-73.2559906698905, 41.1284739870215], [-73.2560387975454, 41.1285751947106], [-73.256087010324, 41.1286883323722], [-73.2561272908323, 41.1287955385539], [-73.2562226152821, 41.1288786366611], [-73.2562704236977, 41.1289380809432], [-73.2563420758863, 41.1290212866277], [-73.2564608868285, 41.129080419737], [-73.2565797895284, 41.1291514791733], [-73.2567541547318, 41.129252129734], [-73.2569677371142, 41.1293227696035], [-73.2573236189702, 41.1294285770128], [-73.2574816017451, 41.1294517398436], [-73.2575842182459, 41.1294572479029], [-73.2576946293095, 41.1294507936839], [-73.2578438430543, 41.1293606409931], [-73.2579618656258, 41.1293183552559], [-73.2580961366254, 41.1293356581452], [-73.2581671920906, 41.1293413088051], [-73.2582619630369, 41.1293528184342], [-73.2583810084013, 41.1294417758465], [-73.2584601861421, 41.1294772182285], [-73.2585706909506, 41.1294826938194], [-73.2586889464238, 41.1294702336271], [-73.2588068803808, 41.1294160163365], [-73.2588533803939, 41.1293084247179], [-73.2588839655449, 41.1291830069844], [-73.2589855119174, 41.1290513059266], [-73.2590241706749, 41.1289497129374], [-73.2590392515399, 41.1288601588428], [-73.2590308066494, 41.1287886064984], [-73.2589668014503, 41.1286755432011], [-73.2589267040743, 41.12859219863], [-73.258925960579, 41.1284967484267], [-73.258956967138, 41.1284250175712], [-73.2589957176285, 41.1283353608741], [-73.2590422193272, 41.12822776635], [-73.2590643550857, 41.1280307990411], [-73.2590709834122, 41.1278696898149], [-73.2590706115712, 41.1278219657659], [-73.2590303277411, 41.1277147578017], [-73.2589584365715, 41.1276017268135], [-73.2589264629465, 41.1275481797203], [-73.2587839367777, 41.1274831888681], [-73.2586414127892, 41.1274182027477], [-73.2584836174481, 41.1274189049614], [-73.2583889411711, 41.127419326181], [-73.2582155565318, 41.1274439588212], [-73.2580814304354, 41.1274445552169], [-73.2579867541186, 41.1274449761032], [-73.257844832817, 41.1274575351354], [-73.257702865159, 41.1274641353347], [-73.2575767223975, 41.1274766260421], [-73.257434703666, 41.1274772567336], [-73.2573401709133, 41.1274955741112], [-73.2571983420089, 41.1275200651108], [-73.2570801323856, 41.1275384922716], [-73.2569622040796, 41.1275927049587], [-73.2568678052219, 41.1276289190142], [-73.2567573509016, 41.1276294088601], [-73.2566629028392, 41.127659658481], [-73.2565842851314, 41.1276957960105], [-73.2564664014936, 41.1277559801959], [-73.2563484694981, 41.1278101922614], [-73.2560625454044, 41.1275668615848], [-73.2561015756619, 41.1275129964548], [-73.2571116922505, 41.1274129772398], [-73.2575047422684, 41.127351664174], [-73.2580796625586, 41.1273026513731], [-73.2583895264215, 41.1272762378038], [-73.2586876794113, 41.1272807813698], [-73.2591289940615, 41.1272131906295], [-73.259732019755, 41.1269552360535], [-73.2600887541047, 41.1267626993101], [-73.2602403998351, 41.126628804738], [-73.2604674851899, 41.1263791174745], [-73.2606891129123, 41.1261827410377], [-73.2609466679612, 41.1260750159719], [-73.2612397708716, 41.1260070959463], [-73.2613572547575, 41.1260110108173], [-73.2615228451358, 41.1259916265849], [-73.2617555386431, 41.1258760103081], [-73.2618245468828, 41.1256891967368], [-73.2618473057367, 41.1255958425421], [-73.2618059907545, 41.1255693837815], [-73.2617007391324, 41.1256275825413], [-73.2616486174444, 41.1257210688776], [-73.2615270040405, 41.1257478109535], [-73.2610504275346, 41.125825878861], [-73.260669725802, 41.1259563578236], [-73.2603072283063, 41.1261622444028], [-73.2600448393582, 41.1264032071886], [-73.259700672062, 41.126579239579], [-73.2592281628628, 41.1267772437871], [-73.2586705551985, 41.1269486669786], [-73.2559808294464, 41.1272033112911], [-73.2557122106292, 41.1271567689892], [-73.2552769418528, 41.1269856870997], [-73.2550247983453, 41.1270285628694], [-73.2548763347912, 41.12702765485], [-73.2548114993056, 41.126993710665], [-73.2548355044883, 41.1269526717921], [-73.2550382907946, 41.1266059145084], [-73.2551774701191, 41.1263656808762], [-73.2553962556021, 41.1260902882832], [-73.2556069677492, 41.1257910611034], [-73.2558334053169, 41.1254858029462], [-73.2560443870376, 41.1252223718809], [-73.2561846400288, 41.1249950476569], [-73.2563572686634, 41.1247354774035], [-73.2564077024089, 41.124598367301], [-73.2563939191559, 41.1240491717412], [-73.2565542891454, 41.1239007667435], [-73.256582602943, 41.1238954952906], [-73.2568729794529, 41.1237799641524], [-73.2571347450437, 41.1235441411687], [-73.2575054759698, 41.1233471139901], [-73.2577235279892, 41.1232372206362], [-73.2581881581575, 41.1229521201552], [-73.2584352728078, 41.1227875452775], [-73.2589513847817, 41.1226441545441], [-73.259241839818, 41.1224579193216], [-73.2593658305963, 41.1221710081631], [-73.259600969246, 41.1219730874923], [-73.2597015704363, 41.121722074901], [-73.259902927025, 41.1213004755059], [-73.2599499732526, 41.121201935506], [-73.2600826820549, 41.1210223720693], [-73.2604112700429, 41.1207185856705], [-73.2606303411107, 41.1204352714974], [-73.2607788307701, 41.1202556338981], [-73.2609202550216, 41.1201040956996], [-73.2610000464392, 41.1200107662613], [-73.2613520493256, 41.1199130185168], [-73.2618085228851, 41.119773759325], [-73.2621624070848, 41.1195828966073], [-73.2624445633874, 41.1193950630572], [-73.2628122515146, 41.1189996638661], [-73.2629129753623, 41.1187665482744], [-73.2630698129766, 41.1186465283949], [-73.2632594211481, 41.1186814665975], [-73.2635709048494, 41.1188149520102], [-73.2639338876893, 41.1190236242243], [-73.2643332367022, 41.1191832444435], [-73.2645072644671, 41.119304249236], [-73.2651602143333, 41.1195791966908], [-73.2652403740732, 41.1195899864517], [-73.2654443045959, 41.1196380986249], [-73.2657760044741, 41.1196843304313], [-73.2661319432403, 41.1198020383081], [-73.266812315421, 41.1200435633594], [-73.2672651618239, 41.1202002586675], [-73.2682957987929, 41.120529911901], [-73.2687303779807, 41.1201720821019], [-73.2690790026833, 41.1203614096956], [-73.2694747258334, 41.1205206884352], [-73.269877866181, 41.1206202759228], [-73.2703141207499, 41.120662771374], [-73.2708945094451, 41.1206793394007], [-73.271203713746, 41.1206798588404], [-73.2716060957764, 41.1206839893673], [-73.2719216031996, 41.120676582115], [-73.2724342369202, 41.1206563418064], [-73.2729702497486, 41.1206001975217], [-73.2732773890153, 41.1205331658529], [-73.2735765450176, 41.1204542416543], [-73.2739734032815, 41.1204276828008], [-73.2742415137668, 41.1205105089114], [-73.2746770297755, 41.1207354515886], [-73.2752066670079, 41.121098048341], [-73.2753083667179, 41.1211643102413], [-73.2756785221808, 41.1215813274399], [-73.2759471842166, 41.1218449437383], [-73.2760555044304, 41.1219163176442], [-73.2763532991139, 41.121938275927], [-73.2763536528522, 41.1219821897972], [-73.2761645375109, 41.1221033068546], [-73.2761132108393, 41.1221802215808], [-73.2761932407853, 41.1223721445542], [-73.2762804937523, 41.1225311012713], [-73.276352681095, 41.1227343814763], [-73.2764182176359, 41.1228445495151], [-73.2766498549064, 41.1233822798145], [-73.2767081099595, 41.1236020918772], [-73.2770200759623, 41.1242552398679], [-73.2778574147716, 41.124601757569], [-73.2787584297527, 41.1248777826844], [-73.2791983108434, 41.1249967760098], [-73.2793710189531, 41.1250134479947], [-73.2794300723455, 41.124998259323], [-73.2795147796255, 41.1250191743303], [-73.279529076382, 41.1249934043433], [-73.279610413155, 41.1249974236739], [-73.2797387884834, 41.1248434106977], [-73.2797981017145, 41.1248601825563], [-73.2796230309483, 41.1251635672083], [-73.2796043775414, 41.1252957634171], [-73.2795934293454, 41.1259012442514], [-73.2800660984751, 41.126273828661], [-73.2809883999664, 41.1266060057504], [-73.2819987883761, 41.1268256133904], [-73.2830974386688, 41.1269550800804], [-73.2836319379498, 41.1270198741361], [-73.2841664355091, 41.1270846664074], [-73.2849719683807, 41.1271110685892], [-73.2855460710464, 41.1271620860636], [-73.2859835548709, 41.1272096101252], [-73.2862682311279, 41.1272785058493], [-73.2866629150077, 41.1269569655349], [-73.2871373215065, 41.1259937348088], [-73.2871366762468, 41.125915243839], [-73.2871657530251, 41.1258940090522], [-73.287208913855, 41.1258874819292], [-73.2872627757492, 41.1259109447707], [-73.2872575500692, 41.1259973010087], [-73.2867741282913, 41.1270075991784], [-73.28634617313, 41.1273419662823], [-73.2863438216042, 41.1275677245704], [-73.2863088681408, 41.1277724450039], [-73.2862566910599, 41.1279388919229], [-73.2861819179479, 41.128099053149], [-73.2861204297014, 41.1281611344634], [-73.28604482455, 41.1282422659033], [-73.2859384854196, 41.1283111437945], [-73.2858738648351, 41.1283348853418], [-73.2857641564758, 41.1283588389407], [-73.2856627971129, 41.1283699678244], [-73.2856148910966, 41.1283701923609], [-73.2853502639952, 41.1284033942454], [-73.2849795660685, 41.1285606784804], [-73.2844782261747, 41.1289390607066], [-73.2842383345816, 41.1293722818138], [-73.2832213644763, 41.1308546481979], [-73.2830471348168, 41.1311347227403], [-73.2827418827317, 41.1316504133299], [-73.2826107753008, 41.1318482910772], [-73.2817607160733, 41.1322960739375], [-73.2810926497734, 41.1326251926198], [-73.2809840225136, 41.1327833759033], [-73.2809309803297, 41.132845415829], [-73.2808776254594, 41.1328691021807], [-73.2808073713181, 41.1328721040468], [-73.2805194939552, 41.1328430652965], [-73.2801383081739, 41.1329006897998], [-73.2799071222226, 41.1330909477958], [-73.2793881774246, 41.1333916643625], [-73.2791894147949, 41.1335566557586], [-73.2790799367912, 41.1336104326976], [-73.2785734715431, 41.1337129239154], [-73.2776364394524, 41.1338941093244], [-73.2775186426201, 41.1339649692784], [-73.276997513301, 41.1339972049784], [-73.2768844075116, 41.1339508487599], [-73.2767743590678, 41.1339343099179], [-73.2766475569559, 41.1339370246112], [-73.2765181595608, 41.1339674523732], [-73.2764452470306, 41.1340125349094], [-73.2763646522817, 41.1341535384883], [-73.2763294742714, 41.1343348181771], [-73.2764934295179, 41.1343958558011], [-73.2765078466056, 41.1344362746981], [-73.2763231138272, 41.1345948047423], [-73.2763216170516, 41.1347588832005], [-73.2761069454002, 41.1350496597085], [-73.2759458029965, 41.1353380584588], [-73.2757946788756, 41.1354708634418], [-73.2756261411643, 41.1358914053935], [-73.2755620921427, 41.1359875856235], [-73.2756076308923, 41.1360427773051], [-73.2754307969779, 41.1361330836881], [-73.2753627465057, 41.13608225747], [-73.2751023386471, 41.1361840241686], [-73.2748103533287, 41.136375204443], [-73.2746574763443, 41.1365507032344], [-73.2744470968677, 41.1369405408124], [-73.2744542314355, 41.1370943748383], [-73.2744100480329, 41.1372148235641], [-73.2744659096902, 41.1374138621958], [-73.2745709249045, 41.1375050038988], [-73.2747203328758, 41.1375085801433], [-73.274739581562, 41.1374488293384], [-73.2747814641929, 41.1373996290442], [-73.2748464401406, 41.1374185078331], [-73.2748968623996, 41.1373799213101], [-73.2750999381247, 41.1373981663664], [-73.2751283960328, 41.1374321278418], [-73.2752386032094, 41.1374678454008], [-73.2752251455588, 41.1375467461148], [-73.2754771545686, 41.1375831860546], [-73.2754919509359, 41.1375613341943], [-73.275549636964, 41.1375116688997], [-73.2755795221002, 41.1374534934848], [-73.2756196373713, 41.1371848283852], [-73.2757869384561, 41.1369603256139], [-73.2761315183031, 41.1365401508074], [-73.2766324857809, 41.1361728140023], [-73.2767778660194, 41.1360246253668], [-73.2769381959739, 41.1359583563253], [-73.277184424865, 41.1359366363823], [-73.2773084533504, 41.1358984996882], [-73.2773955437319, 41.1358378894725], [-73.2775624870027, 41.1356350493853], [-73.2777586650456, 41.1355693022704], [-73.2779257544712, 41.1355249608158], [-73.2781436445261, 41.1353937563067], [-73.2784522021739, 41.1350963715288], [-73.2786257785865, 41.1349528054218], [-73.2786731540026, 41.13488653145], [-73.2787551079744, 41.1349138528875], [-73.2789636589544, 41.1349128878735], [-73.2790676574241, 41.1348783135701], [-73.2791379353363, 41.1348382715698], [-73.2792053720941, 41.1348307982983], [-73.2794670725835, 41.1347805782294], [-73.279663935253, 41.1347285270266], [-73.2798353115754, 41.1346616778431], [-73.2799445842409, 41.1345823316127], [-73.2799891913662, 41.1345224623046], [-73.2800309635178, 41.1344604758001], [-73.2800600645143, 41.1343527059958], [-73.2805991329973, 41.1338129929743], [-73.2807325416183, 41.1337434028385], [-73.2808898928612, 41.133685140592], [-73.2812856824368, 41.1334893989101], [-73.2813386910796, 41.1334230976242], [-73.2818574883836, 41.1331053267257], [-73.2820594769045, 41.132991454699], [-73.2827869500546, 41.1326897540064], [-73.2831212848444, 41.1325624775722], [-73.2833426662885, 41.1324080274574], [-73.2835449458758, 41.1323303746986], [-73.283956982798, 41.1320557081798], [-73.2841941280162, 41.1320952890781], [-73.284281068699, 41.132128677017], [-73.2844416297491, 41.1320449208528], [-73.2845121905212, 41.132057375639], [-73.2845560923048, 41.1320203729894], [-73.2844125088888, 41.1319299926914], [-73.2845302248417, 41.1318506025366], [-73.284535207307, 41.1316893847522], [-73.2845822350988, 41.1316628490705], [-73.2845354540889, 41.1314563805255], [-73.2844498130602, 41.1313225409595], [-73.2843975711343, 41.1311374053774], [-73.2845060775491, 41.1311237920886], [-73.2844848506598, 41.131052531742], [-73.2843105855041, 41.1307723669085], [-73.284281112694, 41.1305529405221], [-73.2843400454138, 41.1301850634845], [-73.2844360663096, 41.129986594577], [-73.2845791768124, 41.1299113476485], [-73.2848993682588, 41.1297798707116], [-73.2850250452571, 41.1296407802518], [-73.2851450511007, 41.1294974548496], [-73.2853129337359, 41.1292797694068], [-73.2852047262994, 41.1292137793737], [-73.2851457402499, 41.1292374941152], [-73.2850946323066, 41.1291908563935], [-73.2851447803876, 41.12912030533], [-73.2851917435255, 41.1290050217522], [-73.2853404517607, 41.128925486281], [-73.285455796892, 41.1289015066844], [-73.2855938261865, 41.1288944674944], [-73.2856419946108, 41.1289262036715], [-73.2857123912919, 41.1289194813132], [-73.2858113884465, 41.1289637639152], [-73.2859468617077, 41.1289886982167], [-73.2860455435313, 41.1289946277753], [-73.2860961634065, 41.1289816055562], [-73.286138310881, 41.1289664927347], [-73.2862596587165, 41.1289872308728], [-73.2863778403483, 41.128965368767], [-73.2865767985164, 41.1288076056097], [-73.2865766134673, 41.1287580306994], [-73.2864315694986, 41.1286376068693], [-73.286446136217, 41.1285332466068], [-73.2864970463855, 41.1284618159034], [-73.286504537598, 41.1284068917845], [-73.2863951521694, 41.1283190627156], [-73.2865404871912, 41.1281708588178], [-73.2866203003451, 41.1281377218586], [-73.2867169966927, 41.1280560560627], [-73.2867591434208, 41.128040942309], [-73.2868099890669, 41.1280556192881], [-73.2868354906769, 41.128072545629], [-73.2868714933315, 41.1280425097598], [-73.2870876359577, 41.1278923740429], [-73.2871296423647, 41.1278602146782], [-73.2871914788075, 41.1278407468608], [-73.2871973780898, 41.1278726810684], [-73.2870965789764, 41.1279794246047], [-73.2872675251125, 41.1279837887934], [-73.2874580506442, 41.1278743361484], [-73.2877035962365, 41.1278059851341], [-73.2878799815309, 41.1276073817075], [-73.2879838242308, 41.1275557538002], [-73.2880368554293, 41.127493711287], [-73.2880445196286, 41.1273977893806], [-73.2880582062821, 41.1273487161631], [-73.2880720850075, 41.1273230812647], [-73.2880885889278, 41.1272739954809], [-73.2881192698276, 41.127235496685], [-73.2881585633093, 41.1272161344879], [-73.2881921501158, 41.1271882757339], [-73.2880985623551, 41.127116269141], [-73.2881574050158, 41.1270755066968], [-73.2882279407936, 41.1270858289602], [-73.2882841933323, 41.1270727792329], [-73.288365701676, 41.1270468257242], [-73.2883886142541, 41.1270914645004], [-73.2883724441865, 41.1271810341171], [-73.2883390681295, 41.1272344614852], [-73.2886081231338, 41.1273972647921], [-73.288652734983, 41.1273395230281], [-73.2887650831072, 41.1272942467035], [-73.2888773959309, 41.1272447090758], [-73.2889105606606, 41.1271657129904], [-73.2889666373678, 41.1271313555596], [-73.2890587494536, 41.1270243815221], [-73.2891062149516, 41.1269708874744], [-73.28915912246, 41.1268939292065], [-73.2891332163288, 41.1268279965079], [-73.2890901743397, 41.1267344440543], [-73.2891235846933, 41.1266852783606], [-73.2891740605761, 41.1266552093083], [-73.2892300839528, 41.1266144596073], [-73.2892998631574, 41.126533159598], [-73.2893755238953, 41.1264816634028], [-73.28946817976, 41.1264407413799], [-73.2894966227741, 41.126472569052], [-73.2894269142393, 41.1265623915665], [-73.2894273364245, 41.1266135286864], [-73.2895284460966, 41.1265725660082], [-73.2896298196065, 41.1265635639399], [-73.2896717887118, 41.1265271424462], [-73.2897907560859, 41.1264815015054], [-73.2898427821223, 41.1264176641925], [-73.2898906514763, 41.1264131759887], [-73.2899745891561, 41.1263403327937], [-73.2900918479622, 41.1262076688213], [-73.290189962257, 41.1261454122117], [-73.2902432377886, 41.1261131984174], [-73.290271152484, 41.1260811044996], [-73.2903189501508, 41.1260680930335], [-73.2902688980952, 41.126149300413], [-73.2903279499746, 41.1261341054081], [-73.29043487093, 41.1261144226434], [-73.2905274727242, 41.1260671069186], [-73.2906315400784, 41.1260431761075], [-73.2906541003067, 41.1260452004064], [-73.2907367006379, 41.1261513491846], [-73.2908101059825, 41.1261680486635], [-73.2909030250839, 41.1261590854715], [-73.2910492016581, 41.126115777789], [-73.2911896543737, 41.1260618425736], [-73.2912485824058, 41.1260317318669], [-73.2912823967561, 41.1260315717077], [-73.2912939147155, 41.1260613487738], [-73.2913285940758, 41.1261655937765], [-73.2913235764944, 41.1262401951947], [-73.2914544878601, 41.1263951233964], [-73.2915731213193, 41.1264286542243], [-73.2915733332513, 41.1264542227805], [-73.2915457545802, 41.126526800797], [-73.2915566815423, 41.1265719095861], [-73.2915246200979, 41.126658817592], [-73.2915798977519, 41.1267832002167], [-73.2916412006671, 41.1268813530467], [-73.291756310052, 41.1269262511343], [-73.2919750031801, 41.1269764952249], [-73.2919649823675, 41.1270533308258], [-73.2921999793983, 41.1270604788674], [-73.2924294442812, 41.1270593899336], [-73.2926913124073, 41.1270127022363], [-73.2928657654105, 41.1269664299268], [-73.2930671909081, 41.1268787168232], [-73.2930391528621, 41.126792093276], [-73.2930826889012, 41.1267712302124], [-73.293171064993, 41.1268864852016], [-73.2933572795997, 41.1268494033496], [-73.2935089391452, 41.1267815978861], [-73.2937702896777, 41.1266729416352], [-73.2937532457484, 41.1265945286965], [-73.2937691551182, 41.1265366158386], [-73.2939377918747, 41.1267626736169], [-73.2944140087044, 41.1265542017901], [-73.2947565160578, 41.1263501377678], [-73.2948221102476, 41.1263539564408], [-73.2948933067234, 41.1263742731671], [-73.2952690055838, 41.1262196244421], [-73.2957478502281, 41.1259859885817], [-73.2960741325776, 41.1258026542366], [-73.2965038018366, 41.1255692494488], [-73.2968730597288, 41.1252989511553], [-73.2971281050818, 41.125091167791], [-73.2973340836934, 41.1248960115964], [-73.2973166908419, 41.1247762884649], [-73.2968258274385, 41.1242250499703], [-73.2968803910111, 41.1242165261036], [-73.2971445276917, 41.1244424811635], [-73.2975372689355, 41.1241618571166], [-73.297515643486, 41.1239092883382], [-73.2979751140999, 41.1237854456893], [-73.2979955839779, 41.1237992023991], [-73.2980242244855, 41.1238159959712], [-73.2980609572505, 41.1238265923024], [-73.2981001094642, 41.123883363434], [-73.2981352631213, 41.1239478431542], [-73.2981540164665, 41.12400009312], [-73.2981707055587, 41.1240477332894], [-73.2981727982047, 41.1240816405992], [-73.2982145345934, 41.1241768260289], [-73.2982251026624, 41.1242229554223], [-73.2982379915725, 41.1243029397375], [-73.2982242403448, 41.1243614928112], [-73.2981988953358, 41.1244332966165], [-73.2981884200667, 41.1244870533753], [-73.2981999351247, 41.1245572294514], [-73.2982389405109, 41.1246479298297], [-73.2982559199929, 41.1247180803866], [-73.2982836867362, 41.1247716529708], [-73.2983384923327, 41.1247920468931], [-73.298404086091, 41.1247958628035], [-73.2985023206978, 41.1247829979033], [-73.2986169108101, 41.1247659230214], [-73.2987154228651, 41.1247861062242], [-73.2988412858203, 41.1248102893623], [-73.2989462332217, 41.12494611653], [-73.2989359657949, 41.1250246599253], [-73.2989048693391, 41.1250972067774], [-73.2984683776655, 41.1252954369165], [-73.2980821815185, 41.1254997217017], [-73.297799301445, 41.1257337680801], [-73.2974318434918, 41.1258748195983], [-73.2971805550995, 41.1260187418027], [-73.2971343604728, 41.1261908430289], [-73.2971202243977, 41.1264264266085], [-73.2972936047971, 41.1269757194725], [-73.2976135301799, 41.1274150336128], [-73.2976349570439, 41.127508250172], [-73.2975698194973, 41.127640129792], [-73.2971854701163, 41.1277701101797], [-73.296959254408, 41.1279559394174], [-73.2968607301985, 41.1282186894058], [-73.2968462360505, 41.1284662851358], [-73.2969448680295, 41.128595324762], [-73.2971054631573, 41.1289168722845], [-73.2972104798593, 41.1290769282731], [-73.2971476836035, 41.1291909591311], [-73.2971083647982, 41.1292360873316], [-73.2969285111987, 41.1294060866193], [-73.2966828856475, 41.129549980532], [-73.2965697767996, 41.1296433215271], [-73.2965544784484, 41.1297670710938], [-73.2966719372694, 41.1298684025232], [-73.2967856877089, 41.1300414562481], [-73.2968532528788, 41.1301447384685], [-73.2968883302426, 41.1303512736291], [-73.2969639657714, 41.1305241645802], [-73.2970915909517, 41.1307827441586], [-73.2972457346208, 41.1310103230123], [-73.2973807443924, 41.1312841354373], [-73.2973571132749, 41.1316588850368], [-73.2972824051482, 41.1319216940974], [-73.2971170769661, 41.1322816814107], [-73.2966791523192, 41.1328455618815], [-73.2965227985301, 41.133139467293], [-73.2963758529654, 41.133365742276], [-73.296153415165, 41.1336800311482], [-73.2961318990854, 41.1337936891692], [-73.296197697473, 41.1339294044823], [-73.2965581971835, 41.1343606428901], [-73.2966653296058, 41.1346642608645], [-73.2966590417108, 41.1347804254425], [-73.2967628152326, 41.1349531763001], [-73.2970601908817, 41.1352968882507], [-73.2971822149088, 41.1356702568135], [-73.2972057436795, 41.1358792458505], [-73.2971347273624, 41.1360689630068], [-73.2970124381097, 41.1362047194887], [-73.2967618775442, 41.136413477821], [-73.2966861266138, 41.1365526093972], [-73.2966714732677, 41.1366456550907], [-73.2966862778019, 41.1367610266954], [-73.2967939776716, 41.1368876222464], [-73.2969878015215, 41.1370295862937], [-73.2971148461344, 41.1372169824795], [-73.2971947645837, 41.137331869471], [-73.2973379594857, 41.1374696158093], [-73.2974901773201, 41.1376014835345], [-73.2976887010885, 41.1378713904172], [-73.2977905364424, 41.1381904768893], [-73.297769529893, 41.1383106502099], [-73.2978165496544, 41.1385871124411], [-73.2980758889097, 41.1388563870986], [-73.2983948274718, 41.1392241741168], [-73.2987141940493, 41.1397782508795], [-73.2988738799101, 41.1403385796659], [-73.2989538390529, 41.1406462753737], [-73.2990049908603, 41.1407393432578], [-73.2989906240255, 41.1408382202672], [-73.2989539609585, 41.1409040964485], [-73.2987433532778, 41.140980926874], [-73.2987143730738, 41.1411234417313], [-73.2988880451156, 41.141431201179], [-73.2989173373132, 41.1415682895941], [-73.2988954865189, 41.1417222643295], [-73.2986415263689, 41.1420952025616], [-73.2983217303167, 41.1425185447329], [-73.2980387153012, 41.1428638374605], [-73.2979877703838, 41.1430122863045], [-73.2979873972227, 41.1433196819697], [-73.2980598593264, 41.1435449068642], [-73.2980744912822, 41.1436655957762], [-73.2982198391622, 41.1439506816341], [-73.2984155757433, 41.144209106562], [-73.2984377246223, 41.1442529108964], [-73.2987642043583, 41.1448404041322], [-73.2989238053209, 41.1450382718828], [-73.2991271439095, 41.1451752163907], [-73.2994757620043, 41.145263080256], [-73.2996062070255, 41.14531288542], [-73.2997449232502, 41.1454556255375], [-73.2998170949045, 41.1455377892672], [-73.3000129906272, 41.1456257002186], [-73.300463133616, 41.1456971210941], [-73.3006162201566, 41.1456864347863], [-73.3010010595193, 41.145549069267], [-73.3011534147646, 41.145559828859], [-73.3015457073131, 41.1457136895506], [-73.301727115848, 41.1457246489644], [-73.3018867739267, 41.1456864829996], [-73.3023300014594, 41.1454503659571], [-73.302504092577, 41.145428257204], [-73.3026929904584, 41.1454393489162], [-73.3029178894672, 41.1455216307652], [-73.3030200152572, 41.1455763685845], [-73.303157886966, 41.1457525573598], [-73.3033105247966, 41.1460103232495], [-73.303339631073, 41.1460980120139], [-73.3032882984557, 41.1464936484879], [-73.3032158527145, 41.1469159824764], [-73.303310464017, 41.1472894750808], [-73.3034046730193, 41.1474538672073], [-73.3036157163183, 41.147640676729], [-73.3038841652127, 41.1478001050768], [-73.3039715700667, 41.1479375998933], [-73.3039929626875, 41.1482666733124], [-73.303971009827, 41.1485410657117], [-73.3040295741946, 41.1488375410386], [-73.3041748888481, 41.1489527983216], [-73.3044871304643, 41.1490300178401], [-73.3055106318302, 41.149112019204], [-73.3057211141225, 41.1491782364306], [-73.3058375037444, 41.1492548619413], [-73.3058667905486, 41.1493097841586], [-73.3058521938517, 41.1493541114306], [-73.3057796805774, 41.1494199912462], [-73.3053437253322, 41.149606167546], [-73.3051693300231, 41.1497274364359], [-73.3049591426361, 41.1499631162294], [-73.3048937068543, 41.1502210819584], [-73.3049076725412, 41.1507426563568], [-73.3048641758915, 41.1510994963928], [-73.3047114720586, 41.1513961372625], [-73.3045517164852, 41.1516650230142], [-73.3044941206019, 41.151911974901], [-73.3046971784594, 41.1524391529296], [-73.3047917003661, 41.152532177839], [-73.3049874048213, 41.1526476996657], [-73.3058589529375, 41.152708308992], [-73.3059970827625, 41.1527520643258], [-73.3060988678637, 41.1528454006344], [-73.3069925815289, 41.1524171842682], [-73.3073336771606, 41.1523899614945], [-73.3074571959706, 41.1524228072379], [-73.3081396857558, 41.1532795634084], [-73.3100787892362, 41.1558762398423], [-73.3110017517025, 41.1571609824721], [-73.3118003619218, 41.1582586759029], [-73.313805830835, 41.1610421065027], [-73.3139726562678, 41.1612781773221], [-73.3145465248205, 41.1620470881221], [-73.3152073560872, 41.1629744119523], [-73.3155559586487, 41.1634411565578], [-73.3161300935557, 41.164210057473], [-73.3168787085968, 41.1652034880408], [-73.3171179716027, 41.1655711082701], [-73.3180335243108, 41.1668067749266], [-73.3184046033956, 41.1672951831464], [-73.3191675971525, 41.1683163214401], [-73.3195378575921, 41.1688380080317], [-73.3197924653438, 41.1691395012228], [-73.3199379026502, 41.1693650345214], [-73.3217109516141, 41.1717638742927], [-73.3222843220115, 41.1725322327299], [-73.3241570666864, 41.1751729211852], [-73.3241811445741, 41.1752000708804], [-73.3251912100855, 41.176490440899], [-73.3269218209512, 41.1787957577118], [-73.3272047908165, 41.1792406686772], [-73.3277426083237, 41.1799544605272], [-73.327960494142, 41.180201402295], [-73.3280915048274, 41.1803822255202], [-73.3282514161782, 41.1805694220436], [-73.3286146413005, 41.1810249014184], [-73.3291895403026, 41.1819470883285], [-73.3292763671003, 41.1821114967362], [-73.3300692941063, 41.1831656872471], [-73.3303158430555, 41.1835447316342], [-73.3306362931285, 41.1839614876921], [-73.3314937402009, 41.185142107992], [-73.3320462147268, 41.1858335057103], [-73.3324680581985, 41.1863879934449], [-73.3329039841718, 41.1870190891142], [-73.3337984259666, 41.1881883525785], [-73.3338496708871, 41.1882820959266], [-73.3355433441965, 41.1905269151619], [-73.3355873854631, 41.1907025161752], [-73.3357032696176, 41.1908619622992], [-73.3358200123044, 41.1909660048673], [-73.3358920671919, 41.1909990845012], [-73.3360307371912, 41.1911419485218], [-73.3361253023621, 41.1913555450302], [-73.3361902580925, 41.1915584841739], [-73.336917661046, 41.1923216938975], [-73.3371212553692, 41.1926129479949], [-73.3372232763305, 41.1928215259074], [-73.3372814247135, 41.1930244972716], [-73.337477191046, 41.1931782211271], [-73.3376083777941, 41.193271203036], [-73.3377174189222, 41.1933757968588], [-73.3378192092062, 41.1935071869088], [-73.337876939632, 41.1936393133982], [-73.3378701848078, 41.1938474238649], [-73.3378991847247, 41.1939407640078], [-73.3384011741828, 41.194456910006], [-73.3384542523684, 41.1945254215345], [-73.3382120591348, 41.1947150176585], [-73.338103010263, 41.1949622423435], [-73.3380671903855, 41.195170677171], [-73.3379436280123, 41.1955718467316], [-73.3377550469215, 41.1960162420003], [-73.3377405471835, 41.1961206083487], [-73.3377981125011, 41.1964609842695], [-73.3377037754224, 41.1968288982715], [-73.3376605346621, 41.1968946497205], [-73.3372680248105, 41.1972898271532], [-73.3371809276677, 41.1973780988916], [-73.3369559902073, 41.1974931560807], [-73.3367087275876, 41.1976253080977], [-73.336410797026, 41.1976800094719], [-73.3356549762526, 41.1978559338248], [-73.3354220379324, 41.1979658801735], [-73.3348988752852, 41.1981028706073], [-73.3344483166345, 41.1983340005792], [-73.3342310088221, 41.1984392344021], [-73.3339375326371, 41.1986110674367], [-73.3336173421405, 41.1986912675817], [-73.3334749039307, 41.1988389999274], [-73.3334236130186, 41.1990970821735], [-73.3334529475286, 41.1994319424046], [-73.3334164169017, 41.1996132738057], [-73.3333444404033, 41.1997175890406], [-73.3333412177262, 41.1998392265311], [-73.3332735295172, 41.2000164216627], [-73.3331913505736, 41.2001729417277], [-73.3331841253608, 41.2003045486231], [-73.3331482919948, 41.2005136626359], [-73.3330316818293, 41.2007056918161], [-73.3329735672236, 41.2009638085824], [-73.3330031318678, 41.2012986648924], [-73.3331121322541, 41.2016773782131], [-73.3331415564306, 41.2018696924235], [-73.3331633112473, 41.2020671888492], [-73.333250056043, 41.2023201070812], [-73.3333087324803, 41.202709369322], [-73.3332939263824, 41.2028576520395], [-73.3330181744005, 41.2032366112303], [-73.3326179741145, 41.2036427897135], [-73.3323564716867, 41.2040161823577], [-73.3323352330191, 41.2041809683331], [-73.3323715735636, 41.2045377497149], [-73.3324588346381, 41.2047462339962], [-73.332487941944, 41.2050044199634], [-73.3324153980848, 41.205070492059], [-73.3319502280546, 41.2056305226345], [-73.3317754353743, 41.2059984968706], [-73.331572122993, 41.2066074555121], [-73.331535946785, 41.2066513826914], [-73.331317768549, 41.2071729332883], [-73.3311867321414, 41.2072773798686], [-73.3310560366024, 41.2074972667506], [-73.3309545535588, 41.2079360568082], [-73.3308602316699, 41.2081339728271], [-73.3305840188951, 41.2084137795851], [-73.330395350832, 41.208474601503], [-73.3301334358813, 41.2086008080087], [-73.329936812224, 41.2087381749474], [-73.329638997624, 41.2089906405749], [-73.3293556388142, 41.209490392804], [-73.3292248189029, 41.2095943202655], [-73.3289049644172, 41.2100005949265], [-73.3289309202738, 41.2101611919743], [-73.3290796746454, 41.2103112207317], [-73.3292718056921, 41.2104608547631], [-73.3294429113263, 41.2105443870122], [-73.3297046183319, 41.2105988088796], [-73.3300972413979, 41.2106101989557], [-73.3303088191094, 41.2108513330474], [-73.3303519469832, 41.211027113287], [-73.3303379672606, 41.2111151808624], [-73.3303090097191, 41.2112302576641], [-73.3301708807071, 41.2113565227855], [-73.3299450474296, 41.2115046753254], [-73.3296620642978, 41.2116639224206], [-73.3296115291681, 41.2117031158185], [-73.3293929218672, 41.2118728451349], [-73.3293295518878, 41.2120527658179], [-73.3292797431729, 41.2123019158282], [-73.3292560115148, 41.2125706617749], [-73.329211337209, 41.2129381486343], [-73.3292185413577, 41.212981509761], [-73.3291640703177, 41.2132428609845], [-73.3225518295716, 41.2131085463875], [-73.3206830656785, 41.2130921539402], [-73.316910264996, 41.2129992362772], [-73.3158267570422, 41.2130042554994], [-73.3128169298361, 41.2129827336448], [-73.3102946260661, 41.2129383342803], [-73.3050166911832, 41.2128721123851], [-73.3018609404356, 41.2128117263732], [-73.3014828437818, 41.2129873134518], [-73.3010615853686, 41.2131905560527], [-73.3003193904468, 41.213667737098], [-73.2998397914692, 41.2138492991011], [-73.2997229973136, 41.2139532951631], [-73.2988510284076, 41.2147494634558], [-73.2978549179738, 41.2155894467964], [-73.297556583213, 41.2157979173228], [-73.2970620138766, 41.2160668491397], [-73.2965599650658, 41.2164457710384], [-73.2961963799315, 41.2167583301546], [-73.2957895901216, 41.2171481122637], [-73.2954036980301, 41.2175376232647], [-73.295076271554, 41.2178556680441], [-73.2946986820242, 41.2181525048455], [-73.2942399844509, 41.2184485295854], [-73.2937311208202, 41.2187230042665], [-73.2928875681605, 41.2190465789074], [-73.2917608622055, 41.2196615566525], [-73.2907350929715, 41.2203420888795], [-73.2901611344101, 41.2207974835628], [-73.2895283241604, 41.221390551051], [-73.289353386036, 41.2216373581235], [-73.2889168454678, 41.2223948577319], [-73.2883489296708, 41.2236682672752], [-73.2883052579895, 41.2237177024815], [-73.2875274564949, 41.2240635729042], [-73.2874692964781, 41.2241185646218], [-73.287214232489, 41.2242667692669], [-73.2863489564478, 41.2244751282408], [-73.2844436946185, 41.2251444501152], [-73.2842840103713, 41.2252596114781], [-73.2839706521406, 41.2257261053647], [-73.2838691815769, 41.226209450165], [-73.2838686761919, 41.2262583443315], [-73.2837742031356, 41.2267636101258], [-73.2837228417509, 41.2268731223336], [-73.283446533404, 41.2271476652592], [-73.2833228753908, 41.2272523619759], [-73.2831409471771, 41.2274551058726], [-73.282813793117, 41.2280424217237], [-73.2825443309596, 41.2287397701575], [-73.2822894374546, 41.2291346308094], [-73.2816421360587, 41.229584831268], [-73.2811253466451, 41.2299634090277], [-73.2805364185413, 41.2307207210638], [-73.2799904942418, 41.2313188212169], [-73.2796192107978, 41.2316263891099], [-73.2795101905186, 41.2316320394046], [-73.2792773800906, 41.2315880037217], [-73.2792338062892, 41.2315384625675], [-73.2790164384032, 41.2310166248813], [-73.2788924102764, 41.2308245622374], [-73.2782091265284, 41.2302316356421], [-73.2778458251903, 41.2298693108018], [-73.2777079170945, 41.2295615285987], [-73.2776138323, 41.2293912802527], [-73.2772715785114, 41.2290178811168], [-73.2769163050405, 41.2285510545099], [-73.2768433444042, 41.2284632213232], [-73.2767778366595, 41.2283424189748], [-73.2763708472229, 41.2277440873219], [-73.2762623580865, 41.2276179928504], [-73.274939285937, 41.2263439010091], [-73.2739727725115, 41.2253278662784], [-73.2737984563863, 41.2251518096667], [-73.2735735044944, 41.2248939878166], [-73.2731299725212, 41.2241527542666], [-73.2729194080619, 41.2239603970541], [-73.2724906585589, 41.223559419942], [-73.2721566627832, 41.2231310758429], [-73.2718364522742, 41.2228069618612], [-73.2711099452983, 41.2219611714548], [-73.2703257210889, 41.2210825312322], [-73.2701435843975, 41.2208629372387], [-73.2695115469207, 41.2201493031079], [-73.2690980087971, 41.2196273104723], [-73.2671583133674, 41.2173040710897], [-73.2666788311279, 41.216711521528], [-73.2657418688565, 41.2156350741866], [-73.2654871575587, 41.2152831991979], [-73.2652554759575, 41.2149701648979], [-73.264667049156, 41.2143280098159], [-73.2645282697319, 41.2141576110032], [-73.2641866706327, 41.2139047582219], [-73.2640125719481, 41.2136909507744], [-73.2637150990347, 41.2131854001682], [-73.2635119575621, 41.2127735948684], [-73.2634469101676, 41.2124169224327], [-73.2633522022505, 41.2123619402593], [-73.2632790644732, 41.2123619282838], [-73.2631413847661, 41.2124167478871], [-73.2629447883802, 41.2125483393008], [-73.2625231959761, 41.2129547094432], [-73.2624650372208, 41.2129542862776], [-73.2624209836707, 41.2129266925414], [-73.2623992644272, 41.2128226686861], [-73.2624071423206, 41.2124660098804], [-73.2621887675752, 41.2127459073685], [-73.2618028489355, 41.2134149072513], [-73.261409596557, 41.2141341997032], [-73.2612930722382, 41.2143096834962], [-73.2606750838375, 41.2148476367563], [-73.2601648589916, 41.215398483215], [-73.2601944495209, 41.2154347141338], [-73.260237709236, 41.2157089780093], [-73.2602011118194, 41.2159674758563], [-73.2600408030288, 41.2164997775931], [-73.2599101981483, 41.2166475372822], [-73.2594952325943, 41.2167735773401], [-73.2590665759973, 41.2168341472438], [-73.2589645024869, 41.2168833173749], [-73.2587609299003, 41.2170259107519], [-73.2585575509083, 41.2171630134159], [-73.2583684072696, 41.2173499714475], [-73.258266195045, 41.217410292673], [-73.2579898119316, 41.2176842586589], [-73.2578584704987, 41.2178544886684], [-73.257669333161, 41.2180138294408], [-73.2574734107135, 41.2182056183626], [-73.2574002447758, 41.2183210420873], [-73.2573131524312, 41.2183979324853], [-73.2571746750794, 41.2185568749916], [-73.2566871776989, 41.2191163515783], [-73.256505535627, 41.2193636505308], [-73.2564469677793, 41.2195445378297], [-73.2564611202908, 41.2199343739422], [-73.2564320336399, 41.2201376029926], [-73.2564170099728, 41.220280384086], [-73.256300247219, 41.2206040761781], [-73.2557976351573, 41.2215315606128], [-73.2556669465165, 41.2219050533272], [-73.2556522578527, 41.2221795768611], [-73.2555792117707, 41.2223991191057], [-73.2552730133708, 41.2227282769391], [-73.2548803832723, 41.2233101444862], [-73.2548655412286, 41.2233594396364], [-73.2547784346937, 41.2235241520599], [-73.2546179265922, 41.2238917747109], [-73.2545087297402, 41.2240787164809], [-73.254344974499, 41.2246149685359], [-73.2541076907135, 41.2248388398749], [-73.2540203272926, 41.2249999547581], [-73.2539230012561, 41.2252832436464], [-73.2536296517155, 41.2257497354112], [-73.2534528944165, 41.2259277130084], [-73.2531832399186, 41.2261088410576], [-73.2525570170199, 41.2266629039243], [-73.252251656186, 41.2270472810614], [-73.2519385053759, 41.2276893400607], [-73.25198161311, 41.2279473103404], [-73.252010399595, 41.2283811675982], [-73.251951802921, 41.2286498785214], [-73.2517846899677, 41.2289902485303], [-73.2515664197491, 41.2292375297841], [-73.2512459966966, 41.2297037965192], [-73.2512166583301, 41.229818680564], [-73.2513325913123, 41.2300615829671], [-73.2513473397415, 41.2301778189703], [-73.2513906774917, 41.2302879273594], [-73.2513688719869, 41.2304662464284], [-73.2513101284413, 41.2305092173745], [-73.2511654628693, 41.2305189412232], [-73.2510125157553, 41.2305449981313], [-73.2505543867436, 41.2307748006607], [-73.2503217490002, 41.230897951415], [-73.2501618295993, 41.2310521729686], [-73.2501404554611, 41.2311093883894], [-73.2500749272545, 41.2311870388534], [-73.2499733613696, 41.231365019615], [-73.2496543452422, 41.2317813573905], [-73.2495597497477, 41.2318900077221], [-73.2493072480189, 41.2319722444965], [-73.2490377048067, 41.2319946928224], [-73.2487747785344, 41.2319613590469], [-73.248644440449, 41.2319729023565], [-73.2485225234703, 41.2319866459446], [-73.248192394582, 41.2316032045589]]]}, "properties": {"FID": 2, "ID": 0, "TOWN_CODE": 46, "TOWN_NAME": "Fairfield", "CIS_TOWN_C": 260, "SHAPE_AREA": 847986631.306, "SHAPE_LEN": 197509.668637, "GlobalID": "00092a64-2f6b-4df2-9dab-2e7850ea1f81"}}, {"type": "Feature", "id": 3, "geometry": {"type": "Polygon", "coordinates": [[[-72.9921692538224, 41.2447933971805], [-72.9921943708762, 41.2447020884227], [-72.9922741057661, 41.2446309053146], [-72.9923467080757, 41.2445978202097], [-72.9924775734367, 41.2445870780334], [-72.9927468844538, 41.2445866804274], [-72.9929501033178, 41.2444771521058], [-72.9930808911583, 41.2444439431004], [-72.993182743455, 41.2444547050059], [-72.9932556752937, 41.2445094378674], [-72.9932415106254, 41.2446741423802], [-72.9932990955343, 41.2446964898907], [-72.9933793836369, 41.2446524068856], [-72.9934444623606, 41.2445532948793], [-72.9934664933973, 41.2444878958128], [-72.9934595735508, 41.2443999128163], [-72.9936552557861, 41.244097598377], [-72.9935899524545, 41.244015401814], [-72.9935175192411, 41.2439719834596], [-72.9934080470058, 41.2437464816478], [-72.9934298065666, 41.2436697586699], [-72.9934802418165, 41.2436036099734], [-72.993444084403, 41.243537818176], [-72.9933929529823, 41.2434777204332], [-72.9934294001255, 41.243439049214], [-72.9936690358051, 41.2434059453858], [-72.9938872368419, 41.2432910697474], [-72.9939887187376, 41.2431424766447], [-72.9940549739451, 41.2430546834478], [-72.9940849009935, 41.2430307671404], [-72.9940972585969, 41.243011973682], [-72.9940934535092, 41.2429903958414], [-72.9940762272635, 41.242969305399], [-72.99404108532, 41.2429510930337], [-72.9939825879986, 41.2429343306913], [-72.9939676353031, 41.2429240378496], [-72.9939625906808, 41.2429052842825], [-72.9939872302633, 41.2428442321489], [-72.9940008448047, 41.2428282541478], [-72.9940418132539, 41.2428122129468], [-72.9941135638011, 41.2428003027523], [-72.9942008360424, 41.2427818435164], [-72.9942330412762, 41.2427498698243], [-72.9942503802624, 41.2427329430711], [-72.9942700101547, 41.2426615817834], [-72.994302250928, 41.2426408657402], [-72.9943798980178, 41.2424586531628], [-72.9943921511334, 41.2424107708874], [-72.9944292468632, 41.2423572007517], [-72.9944625547508, 41.2422876875816], [-72.994499673122, 41.2422406908909], [-72.9945119553608, 41.2421993729226], [-72.9944881231882, 41.2421440582871], [-72.9944184618616, 41.2421320077392], [-72.9943450402897, 41.2421143331367], [-72.9942963772247, 41.2420675194838], [-72.9942838088643, 41.2420309479042], [-72.9943046458366, 41.2419511394926], [-72.9943355702211, 41.2419088459146], [-72.9944100969252, 41.2418908556393], [-72.9945282077146, 41.2418915450177], [-72.9946488997436, 41.241917560269], [-72.9946960667256, 41.2418977544139], [-72.9947505307575, 41.2418338272868], [-72.9947627667887, 41.241781246022], [-72.9947613331453, 41.2417305825553], [-72.9947698320563, 41.241677070603], [-72.9948137504496, 41.2414536380368], [-72.994808609183, 41.2414076702356], [-72.9947636946458, 41.2413655336978], [-72.9947163948819, 41.2413515631149], [-72.9946692362736, 41.2413732470098], [-72.994618353705, 41.2413977548561], [-72.9944939838941, 41.2413848818129], [-72.9944354440039, 41.2413559149436], [-72.9944017421878, 41.2413193884759], [-72.9944051388284, 41.2412311699055], [-72.994388857403, 41.2411993017285], [-72.994352602697, 41.24114495224], [-72.9942723779213, 41.2409696443135], [-72.9941687760011, 41.2409135364478], [-72.9940269570522, 41.2408359759601], [-72.9937981867657, 41.2408308318277], [-72.9937037010004, 41.2408310329156], [-72.9932837484784, 41.2409004291459], [-72.9932277913817, 41.2408958546314], [-72.9931966988951, 41.2408931074501], [-72.993174292096, 41.2408856463494], [-72.9931580628738, 41.240867852353], [-72.9931603938289, 41.2408246811183], [-72.9931850462237, 41.2407683252919], [-72.9932147339712, 41.2407288506557], [-72.9932258447545, 41.2407072411072], [-72.9932703511456, 41.240678238843], [-72.9933326249662, 41.2406704187139], [-72.9933600172069, 41.2406816217727], [-72.9933834582266, 41.2406337123129], [-72.9933729463821, 41.2404817125674], [-72.9934371705219, 41.2403689683998], [-72.9934541113427, 41.2402431889184], [-72.9933718894374, 41.2401983207339], [-72.9932723160284, 41.2401666244393], [-72.9931604154877, 41.2401640460523], [-72.9930945944421, 41.2401820198529], [-72.9930300830759, 41.2402187523422], [-72.9929880385234, 41.240278896918], [-72.9928987294943, 41.2403335160149], [-72.9928204792644, 41.240354326413], [-72.9927657897504, 41.2403563196934], [-72.992739651791, 41.2403479298517], [-72.9927135017267, 41.2403357832319], [-72.9926885443022, 41.2403114397682], [-72.9926747701531, 41.2402851959614], [-72.9926721792512, 41.2402570476], [-72.9926894632889, 41.2402241644658], [-72.9927203816207, 41.2401809333612], [-72.9927563395668, 41.240155522128], [-72.9927948074181, 41.2401357347873], [-72.9928569078298, 41.2401187105315], [-72.9929016698306, 41.2401214316247], [-72.9929265685819, 41.2401307627303], [-72.9930084536821, 41.2400855453847], [-72.9930543441155, 41.240056358995], [-72.9930926796692, 41.2400018479774], [-72.9931074439263, 41.2399605283978], [-72.9931072796129, 41.2399164237848], [-72.9929541003754, 41.2396905175066], [-72.9928795849647, 41.2395321649561], [-72.9928607235204, 41.2394740213074], [-72.9928568389754, 41.2394336792716], [-72.9928691066047, 41.239389548997], [-72.9929483886467, 41.2393124293684], [-72.9929706304345, 41.2392767252745], [-72.9929742080447, 41.2392363681135], [-72.9929517408068, 41.2392120138017], [-72.9929044164421, 41.2391886593112], [-72.9928447052949, 41.2391793999136], [-72.9927862893714, 41.2391832728317], [-72.9926981135385, 41.2392078609895], [-72.9926423112282, 41.2392455134818], [-72.9926150739307, 41.2392765403521], [-72.99258531789, 41.2392963119931], [-72.992536853247, 41.239302979723], [-72.9925020364908, 41.2393002402412], [-72.9924909038479, 41.239316217733], [-72.9924000700484, 41.2392938881996], [-72.9923641643315, 41.2392016988588], [-72.9923968551216, 41.2390987073197], [-72.9923877462231, 41.2389889342267], [-72.992381250599, 41.2389138745431], [-72.9923946007189, 41.2388265757348], [-72.9924637920981, 41.238711946347], [-72.9926137592008, 41.2385886963724], [-72.9926509651962, 41.2385642211958], [-72.9926869711299, 41.2385519456733], [-72.9927230061309, 41.2385462372732], [-72.9927603447086, 41.2385574186928], [-72.9927579630652, 41.2385865134584], [-72.9927556086528, 41.238622178172], [-72.9927581725185, 41.238642816509], [-72.9927684660878, 41.2386525432547], [-72.9927859024768, 41.2387450463441], [-72.9928059820357, 41.2387956787475], [-72.9928498388751, 41.2388120364195], [-72.9928931896667, 41.2388452252104], [-72.9929591771527, 41.2388723025345], [-72.9930302672225, 41.2388793533455], [-72.9931232453965, 41.2388635042041], [-72.9932013920991, 41.2388164201129], [-72.993309367271, 41.2387673931499], [-72.9933614358195, 41.2387278681074], [-72.9933873667216, 41.2386808955323], [-72.9934008521787, 41.2386292560382], [-72.9933919204243, 41.2385701576141], [-72.9933567988435, 41.2384848362235], [-72.9932580149861, 41.2383311494384], [-72.9931875881472, 41.238114528151], [-72.9931276439358, 41.238041461436], [-72.9930740071753, 41.2379937135205], [-72.9930068084755, 41.2379750889942], [-72.9928763196499, 41.2379866291642], [-72.9927471641111, 41.2380225599044], [-72.9926999309417, 41.2380254760261], [-72.9926551669077, 41.2380218189986], [-72.9926066234481, 41.2380050271374], [-72.9925667658555, 41.23798540857], [-72.9925492870101, 41.2379657369757], [-72.9925416570804, 41.2379188349584], [-72.9925539411416, 41.23787939523], [-72.9925910846438, 41.2378389634701], [-72.9926717093987, 41.2377909365155], [-72.9926990689079, 41.2377936945581], [-72.9926755299914, 41.2378143889136], [-72.9927028660036, 41.2378105762962], [-72.9927450767694, 41.2377954715864], [-72.9927649081462, 41.2377794784389], [-72.99279472396, 41.2377747218705], [-72.9929076261525, 41.2377144263821], [-72.9929870074495, 41.2376645216857], [-72.9930614534887, 41.2376268273429], [-72.9931048795928, 41.2376042105386], [-72.9931706912954, 41.2375834291556], [-72.9933956218171, 41.2375613681967], [-72.9934216467352, 41.237539730438], [-72.9934127916184, 41.2374993961681], [-72.9934412687465, 41.2374674306033], [-72.9934484670386, 41.2373979731928], [-72.9934769331669, 41.2373650717797], [-72.9935104393336, 41.2373481079458], [-72.9935215816766, 41.2373358843187], [-72.993521518649, 41.2373189946668], [-72.9935102467356, 41.2372964947039], [-72.9934915219408, 41.2372749513663], [-72.9934441721854, 41.2372459630074], [-72.9932948731844, 41.2372143745314], [-72.9932165321337, 41.2372070322506], [-72.9932189741633, 41.2371967051773], [-72.9932487225255, 41.2371731843119], [-72.9933417943138, 41.2371279429473], [-72.9934024923626, 41.2370696359229], [-72.993429690567, 41.2370292250227], [-72.9934232385136, 41.2369663645238], [-72.9934006643236, 41.2369129215046], [-72.9933259076599, 41.2368680374172], [-72.9932126818492, 41.2368420042229], [-72.9931032318511, 41.2368291015103], [-72.9928864331424, 41.2368356649861], [-72.9926619422865, 41.2368356638043], [-72.992612139708, 41.2368141861679], [-72.9925759726479, 41.2367823605523], [-72.9925758889303, 41.2367598389068], [-72.9926539806821, 41.2367005511417], [-72.9927619353243, 41.2366468369801], [-72.9928451083213, 41.2366156935776], [-72.9929295948283, 41.2366023764902], [-72.9930178334546, 41.2365956192776], [-72.9931546870906, 41.2366253592997], [-72.9932505109872, 41.2366514288114], [-72.9933624148433, 41.236657758972], [-72.9935015921344, 41.2366433921806], [-72.9935810038944, 41.2366028674039], [-72.9936304775344, 41.2365351973991], [-72.9936425259533, 41.2364328887506], [-72.9936297978945, 41.2363531518241], [-72.9936257950895, 41.2362799635318], [-72.9935909742859, 41.2362535278217], [-72.9936168349397, 41.2362114819588], [-72.9936466529748, 41.2362057836782], [-72.9936241099764, 41.236162668845], [-72.9936165406664, 41.236132654442], [-72.9936350587006, 41.2360978960977], [-72.9936585427126, 41.236061248434], [-72.9936912660281, 41.2360299981473], [-72.9937277719264, 41.2359578794278], [-72.9937325741134, 41.2359118840741], [-72.9937156688207, 41.2358732721635], [-72.9937248328361, 41.2358368270955], [-72.9937197689461, 41.2358115028386], [-72.9936636442061, 41.2357543878115], [-72.9936560653249, 41.2357322720535], [-72.993528972456, 41.2356514441378], [-72.9934643150604, 41.2356487662952], [-72.9932365973225, 41.2355882497871], [-72.9930086625502, 41.2355458203047], [-72.9927978070023, 41.2354910312692], [-72.9927525630009, 41.2354644698556], [-72.9927387742509, 41.2354335320118], [-72.9927323442221, 41.2353753704058], [-72.9927432934577, 41.2353115336025], [-72.9927741056305, 41.2352401516327], [-72.9928087326174, 41.235192216444], [-72.9928360004943, 41.2351696403147], [-72.9928781929941, 41.2351498450335], [-72.9929465816732, 41.2351543905286], [-72.9932403470445, 41.235259803975], [-72.9933995575938, 41.2352838648799], [-72.993562303257, 41.2352563064926], [-72.9937136974906, 41.2351846656458], [-72.9937073364604, 41.2351462034292], [-72.9937109617383, 41.2351180453631], [-72.9937829738129, 41.2350944287834], [-72.9938426182348, 41.2350867952296], [-72.9938750167227, 41.2351092480683], [-72.9939112996883, 41.2351701704859], [-72.9939275571789, 41.2351973454298], [-72.9939574491267, 41.2352122970109], [-72.9939835783901, 41.2352178733843], [-72.9940196084305, 41.2352131032538], [-72.9940854665575, 41.2352054563335], [-72.9941451354057, 41.2352053291432], [-72.9942210358761, 41.2352239372543], [-72.9943281129146, 41.2352696883761], [-72.9943766690315, 41.2352892905814], [-72.9944662150662, 41.2353003600278], [-72.9944250729099, 41.2352694814747], [-72.9943915016873, 41.2352667371024], [-72.9941711519002, 41.2351827525523], [-72.9940890705994, 41.2351716634527], [-72.9939834450597, 41.2351822111233], [-72.993977189123, 41.2351719018593], [-72.9939547446917, 41.2351541212104], [-72.9938977123589, 41.235075711033], [-72.9938487196465, 41.2350567545408], [-72.993800205001, 41.2350484132883], [-72.9936549023763, 41.2350862560919], [-72.9934737058897, 41.2351664089842], [-72.9933132173811, 41.2351320318194], [-72.9931451656717, 41.2350713911593], [-72.993054286063, 41.2350349856656], [-72.9930044390664, 41.2350022449212], [-72.99300062389, 41.2349797347031], [-72.9932848161775, 41.2348318292386], [-72.9933691193066, 41.2347884514895], [-72.9934474700575, 41.2347976709865], [-72.9935369863186, 41.2348012353513], [-72.993604190561, 41.2348226783821], [-72.9936341121275, 41.2348451309369], [-72.9936578381587, 41.2348741722946], [-72.9936641185576, 41.2348910543425], [-72.9936790529771, 41.2348957124176], [-72.9936988797301, 41.2348787783312], [-72.993713693366, 41.2348505957528], [-72.9937173396448, 41.2348280661658], [-72.9937048246325, 41.2348055688636], [-72.9936786360077, 41.2347840442469], [-72.9936411244765, 41.2347250038219], [-72.9934693995962, 41.2346775100627], [-72.9932728976913, 41.2346544706654], [-72.9930827672148, 41.2346717613734], [-72.9929324967782, 41.2347096194275], [-72.9928592830144, 41.2347454316358], [-72.9927586422745, 41.234758780815], [-72.9927188103562, 41.2347447935798], [-72.9927323878999, 41.2347184889867], [-72.9927744535243, 41.2346649088119], [-72.9928674946008, 41.234614039357], [-72.9929071352967, 41.2345764153917], [-72.9929493413692, 41.2345603747453], [-72.9930260998023, 41.2344757573122], [-72.993071926848, 41.2344306142901], [-72.9930827952231, 41.2343452007885], [-72.9930900951504, 41.2343020189837], [-72.9930799175415, 41.2342410437064], [-72.9930598864689, 41.2342026104669], [-72.9930274579786, 41.2341726544006], [-72.9929963512188, 41.2341652110253], [-72.9929603771136, 41.2341426200856], [-72.9929586876413, 41.2340658182991], [-72.9928915349414, 41.2340584569833], [-72.9928891633002, 41.2340894290879], [-72.9928742884932, 41.2341007240084], [-72.9926604365373, 41.2340908519426], [-72.9925560150435, 41.2340901351864], [-72.9924057958113, 41.2341430027808], [-72.9922891785171, 41.2342061237911], [-72.9922296859039, 41.2342522312681], [-72.9921439927339, 41.234274934318], [-72.9920893043325, 41.2342778659576], [-72.9920147791976, 41.2342920972452], [-72.9919289998602, 41.234291339816], [-72.9917413048686, 41.2342945521928], [-72.9915076602912, 41.2343100575964], [-72.9913846942634, 41.2343384671986], [-72.9912998236881, 41.2343793560744], [-72.9912357516622, 41.2344007172912], [-72.9912147713975, 41.2344411138795], [-72.9912049419436, 41.2344721037623], [-72.991214972569, 41.2344955403239], [-72.9912572405028, 41.2344963871502], [-72.9912635574726, 41.2345235911407], [-72.9912450244994, 41.2345555359274], [-72.9912189933564, 41.2345743550843], [-72.9912116482618, 41.2346044010616], [-72.9911856651466, 41.2346382381732], [-72.9911521833608, 41.2346608305076], [-72.9910901424952, 41.2346919303113], [-72.9909808772079, 41.2347259398602], [-72.9907919097511, 41.2347216439719], [-72.9907509370571, 41.2347348680203], [-72.9906551855116, 41.234726624729], [-72.9906389515863, 41.234706953035], [-72.9906116073024, 41.2347079491617], [-72.990537039068, 41.2347137371407], [-72.9904785311343, 41.2346913388909], [-72.9904709357721, 41.2346538149514], [-72.9904552489188, 41.23462750041], [-72.9902494604774, 41.2345989198694], [-72.9899191003512, 41.2346812488723], [-72.9898731681224, 41.2346991756577], [-72.9898521063818, 41.2347189255771], [-72.9897467321586, 41.2347960921002], [-72.989658747196, 41.234871349709], [-72.9896052913072, 41.2348714615627], [-72.9895842025281, 41.234884644292], [-72.989553163137, 41.2348950311111], [-72.9895010098084, 41.2349092195809], [-72.9893705743868, 41.2349348273185], [-72.9892898316028, 41.2349518858425], [-72.9892128436442, 41.2349580925474], [-72.9891618107347, 41.234957784599], [-72.9890574390839, 41.2349692609674], [-72.9889084934733, 41.2350324488079], [-72.9887222350375, 41.2350900800937], [-72.9885732210725, 41.2351316788676], [-72.9885397858585, 41.235168346916], [-72.9882815090859, 41.235248649289], [-72.9881412084471, 41.2352949199224], [-72.9880716707794, 41.2353157117858], [-72.9879300352564, 41.2353385244396], [-72.9878219566311, 41.2353584547327], [-72.9876651648303, 41.2353744327303], [-72.9875958467482, 41.2353955252635], [-72.9873847215899, 41.2354522672809], [-72.9872741854322, 41.2354806466911], [-72.9872120492107, 41.235485465963], [-72.9871498590347, 41.2354762087355], [-72.9870703705739, 41.2354960812191], [-72.9869440235319, 41.2354247450129], [-72.9868909943838, 41.2353951080651], [-72.9868684189596, 41.2353407250929], [-72.9868708840316, 41.2352818695722], [-72.9870942340044, 41.2350812818111], [-72.9872547007436, 41.2349475350058], [-72.9873650216417, 41.2347852420236], [-72.9874899774397, 41.2345563332402], [-72.9875301812438, 41.2343299201133], [-72.9872948272285, 41.2338292677502], [-72.9871589372175, 41.2337803560412], [-72.9870009611834, 41.2337306530843], [-72.9868712556445, 41.2336451551249], [-72.9867983067754, 41.2335452459922], [-72.9867473190183, 41.2334095522892], [-72.986702210604, 41.2331547277006], [-72.9865187818246, 41.2330478998444], [-72.9867203805622, 41.2329426561666], [-72.9870730163786, 41.2327156018429], [-72.9874000366402, 41.2324795950127], [-72.9877197772428, 41.2321168238861], [-72.9877411852859, 41.2318807502629], [-72.9876686205529, 41.2315462435842], [-72.9875155166053, 41.2315570208337], [-72.9872672776329, 41.2316110151983], [-72.9874353006982, 41.2313876217997], [-72.9874352916818, 41.2311784417652], [-72.9873075175814, 41.2310692521417], [-72.9875320426718, 41.2309094693782], [-72.9878681881213, 41.2304945456057], [-72.9882325058774, 41.2300901855243], [-72.9884004034787, 41.2298349301394], [-72.9882873467019, 41.2296970905613], [-72.9885119460142, 41.2295585459799], [-72.9886516999587, 41.2293033481228], [-72.9888752836473, 41.2288886579455], [-72.9891262603766, 41.2282721079973], [-72.98904118707, 41.2280917259045], [-72.9894199811054, 41.2278041663223], [-72.9900088633656, 41.2272612515582], [-72.9903022212654, 41.2266977160888], [-72.9906657194533, 41.226080923607], [-72.9912923814203, 41.2257808108101], [-72.9914668393083, 41.2255884955448], [-72.9916844765557, 41.2252758459124], [-72.9917498697395, 41.2252043504058], [-72.9918519885279, 41.2252314068831], [-72.9919243241301, 41.2251331373876], [-72.9919171218971, 41.225028862871], [-72.9918444236888, 41.2249684642608], [-72.9919678338937, 41.2248585951227], [-72.9919819755524, 41.2246882282868], [-72.9919235286544, 41.2245509555363], [-72.9919238892944, 41.2243421996471], [-72.9918435897305, 41.2243149243129], [-72.9917565334594, 41.2243043000554], [-72.9918074496112, 41.2242489618528], [-72.9917781720573, 41.224134096572], [-72.991698116518, 41.2240517564467], [-72.9917129317544, 41.224002323253], [-72.9918433201317, 41.2239360063332], [-72.991967289535, 41.2238537516983], [-72.9919376392711, 41.2237001233887], [-72.992148745298, 41.2236507888155], [-72.9922572530088, 41.223442147719], [-72.9922066581701, 41.2233377900581], [-72.9923296849256, 41.2231236287578], [-72.992087103629, 41.2230095274393], [-72.9919321506033, 41.2228931874907], [-72.9919389104493, 41.2227320557489], [-72.992026800474, 41.2226207572999], [-72.9920779586244, 41.2225262049335], [-72.992158775039, 41.2224926984732], [-72.9922252860004, 41.2225703377363], [-72.9922845638288, 41.2226813250238], [-72.9924392496662, 41.2227254454939], [-72.9925130600194, 41.2227863985394], [-72.9924988441184, 41.2229197667034], [-72.9927154517926, 41.2230629452195], [-72.992787779698, 41.2232060232446], [-72.9932314353338, 41.2233759294272], [-72.9936098516035, 41.2234140637476], [-72.9937694629469, 41.2233864491129], [-72.9940676857056, 41.2233645440021], [-72.9944525689917, 41.2231882429282], [-72.9945185836969, 41.2231004497859], [-72.9944343377447, 41.2229878735729], [-72.9945178646228, 41.222908501647], [-72.9945396559378, 41.2229033113728], [-72.9946196863388, 41.2229192650977], [-72.994729318787, 41.2230130310053], [-72.9948816575209, 41.2229852596276], [-72.9949687509825, 41.2228866130402], [-72.9949979601108, 41.2228589327348], [-72.9950345365943, 41.2228590273051], [-72.9951433356134, 41.2229138579018], [-72.9951506716903, 41.2229905162553], [-72.9950924665583, 41.2231606286601], [-72.9950924275019, 41.2232102007017], [-72.9952750647886, 41.2233856353172], [-72.9953769310538, 41.2234679205933], [-72.9954786130903, 41.2235011527355], [-72.9958201883633, 41.2235285541431], [-72.9959001343327, 41.2235225501962], [-72.9960378734228, 41.2234788582051], [-72.9961763570001, 41.2233905626821], [-72.9962490184636, 41.2233799440169], [-72.9962927015875, 41.2233357647081], [-72.9962999903557, 41.2232204783272], [-72.9964163106848, 41.2232207388435], [-72.9965028895197, 41.223165491811], [-72.9966924460401, 41.2229458638541], [-72.996619000995, 41.222808798617], [-72.9966414106833, 41.2227867940885], [-72.9967575245059, 41.2227922026534], [-72.9968013069456, 41.2227754686073], [-72.9968012239366, 41.222753515338], [-72.9967426939525, 41.2227153877087], [-72.9968513514887, 41.2225506544014], [-72.9967718316939, 41.2224901035826], [-72.9968949236874, 41.2222980606626], [-72.9969936763616, 41.2222784657462], [-72.9971277095527, 41.222336325141], [-72.997149663942, 41.2223750444283], [-72.9972442793356, 41.2224021179126], [-72.9973390578252, 41.222473438626], [-72.9976077874214, 41.2225834955716], [-72.997905737205, 41.2226708515462], [-72.9979714401809, 41.2227424096329], [-72.998007855957, 41.2228190048296], [-72.9982186719403, 41.2229943709184], [-72.9982990542995, 41.2230441114655], [-72.9984807708562, 41.2230327419391], [-72.9990767642937, 41.2228736310188], [-72.9992952501225, 41.2227361020888], [-72.9995639278305, 41.2226535261391], [-72.9996410765125, 41.2224622485541], [-72.9996466588678, 41.2223033440131], [-72.999652294829, 41.2221584618513], [-72.999757090884, 41.222046075098], [-72.9998374447225, 41.22201785901], [-72.9998933641398, 41.2220738157308], [-72.9998937935372, 41.2221859730006], [-72.9999009507063, 41.2224383173818], [-73.0000123815584, 41.2224427478191], [-73.0001054910416, 41.2225126450187], [-73.000155708331, 41.2226947919571], [-73.0001187128671, 41.222732258846], [-73.0001066729047, 41.2228210790762], [-73.0001670891034, 41.2229419313564], [-73.0002400304349, 41.2230055793178], [-73.0004219002124, 41.2230948953262], [-73.0005266831094, 41.2231075293141], [-73.0007423863673, 41.2231338163847], [-73.0010703665363, 41.2231109685689], [-73.0015587732112, 41.2230968626238], [-73.001783748257, 41.2230529692013], [-73.002286116966, 41.2228882207297], [-73.002853195707, 41.2226583169486], [-73.003093428875, 41.2225047759597], [-73.0038572222117, 41.2219173003575], [-73.0046432145219, 41.2211992340753], [-73.0046796532833, 41.2211058336224], [-73.0046290678195, 41.2209517414697], [-73.0045491767592, 41.2208529430707], [-73.0043531778732, 41.2205782367606], [-73.0043460055828, 41.220369840986], [-73.0044117694491, 41.2202218332814], [-73.0046804085217, 41.2198431764783], [-73.0051105460436, 41.2192835361173], [-73.0051680340335, 41.2192281737589], [-73.0053066804212, 41.2190144778202], [-73.0053870328777, 41.2188221808835], [-73.0055251755995, 41.2184215139055], [-73.0055689288981, 41.2181087118452], [-73.0055406026073, 41.2180096289742], [-73.0055330053915, 41.2178671001827], [-73.0056203423776, 41.2177188707508], [-73.005918811574, 41.2172471761838], [-73.006028386939, 41.2169783072316], [-73.0060721193307, 41.2165445754343], [-73.0064143421551, 41.2160506497118], [-73.0064292608446, 41.2159737665158], [-73.0064004486461, 41.2155786180457], [-73.0064227235218, 41.2154084094585], [-73.0066698841435, 41.2148321921726], [-73.006997576643, 41.2142288586508], [-73.0070778579721, 41.2139650301873], [-73.0072091284249, 41.2136690119709], [-73.0073108519391, 41.2133121634686], [-73.0073698032732, 41.2129387741397], [-73.007434757249, 41.2127631534755], [-73.0076100545098, 41.2121706259063], [-73.0077567543194, 41.2112977009073], [-73.0078797848483, 41.2110454394261], [-73.0079528661071, 41.210627938094], [-73.0080628370128, 41.2103482608167], [-73.0081789693864, 41.2101340955265], [-73.0082296327785, 41.2100792633703], [-73.0084332536438, 41.2099312850041], [-73.0086587100077, 41.2098491229942], [-73.0087610159971, 41.2098159573499], [-73.0092550299473, 41.20975017569], [-73.0095171477467, 41.2096353401928], [-73.0097349619507, 41.2094595366252], [-73.0099023270727, 41.2092783626839], [-73.0100625513764, 41.2091303070757], [-73.0105791820345, 41.2087575909916], [-73.0112481046453, 41.2081318541629], [-73.0115537889381, 41.2078359482839], [-73.0123322200976, 41.2068258923995], [-73.0132348967509, 41.2057666605199], [-73.0138238414468, 41.2051469245566], [-73.0140343123305, 41.2050148714807], [-73.0144056086868, 41.2048889646665], [-73.0148199698302, 41.2047408341986], [-73.0151466639279, 41.2045381839003], [-73.0154817135167, 41.2043789101807], [-73.0157508845813, 41.2043295671554], [-73.0160048333785, 41.2043349824142], [-73.0161941700134, 41.2042583816278], [-73.016339782786, 41.2042091572745], [-73.016688649362, 41.2042095443184], [-73.0174155165844, 41.2042810918964], [-73.0175313063687, 41.2042701860391], [-73.0179315535734, 41.2041711350228], [-73.0184183087891, 41.2041221354736], [-73.018985237498, 41.2041825569785], [-73.0193413021323, 41.2041667978192], [-73.0198139735195, 41.2040622454479], [-73.0201195706322, 41.204089999021], [-73.020308443409, 41.2041777219479], [-73.0203663851882, 41.2042384831166], [-73.0203151914208, 41.2043259135495], [-73.0202933685723, 41.2044302571947], [-73.0203951926391, 41.2046667337996], [-73.0203874663174, 41.2047213020574], [-73.0203512401424, 41.2049136728829], [-73.0202853941281, 41.205193430884], [-73.0202780852969, 41.2054567481653], [-73.020336368404, 41.205599672198], [-73.020466742951, 41.2061486126084], [-73.0204738077541, 41.206208981023], [-73.0205538514852, 41.2064506484581], [-73.0210111453588, 41.2066319115048], [-73.0212439785124, 41.2067473138906], [-73.0218547295172, 41.2069616571881], [-73.0223194718285, 41.2070771949281], [-73.0225087724913, 41.2070990414877], [-73.0231335600808, 41.2072476456681], [-73.0237876258625, 41.207335450545], [-73.0240421986942, 41.2073245496521], [-73.025038155116, 41.2073688179038], [-73.0264475284234, 41.2074740078268], [-73.0270948288297, 41.2075177246964], [-73.02818555984, 41.2074689350376], [-73.0285126778591, 41.2074249162167], [-73.0288978652658, 41.2073099095291], [-73.0291377685312, 41.2071619729681], [-73.0295088661269, 41.2069915920869], [-73.0295666299841, 41.2070084343153], [-73.0296324217115, 41.2070962716925], [-73.0296541428187, 41.2073430546323], [-73.02963914567, 41.207447554126], [-73.0295953208092, 41.2076613919821], [-73.0295807716992, 41.2079250760736], [-73.0295226734954, 41.208095208976], [-73.0293990909069, 41.2081443963242], [-73.0288029076148, 41.2082101738726], [-73.0287085778219, 41.2082484867162], [-73.0285263021891, 41.2084350432855], [-73.0284388597978, 41.2084898039177], [-73.0283811940843, 41.2085503236662], [-73.0282939306478, 41.2087536320447], [-73.0283658360711, 41.2095824802583], [-73.0284095769012, 41.2097194283029], [-73.0285689944989, 41.2098183539276], [-73.028729647301, 41.2098841802667], [-73.0288163164453, 41.2100213664888], [-73.028852707226, 41.2103507952611], [-73.0288816027473, 41.210680582334], [-73.0288810597231, 41.2108725288283], [-73.0287868189518, 41.2109327949957], [-73.0287215502277, 41.2110206063068], [-73.0284015934488, 41.2110973782991], [-73.0280164072145, 41.2111634976036], [-73.0277401149145, 41.211305684914], [-73.0275509399653, 41.2114757862099], [-73.0274637544779, 41.2116459885208], [-73.0273905940854, 41.212123715721], [-73.0273172928382, 41.2122993701776], [-73.0271143046881, 41.2125350386513], [-73.0269975789421, 41.2125955284876], [-73.0267580892385, 41.2125791244456], [-73.0264088059818, 41.2124909438065], [-73.0262633356317, 41.2124693386621], [-73.0261402424726, 41.2124744386398], [-73.0259070068868, 41.2125954142764], [-73.0258559065817, 41.2127049788583], [-73.0258413486798, 41.2129686623546], [-73.0255799788996, 41.2132046331452], [-73.0254488863447, 41.2131989435131], [-73.0249909063241, 41.2130835750158], [-73.0245982036796, 41.2132040779622], [-73.0245398460519, 41.2132098766829], [-73.0244238622472, 41.2131763617532], [-73.0243071263559, 41.2132368509654], [-73.0240385395267, 41.2132699129636], [-73.0238641528018, 41.2133957221583], [-73.0237982602058, 41.2135000024983], [-73.0237982246929, 41.2136536938389], [-73.0239795420628, 41.2140435003317], [-73.0240089392124, 41.2140108384001], [-73.0240086560401, 41.2138897365876], [-73.0239294844151, 41.2136981509982], [-73.0239218665472, 41.2135060519946], [-73.0240965821538, 41.2133519397338], [-73.0241474428536, 41.2133466720925], [-73.0242420521872, 41.213374060534], [-73.0243074047126, 41.2133577827666], [-73.0243871613444, 41.2133085331835], [-73.0245838800294, 41.2133085772159], [-73.0247434535235, 41.2132809165542], [-73.0247874296345, 41.2132590275475], [-73.0250123588613, 41.2132150912332], [-73.0252885141699, 41.2132535370934], [-73.0254926193754, 41.213281347582], [-73.02559456315, 41.2132155761844], [-73.0256667057054, 41.2131936190269], [-73.0259357428717, 41.2130507685226], [-73.0259945211427, 41.2129847551239], [-73.0259793928642, 41.2127379585412], [-73.0259946268939, 41.2126334569078], [-73.0260743499889, 41.212578546766], [-73.0262492159996, 41.2125681732708], [-73.0265174899759, 41.2126227591843], [-73.0268523713485, 41.2126888508054], [-73.0270336365506, 41.2126338615954], [-73.027172441937, 41.2125844671468], [-73.027404795226, 41.2123650270696], [-73.0274849155112, 41.2121344673848], [-73.0274998888915, 41.2117558524683], [-73.0275654900214, 41.2115857024691], [-73.0276527236629, 41.2114813716782], [-73.0278853759039, 41.2113334610417], [-73.0281248094232, 41.2112289296456], [-73.028379888649, 41.2111741053041], [-73.0288590055924, 41.2110809945997], [-73.0289972139246, 41.2109990134098], [-73.0290412084756, 41.2109277150565], [-73.0290270529853, 41.2107517562596], [-73.0290199261423, 41.2104661688338], [-73.028969226269, 41.210295963469], [-73.0289256414229, 41.2099833627108], [-73.028830969537, 41.209835215101], [-73.0285403410969, 41.2097031583193], [-73.0284897039877, 41.2096538801868], [-73.0284971536665, 41.2094833574723], [-73.0285114602797, 41.2094284318997], [-73.0285112973223, 41.2092308227306], [-73.0283879846833, 41.2089179049133], [-73.0283739361192, 41.2088193064301], [-73.0283955311033, 41.20877002471], [-73.0285989049072, 41.2085230347044], [-73.0286571970607, 41.2083968144269], [-73.0287594033773, 41.2083416776145], [-73.0288027836227, 41.2083419120234], [-73.0288679282706, 41.2083311208621], [-73.0294205324008, 41.2082707659533], [-73.0295590241059, 41.2081498381367], [-73.0296243837948, 41.2080839795954], [-73.0296902198936, 41.2077052456029], [-73.0297557122671, 41.2074585903214], [-73.0298788610346, 41.2072551930559], [-73.0300902833915, 41.2071400941838], [-73.0301703231284, 41.2071071338667], [-73.0308022391883, 41.2071127899016], [-73.0309692923181, 41.2070852778029], [-73.0312819174616, 41.2070529477134], [-73.0316094159404, 41.2069926215366], [-73.0326995663592, 41.2067072473235], [-73.0331578872771, 41.2065426414478], [-73.0337607505363, 41.2063452567298], [-73.0339285230674, 41.2062738286969], [-73.0340881863315, 41.2062190546484], [-73.0347863616789, 41.2059006688703], [-73.0352441033326, 41.2056044881652], [-73.0356077854795, 41.2054068336949], [-73.0360587037576, 41.2051104995085], [-73.0366109201531, 41.2046605529268], [-73.0370547497362, 41.2043038550992], [-73.0374837087467, 41.2038209387548], [-73.0375860250981, 41.20363971244], [-73.0377967700732, 41.2031185789758], [-73.0377529522087, 41.2028656757058], [-73.0375351442311, 41.2023497358499], [-73.0375138618256, 41.2021578418483], [-73.0375717277443, 41.2019928540021], [-73.0377460856061, 41.2018229375457], [-73.0378773455746, 41.2017677194708], [-73.0379265975979, 41.2017600510364], [-73.0380518797825, 41.2017403510024], [-73.0382840326466, 41.2018011725508], [-73.0385096867011, 41.2019328583345], [-73.0387199794624, 41.2021851686779], [-73.0387054770351, 41.2022953325719], [-73.038727248075, 41.2023390174664], [-73.0389235197181, 41.2025534524829], [-73.0391705422849, 41.2028938381479], [-73.0394173744278, 41.2030364432872], [-73.0395263708275, 41.2031847132343], [-73.0395991952555, 41.2032174691065], [-73.0397740212412, 41.2032559634502], [-73.039838839998, 41.2033273298757], [-73.0398828857714, 41.2034260196876], [-73.0399988855628, 41.2035142396922], [-73.0401661943943, 41.2037006172689], [-73.0403474895385, 41.2038656836193], [-73.0404344114184, 41.2040028633136], [-73.0405727513224, 41.2041616952017], [-73.040579935933, 41.2042440135311], [-73.0407037973604, 41.2044145466207], [-73.0409579543049, 41.2045679407825], [-73.041262813637, 41.2050899978433], [-73.0413792168834, 41.2052164629878], [-73.041524467031, 41.2052931138121], [-73.0417135738513, 41.2054247128248], [-73.041858530936, 41.2056389307034], [-73.0419605321763, 41.2056940770894], [-73.0421425483051, 41.2058148888616], [-73.0424987136646, 41.2062757477884], [-73.0429200159916, 41.2065722801134], [-73.0432106302846, 41.2069013944815], [-73.0435880599707, 41.2073903270353], [-73.0437914758802, 41.2076212029679], [-73.0439665041267, 41.2078516406549], [-73.044096966693, 41.2079720624874], [-73.0441116541367, 41.2080054784551], [-73.0443295641556, 41.2081752523205], [-73.044496424554, 41.2083566460756], [-73.0448669835665, 41.2084776512139], [-73.0449762895751, 41.2084885205873], [-73.0449911472186, 41.2085102685901], [-73.0448382964671, 41.2086146117057], [-73.0448306953237, 41.2086916519506], [-73.0449397087249, 41.20888931806], [-73.0452449118627, 41.209223878394], [-73.0454417579188, 41.2094050233942], [-73.0456885244742, 41.2095754066343], [-73.0461606266996, 41.2097460658409], [-73.0464004117256, 41.2097788953889], [-73.0464882148699, 41.2098062837816], [-73.0474691719318, 41.2099382210499], [-73.0475275000516, 41.2099274341664], [-73.0481309751813, 41.2099658329467], [-73.0482105288219, 41.2099767711024], [-73.0482683620733, 41.2102563938428], [-73.0477163708797, 41.2103501155246], [-73.0470109697893, 41.2104759685326], [-73.0468511193195, 41.2107395161467], [-73.046619437974, 41.210792260349], [-73.0464660475359, 41.2108271344093], [-73.0463931070101, 41.2107722624686], [-73.0462188630107, 41.2107176547825], [-73.0461606106733, 41.2107447327396], [-73.04602982093, 41.210804940485], [-73.0458478788325, 41.2107558359525], [-73.0455792109295, 41.2107669924607], [-73.0452083282606, 41.2107279806086], [-73.0451643818155, 41.2107553689509], [-73.0450922437802, 41.2108763174959], [-73.044692385973, 41.2112113196819], [-73.0444734758242, 41.2113758717735], [-73.0438924424625, 41.2118861346192], [-73.0437395610667, 41.2119849868641], [-73.0436814308201, 41.2120396811193], [-73.0433981670222, 41.212089468785], [-73.0433617971539, 41.2120837268869], [-73.0431508687014, 41.2121551127166], [-73.0430563606719, 41.2122536445105], [-73.0427939454574, 41.2126984152804], [-73.042416227485, 41.2132144976158], [-73.0421465551536, 41.2135110806406], [-73.0420744026027, 41.2136313380199], [-73.0415432922129, 41.214290008968], [-73.0412453031721, 41.2145039825587], [-73.040888702048, 41.2147675084646], [-73.0404963669187, 41.2151189498583], [-73.0404237303955, 41.2152344044118], [-73.040328886943, 41.2154646704854], [-73.0401542277677, 41.2154700891298], [-73.0400594836137, 41.2155692998191], [-73.039935971865, 41.2156347979821], [-73.0397399307141, 41.2157389006754], [-73.0395287766429, 41.2158653411298], [-73.0394997117663, 41.2159199618219], [-73.0394923806984, 41.2160083191789], [-73.0392742558847, 41.2161509000888], [-73.0391726997741, 41.2163535691863], [-73.0390706860391, 41.2164526273759], [-73.0388522446222, 41.2164747949885], [-73.038373245273, 41.216342719738], [-73.0381400245125, 41.216309513241], [-73.0381695986602, 41.2163701618533], [-73.0384454488431, 41.2166941815419], [-73.0385176563513, 41.2168423750045], [-73.0385396408032, 41.2170340940149], [-73.0384524657915, 41.2172538767089], [-73.0383943227188, 41.2173085731834], [-73.0382486144705, 41.2173911009749], [-73.0381759688093, 41.2174022648226], [-73.0379213692614, 41.217363625773], [-73.0377473179174, 41.2173031674899], [-73.0374344639789, 41.2170890205514], [-73.0373475496624, 41.2170063893605], [-73.0372963893371, 41.2169953660677], [-73.0372094547105, 41.217011881747], [-73.0371800834406, 41.2170997806301], [-73.0371871501098, 41.2173634085319], [-73.0371657322751, 41.2174514602964], [-73.037114865908, 41.2175608564749], [-73.0368672152647, 41.2178628603446], [-73.0368963786335, 41.2179343177237], [-73.0369181354159, 41.2180771491681], [-73.0368523462248, 41.2183569171204], [-73.0367431049432, 41.2185707458121], [-73.0363722375156, 41.2189054807718], [-73.0361976474292, 41.2190867142799], [-73.0361906102034, 41.2191911939549], [-73.0361689329738, 41.2192735846013], [-73.0360961591172, 41.2194108201381], [-73.0359797368331, 41.2195423358839], [-73.0358194049038, 41.2197619556434], [-73.0356305951576, 41.2200694721015], [-73.0355718420119, 41.2201404633712], [-73.0354483888968, 41.2203270568624], [-73.0352736770024, 41.2205851355498], [-73.0352959526519, 41.220640143614], [-73.0352664451393, 41.2207499957915], [-73.0352153658452, 41.2209146224022], [-73.0350482467466, 41.2211944680736], [-73.035040843604, 41.2212162727669], [-73.0348733171791, 41.2214031425509], [-73.0349027081181, 41.2214744298208], [-73.0349098923636, 41.2215073442711], [-73.0348371947663, 41.2217161120227], [-73.0348879455923, 41.2217873440446], [-73.03489522497, 41.2218420466266], [-73.0348803412634, 41.2219189306765], [-73.0347861732612, 41.2220507298477], [-73.0347935308201, 41.2223306538836], [-73.0347644450258, 41.2223801282311], [-73.0347131253287, 41.2225943293257], [-73.0347058386556, 41.222643749446], [-73.0346109951494, 41.2227750365402], [-73.0345967630182, 41.2229508950618], [-73.0346114255609, 41.222978304325], [-73.034567161276, 41.2230387909799], [-73.0345090966427, 41.2230608943801], [-73.0342477737952, 41.2230497067324], [-73.0338476418976, 41.2230383483992], [-73.0336657793708, 41.2230657291228], [-73.0335932114518, 41.2231482446161], [-73.0335130476046, 41.223208825396], [-73.033207544396, 41.223329139612], [-73.0331348565338, 41.2233842072912], [-73.0330402079747, 41.2235103523534], [-73.0330765156568, 41.223867392637], [-73.0330399236892, 41.2239168843906], [-73.0327421068279, 41.2240812658618], [-73.0324951250099, 41.2242347081073], [-73.0322768197273, 41.2243992350196], [-73.0321894706357, 41.2244270660706], [-73.031978642623, 41.2243771541898], [-73.0318331314977, 41.224404614593], [-73.0322907022299, 41.2245091522385], [-73.0324147509771, 41.224404897203], [-73.0327855560675, 41.2241471946287], [-73.0330036407199, 41.2240372207458], [-73.0331932355328, 41.223905354307], [-73.0332076085229, 41.2238674085071], [-73.0331787004409, 41.2234885665164], [-73.0332079969265, 41.2234334276889], [-73.0334329686415, 41.2233404157003], [-73.0335281275567, 41.2232801435251], [-73.0339564531094, 41.2230881670249], [-73.0341747291588, 41.2231262186476], [-73.0345890193263, 41.2232581266852], [-73.0346622564411, 41.2232251830298], [-73.0349748727741, 41.2231213154872], [-73.0350834852288, 41.223176105847], [-73.0352363650266, 41.2233789911229], [-73.035228628433, 41.2236373421016], [-73.0351561459967, 41.2237908737867], [-73.0350903677515, 41.223868054626], [-73.0350541705162, 41.2239557998677], [-73.034996189901, 41.2241528643401], [-73.0350900020144, 41.2242519504873], [-73.0350906014976, 41.2242852262928], [-73.0349956435668, 41.2244439568671], [-73.0349798746594, 41.2244740161558], [-73.0351627424894, 41.2244169543848], [-73.0353878091302, 41.2243457217722], [-73.0352865734998, 41.2242631226342], [-73.0352650966579, 41.224235730437], [-73.0352869686365, 41.2241972548991], [-73.035621073806, 41.2240712001259], [-73.0357161475602, 41.2239393980319], [-73.0357744238189, 41.2237581107625], [-73.0359850109304, 41.2234947980446], [-73.0360214241234, 41.2233519884016], [-73.035999751142, 41.2232806877665], [-73.035869274169, 41.2230058735706], [-73.0358543360402, 41.2227590729974], [-73.0359493894851, 41.2224679144493], [-73.0361386098683, 41.2222538839369], [-73.0361743879072, 41.2222268595911], [-73.0362691689659, 41.2220291916784], [-73.0363931189253, 41.2217492821996], [-73.0365309553093, 41.2214746508966], [-73.0368441975774, 41.2209481204605], [-73.0369171755837, 41.2208052188786], [-73.0374188714647, 41.2203060029774], [-73.037745774694, 41.2199929878988], [-73.0379645415134, 41.2198884886684], [-73.0384438136211, 41.2197678975309], [-73.0385166582574, 41.2198011613232], [-73.0384510781123, 41.2199215704931], [-73.0383927946095, 41.2200477956465], [-73.0384366502584, 41.2201521507632], [-73.0384872263451, 41.2201851278054], [-73.0387927191175, 41.2201689165393], [-73.0390183301902, 41.220328222075], [-73.0392651223535, 41.2206521346304], [-73.0392145426002, 41.2207728520102], [-73.0392430146963, 41.2207890776253], [-73.0393381544297, 41.2207783719763], [-73.0393887154891, 41.2207561178605], [-73.0393231832692, 41.2206300372443], [-73.0392946953122, 41.2205585759719], [-73.0390619838235, 41.2202843693024], [-73.0388871509127, 41.2201525571064], [-73.0388802368924, 41.2201304482265], [-73.0385895526251, 41.2201030442459], [-73.0385384899923, 41.2200644090201], [-73.0386037770086, 41.2198781316508], [-73.0386479287881, 41.2198450858974], [-73.0386988167173, 41.2196910934784], [-73.0386984282459, 41.2196032664594], [-73.0391129731418, 41.219230338286], [-73.0393384246918, 41.2189944246077], [-73.0394622355654, 41.218840588273], [-73.0396369505763, 41.218587991818], [-73.0392519408071, 41.2182419538046], [-73.0395064816847, 41.2180610277502], [-73.0396370732931, 41.2181545270703], [-73.0397026277345, 41.2181325756342], [-73.0401533285352, 41.2178744794732], [-73.0404299151777, 41.2177976147155], [-73.0407567634236, 41.2177868383406], [-73.0411059964942, 41.2178530190939], [-73.0415418792458, 41.2177872403384], [-73.0417892656335, 41.2177869508382], [-73.0422398185168, 41.2179026168601], [-73.0424800477857, 41.2178256727261], [-73.0426469274673, 41.2177542314946], [-73.0427633423479, 41.2177268337977], [-73.0432287905829, 41.2177709252525], [-73.0434535075913, 41.2178315882219], [-73.0437008150929, 41.2179630319157], [-73.0439776065431, 41.218034535593], [-73.0441955282518, 41.2181495896088], [-73.0444203734344, 41.2182373525137], [-73.044493115016, 41.2183472933228], [-73.0444934061789, 41.218462560009], [-73.0446165218027, 41.218611134387], [-73.0448350520534, 41.2188085249227], [-73.0449292942429, 41.2189513410222], [-73.0450748534614, 41.2190394740898], [-73.0451835953753, 41.21907230387], [-73.0452927160204, 41.2190886572625], [-73.0449945214252, 41.2189074303904], [-73.044834862248, 41.2186659794659], [-73.0447768062775, 41.2186385132043], [-73.0446026288224, 41.2184514736841], [-73.0445293960833, 41.2182319290394], [-73.0444062016375, 41.2181166320948], [-73.0443118512669, 41.2180508329353], [-73.0442608960247, 41.2179356936712], [-73.0442394122949, 41.2177546090233], [-73.0440572645373, 41.2175128719343], [-73.0440356891866, 41.2174139511363], [-73.0437742962861, 41.21687583624], [-73.0437308290795, 41.2166071555106], [-73.0438255779599, 41.2164590477066], [-73.0440217136831, 41.2162777478206], [-73.0442398560799, 41.2161406465182], [-73.0442471346553, 41.2160416543949], [-73.0440873785011, 41.2158768768864], [-73.0440366268945, 41.2158056517095], [-73.0440001573211, 41.2155258027937], [-73.0439272229231, 41.2153719523449], [-73.0438909579069, 41.2153392838279], [-73.0436364840825, 41.2150754325205], [-73.0436079910322, 41.2150039715953], [-73.0438328053805, 41.2147848609938], [-73.043876977967, 41.2147569618079], [-73.0439278390943, 41.2147516853731], [-73.0441455546489, 41.2148228245842], [-73.0444142423, 41.2147627829908], [-73.0449307388369, 41.2146971295775], [-73.0453305968096, 41.2147079361478], [-73.0453958663164, 41.214724748229], [-73.0456578302777, 41.2147849678747], [-73.0458754716506, 41.2148893841385], [-73.0459919769056, 41.2149329955843], [-73.0461011937056, 41.2149225935648], [-73.0463698638293, 41.214708164688], [-73.0464134357502, 41.2145984403441], [-73.0463919517889, 41.2143183804962], [-73.0465811996461, 41.2137749876572], [-73.0466688021687, 41.2134071620772], [-73.0466759944418, 41.2129901469958], [-73.0466396338959, 41.2127868020849], [-73.0465814682114, 41.2125836893061], [-73.0465674892001, 41.2124574763543], [-73.0466035459893, 41.2122930513249], [-73.04661814455, 41.2120568099029], [-73.0466398068541, 41.2119250158678], [-73.0466399986283, 41.2111676952491], [-73.0466038405449, 41.2110580101622], [-73.046669083645, 41.2110195851049], [-73.0467337711868, 41.2110087849585], [-73.046902189955, 41.2109809003948], [-73.0470256578568, 41.2110081979754], [-73.0470978085772, 41.2111896636183], [-73.0470832367964, 41.2113324175082], [-73.0471780346839, 41.2113486390318], [-73.0472649826413, 41.2114367542565], [-73.0473018490619, 41.2115027003089], [-73.0471556764613, 41.2118756487078], [-73.0473161356928, 41.2119966775473], [-73.0475341523615, 41.2121338541334], [-73.0479192434755, 41.2123479563211], [-73.0481878169817, 41.2124139845636], [-73.0484785710407, 41.2125128867135], [-73.0487700358526, 41.2125184715689], [-73.0490748753077, 41.2124689599142], [-73.0494747441048, 41.2123867808101], [-73.0500927089796, 41.2124084881504], [-73.0503325341915, 41.2124474873586], [-73.0506815186148, 41.2125625279886], [-73.0508922713077, 41.212699544434], [-73.0510668531828, 41.2127767890006], [-73.0515101218268, 41.213139100945], [-73.0517651229589, 41.2133151088819], [-73.0519173927063, 41.2134301505449], [-73.0520264381423, 41.2136279805556], [-73.0524772072165, 41.2138911303943], [-73.0527099209054, 41.2139627244939], [-73.0527965767102, 41.2141820613123], [-73.052993299504, 41.2141825729152], [-73.0530364631392, 41.2142316871869], [-73.0531966795369, 41.2146379677457], [-73.0534434500535, 41.2150935942841], [-73.0536180675454, 41.2155655349858], [-73.053603279424, 41.2156587209827], [-73.0534148349217, 41.2157304054361], [-73.053538168568, 41.2159221937925], [-73.0538215420495, 41.2166250735006], [-73.0539084820694, 41.2168557269134], [-73.0539525587127, 41.2169053548246], [-73.0540762020966, 41.2171630128234], [-73.0540900199559, 41.2173000334082], [-73.0540174870795, 41.217432306808], [-73.0538067476478, 41.2175965093026], [-73.0536100231259, 41.2176956617684], [-73.053639411054, 41.2177614555766], [-73.0538285785723, 41.2179424364944], [-73.0539008571215, 41.2180962788983], [-73.0538574976244, 41.2182008624793], [-73.0536323738758, 41.2183489759895], [-73.0533848909398, 41.2185739982093], [-73.0533485497653, 41.2187219563914], [-73.0534504977999, 41.2190513737486], [-73.0536314281464, 41.2195620671528], [-73.0537040801784, 41.2196990989233], [-73.0538573874142, 41.2197872059173], [-73.0539079540011, 41.2198640859996], [-73.0538644855091, 41.2198971386569], [-73.053711997304, 41.2199351078998], [-73.0537914004363, 41.2202043780786], [-73.0539803644981, 41.2201934119455], [-73.0541186439394, 41.2202261520075], [-73.0541186751814, 41.2202813855678], [-73.0540820441549, 41.2207091151835], [-73.0542570338256, 41.2208191203594], [-73.054540244343, 41.2209950443231], [-73.0549258259937, 41.2213460046815], [-73.0550126991922, 41.2214612142688], [-73.0553689034718, 41.2218455294314], [-73.0555365180698, 41.2221258840904], [-73.0556160186517, 41.2225596521848], [-73.0556478532384, 41.2226621414454], [-73.0556531606574, 41.2226791105672], [-73.0557479958571, 41.2226512443916], [-73.0557253561258, 41.2226200833329], [-73.055667279496, 41.2224439015061], [-73.0555724640376, 41.2218456727435], [-73.0554783638085, 41.2215440270844], [-73.0553324296336, 41.2212363416158], [-73.0550203994525, 41.2208742057189], [-73.0546999711363, 41.2205119234], [-73.054605700402, 41.2202699663042], [-73.0546131940828, 41.220171485841], [-73.0547583366472, 41.2198750350543], [-73.0547880718296, 41.2195293171887], [-73.0548311369257, 41.2195070733778], [-73.0550204994578, 41.2194854684714], [-73.055202464063, 41.2194355793555], [-73.0551948677272, 41.2194139889747], [-73.054838623839, 41.2193590208287], [-73.0549914144749, 41.2187057568163], [-73.0546789403491, 41.2186340290321], [-73.054715309536, 41.2185901924491], [-73.0548095022636, 41.2184753543363], [-73.0550932287403, 41.2185684289527], [-73.0553262415896, 41.2186506571654], [-73.0560237585287, 41.2187659536398], [-73.0563291667597, 41.2177179217971], [-73.0562419931047, 41.2175859042304], [-73.0560237790876, 41.2175585263028], [-73.0559727895841, 41.2175368791189], [-73.0559365387822, 41.2175091873853], [-73.0559877715587, 41.2174380384643], [-73.0559948589843, 41.2173496785463], [-73.0558712483235, 41.2172952881198], [-73.0558276454408, 41.2172015742063], [-73.0559002714874, 41.2170423672526], [-73.0559731777835, 41.216795339151], [-73.0560164333464, 41.2167679485162], [-73.0561626331625, 41.2167462870345], [-73.0562426677872, 41.2167133085152], [-73.0562420566558, 41.2166800328039], [-73.0560531644964, 41.2165102068148], [-73.0560027008974, 41.2164552801897], [-73.055958523793, 41.216383694906], [-73.0559586157886, 41.2162576183212], [-73.0559514842991, 41.2161420234899], [-73.0560603911046, 41.2160159967955], [-73.0563588279596, 41.2159062762112], [-73.0563586152927, 41.2158127920434], [-73.0562641834708, 41.2157307088735], [-73.0562496881755, 41.2156921509024], [-73.0562571773733, 41.2155931574003], [-73.0562133973604, 41.2154613637588], [-73.0560823673213, 41.2153735460283], [-73.0560532833093, 41.2153240488777], [-73.0561554896931, 41.215126511573], [-73.0561409759279, 41.2150829813201], [-73.0560974024115, 41.2150445038985], [-73.0559010564682, 41.2149786440703], [-73.055842595703, 41.2149619926229], [-73.0557558599666, 41.2148743962296], [-73.055639304217, 41.2146268427584], [-73.0555665430187, 41.2144184519562], [-73.0555011647946, 41.2143308011679], [-73.0552464383586, 41.2139740043728], [-73.0550652596539, 41.2138971238081], [-73.0550139181011, 41.2137984599831], [-73.0551015156398, 41.2136827805598], [-73.0552760665091, 41.2136063294675], [-73.0552759373477, 41.2135787119207], [-73.0551302746903, 41.2134688050675], [-73.0551453388187, 41.2134358304297], [-73.0554941157983, 41.2132604489421], [-73.0556611714447, 41.2132328980049], [-73.0557704896239, 41.2132933319745], [-73.0559807353071, 41.2133203880824], [-73.0561773915096, 41.2134030552952], [-73.0563447320527, 41.2133868264405], [-73.0564097954649, 41.213359206548], [-73.0564973928961, 41.2132931002613], [-73.0566428743344, 41.2132657841133], [-73.0568681992691, 41.2133590079306], [-73.0569480299149, 41.2133316917164], [-73.057086314869, 41.213320512702], [-73.0574352520238, 41.2135183823643], [-73.0575803563139, 41.2135073629003], [-73.0577692682921, 41.2134418370298], [-73.0579946705691, 41.2133100113675], [-73.0580889896757, 41.2132715043701], [-73.0582202569203, 41.2132658351146], [-73.0581909967924, 41.2132276600042], [-73.0581037421883, 41.2131728368522], [-73.0579727743845, 41.2131948027342], [-73.0577696597204, 41.2133320571653], [-73.057617093188, 41.213397649783], [-73.0574566215394, 41.2134253594358], [-73.0572388889965, 41.2133044949903], [-73.0569766884767, 41.2131942174613], [-73.0567442809027, 41.2131891760844], [-73.0565913968314, 41.2130904414362], [-73.0565266553395, 41.2130904447855], [-73.0563587922061, 41.2131888411399], [-73.0562281336301, 41.2132272689794], [-73.0561994280175, 41.2132110510132], [-73.0561552554167, 41.2130904093817], [-73.0561118883346, 41.213046267031], [-73.0560390446757, 41.2130135273147], [-73.0559007541979, 41.2130240214477], [-73.0557266981409, 41.2130133326279], [-73.0554791888566, 41.2128868856058], [-73.0554069530455, 41.2128869111316], [-73.0553121369961, 41.2129640083782], [-73.0552249499648, 41.2131669936483], [-73.055166595713, 41.2132216999735], [-73.0549415934185, 41.2132933115893], [-73.0549052236274, 41.2133371510825], [-73.0548468816424, 41.2134910007177], [-73.0548105394282, 41.2135399859654], [-73.0547525853968, 41.2135344808048], [-73.0545563398107, 41.2134410026272], [-73.0544471957393, 41.2133203575344], [-73.0543670595946, 41.2132819766891], [-73.0540766890752, 41.2130731340072], [-73.0539097882789, 41.2127934644472], [-73.0537134430417, 41.2126780287704], [-73.0535968291269, 41.2125628942252], [-73.0533421352771, 41.2124534449493], [-73.0531389717489, 41.2122884542511], [-73.0530659255785, 41.2122606890125], [-73.0528989655279, 41.2122606152119], [-73.0527606784233, 41.2121237536815], [-73.0525353714299, 41.2121785544314], [-73.0524701233984, 41.2121672322829], [-73.0524340327053, 41.2121239314096], [-73.0523324086921, 41.2118108062058], [-73.0522591608682, 41.2117393011816], [-73.0521287746847, 41.2116897247949], [-73.0519612103668, 41.2116570596115], [-73.0518593706437, 41.2116406933967], [-73.0517069738156, 41.2114980362031], [-73.0515973589524, 41.2114701907563], [-73.0513284863872, 41.2114374486528], [-73.0502308431694, 41.2114262695126], [-73.0498019049921, 41.2115581023329], [-73.0496349476434, 41.2112612705698], [-73.049969446373, 41.2111408389956], [-73.0499550557796, 41.2110748320906], [-73.0498170525178, 41.2108005695807], [-73.049743909216, 41.210800418264], [-73.0496352089226, 41.2107236856944], [-73.0495694644886, 41.2106027523186], [-73.0495698399757, 41.210487307454], [-73.0495987130055, 41.210443319244], [-73.0498096571928, 41.2105751962393], [-73.0498458999174, 41.210553315719], [-73.0503545646314, 41.2104708477542], [-73.0506746580618, 41.2103338093526], [-73.0511620397128, 41.210218797158], [-73.0520414523731, 41.2100979489365], [-73.0522667554146, 41.2100431547637], [-73.0524125254782, 41.2100321323449], [-73.0530809076706, 41.2097631149963], [-73.0548551759573, 41.2091868524193], [-73.0551239289781, 41.2090501117825], [-73.055821656349, 41.2086984878785], [-73.0563165776483, 41.2085009325108], [-73.0572105789413, 41.2080120636529], [-73.0577843867281, 41.2076389830483], [-73.0578358385891, 41.2075678291174], [-73.0580829622517, 41.207375559557], [-73.0584609687954, 41.2071448592611], [-73.0590204898253, 41.2068266982226], [-73.059151449528, 41.2066621856597], [-73.0596892727597, 41.2063217807135], [-73.0603074700152, 41.2057343197169], [-73.060532604369, 41.205553425454], [-73.0606486768744, 41.2054596256561], [-73.0610919637523, 41.2050645797257], [-73.0612519708954, 41.2049440740936], [-73.0614050043193, 41.204790133472], [-73.0616958399769, 41.204433578106], [-73.0617756227565, 41.2043510241697], [-73.0618333776599, 41.2042687037363], [-73.0622332318455, 41.2036759916902], [-73.0624224933137, 41.2034511087825], [-73.0624079681648, 41.2034068921669], [-73.0624514054046, 41.2033244376508], [-73.0625965123301, 41.2030334630665], [-73.0630619918451, 41.2024407444242], [-73.0633962588821, 41.2020511305884], [-73.0634255917902, 41.2019632248699], [-73.0636216293248, 41.2016395206076], [-73.063752940199, 41.2014581912082], [-73.0640141386809, 41.2010358440847], [-73.0643920057596, 41.2004589657398], [-73.0649368624703, 41.1991913765507], [-73.065133415395, 41.1989767613947], [-73.0652058704179, 41.1987904485546], [-73.065242505036, 41.198663925414], [-73.065257223064, 41.1984664484025], [-73.0653150181607, 41.1983017893519], [-73.0657817759866, 41.1977961891217], [-73.0658170158676, 41.197758017097], [-73.0659111996797, 41.1976977175784], [-73.0659695147278, 41.1976869184717], [-73.0662818300368, 41.197791210214], [-73.0665074411277, 41.1976705101467], [-73.0672553474749, 41.1974010192557], [-73.0676769724392, 41.1972859506085], [-73.067808713523, 41.1973694855359], [-73.0682074891206, 41.1973409871437], [-73.0685817720008, 41.1972486375924], [-73.0689440161326, 41.1971654542111], [-73.0690160508905, 41.1970648197647], [-73.0691612485316, 41.1970918024115], [-73.0693065719044, 41.197146181145], [-73.0695000739679, 41.1971639031626], [-73.0696689458576, 41.1970903853998], [-73.0700188350799, 41.1969524518173], [-73.0705495433778, 41.1967135743437], [-73.0704631772513, 41.196357725453], [-73.0707588383162, 41.1969346319659], [-73.0710351319126, 41.1971322169954], [-73.0712771647302, 41.197186321196], [-73.0715553230412, 41.1972129330869], [-73.0720141320573, 41.197102072686], [-73.0723432237865, 41.1969617398172], [-73.0729244609213, 41.1968414026233], [-73.0738404940656, 41.1964569736038], [-73.0740062295291, 41.1966034034784], [-73.0747065648396, 41.1964461979082], [-73.0753098254914, 41.1962162262533], [-73.076106171857, 41.1959217840718], [-73.076757502693, 41.1956368751918], [-73.0771917533984, 41.1954530234821], [-73.0775293799791, 41.1952877115914], [-73.0776979292766, 41.1951502676737], [-73.0779276809323, 41.1951678688105], [-73.078120864786, 41.1951216626752], [-73.0784344557058, 41.1949838073245], [-73.0788202462966, 41.1947818291964], [-73.0791937234169, 41.1945342292682], [-73.0804094378051, 41.1937389372141], [-73.0806860227657, 41.1935576842664], [-73.0812815954866, 41.1932281581975], [-73.0813687695394, 41.1931783370768], [-73.0815941137195, 41.1930138672436], [-73.0821322165987, 41.1925031905875], [-73.0823065535463, 41.1925803910754], [-73.0823501584954, 41.192492095341], [-73.0824666016299, 41.1924372097115], [-73.0825678575709, 41.1923876861127], [-73.0834979541987, 41.1916684823849], [-73.0836068186658, 41.1915971472217], [-73.0843772292381, 41.1909603920885], [-73.0846891637985, 41.1906361416225], [-73.0853215726227, 41.1900601611877], [-73.0859029268489, 41.1896261892498], [-73.0861856165871, 41.1893572557291], [-73.0863241052231, 41.1892638766259], [-73.0866362750915, 41.1890332730351], [-73.0868253187018, 41.1887913664442], [-73.0870797257384, 41.1885446403494], [-73.0874352898097, 41.1883629625585], [-73.0876100289537, 41.1882533537108], [-73.0879517377664, 41.1879842352862], [-73.0881549900514, 41.1878582444661], [-73.0883290901074, 41.187715356826], [-73.0885612675732, 41.1873419242644], [-73.0888307576614, 41.187072846804], [-73.0890921087971, 41.186721453869], [-73.0893095192231, 41.1865679766739], [-73.0896799370196, 41.186232895864], [-73.0899923616649, 41.1857938720888], [-73.0901233985648, 41.1856672329956], [-73.0902541775619, 41.185579191409], [-73.090537233902, 41.1852997777541], [-73.0909295874, 41.1846464325528], [-73.091074498927, 41.1844816733334], [-73.0914523987806, 41.183888236917], [-73.0916410919095, 41.1836739391172], [-73.0918735851417, 41.1834982819824], [-73.0921644425469, 41.1834107890688], [-73.0922003947639, 41.1833832363914], [-73.0925270336511, 41.1829326655738], [-73.0927743404448, 41.1824221217574], [-73.0928100875826, 41.1822684926447], [-73.0929918469735, 41.1819883497369], [-73.093239021004, 41.1817138398184], [-73.0933768928462, 41.1816372644288], [-73.093711182391, 41.1815218456371], [-73.0937692463529, 41.1814669537086], [-73.0938858704235, 41.181280313809], [-73.0941690813985, 41.1809945445877], [-73.0947934003782, 41.1802533513243], [-73.0950401994974, 41.1800390455127], [-73.0950624480469, 41.1799954084574], [-73.0953379465265, 41.1800997298136], [-73.0954396501207, 41.1800117699689], [-73.0956935545902, 41.179682169755], [-73.0967904262914, 41.1783204675097], [-73.096899679612, 41.178073471917], [-73.0971174064047, 41.1778592525059], [-73.0975673068464, 41.1775024644937], [-73.0979012920662, 41.1772935490944], [-73.0980351124082, 41.1770826239119], [-73.0984333672303, 41.1765407848468], [-73.098409617431, 41.1760538040152], [-73.0981732033819, 41.1757147746528], [-73.0979181075042, 41.1755382910917], [-73.0978581979659, 41.1753021259075], [-73.0978178395801, 41.1750659019514], [-73.097699281693, 41.1748299149767], [-73.0976784738184, 41.1745936315443], [-73.0976961361304, 41.1742390571458], [-73.0976947206484, 41.1739731716062], [-73.0977488869036, 41.1731310205591], [-73.0979635356118, 41.1730565092513], [-73.0981788147311, 41.1731001696746], [-73.0982779200859, 41.173216338932], [-73.0983175363961, 41.1732882129096], [-73.0983066206004, 41.1733433002159], [-73.0982564497359, 41.1733942724264], [-73.0981781193256, 41.1734199205913], [-73.0981053253856, 41.1734328473403], [-73.098037956051, 41.1734118771935], [-73.0979851319858, 41.1734405074711], [-73.0979497246733, 41.1736831827344], [-73.0979870208642, 41.1737950224672], [-73.0981065217504, 41.174208265951], [-73.0980332148471, 41.1746602903793], [-73.0980316296323, 41.1748289043779], [-73.0982144512794, 41.174978273533], [-73.0982430178893, 41.1750798254978], [-73.0982853794346, 41.1751081099071], [-73.0983388419559, 41.1751811726821], [-73.0983222988795, 41.1752320425128], [-73.0982552437669, 41.1752703616058], [-73.0982731418803, 41.1754735849557], [-73.0983284223999, 41.1754927270614], [-73.0988412617782, 41.1757777438717], [-73.0988827428433, 41.1754253927814], [-73.0992617861182, 41.1753505146102], [-73.0998466816368, 41.1752504315169], [-73.1003195446463, 41.1749047569075], [-73.1005016094041, 41.174691153045], [-73.1006608378503, 41.1744110610524], [-73.1009365025352, 41.173998875943], [-73.1010604646283, 41.1739165050275], [-73.1013454375145, 41.1737304387476], [-73.1017033149834, 41.1737539133885], [-73.1019855725415, 41.1738267640683], [-73.1023764164985, 41.1739320498635], [-73.1026728834657, 41.1739379592847], [-73.1029127705009, 41.1738828413206], [-73.1034141912461, 41.173701357419], [-73.1041083320073, 41.1734434103515], [-73.104584259483, 41.1732453463377], [-73.1048978806015, 41.1731051208346], [-73.1051031402888, 41.172973420463], [-73.105394547517, 41.1727349658683], [-73.1055422656545, 41.1725317558661], [-73.1057020641139, 41.1726525352022], [-73.106442972208, 41.1723061305591], [-73.1068445997509, 41.1722553531291], [-73.1074186112218, 41.1721552651196], [-73.1081282036989, 41.1719926183947], [-73.1085201540609, 41.1720143764159], [-73.1087889653249, 41.1720198816676], [-73.1091304081648, 41.1720637524402], [-73.109315298225, 41.1720756016468], [-73.1096736675532, 41.1721891569049], [-73.1099668143278, 41.1722701488593], [-73.1101841199409, 41.172359568461], [-73.1103256330809, 41.1724656083748], [-73.1104241534343, 41.172637315649], [-73.110576999277, 41.1728537502508], [-73.1107731269115, 41.1730567422035], [-73.1108462402459, 41.1731829315096], [-73.110868480788, 41.1735509770415], [-73.1107023596218, 41.1739388645272], [-73.1104324710001, 41.1741445002494], [-73.11017291953, 41.1742599963733], [-73.1099992437573, 41.1742195888472], [-73.109901128361, 41.1741215987725], [-73.1099004061527, 41.1739905404357], [-73.1101055719397, 41.173842451512], [-73.1102240069258, 41.1736946304375], [-73.1102661518891, 41.1734733327993], [-73.1102107317371, 41.1732523430997], [-73.1101339402907, 41.1730887568198], [-73.1100029004344, 41.1729171516448], [-73.1097852069047, 41.1728209042889], [-73.1094512027458, 41.1727276153686], [-73.1091665511302, 41.1726248891076], [-73.1089928315811, 41.1725762878155], [-73.1088300836895, 41.1725522261937], [-73.1085047324296, 41.1725286719355], [-73.1083756912403, 41.1726622032444], [-73.1081650002344, 41.1728652712414], [-73.1079619721683, 41.1731839293802], [-73.1078237036327, 41.1733049551387], [-73.1076570079692, 41.1733759780192], [-73.1074458631236, 41.1734147163948], [-73.1070536433113, 41.1735517992514], [-73.1066025980507, 41.1735994903236], [-73.106342823177, 41.1736740242463], [-73.1061585771693, 41.1736827875925], [-73.1060014104968, 41.173618796551], [-73.1057026785515, 41.1735777198155], [-73.1053988265107, 41.1735213252398], [-73.1052040950535, 41.1735956488621], [-73.1047502489111, 41.1738673707032], [-73.1044367127348, 41.1740239809889], [-73.1041021085951, 41.1742953335353], [-73.1039290551301, 41.1743695906786], [-73.1038753828402, 41.174468050564], [-73.1036378570052, 41.174648995015], [-73.1032487318158, 41.1748631746077], [-73.1030004563889, 41.1750605307599], [-73.1026654466064, 41.1752581586963], [-73.1025145978689, 41.1754306411687], [-73.102385918542, 41.175693162221], [-73.1021696679158, 41.1758003136353], [-73.1020513893499, 41.1759808904073], [-73.102201813601, 41.1760847917425], [-73.102158796121, 41.1761065433454], [-73.1020862814611, 41.1763424520879], [-73.1020426637015, 41.1764633466596], [-73.1020064687974, 41.1766559199792], [-73.1020281020065, 41.1768368207289], [-73.1020212410689, 41.1768699472111], [-73.1019264159694, 41.1769247892496], [-73.1017445216491, 41.1768756034693], [-73.1015269096488, 41.1769795363837], [-73.1014618482073, 41.1770402896382], [-73.101534269183, 41.1771664890572], [-73.1014686136261, 41.1772431925835], [-73.1012003967096, 41.1773529419204], [-73.100872889999, 41.1774134680687], [-73.1007787649309, 41.1774737915401], [-73.1009532331624, 41.1775780676442], [-73.1010262313974, 41.1776001436845], [-73.1011714153745, 41.1775782546043], [-73.1013387228043, 41.1774904288326], [-73.1014037801596, 41.1774300213461], [-73.1014399662781, 41.1776987038875], [-73.1015491206916, 41.1776053990547], [-73.1017523932748, 41.1773255131251], [-73.1018760478109, 41.1772268453692], [-73.1020209187598, 41.1771881484388], [-73.1021522190455, 41.1771604692022], [-73.1023190537939, 41.1770285598584], [-73.1024205114387, 41.1770234443501], [-73.1024786990669, 41.177077813279], [-73.1024424644756, 41.1772209845467], [-73.1023262948175, 41.177528389443], [-73.1023269631168, 41.1776107243271], [-73.1023486472599, 41.1776326167799], [-73.1023919833185, 41.1776269910351], [-73.1024430499334, 41.1775395237416], [-73.1024647785879, 41.1775279628757], [-73.1025373660283, 41.1775996108528], [-73.1025812067651, 41.1776049652063], [-73.1026316007517, 41.177561067068], [-73.1025081138183, 41.1773964308705], [-73.1025374932406, 41.1772867338684], [-73.1025878027515, 41.1771438620647], [-73.1026606805119, 41.1770179012424], [-73.1026237702276, 41.1769518028686], [-73.1025226749324, 41.1768968833045], [-73.1023407051046, 41.176875311807], [-73.1022748615799, 41.1768314288827], [-73.102231338276, 41.1766336143013], [-73.1022752712277, 41.1764029365585], [-73.1023764098232, 41.1762547624272], [-73.1026744655609, 41.1759967149001], [-73.1027910138751, 41.1758865706018], [-73.1028195654639, 41.1758758507217], [-73.1029429386113, 41.1759358471789], [-73.1030087087043, 41.1760073458623], [-73.1029944420335, 41.1761394741288], [-73.1031540370124, 41.1761391487959], [-73.1031612217945, 41.1760404955347], [-73.1031614628528, 41.1759579913188], [-73.103218828562, 41.1759032632065], [-73.103306005856, 41.1759029940094], [-73.1035606841872, 41.1760620802076], [-73.1038008441633, 41.1762652880067], [-73.1040406150942, 41.1766053872801], [-73.1040847464675, 41.1768306473013], [-73.1040117916661, 41.1769842244931], [-73.104033281801, 41.1770116038764], [-73.1041936053059, 41.1770610256492], [-73.1042151384194, 41.1771379736947], [-73.1041721248509, 41.1772857994919], [-73.1041578473693, 41.1775000920414], [-73.1041863540174, 41.1775658730691], [-73.1040924363732, 41.1776212248883], [-73.1038162698191, 41.1776870921193], [-73.1036051852051, 41.1776983800838], [-73.103423369286, 41.1777476577651], [-73.1033441176041, 41.1777863287685], [-73.1029952677829, 41.1780992529485], [-73.1025958635075, 41.178258123298], [-73.1024290349786, 41.1785605406168], [-73.1024291005818, 41.1786150886005], [-73.1024724400821, 41.1786096363606], [-73.1025158462546, 41.1785765679882], [-73.1025596673016, 41.1785767758268], [-73.1025956569499, 41.1785986241469], [-73.1026833131956, 41.1788129423369], [-73.1027998248121, 41.1789882344867], [-73.1027708851163, 41.1791363563853], [-73.1025960754466, 41.1794331369397], [-73.1026761622342, 41.1794219118787], [-73.1028799902906, 41.1793284846394], [-73.1029596365477, 41.1792352673767], [-73.1029959955895, 41.1791586505914], [-73.1030974546031, 41.1790269397272], [-73.1030826313111, 41.1789720944185], [-73.1029008974379, 41.1787849962306], [-73.102879090369, 41.1787411478387], [-73.1029739986948, 41.1786590373471], [-73.1032064581012, 41.1786533440575], [-73.103315326206, 41.1785490574038], [-73.1034312183936, 41.1782747605523], [-73.1034383821509, 41.1782138393798], [-73.1033511720861, 41.1782086221224], [-73.1032420909019, 41.1781484091316], [-73.1032350454164, 41.1781043451956], [-73.1033079220615, 41.1779782104281], [-73.1033731799419, 41.1779121424144], [-73.1035402899437, 41.1778299756234], [-73.1037364898991, 41.1777967780815], [-73.1041211365247, 41.1777636827929], [-73.1043679288209, 41.1776814409562], [-73.1044628497824, 41.1776430635648], [-73.1048836017549, 41.1772362509997], [-73.1050505878359, 41.1771319559132], [-73.1052033365423, 41.1770827658866], [-73.1057046912586, 41.1771371285493], [-73.1058209767434, 41.1771868521809], [-73.1055884710146, 41.1775985776422], [-73.1054216768596, 41.17777989325], [-73.1050801754077, 41.1779391060057], [-73.1049640926374, 41.178010484209], [-73.104761376782, 41.1782243235941], [-73.104666636661, 41.1783784879674], [-73.1046738774402, 41.1784167188829], [-73.1062232909403, 41.1773862819395], [-73.106261971088, 41.1777467851139], [-73.10604440423, 41.1782467846086], [-73.1058989064604, 41.1784968984095], [-73.1059001158728, 41.1787188217746], [-73.105939098307, 41.1791347990125], [-73.1059783864991, 41.1796062656611], [-73.1060176687147, 41.1800777259783], [-73.1061637793324, 41.1799385670354], [-73.1063083749158, 41.179522012684], [-73.106268780826, 41.1789950714579], [-73.1063396409642, 41.1785232709914], [-73.1063748407692, 41.1782457557666], [-73.1066644753233, 41.1774958670648], [-73.1069914195427, 41.176856823682], [-73.1074659749135, 41.1763560195896], [-73.1077572535501, 41.1759112652437], [-73.1081225677876, 41.1755772381242], [-73.1084153636074, 41.1754098801612], [-73.1088921840694, 41.1753251651296], [-73.1097730035931, 41.1752669171699], [-73.1101766954956, 41.1752379108202], [-73.1107631951463, 41.1750696189293], [-73.1113126714756, 41.1748459631883], [-73.1114909653963, 41.174833894758], [-73.1121757490652, 41.1746494735364], [-73.1122605778838, 41.1745956010201], [-73.112335869124, 41.1745168301866], [-73.1124207894758, 41.174487885723], [-73.112458369931, 41.1744413068333], [-73.1126046545165, 41.1743800896065], [-73.1127227540236, 41.174354701728], [-73.1128978859207, 41.1743791597782], [-73.1129794352714, 41.1745861726573], [-73.1129482771409, 41.1749364904274], [-73.1133895022783, 41.1751816693146], [-73.113686094479, 41.174934147199], [-73.1138513116889, 41.1748764444537], [-73.1139603484142, 41.1749225553233], [-73.11415941175, 41.1749969657786], [-73.1144102022568, 41.175017610712], [-73.1145383792635, 41.1751029694664], [-73.115244091041, 41.1753882818299], [-73.116238468872, 41.1759399065385], [-73.1171225610647, 41.1764641398225], [-73.1180690916066, 41.1772001114891], [-73.1183308019971, 41.1774780141104], [-73.1188931467407, 41.1779286749276], [-73.1193356111082, 41.1782601315899], [-73.1198902687994, 41.178951842071], [-73.1203726028209, 41.1798379695962], [-73.1205521154109, 41.1805084319154], [-73.1206498331753, 41.1810584589668], [-73.1206573851348, 41.1815551664201], [-73.1206964983074, 41.1824022778361], [-73.1207494064845, 41.1827663366293], [-73.120654960978, 41.1836278864542], [-73.1206229426377, 41.1838209679155], [-73.1205498251747, 41.1839327075971], [-73.1205020686397, 41.1841930189477], [-73.1205396584166, 41.184464434714], [-73.1205120238725, 41.1849972041333], [-73.1204037558689, 41.1853304359796], [-73.1204348564633, 41.1856870145391], [-73.1203430451897, 41.1861804728623], [-73.1201575400901, 41.1868350508583], [-73.1200311883304, 41.1870784648763], [-73.1198436543759, 41.1873756832335], [-73.1196130130703, 41.1875620892559], [-73.1192595395477, 41.1878135534831], [-73.1188741983953, 41.1880203387748], [-73.1177777853417, 41.188501291482], [-73.1163847276923, 41.188921861856], [-73.1152781932931, 41.189224394113], [-73.1152088764494, 41.189281021243], [-73.1148447623908, 41.189342887224], [-73.1141530192165, 41.1899669541733], [-73.1136451096432, 41.190508186518], [-73.1134708057615, 41.190640967132], [-73.1133104899496, 41.1907902585537], [-73.1128914326621, 41.191093085381], [-73.1127615045719, 41.1911248813312], [-73.1123854702359, 41.1915612573922], [-73.1123647771356, 41.1916701058878], [-73.1123746972438, 41.1917522715564], [-73.1123420402743, 41.1918345657303], [-73.1122672528508, 41.1919991903639], [-73.1121306943863, 41.1921139793362], [-73.111978988925, 41.1920572799186], [-73.1118273478084, 41.1920113046626], [-73.111718042759, 41.1919223097702], [-73.111552226434, 41.1918799474907], [-73.1113339945227, 41.1917698584605], [-73.1112774225648, 41.1918057715856], [-73.1112639426581, 41.1919344674773], [-73.1111837731524, 41.1919811747001], [-73.1111226115007, 41.1920421213018], [-73.1110851498515, 41.1921276608512], [-73.1111505724664, 41.192500883411], [-73.1112091912946, 41.1925885268438], [-73.1113399387819, 41.1929069928019], [-73.1112839478385, 41.1929850484533], [-73.1112845806276, 41.1930994066819], [-73.1113224838721, 41.1931919374361], [-73.1113051671961, 41.1933995240999], [-73.1112438791769, 41.1934390276476], [-73.1111306757141, 41.1935001357098], [-73.1111406519783, 41.1935930209394], [-73.1111975804767, 41.1936214316681], [-73.1112452434496, 41.1936856054117], [-73.11125443135, 41.1939263008545], [-73.1111771303182, 41.1942004231309], [-73.1110649072783, 41.1943398305492], [-73.1110578281812, 41.1944551264861], [-73.1111269830657, 41.1945436507993], [-73.1111981649513, 41.1945827361922], [-73.1114392714612, 41.1945498117556], [-73.1114772552352, 41.1945747080301], [-73.1115006565527, 41.1945281771572], [-73.1115431534225, 41.1945137462914], [-73.1115720798477, 41.1946101450553], [-73.1115291463521, 41.1946199829764], [-73.111392415863, 41.19463215329], [-73.1113591393696, 41.1946036686737], [-73.1111511508842, 41.1946364884249], [-73.1111609880386, 41.1947043571299], [-73.1110573031695, 41.1947761554126], [-73.1110813524044, 41.1948475534329], [-73.1112186932262, 41.1948721362409], [-73.1112428810682, 41.1949685472317], [-73.1112062396624, 41.1951866517244], [-73.1113909686134, 41.1952253813464], [-73.1113876026329, 41.1954719733149], [-73.111350639397, 41.1956329015706], [-73.1113186741875, 41.1958402737862], [-73.1111776095819, 41.1959979599837], [-73.1110664168648, 41.1961733557659], [-73.1110657417817, 41.1963020716117], [-73.1111845150945, 41.1963910372365], [-73.1110521955254, 41.1967165690654], [-73.1110591662058, 41.1969967466209], [-73.1109437846852, 41.1972820302412], [-73.1109070111484, 41.1975730689117], [-73.1108565987132, 41.1978204070943], [-73.1107184109686, 41.1980889525533], [-73.1105515556979, 41.1983474664339], [-73.1105150825828, 41.1984458715397], [-73.1103849073973, 41.1986437135047], [-73.1101598304701, 41.1989293423724], [-73.1101016173365, 41.19903931037], [-73.1097817226165, 41.1994291829494], [-73.1095639249843, 41.1995940247274], [-73.1093147809093, 41.1996667968202], [-73.109258770358, 41.1998063434432], [-73.1093228384647, 41.1998269815584], [-73.110028016625, 41.1999718956437], [-73.1106656134928, 41.2000949594136], [-73.1104584391675, 41.2004444230638], [-73.110371317729, 41.2005431576485], [-73.1096604549941, 41.2019867985633], [-73.1095805044969, 41.2021515499036], [-73.109377361862, 41.2031234151443], [-73.109304919049, 41.2038264171569], [-73.1093273093025, 41.2040570618065], [-73.1094434711425, 41.20452910512], [-73.109662417264, 41.2051052857733], [-73.1106087048431, 41.2073775366369], [-73.1108419447743, 41.2080305200975], [-73.1109584164344, 41.2085960458295], [-73.1109443389842, 41.2090077720815], [-73.1109229475181, 41.2092056170231], [-73.1109302300773, 41.2094140096731], [-73.1108581226948, 41.2099302120291], [-73.1107644752633, 41.2111103167009], [-73.1107713285365, 41.2113631370465], [-73.1107279775522, 41.2117802741545], [-73.1107214513114, 41.212367798235], [-73.1106488410113, 41.2125872507541], [-73.1105471833883, 41.2131417963384], [-73.1105115383979, 41.2132679852843], [-73.1104458915178, 41.2137622125889], [-73.109829174232, 41.2155795009448], [-73.1096625531547, 41.2159308073023], [-73.1088925870743, 41.2171109776073], [-73.1087180241572, 41.2175067393769], [-73.1085153634087, 41.2183298815276], [-73.1085227636542, 41.2185607430599], [-73.1086028870927, 41.2189611932997], [-73.1085953892823, 41.2190438991864], [-73.1086250707959, 41.2191535852181], [-73.1087483493404, 41.2194280019986], [-73.1088285063675, 41.2196692679679], [-73.1098188595887, 41.2219913052314], [-73.1101909530763, 41.2229296228424], [-73.1103364774734, 41.2234454857207], [-73.1105114539778, 41.2244393161757], [-73.110585359442, 41.2255207800051], [-73.1105706988099, 41.2258280444163], [-73.1106150584041, 41.2265363375344], [-73.1105787255673, 41.2274860645717], [-73.1104052001886, 41.228155938884], [-73.1098170304421, 41.2294460068109], [-73.1093014652048, 41.2304346321476], [-73.1089958481575, 41.2308462425886], [-73.1072448285785, 41.2328670704062], [-73.1065036978748, 41.2338388920823], [-73.1062711499315, 41.2341958930809], [-73.105297776007, 41.2359640008035], [-73.1048837817112, 41.2366388942761], [-73.1040625685831, 41.2377754445543], [-73.10388796892, 41.2380120151324], [-73.1034742107778, 41.2384404120985], [-73.1032557871408, 41.2386433259963], [-73.1029726025355, 41.2388464391073], [-73.1028636341608, 41.2389510671221], [-73.1017509247006, 41.2396481732024], [-73.1011622466686, 41.2399671444055], [-73.0980649186962, 41.2414776930153], [-73.0974101952103, 41.2418620286842], [-73.09660304379, 41.2425591882847], [-73.0956220836209, 41.2433114125755], [-73.093884563003, 41.2445858187537], [-73.0936443349702, 41.244843667469], [-73.0934842916929, 41.2449642236182], [-73.0927212427159, 41.2453761291933], [-73.0918625779506, 41.2460188618489], [-73.0908087928551, 41.246990651122], [-73.0902194735446, 41.2477318828333], [-73.0896237149583, 41.248593893632], [-73.0889550456705, 41.2495545767451], [-73.0884861011874, 41.2500247630181], [-73.088370069743, 41.2502220260117], [-73.087520165368, 41.2515674679288], [-73.0872073485675, 41.2522152438776], [-73.0870260480535, 41.2528027647866], [-73.0869895061611, 41.2530328968316], [-73.0869239264746, 41.2532305262428], [-73.0868804875845, 41.2534448981133], [-73.086822708808, 41.2547567880418], [-73.0868445775517, 41.255338562225], [-73.0869247857947, 41.2555527404132], [-73.087078312229, 41.2561854085995], [-73.0876241224077, 41.2584345030525], [-73.0877775573685, 41.2593129879071], [-73.087923472815, 41.2603173999913], [-73.0879526043332, 41.2606742730484], [-73.0878875057201, 41.2616240766831], [-73.0877208502598, 41.2628923690692], [-73.0876628796885, 41.2640342654526], [-73.087706326565, 41.264742053504], [-73.0879909640312, 41.2662350987477], [-73.0881589736279, 41.2671572813014], [-73.0882461955234, 41.2674920270417], [-73.088318697764, 41.2679700475176], [-73.0883484238272, 41.2681782012444], [-73.0884505728026, 41.269111555842], [-73.0884585424953, 41.2701656022154], [-73.0884149238664, 41.270610345399], [-73.0882263733821, 41.2719114692334], [-73.088095108151, 41.2725978167339], [-73.0879570372949, 41.2729817718554], [-73.0877464103803, 41.2734482741346], [-73.0873541741872, 41.2745412392709], [-73.0871283638969, 41.2750626784184], [-73.0870703188237, 41.2753150030231], [-73.0870050055402, 41.2757874270129], [-73.0869834588494, 41.2758861205949], [-73.0869906154953, 41.2766106552152], [-73.0869106577028, 41.2768464037764], [-73.0867875861092, 41.2770994378886], [-73.086605510869, 41.2773299948108], [-73.0859320120183, 41.2769728658079], [-73.0804483091687, 41.2740647748392], [-73.0787745887, 41.2731975156968], [-73.0750486943908, 41.271227455788], [-73.0746268647223, 41.27102950348], [-73.0722909086482, 41.2697727557876], [-73.0705957001678, 41.2688836516361], [-73.0693952417325, 41.2682250603655], [-73.0669716996444, 41.2669622762242], [-73.0655166593626, 41.26615579786], [-73.0626864926822, 41.2646406864167], [-73.055492132251, 41.2607920264542], [-73.0539276741738, 41.2599577343412], [-73.0521888738033, 41.2590681331791], [-73.0519779928556, 41.2589367790309], [-73.0514618582119, 41.2588103482575], [-73.0509962890829, 41.2586566767221], [-73.0474030518395, 41.2575965543806], [-73.0465299816419, 41.257305322972], [-73.0443551059545, 41.2566577346666], [-73.0434456677033, 41.2564104856975], [-73.0412275877949, 41.2557461411798], [-73.0395979063887, 41.2553063452393], [-73.0388125903303, 41.2550535998309], [-73.0341791132311, 41.2537186568848], [-73.0304550424953, 41.2529221436468], [-73.0299464941004, 41.2527950782572], [-73.0208260527906, 41.2508220759271], [-73.0192696682091, 41.2505137279642], [-73.0168486561492, 41.250025035788], [-72.9996581859733, 41.2464060251603], [-72.9921692538224, 41.2447933971805]]]}, "properties": {"FID": 3, "ID": 0, "TOWN_CODE": 43, "TOWN_NAME": "Milford", "CIS_TOWN_C": 190, "SHAPE_AREA": 641776551.552, "SHAPE_LEN": 199443.968187, "GlobalID": "3613cacc-e1f0-4f9d-a03f-7bda378ec140"}}, {"type": "Feature", "id": 4, "geometry": {"type": "Polygon", "coordinates": [[[-73.1472012280117, 41.2558648699974], [-73.1466270516233, 41.2542952686289], [-73.1457046364291, 41.2515938891037], [-73.1455741678216, 41.251143718912], [-73.1454146898124, 41.2508197279258], [-73.1453164385254, 41.2500967078611], [-73.1452509690564, 41.2498327743621], [-73.144960399869, 41.2487656352169], [-73.1445835108924, 41.247404100223], [-73.1443874353042, 41.2469268824391], [-73.1439584846046, 41.2462730973664], [-73.1435882046143, 41.2455482690899], [-73.1434000526783, 41.2450267668083], [-73.1433058213998, 41.2445877938965], [-73.1432548180925, 41.2440442038313], [-73.1434084940216, 41.2427705520116], [-73.143416288329, 41.2422543833981], [-73.1432933469942, 41.2412003858921], [-73.1430605195575, 41.2407282649536], [-73.1428642807664, 41.2405194975674], [-73.1421882848523, 41.2400802871389], [-73.1419996492876, 41.2399263795637], [-73.141868772963, 41.2397777662247], [-73.1415417955475, 41.2391026958017], [-73.141375233401, 41.2388775260814], [-73.1410262195568, 41.2385042616294], [-73.1406772975675, 41.2381085237497], [-73.1406049291861, 41.237976862624], [-73.1415867081078, 41.2378400546257], [-73.1423356288272, 41.2376759056791], [-73.1425103129699, 41.2376646715522], [-73.1429798039073, 41.2376289213133], [-73.143783049512, 41.237467839257], [-73.1446485120075, 41.2371876601362], [-73.1472123172812, 41.2362665719552], [-73.1474853909395, 41.2362174247868], [-73.1477182860326, 41.2361023739649], [-73.1478201290694, 41.2359593037783], [-73.147885749156, 41.2356907992751], [-73.1480171474958, 41.2352898037588], [-73.1480319654014, 41.2351859784197], [-73.148199078545, 41.2348672000838], [-73.1483445428358, 41.2346859000615], [-73.1485778297234, 41.2344504289931], [-73.1489706197276, 41.2341375550612], [-73.1492471032791, 41.2340170304322], [-73.1494509040693, 41.233901561788], [-73.149515976802, 41.2338413007322], [-73.1496620380348, 41.2336105919435], [-73.1496909802743, 41.2334020754929], [-73.1498297243664, 41.232979274214], [-73.1499382505358, 41.2328533292815], [-73.1505280750518, 41.2323262056333], [-73.1509790451058, 41.2320192927517], [-73.1513787790503, 41.2318051925321], [-73.1520190142085, 41.2314979552505], [-73.1529210061579, 41.2311909982126], [-73.1536704010482, 41.2309000099015], [-73.1539244259806, 41.230752107954], [-73.1541939069051, 41.2305324522408], [-73.153961274463, 41.2302088981405], [-73.1537870363301, 41.2299944114586], [-73.1537290688397, 41.2298793481476], [-73.1538238765957, 41.2298520786758], [-73.1548777584329, 41.2294951707034], [-73.1550382007539, 41.229462352132], [-73.1567471010923, 41.2289192194484], [-73.1569868270622, 41.2288482087632], [-73.1572052383439, 41.2287491439484], [-73.1572421278462, 41.2287260270088], [-73.1573797343815, 41.2286394247584], [-73.158002520939, 41.228409090551], [-73.1646092792162, 41.2256550146958], [-73.1670890373369, 41.2246013602394], [-73.1721650707867, 41.2222802418121], [-73.1723758083127, 41.2222307512484], [-73.1725572015181, 41.2222803397012], [-73.1731976341434, 41.2223129637628], [-73.1735459238086, 41.2223844083193], [-73.173902150064, 41.2224177398199], [-73.1752111487148, 41.2225109985177], [-73.1758873512355, 41.2224891049408], [-73.1766362444739, 41.2223962585442], [-73.1774361675421, 41.2223244901462], [-73.1789922888286, 41.2219241352076], [-73.179065458186, 41.221891439894], [-73.1798357643942, 41.2216717323851], [-73.1802792662951, 41.2215728069651], [-73.1823536150127, 41.2211112789586], [-73.1826057123561, 41.2209967704897], [-73.1826644416279, 41.2209802515399], [-73.1831155301308, 41.2207936307416], [-73.183267945566, 41.2207554897179], [-73.1835223647372, 41.2207167885952], [-73.1837332718667, 41.2206954052341], [-73.1844822717285, 41.2206565443593], [-73.1846201398633, 41.220651387884], [-73.1853473605258, 41.2206184314629], [-73.1855361186254, 41.2206129102552], [-73.1862707526069, 41.2206018782867], [-73.187288242641, 41.2205909633219], [-73.1872884046481, 41.2207170424949], [-73.1872517248496, 41.2210739714564], [-73.1873394503449, 41.2210792985554], [-73.1882407236354, 41.2213540771416], [-73.1886402726491, 41.2215462106126], [-73.1892586316482, 41.2220788563648], [-73.1893896205427, 41.2221998003503], [-73.1903859174268, 41.2232534832957], [-73.1904586140707, 41.2233194128928], [-73.190633268967, 41.2237477502498], [-73.1907490554604, 41.2245765020915], [-73.1907278694035, 41.2247028334846], [-73.1907348193479, 41.2248233942292], [-73.1907497305535, 41.2248782306851], [-73.1908581988456, 41.2250268749314], [-73.1911421292315, 41.2252515231846], [-73.1915204675509, 41.2254600197345], [-73.1921602269811, 41.2257567061109], [-73.1928143042918, 41.2261519653171], [-73.1932581435956, 41.2264703305302], [-73.1935487660845, 41.2266403959188], [-73.1936941745934, 41.2266736234388], [-73.1942395429196, 41.2267176523004], [-73.1944506505316, 41.2267890500494], [-73.1951195048112, 41.2272499345019], [-73.1957960668141, 41.2275733926055], [-73.1963191700351, 41.2277492340719], [-73.1963342799654, 41.2277658156643], [-73.196581476279, 41.2278317472266], [-73.1971630552033, 41.2279195337684], [-73.1980790141684, 41.2279964020812], [-73.2010388784018, 41.2283911412288], [-73.2010603151418, 41.2285339436031], [-73.2013443121396, 41.2295167491033], [-73.201417401219, 41.2296046301747], [-73.2017662961259, 41.2295222888527], [-73.2031257080973, 41.2291927146109], [-73.2038097259572, 41.2290773052443], [-73.2041075276034, 41.2290661752238], [-73.2045950467274, 41.2290220421731], [-73.2047471290728, 41.2289675762708], [-73.2049073376451, 41.2288079286607], [-73.2050240420038, 41.2286323261596], [-73.2050603098636, 41.228555337246], [-73.205292763082, 41.2282645168585], [-73.2054237029134, 41.2281437512181], [-73.2059761113988, 41.2279569807444], [-73.2068705012191, 41.2277757039793], [-73.2072268725916, 41.227726078617], [-73.207262924833, 41.2277152964306], [-73.2076264961166, 41.2277536445924], [-73.2084486582365, 41.2277699093612], [-73.209568525065, 41.2279892672813], [-73.2108553298176, 41.2281979954295], [-73.212418970494, 41.2284501959993], [-73.2178140202212, 41.2277076558314], [-73.2189049672865, 41.227597353774], [-73.2191230112864, 41.2275866842121], [-73.2246856151099, 41.22750250748], [-73.2268160156005, 41.2274526564821], [-73.2273040198485, 41.2274471916163], [-73.2276456931697, 41.2274411332686], [-73.2303211230282, 41.2273855110739], [-73.2322990752987, 41.2273686138368], [-73.2334915123041, 41.2273131518258], [-73.2352364941049, 41.2272246322454], [-73.2374544315589, 41.2271251531403], [-73.2382762406284, 41.2270640145756], [-73.2441724951272, 41.2267574758632], [-73.2442390030181, 41.2267540164128], [-73.2442578219512, 41.2267822123048], [-73.2451997683987, 41.2277935462032], [-73.2454032623052, 41.2280511704994], [-73.2456728526812, 41.2284848459293], [-73.2457314949067, 41.2285780774473], [-73.2461751604252, 41.2291652038903], [-73.2465756116072, 41.2297741381641], [-73.2472019499119, 41.2304767657431], [-73.2478574080148, 41.2312123792732], [-73.248192394582, 41.2316032045589], [-73.2468177793892, 41.2323306069923], [-73.2363133900246, 41.2377919344232], [-73.2357605884435, 41.2380773140495], [-73.2361173933282, 41.2385387730839], [-73.236350467219, 41.2388019443064], [-73.2425885396825, 41.2460075258899], [-73.2460844299096, 41.250096406465], [-73.2490808472501, 41.25358234931], [-73.249423361469, 41.2539940819596], [-73.2495600464968, 41.2542715422281], [-73.2497707451916, 41.2545076836264], [-73.2502865770767, 41.2551394265953], [-73.2510425799102, 41.2559960235345], [-73.2529026289467, 41.2582039282173], [-73.253767705228, 41.2591927989887], [-73.2550325288249, 41.260691928166], [-73.2589938341946, 41.2652560857439], [-73.2592329935648, 41.265546801577], [-73.2596987919637, 41.2660960420634], [-73.2599677856759, 41.2663927987893], [-73.2603379666478, 41.2668651019643], [-73.2609052363484, 41.2674799275222], [-73.2622066107052, 41.2690179266766], [-73.26420573043, 41.2713516142476], [-73.2655429890527, 41.2729221798486], [-73.2677826337617, 41.2755365600932], [-73.2688515317589, 41.2768214934432], [-73.2693823760676, 41.2774095070738], [-73.2697749658464, 41.2778815053895], [-73.2703277746469, 41.278512987793], [-73.2704732916051, 41.2787106203403], [-73.2707636237137, 41.2790184066122], [-73.2727859963869, 41.2813686519001], [-73.2741094384832, 41.2829225431884], [-73.2744153613633, 41.2832136105024], [-73.2745966341268, 41.2834719654641], [-73.2749825250256, 41.2839220223459], [-73.2750106198895, 41.2851794123922], [-73.2749958000399, 41.2859369798374], [-73.2750167264373, 41.2867000372738], [-73.2750150382106, 41.2893132048232], [-73.274985969346, 41.2901089149437], [-73.2750584903678, 41.2904439283941], [-73.2751386381779, 41.290625220355], [-73.2751747443878, 41.2908724049366], [-73.2751451107203, 41.2911742689868], [-73.2752399765549, 41.2914875719505], [-73.2752465766522, 41.2916300876488], [-73.2752176512034, 41.2918221663825], [-73.2750644177958, 41.2921678261175], [-73.2748313773206, 41.2924040684821], [-73.2746419103948, 41.2926562328134], [-73.2745765078963, 41.2928100543155], [-73.2744527782343, 41.2930077127326], [-73.2744304393673, 41.2930575629407], [-73.2743361374883, 41.2934360565067], [-73.2743427549441, 41.2937216323656], [-73.2744083003187, 41.2939245988262], [-73.2745359314195, 41.2941269416669], [-73.2621353685077, 41.2950835970944], [-73.2495598309621, 41.2960489320416], [-73.2482323575772, 41.296068091865], [-73.2469654678886, 41.2961569619939], [-73.2447892812136, 41.2963118388746], [-73.2421913480654, 41.2964612872714], [-73.2399493374935, 41.2966376268843], [-73.2376055725285, 41.2968037210481], [-73.2343662902785, 41.2970577760023], [-73.22977294653, 41.2973721420893], [-73.227545580099, 41.2975377135245], [-73.2250779315306, 41.2976922299559], [-73.2213221902924, 41.2979400027019], [-73.2150036237812, 41.2983702963549], [-73.2137083613305, 41.2984803484882], [-73.2124994881445, 41.2985516190224], [-73.2100247591101, 41.2987444334391], [-73.2044629735313, 41.29913525765], [-73.1988497144748, 41.2934816817845], [-73.1974010257942, 41.2920049548974], [-73.194190825559, 41.2888047915269], [-73.1925968982006, 41.2871743593136], [-73.1862721106164, 41.2808722841837], [-73.1808876740235, 41.2754423565951], [-73.1787632441964, 41.2733236533454], [-73.1738600188937, 41.268387666675], [-73.1737431455987, 41.2682450401914], [-73.1694212051396, 41.2684201323467], [-73.1679010191881, 41.2685076823735], [-73.1611554559305, 41.2687863107195], [-73.1545273639085, 41.2691361700483], [-73.1504636102035, 41.2617621566173], [-73.1477603936347, 41.256831751203], [-73.1472012280117, 41.2558648699974]]]}, "properties": {"FID": 4, "ID": 0, "TOWN_CODE": 44, "TOWN_NAME": "Trumbull", "CIS_TOWN_C": 240, "SHAPE_AREA": 657703761.966, "SHAPE_LEN": 113784.503554, "GlobalID": "5de90b0c-e62b-4033-b6b6-297ead593496"}}, {"type": "Feature", "id": 5, "geometry": {"type": "Polygon", "coordinates": [[[-73.0488398357633, 41.3809247439029], [-73.0486575124119, 41.3835264784108], [-73.0485624717155, 41.3843063304605], [-73.0485113082922, 41.3851183219466], [-73.0483944191982, 41.3861503826205], [-73.0483427466592, 41.3870507067122], [-73.048175002822, 41.3891144803746], [-73.0480581971186, 41.3901684965105], [-73.0476198808995, 41.3958284188901], [-73.0475977144825, 41.3959128691242], [-73.0475759095351, 41.3958772475552], [-73.0472482557704, 41.395509134123], [-73.0469857490765, 41.3952895686488], [-73.0468614768645, 41.3952127017859], [-73.0466501618219, 41.3951798008516], [-73.0463586908484, 41.3952018212997], [-73.0459869556722, 41.3952569867874], [-73.045914009883, 41.3952455112534], [-73.0456803723374, 41.3952618971299], [-73.0451486103346, 41.3951413066452], [-73.0446669936811, 41.3949766732041], [-73.0442956721632, 41.3949213642629], [-73.0439314616502, 41.394926927089], [-73.0436396797085, 41.3949817080179], [-73.0435158298316, 41.3950477196405], [-73.043282075805, 41.3951901768038], [-73.0431293647936, 41.3953221293698], [-73.0430049996803, 41.3954757944951], [-73.0429541903466, 41.395574725622], [-73.0428449470949, 41.3956467014281], [-73.0427057847799, 41.3956515165026], [-73.0425608112518, 41.3956299331399], [-73.0424069986197, 41.3956188308388], [-73.0422247498921, 41.3955144914747], [-73.0419337034329, 41.3953277460184], [-73.0416125790206, 41.3950863643466], [-73.0412339642945, 41.3946746243911], [-73.0411104329075, 41.3946089002052], [-73.0408987245616, 41.3945372215949], [-73.0406949653272, 41.3943068605645], [-73.0405997018631, 41.3940923432335], [-73.0403597574347, 41.3938181593824], [-73.0402864224583, 41.3937188570751], [-73.0400901309574, 41.3936311899311], [-73.0398787303757, 41.3935763159696], [-73.0397184294541, 41.3936918187461], [-73.0396447767619, 41.3936753673971], [-73.039565344145, 41.393587225875], [-73.0394334921301, 41.3935433067245], [-73.0392148661022, 41.3935543222955], [-73.0391421233488, 41.3935378634129], [-73.0389673166105, 41.3933619703551], [-73.0387778666675, 41.3932744537668], [-73.038727059638, 41.3931699480143], [-73.0387051473777, 41.3930051640854], [-73.0384789307445, 41.392846036893], [-73.0382676424295, 41.3926098561738], [-73.0382601319318, 41.3925608175425], [-73.0381656715585, 41.3924723748521], [-73.0380421779312, 41.392258615503], [-73.037940216277, 41.3919180417706], [-73.0377941758606, 41.391703825127], [-73.0371382530436, 41.3914130076708], [-73.0368392946385, 41.3913363941217], [-73.0366207752544, 41.3913691854346], [-73.0361835386298, 41.3914951505231], [-73.0355786055427, 41.3918186241926], [-73.0353594953767, 41.3918733697355], [-73.0349950001148, 41.3918627847729], [-73.0342587015005, 41.3917853613237], [-73.0340472150951, 41.3917085287027], [-73.0337850640068, 41.3915053994468], [-73.0335155926362, 41.3912419093806], [-73.0334575125077, 41.3911377593146], [-73.0334212671695, 41.3910280722926], [-73.0332318228736, 41.3907810204379], [-73.0329620808164, 41.3905062110358], [-73.0328088391343, 41.3903088103136], [-73.0327436358576, 41.3901382976237], [-73.0325975927471, 41.3900232186764], [-73.0322478675211, 41.3898966307011], [-73.0320584329724, 41.3898091029889], [-73.0317817407924, 41.3897154442074], [-73.0315339043292, 41.3895011238641], [-73.0313659373737, 41.3893203995372], [-73.0312785828526, 41.3892924827867], [-73.0307973370608, 41.3890891971328], [-73.0305936098614, 41.3889078734539], [-73.0304988516664, 41.3888533882835], [-73.0302803377349, 41.3887820503063], [-73.0299379975244, 41.3887818595465], [-73.0215984895667, 41.3893389619772], [-73.0122388598488, 41.3899501120354], [-73.0054161805219, 41.3903696244475], [-73.0003574972027, 41.3907181738818], [-72.9995495146136, 41.3908197645298], [-72.9954569958158, 41.3910466053955], [-72.9829271742567, 41.3918043030363], [-72.981235582148, 41.391969473119], [-72.9673073032384, 41.3933461219055], [-72.9660462161392, 41.3934617129511], [-72.9555128262534, 41.3942870810143], [-72.9574957448946, 41.3929364909763], [-72.9601256136336, 41.3890882320223], [-72.9606788798762, 41.3882484388839], [-72.9647146675005, 41.3823741159068], [-72.9655377154769, 41.3811277778661], [-72.9688632026911, 41.3750975152694], [-72.9719034250815, 41.3689949742649], [-72.9723187258517, 41.3682540177261], [-72.972610198429, 41.3677271946427], [-72.973992866401, 41.36497624215], [-72.9740150659276, 41.3648116995609], [-72.9742975726005, 41.3626162455163], [-72.974341442806, 41.3620012242474], [-72.9751113620081, 41.3584879686831], [-72.9750749910896, 41.3580430894725], [-72.9748475482317, 41.3548758774299], [-72.9747891378374, 41.3543766649194], [-72.9747520691514, 41.3535967891293], [-72.9746199194413, 41.351516722876], [-72.973285175779, 41.3474389578778], [-72.973101213087, 41.3471375393513], [-72.9723739019311, 41.3459458335318], [-72.9721181753264, 41.3454464880813], [-72.9719510346364, 41.3452926064718], [-72.9717031083639, 41.3451447137498], [-72.9703846082616, 41.3444971534303], [-72.9703183969696, 41.3444368986375], [-72.9699095992143, 41.3426146561965], [-72.9771480094611, 41.3396867466634], [-72.9781025885862, 41.3393735214933], [-72.9784317445701, 41.3392572541079], [-72.9791654302471, 41.3390384617092], [-72.9806653127342, 41.3385328680509], [-72.9826171519493, 41.3378956313423], [-72.9840063859339, 41.3352378433923], [-72.9851990554987, 41.3330087578046], [-72.9853156709166, 41.3329100629138], [-72.9870621617205, 41.3309331666636], [-72.9871351942807, 41.3308674904866], [-72.9887805908144, 41.3302077993853], [-72.9889831624009, 41.3287915551157], [-72.99470394126, 41.3250785257238], [-72.9978110123801, 41.3230839749982], [-72.9978327132991, 41.3229852959938], [-72.9977949157706, 41.3212451921442], [-72.9977605190277, 41.314833587884], [-72.9977390445374, 41.3146762203506], [-72.9977380515329, 41.3146689689222], [-72.998829360207, 41.3131645033828], [-72.9995488139071, 41.3129473222498], [-73.0008806136677, 41.312591057089], [-73.0021043205792, 41.3122295304892], [-73.0028903983802, 41.3120101231358], [-73.0044926047637, 41.3115228575112], [-73.0056941015713, 41.3111940995075], [-73.0082356770303, 41.310437605373], [-73.0116288191371, 41.3094293661366], [-73.0117749355697, 41.3093907790251], [-73.0119422634001, 41.3093632976316], [-73.0123421913441, 41.3094186451649], [-73.0155089176835, 41.3099304099127], [-73.0156984417382, 41.3099359708249], [-73.0204298085362, 41.310690108411], [-73.0206269329197, 41.3107177714516], [-73.0239390115699, 41.3113555508013], [-73.0244045047006, 41.3114710790969], [-73.0253654737833, 41.3116356761695], [-73.0261371496534, 41.3117952292624], [-73.0269888144541, 41.3119331442027], [-73.0291727210285, 41.3123342053953], [-73.0297408631711, 41.3124554635147], [-73.0302869345079, 41.3125762606092], [-73.0313495206471, 41.3127683437991], [-73.0326744931261, 41.3130268413575], [-73.0334169807723, 41.3131646342425], [-73.0337517000061, 41.3132305335232], [-73.0366346856694, 41.3134453188996], [-73.0388774388258, 41.3136487863282], [-73.039663409467, 41.3137365182644], [-73.0405590283218, 41.3137697567941], [-73.04106871542, 41.313786303074], [-73.0409743392996, 41.3140498421547], [-73.0409305811053, 41.3142365799281], [-73.0398880227292, 41.3175353780657], [-73.0398228364323, 41.3178156553157], [-73.0397062269325, 41.3180952011272], [-73.0396547664513, 41.318342510165], [-73.0394727656883, 41.3188584218802], [-73.0392829222928, 41.3195060915726], [-73.0384519607167, 41.322118555795], [-73.0384809606686, 41.3222450705617], [-73.0385094287898, 41.3228158592472], [-73.0385754070845, 41.3234306327946], [-73.0386110516255, 41.3243364035313], [-73.0386838343903, 41.32479197805], [-73.0387558419629, 41.3262523905208], [-73.0388800037677, 41.3267464316663], [-73.038822387854, 41.326772517304], [-73.0389674124302, 41.3276617139077], [-73.039112783949, 41.3282165957443], [-73.0393960101747, 41.3296325623207], [-73.0395710109503, 41.3302475752985], [-73.0397309170941, 41.3306921236018], [-73.0400801218819, 41.3322513206538], [-73.0401529944487, 41.3324158044025], [-73.0403202149727, 41.3329157397788], [-73.0404295184397, 41.3331348518411], [-73.0405016749346, 41.333393338504], [-73.0407561559926, 41.3340681832079], [-73.0413677454953, 41.3359181428484], [-73.041615150013, 41.3365331397614], [-73.0417675741539, 41.3370272761503], [-73.0418984998829, 41.3373458216631], [-73.0419785740989, 41.3376421962362], [-73.0421532223147, 41.3381692102014], [-73.0422408970323, 41.3383830583328], [-73.0425678172891, 41.3393162119569], [-73.0429971187264, 41.3404415627706], [-73.0433029212654, 41.3413807710433], [-73.043419656213, 41.3416274785991], [-73.0435066447232, 41.3419403002523], [-73.0436888171026, 41.342363345271], [-73.0437610942615, 41.3426434439114], [-73.0440524928057, 41.3433627839235], [-73.0443802441728, 41.3443175443891], [-73.0445475598213, 41.3447239859036], [-73.0448169675807, 41.345508735459], [-73.0451659898574, 41.3464311926351], [-73.045522601861, 41.3474690649924], [-73.0458651968439, 41.3483743819576], [-73.0459590163156, 41.349033505564], [-73.0461917133826, 41.3514485785662], [-73.046301244536, 41.3521073210357], [-73.0463518997817, 41.3527331065879], [-73.0464825729489, 41.3539844301524], [-73.0465038294931, 41.3548027509872], [-73.0465836120728, 41.3551756263779], [-73.0466637344503, 41.35637270516], [-73.0468819598225, 41.3584476653357], [-73.0469761156818, 41.3599241332144], [-73.0471355218665, 41.3605955674038], [-73.0472300684896, 41.3620061665051], [-73.0472738207611, 41.3623137794872], [-73.0472665290822, 41.362461655822], [-73.0473101958738, 41.3629999822558], [-73.0473747910539, 41.3633838684897], [-73.0474186556085, 41.3640151618201], [-73.0474768562919, 41.364245894141], [-73.0474767730102, 41.3645752309329], [-73.0475709184504, 41.3655467103263], [-73.0476512586562, 41.3659365632982], [-73.0476803076359, 41.3664143703275], [-73.0478617163683, 41.3681434466305], [-73.0480220914052, 41.3697516464152], [-73.0481672931683, 41.371673272614], [-73.0482326055857, 41.3721123944548], [-73.0483562424238, 41.3736000988067], [-73.0484794730262, 41.3750972438149], [-73.048752945868, 41.3793599250417], [-73.0488398357633, 41.3809247439029]]]}, "properties": {"FID": 5, "ID": 0, "TOWN_CODE": 14, "TOWN_NAME": "Woodbridge", "CIS_TOWN_C": 140, "SHAPE_AREA": 534871953.158, "SHAPE_LEN": 104519.759829, "GlobalID": "19b54b25-babd-4ddb-a89c-3d5502f98ce3"}}, {"type": "Feature", "id": 6, "geometry": {"type": "Polygon", "coordinates": [[[-73.1024722540839, 41.353055038507], [-73.1024142925816, 41.3530716805104], [-73.1022905077124, 41.3531652064498], [-73.1021302929119, 41.3533849132474], [-73.1018022029543, 41.3537969126745], [-73.1015402235522, 41.3539726779223], [-73.1009645969752, 41.354159179452], [-73.1006444678058, 41.3543188239302], [-73.1004914815965, 41.3544451983963], [-73.1001123644534, 41.354938822226], [-73.1000766255873, 41.3550653517139], [-73.0999675601559, 41.355274093373], [-73.099741819513, 41.3555867965729], [-73.0994501719707, 41.3557954121648], [-73.0992462980593, 41.3558999811358], [-73.0991220202113, 41.3560315821209], [-73.0986566226108, 41.3564438145791], [-73.0985689988775, 41.3565753014028], [-73.0984744769176, 41.3568225964262], [-73.0983944593682, 41.3571849411459], [-73.0983218205603, 41.3572669836416], [-73.0982195965184, 41.3573937115978], [-73.0980956341297, 41.3574151846699], [-73.0979499692442, 41.3574652009456], [-73.0976805023836, 41.3576077002251], [-73.0970831506512, 41.3578275304404], [-73.0969812493401, 41.3578877017943], [-73.0969234329838, 41.3579757007938], [-73.0968870566655, 41.3580691235711], [-73.0967122692284, 41.3585080868169], [-73.096704716087, 41.3588429386209], [-73.0965956453526, 41.3590955896845], [-73.0965013363038, 41.3591282957881], [-73.0960200253787, 41.3593371317754], [-73.0959113541516, 41.3594523826554], [-73.0957870449848, 41.3596664854684], [-73.0955467418945, 41.3598589816533], [-73.0953868666079, 41.3599357963883], [-73.0952120043181, 41.360062056694], [-73.0951175991471, 41.3605064340614], [-73.0950664627068, 41.3605230545835], [-73.0949061227671, 41.3605118731387], [-73.0946874878523, 41.3603693006219], [-73.0943158604736, 41.3602268463331], [-73.093754433797, 41.3600566587426], [-73.0934198949423, 41.3599525081439], [-73.0930620509913, 41.3599196157614], [-73.0922464594599, 41.3599910076803], [-73.0899735086572, 41.361012893543], [-73.0885606673184, 41.3616447040179], [-73.0884296432867, 41.3617106130467], [-73.0881015323735, 41.3618369716549], [-73.0865427128856, 41.36255633122], [-73.0847498798801, 41.3633799491286], [-73.0846265032939, 41.3633852848996], [-73.0816391651846, 41.3633090518746], [-73.0814639077765, 41.3633201964291], [-73.0811072255998, 41.3632044123387], [-73.0800137413601, 41.3628591850785], [-73.0797083239439, 41.3627492541829], [-73.0790884420718, 41.3625407346683], [-73.0786952845091, 41.3624142453928], [-73.0766475493546, 41.3617337982951], [-73.0754380403883, 41.3613499188263], [-73.0751248427367, 41.3612293633942], [-73.0748620342231, 41.3611686994569], [-73.0737837363237, 41.3607954067389], [-73.0734199646753, 41.3607132420307], [-73.072181209258, 41.3603014525109], [-73.0719553734769, 41.3602576589984], [-73.0713434191267, 41.3602631516387], [-73.0702285366778, 41.3603125833436], [-73.0680207202637, 41.3603403396222], [-73.0641083354299, 41.3603674122624], [-73.0621261944424, 41.3604061033076], [-73.0589936275406, 41.3604444323824], [-73.0565454317617, 41.360482563788], [-73.0560645395416, 41.3604716679723], [-73.055663488499, 41.3604934913505], [-73.0549347410555, 41.3604986912294], [-73.0531062384479, 41.3605313291362], [-73.0522827531985, 41.3605316139071], [-73.0488146135161, 41.3605753517904], [-73.0471390267774, 41.3605913687733], [-73.0469796396777, 41.3599241240895], [-73.0468854837385, 41.3584476562137], [-73.0466637344503, 41.35637270516], [-73.0466201856623, 41.3557083068725], [-73.0465836120728, 41.3551756263779], [-73.0465038294931, 41.3548027509872], [-73.0464825729489, 41.3539844301524], [-73.0463518997817, 41.3527331065879], [-73.046301244536, 41.3521073210357], [-73.0461917133826, 41.3514485785662], [-73.0459590163156, 41.349033505564], [-73.0458651968439, 41.3483743819576], [-73.045522601861, 41.3474690649924], [-73.0451659898574, 41.3464311926351], [-73.0448169675807, 41.345508735459], [-73.0445475598213, 41.3447239859036], [-73.0443802441728, 41.3443175443891], [-73.0440524928057, 41.3433627839235], [-73.0437610942615, 41.3426434439114], [-73.0436888171026, 41.342363345271], [-73.0435066447232, 41.3419403002523], [-73.043419656213, 41.3416274785991], [-73.0433029212654, 41.3413807710433], [-73.0429971187264, 41.3404415627706], [-73.0425678172891, 41.3393162119569], [-73.0422408970323, 41.3383830583328], [-73.0421532223147, 41.3381692102014], [-73.0419785740989, 41.3376421962362], [-73.0418984998829, 41.3373458216631], [-73.0417675741539, 41.3370272761503], [-73.041615150013, 41.3365331397614], [-73.0413677454953, 41.3359181428484], [-73.0407561559926, 41.3340681832079], [-73.0405016749346, 41.333393338504], [-73.0404295184397, 41.3331348518411], [-73.0403202149727, 41.3329157397788], [-73.0401529944487, 41.3324158044025], [-73.0400801218819, 41.3322513206538], [-73.0397309170941, 41.3306921236018], [-73.0395710109503, 41.3302475752985], [-73.0393960101747, 41.3296325623207], [-73.0391163062306, 41.328216586861], [-73.0389709346818, 41.3276617050288], [-73.03884701195, 41.3269642267636], [-73.0388259100575, 41.3267725084296], [-73.0388835073893, 41.3267422332715], [-73.0389354406692, 41.3267350954176], [-73.0425532577035, 41.3262378859452], [-73.0454667062186, 41.3258105040399], [-73.0477748071341, 41.3255254478983], [-73.0500545155326, 41.3252073154241], [-73.0511322545133, 41.3250262692623], [-73.0561276633015, 41.3236378686856], [-73.0563313395868, 41.3236429860613], [-73.0568707940041, 41.3236813359729], [-73.0589970989576, 41.3240005048865], [-73.0608903294875, 41.3243955708419], [-73.061829441262, 41.3245931961317], [-73.0622957821087, 41.3247085684809], [-73.0633877876056, 41.3249007914108], [-73.0639774318902, 41.3250103303889], [-73.0649536448734, 41.32515860051], [-73.0656528103761, 41.3253285495262], [-73.0658927538579, 41.3254440196799], [-73.0664247390213, 41.3258610872187], [-73.0665335757846, 41.3259215091601], [-73.0669780064188, 41.3260206284225], [-73.0672691599088, 41.3259985533118], [-73.0676843873884, 41.3258941409013], [-73.0678372190461, 41.3258774233776], [-73.0680628328079, 41.3258997801616], [-73.0687692273529, 41.3261026298782], [-73.0691116088354, 41.3262236350154], [-73.0693151064076, 41.3262839607933], [-73.0700797497937, 41.3264375787068], [-73.0716969059966, 41.3266572426827], [-73.0719008736203, 41.3266734859945], [-73.0724829590999, 41.3267665322891], [-73.0725563403841, 41.3267886254771], [-73.0726868874159, 41.3268657928834], [-73.0735468924954, 41.3271565150952], [-73.0739617392007, 41.327342996618], [-73.0745588276772, 41.3275680756532], [-73.0750540678432, 41.327765473654], [-73.0755714521145, 41.3282048483329], [-73.0762337370811, 41.3288137884916], [-73.0764745510623, 41.3290064154704], [-73.0771442986513, 41.3296480967075], [-73.0773776095901, 41.329840575279], [-73.0774287082537, 41.3299556983892], [-73.0774141089164, 41.3301754715721], [-73.0782658924504, 41.3303124922204], [-73.07846279494, 41.3303235919931], [-73.0792713668344, 41.3305099576666], [-73.0792934971621, 41.330521044977], [-73.0791184414402, 41.3307347604978], [-73.0792346665458, 41.3307677037467], [-73.0798029343022, 41.3309984976877], [-73.0800144990964, 41.3311191601579], [-73.0812817494594, 41.3316846480511], [-73.0834591340467, 41.3326171279412], [-73.0839295037497, 41.332834120241], [-73.0839615897061, 41.3326998888586], [-73.0842826013025, 41.3328589937494], [-73.0846175823026, 41.333122345165], [-73.0846975116452, 41.333221084909], [-73.0850835196301, 41.333539351815], [-73.0852150919712, 41.3335888844008], [-73.0852365119563, 41.3335943111375], [-73.0853682734765, 41.3336381779761], [-73.0855940306223, 41.3336819430932], [-73.0857248847224, 41.3337256449615], [-73.0860814092289, 41.3339731487447], [-73.0861913556447, 41.3340222300102], [-73.0868975012412, 41.3343678506787], [-73.0875602430237, 41.3347683149678], [-73.088084959661, 41.3350590614149], [-73.088136142789, 41.3350976768142], [-73.0883692766106, 41.3354218679011], [-73.0884640686068, 41.3355754534412], [-73.0885150199646, 41.3357018936447], [-73.0886531915524, 41.3358826200233], [-73.0893385694032, 41.3370406644526], [-73.0897754230517, 41.3377601472863], [-73.0897901899881, 41.3378419227234], [-73.0901907068094, 41.3381385141101], [-73.090358329912, 41.3382044012346], [-73.0905116811441, 41.3383250499412], [-73.091138126085, 41.338693007299], [-73.0916188155219, 41.3389119931904], [-73.0918376267302, 41.339016491259], [-73.0920780606397, 41.3391205815341], [-73.0923105048283, 41.3392634586847], [-73.0924712224803, 41.3393128931313], [-73.0926239122111, 41.3393508625238], [-73.0929956710104, 41.3394116755284], [-73.0931191144498, 41.3394277700625], [-73.0933889828539, 41.3393731012581], [-73.0940295349092, 41.3391749485678], [-73.0941682472014, 41.3391091804644], [-73.0943357784053, 41.3390268554307], [-73.0952239381211, 41.3389991406386], [-73.0954720229256, 41.3390426483914], [-73.0957343139222, 41.3391471759414], [-73.0958868803506, 41.3392899487573], [-73.0960108617833, 41.3394930087246], [-73.0960987591911, 41.339844040548], [-73.0960775738968, 41.3401403385904], [-73.0959752967307, 41.3405962409395], [-73.0960193618484, 41.340750141194], [-73.0960700353265, 41.3407774329894], [-73.0961432219905, 41.340887335267], [-73.0962598287065, 41.340986129048], [-73.0963324363294, 41.341029994725], [-73.0964562712883, 41.3411615298419], [-73.0965149660267, 41.341584177121], [-73.0970175709959, 41.3425337987143], [-73.0975644452466, 41.3435875790192], [-73.0976011314024, 41.3436372114625], [-73.0979513601667, 41.344306665516], [-73.0981259796178, 41.3446963687946], [-73.1022389632925, 41.3525998270208], [-73.102464442589, 41.3530397916496], [-73.1024722540839, 41.353055038507]]]}, "properties": {"FID": 6, "ID": 0, "TOWN_CODE": 52, "TOWN_NAME": "Ansonia", "CIS_TOWN_C": 280, "SHAPE_AREA": 174472639.334, "SHAPE_LEN": 53565.7485901, "GlobalID": "be64178d-d6bb-4e0c-baea-a3e586bb5ae2"}}, {"type": "Feature", "id": 7, "geometry": {"type": "Polygon", "coordinates": [[[-72.9383937496583, 41.2813514002492], [-72.9385181767705, 41.2810515276845], [-72.9385288271495, 41.2810376177522], [-72.9386241933124, 41.2809130986912], [-72.938590886587, 41.2808761022], [-72.9385400325123, 41.2808262714781], [-72.9384311587897, 41.2804477085208], [-72.9384818232975, 41.2803544821876], [-72.9384891976385, 41.280310214315], [-72.9387729244657, 41.2802116283403], [-72.9389911450601, 41.2800304768371], [-72.9388365268273, 41.2800491749434], [-72.9387386917825, 41.2798444469089], [-72.9386338194116, 41.2795233806827], [-72.9384887637841, 41.2795311175532], [-72.9384450336819, 41.2794267249009], [-72.9382995446276, 41.2788116808134], [-72.9380594993153, 41.2782847854697], [-72.9378884750421, 41.2780297002966], [-72.9377135949022, 41.2778478695091], [-72.9372531272635, 41.277464144997], [-72.9371498710997, 41.2773790419147], [-72.9370110594523, 41.2772368912858], [-72.9368464317736, 41.2771208067173], [-72.9366687210105, 41.2771210964633], [-72.936484326521, 41.2771264547959], [-72.9363836585519, 41.2770987916706], [-72.9363298704619, 41.2770508230944], [-72.9362827113507, 41.2769750139283], [-72.9362824511423, 41.276883956646], [-72.9363023394606, 41.2768029783398], [-72.9363712101349, 41.2767036191495], [-72.936502807638, 41.2766051182476], [-72.9366920421467, 41.2765449439679], [-72.9368279385828, 41.2765188282559], [-72.9367706701812, 41.2764253282743], [-72.9367134201803, 41.2763368946458], [-72.9366324988328, 41.2761801996009], [-72.9366185383353, 41.275987982526], [-72.9367754942663, 41.2757676669214], [-72.936758208744, 41.2755855719428], [-72.9366117810354, 41.2752769371807], [-72.9364515408268, 41.2750572943197], [-72.9364375932241, 41.275029531497], [-72.9363936736449, 41.2748592707516], [-72.9364004252544, 41.2745959594552], [-72.9365473027845, 41.2745286056434], [-72.9365869297062, 41.2743160665079], [-72.9364735743521, 41.2740966796029], [-72.936335195584, 41.2737289697952], [-72.9362846877931, 41.2735585489758], [-72.936226354682, 41.2730373568727], [-72.9361824333991, 41.2729437716368], [-72.9361606950273, 41.2728944089092], [-72.9357567317057, 41.2724203296335], [-72.9354439185373, 41.272066712386], [-72.9350002615692, 41.2716804256432], [-72.9348321573915, 41.2715137512833], [-72.9344893689162, 41.2712259462127], [-72.9342371887276, 41.270968345811], [-72.9341162267585, 41.2708749553367], [-72.933884409692, 41.2707033211891], [-72.933491427935, 41.2704459507335], [-72.9331923405808, 41.2701960147058], [-72.9328294534249, 41.2699082367998], [-72.9326178514547, 41.2697719828323], [-72.9324062535476, 41.2696332033396], [-72.9321442928754, 41.2694692016975], [-72.9320199108429, 41.2693505182015], [-72.9315109867898, 41.269589093981], [-72.9314908130439, 41.2695688876928], [-72.9319661704321, 41.2693151885758], [-72.9317512018171, 41.2691688216839], [-72.9315802334925, 41.2691741536642], [-72.9314326338919, 41.2691415026029], [-72.9312816234948, 41.2690911548604], [-72.9312445280661, 41.269012800416], [-72.9312576934137, 41.2689242469455], [-72.9312475462443, 41.2688939115872], [-72.9310056622467, 41.2687121736746], [-72.9307872345937, 41.2685278681803], [-72.9306928444927, 41.2683408351898], [-72.9306283416725, 41.268050051905], [-72.9305375693813, 41.2679591372603], [-72.930513871801, 41.267875700658], [-72.9305336996468, 41.2677719621052], [-72.9306406704012, 41.2676579701646], [-72.9308720905695, 41.2675256954366], [-72.9309081130488, 41.2673997313289], [-72.9308939226572, 41.2671061482331], [-72.9308533792267, 41.2669923889865], [-72.9307359018991, 41.2669419854568], [-72.9305782252071, 41.2669017604647], [-72.9304340479757, 41.2668944017801], [-72.9302195680877, 41.2669200329248], [-72.9300587481172, 41.2669556987984], [-72.929894476095, 41.266955956949], [-72.9296967219596, 41.2669714413578], [-72.9295335133235, 41.2669602007527], [-72.9290239424324, 41.2671743843939], [-72.9288498686121, 41.2674508339812], [-72.928166411788, 41.2676163150045], [-72.9281028814062, 41.2676771194655], [-72.9280527998628, 41.2677530832588], [-72.9280429007679, 41.2678112714378], [-72.9279860223349, 41.2678518328522], [-72.9278654279606, 41.2678874352243], [-72.9276811939363, 41.2679433667493], [-72.9273998724687, 41.2680500401863], [-72.9273766293411, 41.2681335473243], [-72.9272694550936, 41.2681716562194], [-72.9271553798172, 41.2681389505656], [-72.9267734407669, 41.2682306012904], [-72.9261939375847, 41.2684085511072], [-72.9257082025851, 41.2685509496864], [-72.925335115634, 41.2686341698501], [-72.9249543251022, 41.2687165166996], [-72.9245756796481, 41.2687879196031], [-72.9242439266316, 41.2688466053146], [-72.923995901321, 41.2688672150226], [-72.9236037309783, 41.2688981643648], [-72.9230216801896, 41.269001678858], [-72.9227158509462, 41.269072636061], [-72.9225450296483, 41.2691653592821], [-72.9222303030116, 41.2693226571623], [-72.9219425199692, 41.2695254447037], [-72.9217410720174, 41.2697147780734], [-72.9215806711155, 41.2699292608193], [-72.9215007305899, 41.2700499690599], [-72.9212281253455, 41.2704007056097], [-72.9212950749105, 41.2706436099547], [-72.9213709716053, 41.2706863764992], [-72.9214367191494, 41.2704718636499], [-72.9215214509107, 41.2702716152213], [-72.9216170272112, 41.2705930954936], [-72.9216022126984, 41.2709446983746], [-72.9217509715068, 41.2710931943967], [-72.9219118398904, 41.2710286332838], [-72.9220821757378, 41.2709569045996], [-72.9221682443906, 41.2712641057901], [-72.9223483472174, 41.2713067121857], [-72.9224054898164, 41.2714209791497], [-72.9225099236667, 41.2715065932987], [-72.9226520813597, 41.2715278194857], [-72.9226808963131, 41.2716778679107], [-72.9226244495002, 41.2718280448626], [-72.9224922640226, 41.2719926266552], [-72.9222651302861, 41.2720787342688], [-72.9220284108465, 41.2721219701324], [-72.9218294676876, 41.2721222687647], [-72.9215733703812, 41.2720011529306], [-72.9214590656879, 41.2717654692831], [-72.9211553625674, 41.2715515083893], [-72.9209080248655, 41.2711587842463], [-72.9208124109881, 41.2708230098657], [-72.9207832814929, 41.270551458858], [-72.9206306437757, 41.270144296433], [-72.9204499800298, 41.2698872673871], [-72.9204303819557, 41.269637148097], [-72.9204867711954, 41.269465529082], [-72.9204290554095, 41.2691296979142], [-72.9204094193443, 41.2688652822528], [-72.9205042049185, 41.2688865871974], [-72.9206850841172, 41.2692293788386], [-72.920808160292, 41.2692006088624], [-72.9209216290282, 41.2691218198846], [-72.9210536710108, 41.2689000607673], [-72.9211463718921, 41.2689220982906], [-72.9211662016822, 41.2688133034073], [-72.9212130640265, 41.268785409889], [-72.9212836190225, 41.2688434799783], [-72.9213336590363, 41.2687498138291], [-72.9214174925422, 41.2687572771164], [-72.9214810539039, 41.2687040678761], [-72.9214808676178, 41.2686332430446], [-72.9214505270436, 41.2685700520884], [-72.9213900435598, 41.2685170229045], [-72.921292607189, 41.2684362268938], [-72.9211885355157, 41.2683807320385], [-72.9210710024912, 41.2683075524993], [-72.9209266677973, 41.2682394764459], [-72.9207615187369, 41.2681745486618], [-72.9206715277511, 41.268108323385], [-72.9205539390413, 41.268012379312], [-72.9179275462442, 41.2675693458849], [-72.9174001665023, 41.2676807078393], [-72.9174141137351, 41.2674042120168], [-72.9203908458773, 41.2678974772501], [-72.9216335751515, 41.2680588267732], [-72.9227299222867, 41.2680900627992], [-72.9233501837306, 41.2681068331619], [-72.9239335569554, 41.2681185953998], [-72.9241515016166, 41.2681309109174], [-72.9249964307593, 41.2681650359189], [-72.9251339162611, 41.2681774724783], [-72.9253819392298, 41.2681543295552], [-72.9256232309612, 41.2681210727208], [-72.9258879207267, 41.2680624881226], [-72.9261960498679, 41.2679507191806], [-72.9266248003932, 41.2678134672055], [-72.9269262941966, 41.2677295300043], [-72.9271874873092, 41.2676178336953], [-72.9273414966677, 41.2675417122103], [-72.9274518735001, 41.2674479506191], [-72.9275722587553, 41.2673364679986], [-72.9276557359157, 41.2672149244316], [-72.9277158340059, 41.2671237706096], [-72.9277322438836, 41.2669947423018], [-72.9277519348053, 41.2668378903339], [-72.927795432779, 41.2668074657731], [-72.9278390793375, 41.2668301635034], [-72.9278930583198, 41.2669565496598], [-72.9279066184367, 41.267012176262], [-72.9278399762861, 41.2671589936333], [-72.9277932682092, 41.2672450652369], [-72.9277332782047, 41.2673741611902], [-72.9284854402356, 41.2671191352942], [-72.9287184865055, 41.2670427819521], [-72.9289438478652, 41.2668998881932], [-72.929395064749, 41.2665483974518], [-72.9295555384102, 41.2664555185922], [-72.9296641903786, 41.266367523757], [-72.9297438719837, 41.2663238300775], [-72.9298098605581, 41.2662042416942], [-72.9299517058548, 41.2660309197418], [-72.9300889349121, 41.2657245747256], [-72.9302982656833, 41.265374841076], [-72.9306394368322, 41.2650761886296], [-72.9307219201734, 41.2649462335841], [-72.9304558684991, 41.2647559236997], [-72.930676109045, 41.2645119549284], [-72.9307841966575, 41.2644236317854], [-72.9309200994356, 41.2644073895573], [-72.9309241303831, 41.2643288477498], [-72.9307093358182, 41.2642378290749], [-72.9307291830265, 41.2639937785523], [-72.930689321032, 41.2639141003565], [-72.9307337199428, 41.2638387000951], [-72.9307417225856, 41.2636607804004], [-72.9307926762404, 41.2636510828419], [-72.93084568177, 41.2636157386827], [-72.9309814271379, 41.2635433992776], [-72.9310767280957, 41.2634406710614], [-72.9311677229868, 41.2633171141004], [-72.9312100103665, 41.2632465248516], [-72.9311880829746, 41.2631624764019], [-72.9310946345758, 41.2630046891226], [-72.9309546925824, 41.2629860048869], [-72.9309098229203, 41.2630001726585], [-72.9308460675122, 41.2629890543082], [-72.9308098948315, 41.2629666726251], [-72.9307821886253, 41.2629330578143], [-72.9307608408862, 41.2628946250978], [-72.9307564943597, 41.2628593714883], [-72.9307945953377, 41.2628112277983], [-72.9307627070902, 41.2628016617087], [-72.930730898818, 41.262820944768], [-72.9307097456693, 41.2628530340803], [-72.9307056399726, 41.2629043293457], [-72.9307270498781, 41.2629652007745], [-72.9307760292255, 41.2630100010684], [-72.9308483425856, 41.2630435447435], [-72.9308887142666, 41.2630482895471], [-72.9309566731134, 41.2630433736178], [-72.930996722629, 41.2630333601662], [-72.9310501263193, 41.2630400206692], [-72.9310948126409, 41.2630687999999], [-72.9311140545133, 41.2631136471704], [-72.931122764872, 41.2631905662224], [-72.9311144641047, 41.2632611009915], [-72.931084890933, 41.2633204503501], [-72.931006569262, 41.2634183431739], [-72.9309642024099, 41.2634600824864], [-72.9308942392479, 41.2635082758602], [-72.9308179121106, 41.2635596851833], [-72.9307288002638, 41.2635966896396], [-72.9306248419603, 41.2636417312498], [-72.9305187586338, 41.2636867761149], [-72.9305337347518, 41.263800251922], [-72.930561720684, 41.2638598075873], [-72.9305773404037, 41.264130651155], [-72.9305520231555, 41.2641931996029], [-72.9305054332664, 41.2642445611234], [-72.9303523030869, 41.264175883367], [-72.9303141300637, 41.264198382274], [-72.9302269372275, 41.264161655737], [-72.930205717878, 41.2641697029346], [-72.9302058109054, 41.2642033613356], [-72.9300722413191, 41.2642949292454], [-72.9300808753526, 41.2643446018275], [-72.9299898937352, 41.264474569072], [-72.9299901149632, 41.264554707484], [-72.9300179684122, 41.2646412129462], [-72.9299716343837, 41.2647855356747], [-72.9299547831377, 41.2648368502291], [-72.9299059843053, 41.2648577630736], [-72.9298568803713, 41.264768085018], [-72.9294238547534, 41.2640486192045], [-72.9292252945424, 41.2641775760861], [-72.9290835816856, 41.2643135968659], [-72.9289935952693, 41.2644536917834], [-72.9290113281991, 41.2647229296163], [-72.9289329973319, 41.2648192183956], [-72.9287654503462, 41.2649156464173], [-72.9286093731564, 41.264964873499], [-72.9283474467775, 41.2652091659666], [-72.9283256631882, 41.2653080023872], [-72.9283328935781, 41.2654563680655], [-72.9283983135982, 41.265604469571], [-72.9283987341405, 41.2657581644971], [-72.928347763207, 41.2659062716256], [-72.9281732793739, 41.2661149562243], [-72.9279325420442, 41.266202812069], [-72.9276418138934, 41.2663838880393], [-72.9274019851975, 41.2665592201091], [-72.9272923089642, 41.2667734616433], [-72.9271833551414, 41.2670039993527], [-72.9271395506018, 41.2671140176752], [-72.9269339203598, 41.2675152512254], [-72.9267681416158, 41.2675493336716], [-72.9267274267691, 41.2674140970114], [-72.9264406408403, 41.2674585118262], [-72.9262259278003, 41.2676313464354], [-72.9257738194426, 41.2678823379906], [-72.9253974958592, 41.2679742410909], [-72.9249539438618, 41.2680730088525], [-72.924765562424, 41.2680394756388], [-72.9246757423875, 41.2679787257556], [-72.924603685497, 41.2678536886524], [-72.9246347335723, 41.2677318724108], [-72.9247774769419, 41.2674644464153], [-72.9251301350717, 41.2669091917828], [-72.9255189186954, 41.2664519756355], [-72.9262525627729, 41.2658758377762], [-72.9267401710373, 41.2654996396558], [-72.9270758350503, 41.2652961778369], [-72.9273724106758, 41.2651319480855], [-72.9277652541292, 41.2649534839419], [-72.9279888936765, 41.264770486328], [-72.9281183038682, 41.264553809105], [-72.9282565072909, 41.2642762416469], [-72.928368244414, 41.2641542987159], [-72.928600903978, 41.2639915817174], [-72.9289587759187, 41.2637204302708], [-72.9293929260609, 41.2634762194075], [-72.929741925675, 41.2632389002384], [-72.9300862291473, 41.2629271782783], [-72.9305087831029, 41.2625139270107], [-72.9308196234372, 41.2622901292094], [-72.9310253099504, 41.2621071567492], [-72.9312667869155, 41.2618970639802], [-72.9316158937431, 41.2617037136428], [-72.9319470104303, 41.2614900984454], [-72.9324569648757, 41.2611138374116], [-72.9329181085365, 41.260913539923], [-72.9336749427997, 41.2606620315288], [-72.9339525411817, 41.2605499638229], [-72.9341672973369, 41.2604075572563], [-72.9345432450045, 41.2602006276917], [-72.9351432001249, 41.2599561268564], [-72.9356758116459, 41.2596745225917], [-72.9357966034673, 41.2595931494286], [-72.9358544717011, 41.2594509941152], [-72.9362712570334, 41.2594232585372], [-72.9370822767308, 41.2593204632912], [-72.9373241259866, 41.259249037565], [-72.9376332346348, 41.2591876466274], [-72.9383505610687, 41.258929653974], [-72.938033594985, 41.2581282983811], [-72.9380873632837, 41.2581214447792], [-72.9381415065936, 41.2582465036707], [-72.9386571155663, 41.2582930089436], [-72.9390607586767, 41.2583735204915], [-72.9395538259225, 41.258376089069], [-72.9399438772495, 41.2584058876408], [-72.9403786566479, 41.2584017791193], [-72.9407370543299, 41.2583369197495], [-72.9416382077481, 41.2580732287555], [-72.941896922011, 41.257976447066], [-72.9416214193775, 41.2572699834517], [-72.9416706665895, 41.2572496086441], [-72.9418378044805, 41.2576890409179], [-72.9419451954884, 41.2576279739631], [-72.9421330229835, 41.2575957105089], [-72.942889431527, 41.2575680226397], [-72.9431808986082, 41.2575080108531], [-72.9433188096346, 41.2574863327636], [-72.9436476690708, 41.2573578961395], [-72.9434399403084, 41.2568373570696], [-72.9434891838302, 41.2568169807811], [-72.943711191976, 41.2572721155066], [-72.9440286604343, 41.2573572512098], [-72.9446427071532, 41.2573489252874], [-72.9450865944792, 41.2572555424169], [-72.9454352182393, 41.2570639731177], [-72.9451732948254, 41.2564116171626], [-72.9452225549387, 41.2563980032913], [-72.9455521506204, 41.2571123791045], [-72.9458356025194, 41.2571122347476], [-72.9463884814565, 41.2570574268303], [-72.9466428662671, 41.25699146472], [-72.9469850092713, 41.2568546776389], [-72.947262968044, 41.256729361806], [-72.9468931880741, 41.2559892528958], [-72.9469424633063, 41.2559790191512], [-72.9472940773623, 41.2566413684294], [-72.9477016072625, 41.2565256645567], [-72.9480062466502, 41.256474400882], [-72.9484763917525, 41.2563146132517], [-72.9488073489868, 41.2560772697265], [-72.9485456869457, 41.2555196260173], [-72.9485994622936, 41.2555161511651], [-72.9488788830782, 41.2560162634117], [-72.9492173897464, 41.2560308911179], [-72.9499235134879, 41.2559207383061], [-72.9505229188323, 41.2557157425867], [-72.9501712458328, 41.255043259133], [-72.9502205179737, 41.2550330239801], [-72.9506127506912, 41.2557764666359], [-72.9508033229804, 41.255744924666], [-72.9515017451182, 41.2555694214854], [-72.9521125810086, 41.2552292619829], [-72.9518192533576, 41.2545871233471], [-72.9518729754, 41.2545667327375], [-72.9522021906513, 41.2552189603918], [-72.9523014229029, 41.2552841237932], [-72.9526056450789, 41.2552385403322], [-72.952968537274, 41.2551871624533], [-72.9533448210854, 41.255118844628], [-72.9534879862547, 41.2550340292782], [-72.9535190335839, 41.2549291227893], [-72.9535815254642, 41.254847834384], [-72.9537052935698, 41.2547895067113], [-72.9538658254759, 41.2546634892268], [-72.9541054619074, 41.2545371576987], [-72.9543888372983, 41.254443681822], [-72.9548616502553, 41.2542352799713], [-72.9553493676556, 41.2541416087741], [-72.9557169415114, 41.2540389979779], [-72.9559901415377, 41.2539742438083], [-72.9562449000414, 41.2537471626252], [-72.9566220807968, 41.2533732554652], [-72.9568299190165, 41.2530763892813], [-72.9569857476201, 41.252748017445], [-72.956948851762, 41.2526319877314], [-72.9568177604084, 41.2525058042259], [-72.9567451990178, 41.2524177677893], [-72.9566799836114, 41.2523518491462], [-72.9565633322587, 41.2522642350375], [-72.956475910674, 41.2522204804101], [-72.956297878236, 41.2520761541774], [-72.9562930559726, 41.2519679299206], [-72.9564317402921, 41.2518864998164], [-72.9566018578522, 41.2518253087468], [-72.9566914765477, 41.2518183845097], [-72.9567495566884, 41.2517607763077], [-72.9568396233945, 41.2517316427591], [-72.9569630780902, 41.2516712106316], [-72.9571306762482, 41.2516985252483], [-72.9572688489526, 41.2517644872425], [-72.9574652274758, 41.2520500744867], [-72.9575742426662, 41.2521651498773], [-72.9578072666371, 41.2522532347376], [-72.9582072881268, 41.2523187193682], [-72.9588616429609, 41.252312898213], [-72.9594586334864, 41.2522087177389], [-72.9596252715589, 41.2522195608884], [-72.9598872797193, 41.2524830683648], [-72.9598409570266, 41.2525680600001], [-72.9596970589976, 41.2526841895875], [-72.9596217823584, 41.2528368014948], [-72.9596255587246, 41.2530297642279], [-72.9596799153582, 41.2532440832226], [-72.959823306417, 41.2536583583322], [-72.9598741649335, 41.2537654743801], [-72.9599218916601, 41.2538821247649], [-72.9599393277674, 41.2539561893644], [-72.9599388078214, 41.2540147580886], [-72.9597270640244, 41.254164011634], [-72.9596769354947, 41.2542254577075], [-72.9596617984619, 41.2543335862702], [-72.959739648134, 41.254464917128], [-72.9598680282312, 41.2546575088929], [-72.9599150776071, 41.2548414840417], [-72.9599123803628, 41.2549030701901], [-72.9599124798151, 41.2549339652965], [-72.959914455682, 41.2549704777373], [-72.9599313168602, 41.2550055513715], [-72.9599314389223, 41.2550434667832], [-72.959931719219, 41.2551305334676], [-72.9599430656988, 41.2551880848498], [-72.9599433143592, 41.2552653201545], [-72.9599397468931, 41.2553116678703], [-72.9599230348101, 41.2553229344372], [-72.9598876472517, 41.2553145709567], [-72.9598317704792, 41.2552978222834], [-72.9597814878732, 41.2552852789149], [-72.9596883534876, 41.2552573589833], [-72.9596921227625, 41.2552713983953], [-72.9597033237544, 41.2552826088919], [-72.9597592213543, 41.2553049783637], [-72.9598207194953, 41.2553329505915], [-72.9598691499329, 41.2553497129182], [-72.9599268970661, 41.2553678640403], [-72.9599623216091, 41.2553888601307], [-72.9599624030061, 41.2554141401156], [-72.9599626064638, 41.2554773291872], [-72.9599703720231, 41.2555770204531], [-72.9599816401515, 41.2556078922667], [-72.959987432357, 41.2556738814754], [-72.9599913562613, 41.2557370672358], [-72.9599747246617, 41.255772202981], [-72.9599506818834, 41.2558185910498], [-72.9599192297421, 41.2558762258133], [-72.959895227548, 41.2559352464846], [-72.9598729825164, 41.2559619697741], [-72.959841448231, 41.2559915169567], [-72.9597968784523, 41.2560210859066], [-72.9597560284187, 41.2560478432591], [-72.9597058978564, 41.2560830431332], [-72.9596649889081, 41.2560929487787], [-72.9596054830928, 41.256105696029], [-72.9595422666353, 41.2561226628086], [-72.9595088193391, 41.256138170599], [-72.9594641729283, 41.2561410626645], [-72.9594436732421, 41.2561326746223], [-72.9594249418603, 41.2560947932508], [-72.9594081349186, 41.2560751618193], [-72.9593895243918, 41.2560751958522], [-72.9593951446906, 41.2560878245869], [-72.9594063810631, 41.2561088650777], [-72.9594195036557, 41.2561397363638], [-72.9594103052279, 41.2561734588578], [-72.9593750167668, 41.2561931820433], [-72.959291346474, 41.2562158019369], [-72.959215092915, 41.2562285795934], [-72.9591797978567, 41.2562483055409], [-72.9591128652183, 41.2562666847673], [-72.9588414451476, 41.2563514362071], [-72.9585179450182, 41.2564404932152], [-72.9584547377051, 41.2564616749561], [-72.9582780633723, 41.2564956964932], [-72.9581144429441, 41.2565381251929], [-72.9579843041537, 41.2565762765671], [-72.957995505843, 41.2565888952317], [-72.9580085376908, 41.2565888715596], [-72.9582762982746, 41.256525191901], [-72.9584715706185, 41.2564883240147], [-72.9586667773628, 41.2564289882781], [-72.9588601413616, 41.2563766766174], [-72.9590720740553, 41.2563131004222], [-72.9592282614319, 41.2562734943198], [-72.9593751430196, 41.2562325026367], [-72.9594569403348, 41.2562070757211], [-72.9595201621931, 41.2561929165555], [-72.9595926320266, 41.2561604862629], [-72.9596595508782, 41.2561378947135], [-72.9597209089547, 41.2561209277599], [-72.9597525301226, 41.2561180650751], [-72.959776681583, 41.2561053825227], [-72.9598044964612, 41.2560758442811], [-72.959854655935, 41.2560490677428], [-72.9598974693133, 41.2560532020417], [-72.9599161368814, 41.2560700217117], [-72.9599162589186, 41.2561079314991], [-72.9599276462686, 41.2561781295439], [-72.9599222174507, 41.2562258830507], [-72.9599279356035, 41.2562680037793], [-72.9599485663682, 41.2563185170852], [-72.9599654324492, 41.2563549994082], [-72.9599785807531, 41.2563928902266], [-72.9600028706079, 41.2564237409672], [-72.9599861664909, 41.2564364099101], [-72.9599620104265, 41.2564476880238], [-72.959945294454, 41.2564575465955], [-72.9599825282297, 41.2564630962862], [-72.9600104780261, 41.2564742753346], [-72.9600328896043, 41.2564995115503], [-72.9600497376827, 41.2565303759304], [-72.9600722171535, 41.2565766758626], [-72.9600871245338, 41.2565822664762], [-72.9601206115793, 41.2565807998396], [-72.9601429834369, 41.2565933970947], [-72.9601561418917, 41.2566341017733], [-72.9601878982595, 41.2566719563065], [-72.9602159089055, 41.2567013942758], [-72.9602495020078, 41.2567322250738], [-72.960296134225, 41.256765842303], [-72.9603426840221, 41.2567741823438], [-72.9604116292751, 41.2568035457669], [-72.9604470730143, 41.2568287572512], [-72.9604955681851, 41.2568651785517], [-72.9605179574186, 41.2568833936646], [-72.9605292695103, 41.2569283088431], [-72.9605368230157, 41.2569620006258], [-72.9605257938548, 41.2570041464922], [-72.9605259071929, 41.2570392515264], [-72.9605129288627, 41.2570547268924], [-72.9605222764646, 41.2570673480163], [-72.9605000548884, 41.2571010889171], [-72.9604592632599, 41.2571475050644], [-72.9604370053817, 41.2571700157142], [-72.9604054108081, 41.2571827120808], [-72.9603998843129, 41.2572009763991], [-72.9602941128319, 41.2572938530298], [-72.9602496041588, 41.2573402759273], [-72.960232932356, 41.2573641807709], [-72.9602311662411, 41.2573936712918], [-72.9602443247788, 41.2574357783405], [-72.9602463508153, 41.257486325746], [-72.960239072798, 41.2575368958545], [-72.960216907917, 41.2575888956754], [-72.9602504825653, 41.2576127061599], [-72.9602449631872, 41.2576337801408], [-72.9602675338634, 41.257706759565], [-72.9602957794299, 41.2578106231411], [-72.9603089917577, 41.2578667707729], [-72.9602923379439, 41.2578962886351], [-72.9602123711419, 41.257911884156], [-72.9601677069149, 41.2579133713327], [-72.9601603147081, 41.2579288342965], [-72.9601677793366, 41.2579358409418], [-72.9602161649203, 41.2579357521268], [-72.9602794154603, 41.2579300180329], [-72.9603203381246, 41.2579243249155], [-72.9603185485985, 41.257945394859], [-72.9603244166125, 41.2580338508301], [-72.9603301659532, 41.2580857993964], [-72.9603656310154, 41.2581194342955], [-72.9604740418973, 41.2582666869244], [-72.9605133111648, 41.2583255949131], [-72.9605321535645, 41.2583971780501], [-72.9605473650677, 41.2584982558379], [-72.9605850174127, 41.2586315942341], [-72.9606207640098, 41.2587536980899], [-72.9606545372854, 41.258837895561], [-72.9606845536375, 41.258912269203], [-72.9607221846156, 41.2590399875197], [-72.9607335225897, 41.2590933281602], [-72.9607392133473, 41.259127020541], [-72.9607224614351, 41.2591256461755], [-72.9607019861339, 41.2591242807664], [-72.9606815498014, 41.2591355521832], [-72.9606890682561, 41.2591580045773], [-72.9607058710119, 41.2591748226286], [-72.9607281983735, 41.2591747815437], [-72.9607450285136, 41.259198627612], [-72.9607731384943, 41.2592589584274], [-72.9608050263071, 41.2593375406572], [-72.9608219799085, 41.2594007023831], [-72.9608389743967, 41.2594764988242], [-72.9608523108438, 41.2595733721647], [-72.9608580935757, 41.2596337468766], [-72.9608582116413, 41.2596702570868], [-72.9608546679853, 41.2597264326895], [-72.9608418355235, 41.2597854329701], [-72.9608438738745, 41.2598401987219], [-72.9608328416411, 41.2598823474224], [-72.9608162720767, 41.2599371453241], [-72.9607997096965, 41.2599947500828], [-72.960792392712, 41.260034084364], [-72.9607738863862, 41.2600664153831], [-72.9607832617092, 41.2600874626717], [-72.9607722466145, 41.2601352264847], [-72.960761259791, 41.2601900133988], [-72.9607410555423, 41.2602729049736], [-72.9607171886167, 41.2603740539296], [-72.9606987757138, 41.2604344731645], [-72.96066917513, 41.2604892943143], [-72.9606711508797, 41.2605229935287], [-72.9606601310984, 41.2605693549549], [-72.9606547387511, 41.2606283443329], [-72.9606381713972, 41.2606859490731], [-72.9606382848203, 41.2607210597163], [-72.9606160839299, 41.2607604185492], [-72.9605995393089, 41.2608236412022], [-72.9605940116374, 41.2608419083358], [-72.9606052318846, 41.2608587359636], [-72.9605904433976, 41.2608882560502], [-72.9605886628188, 41.2609135359335], [-72.960590593057, 41.2609345941168], [-72.9605720591659, 41.2609584996144], [-72.9605553638885, 41.260975384898], [-72.9605851551439, 41.2609809452688], [-72.9605851823462, 41.2609893679447], [-72.9605629460067, 41.2610174993405], [-72.9605518617603, 41.261042793519], [-72.9605500993055, 41.2610736920316], [-72.9605520567522, 41.2611031785117], [-72.9605503713791, 41.2611579482978], [-72.96052449478, 41.2612127597484], [-72.9605134105059, 41.261238060246], [-72.9604966616614, 41.2612380910339], [-72.9604762002246, 41.2612409362182], [-72.9604780896556, 41.2612493610919], [-72.9605060288001, 41.2612577324627], [-72.9605135465261, 41.2612801904864], [-72.9605061693453, 41.2613012657797], [-72.960489542883, 41.2613392119559], [-72.9604897015441, 41.2613883603897], [-72.9604787016043, 41.2614389345257], [-72.9604787741371, 41.2614614041274], [-72.9604695202906, 41.2614768670142], [-72.9604584828827, 41.2615190156809], [-72.9604455835971, 41.261556955], [-72.960443845478, 41.2615962790003], [-72.9604457875513, 41.2616201468458], [-72.960440233496, 41.2616299849703], [-72.9604254463711, 41.2616623126057], [-72.9604125388999, 41.26169744155], [-72.9604126204703, 41.2617227187096], [-72.960386587506, 41.2617311948853], [-72.9603587115785, 41.2617424763947], [-72.9603364113345, 41.2617523508949], [-72.960295562322, 41.2617819131825], [-72.9602639764112, 41.2617974198701], [-72.9602249525712, 41.261814345396], [-72.9602007989328, 41.2618284255008], [-72.9602027019174, 41.261841060311], [-72.9601860587855, 41.2618747993244], [-72.9601786434929, 41.2618832384697], [-72.9601619487966, 41.2619001201797], [-72.9601564201067, 41.2619169820993], [-72.9601509494474, 41.2619506942802], [-72.9601657673964, 41.261929600438], [-72.960193585514, 41.2619000621159], [-72.960204670036, 41.2618747651637], [-72.9602343838955, 41.2618550484591], [-72.9602585291224, 41.2618409578238], [-72.9603013183556, 41.2618352641031], [-72.9603385363102, 41.2618337933672], [-72.9603682798458, 41.2618253131967], [-72.9604036075609, 41.2618140172916], [-72.96039439523, 41.2618435214837], [-72.9604000180806, 41.2618561494564], [-72.96040196282, 41.2618814231925], [-72.9603759199141, 41.2618856838056], [-72.9603796925045, 41.2618997203711], [-72.9603983145626, 41.2619038989268], [-72.960374211713, 41.2619334304737], [-72.9603780268171, 41.2619615083491], [-72.9603614889874, 41.26202613614], [-72.960363443584, 41.2620556226259], [-72.9603542738542, 41.2620977706595], [-72.9603431576385, 41.262113236956], [-72.9603413552165, 41.2621314972324], [-72.9603321963625, 41.2621764471982], [-72.960319226933, 41.2621947244708], [-72.9602802027457, 41.2622130552079], [-72.960300677276, 41.2622130176103], [-72.9603229967448, 41.2622087638532], [-72.960349040592, 41.2622059084434], [-72.9603379288919, 41.262222780626], [-72.9603305832573, 41.2622536858732], [-72.9603213881628, 41.2622874084147], [-72.9603048147618, 41.2623422055329], [-72.960286375468, 41.2623955987741], [-72.9602660594996, 41.2624433796055], [-72.9602437799011, 41.2624588691984], [-72.9602196405575, 41.2624771669653], [-72.9602178363628, 41.2624940248602], [-72.9602512856951, 41.2624799220662], [-72.9602606031204, 41.2624841149165], [-72.9602496173358, 41.2625389024689], [-72.9602442327007, 41.262599294184], [-72.9602387817592, 41.2626414353786], [-72.9602445632526, 41.2627018065933], [-72.9602576666593, 41.2627270598432], [-72.9602577662872, 41.2627579549272], [-72.9602449028699, 41.2628071300728], [-72.960239470008, 41.2628548835726], [-72.9602284116927, 41.2628872008196], [-72.9602117077119, 41.2629012784902], [-72.9602285113069, 41.2629180959032], [-72.9602230331541, 41.2629518088008], [-72.9602119748165, 41.2629841267485], [-72.9602120472568, 41.2630065956446], [-72.960202807508, 41.2630276743333], [-72.9601805872235, 41.2630642304505], [-72.960154678938, 41.2631078087549], [-72.9601548283018, 41.2631541496231], [-72.9601586666798, 41.2631920553764], [-72.9601458012399, 41.2632412305123], [-72.9601366602102, 41.2632918011946], [-72.9601200366225, 41.2633311524961], [-72.960109006124, 41.2633733011082], [-72.9600960852353, 41.2634070248426], [-72.9600906033854, 41.2634393353567], [-72.9600850963613, 41.263461811677], [-72.9600870219937, 41.26348146749], [-72.9600815067307, 41.2635025442534], [-72.9600499332336, 41.263525069089], [-72.960064883056, 41.2635418955462], [-72.9600631338663, 41.2635770039759], [-72.9600298285576, 41.2636374496959], [-72.9600187265056, 41.2636571294017], [-72.9600075901261, 41.2636655753581], [-72.9599945758895, 41.2636712171823], [-72.9599927497741, 41.2636824536393], [-72.960003969426, 41.2636992820259], [-72.9600058914529, 41.2637175347618], [-72.9600022239396, 41.2637343953655], [-72.9599855387082, 41.2637540881161], [-72.9599559098085, 41.2638004807687], [-72.9599281548759, 41.2638510855554], [-72.9599021881449, 41.2638778156485], [-72.959889265317, 41.2639101334661], [-72.9598893783425, 41.2639452440995], [-72.959874569675, 41.2639705485431], [-72.9598560428967, 41.263995856285], [-72.9598450256826, 41.2640422204215], [-72.9598395509616, 41.2640759332903], [-72.9598117613845, 41.2641167045742], [-72.9597914264557, 41.2641588673877], [-72.9597692762448, 41.2642150798256], [-72.9597507554888, 41.2642446094392], [-72.959739725519, 41.2642867552001], [-72.9596971959336, 41.264371089822], [-72.9596749893775, 41.2644118557664], [-72.9596676531439, 41.2644455692235], [-72.9596677479851, 41.2644750619294], [-72.9596641292167, 41.2645059631135], [-72.9596567513964, 41.2645270383458], [-72.959634544902, 41.2645663997918], [-72.9596327367623, 41.2645832541679], [-72.9595845619775, 41.2646507452018], [-72.9595753345576, 41.2646746363058], [-72.9595586435091, 41.2646929238102], [-72.9595419424856, 41.2647084002432], [-72.9595363898842, 41.2647182355073], [-72.9595345989985, 41.26473930894], [-72.9595234522688, 41.2647463496747], [-72.9595104587519, 41.264756201361], [-72.9595179584853, 41.2647730415171], [-72.9595236056943, 41.2647940929102], [-72.9595348517116, 41.264817944444], [-72.9595516746311, 41.2648403854982], [-72.959562944963, 41.264872665328], [-72.9595648622271, 41.2648909124571], [-72.9595834797781, 41.2648922807694], [-72.9596001979677, 41.264882422258], [-72.9596188153879, 41.2648851985674], [-72.9596504753343, 41.2648907557622], [-72.9596858831881, 41.2649061396217], [-72.9597176171421, 41.2649355687715], [-72.9597418396446, 41.2649439527554], [-72.9597790910096, 41.2649523107614], [-72.959834965278, 41.2649648466988], [-72.9598573271869, 41.2649746336388], [-72.9598759159257, 41.2649661740415], [-72.9598964228364, 41.2649773723761], [-72.9599150909563, 41.2649955944181], [-72.9599244629771, 41.2650166389638], [-72.9599413610778, 41.2650629491216], [-72.9599545800261, 41.2651205019391], [-72.9599695180777, 41.2651373263207], [-72.9599770089136, 41.2651513532677], [-72.9599882334769, 41.2651681837528], [-72.9600050656791, 41.2651934301894], [-72.9600069866895, 41.265213088117], [-72.9600070409595, 41.2652299369753], [-72.9599996505374, 41.2652468015928], [-72.9599885455479, 41.2652650789156], [-72.9599718644346, 41.2652861733325], [-72.9599533027484, 41.2653030584282], [-72.9599571033712, 41.265326923569], [-72.9599553306684, 41.2653536065015], [-72.9599405153264, 41.2653775078775], [-72.9599182471418, 41.2653986132307], [-72.959873601583, 41.2654043130144], [-72.9598382738242, 41.2654142028538], [-72.9597991860272, 41.2654142744664], [-72.9597582118621, 41.2654031192245], [-72.9597265714463, 41.2654045823639], [-72.9596931015164, 41.2654130719952], [-72.9596745479475, 41.2654313566019], [-72.9596578693485, 41.2654538568626], [-72.9596486418419, 41.2654777479707], [-72.9596617809039, 41.2655128291319], [-72.9596749589072, 41.2655591461371], [-72.9596974049509, 41.2655956154463], [-72.9597086746904, 41.2656264900688], [-72.9597087830907, 41.2656601919999], [-72.9596976804519, 41.2656812740529], [-72.959666093441, 41.2656967805683], [-72.9595935246234, 41.2657011261673], [-72.9595470099498, 41.2657068264333], [-72.9595116550614, 41.2657068911172], [-72.9594744655419, 41.2657181957652], [-72.959418703461, 41.2657407667679], [-72.9594038789621, 41.2657604560263], [-72.9593853883553, 41.2657984019189], [-72.9593575526747, 41.2658251324885], [-72.9593408830243, 41.2658490350673], [-72.9593298506807, 41.2658911885143], [-72.9593299633903, 41.2659262935211], [-72.9593189193482, 41.2659642293039], [-72.9593134793252, 41.2660091751833], [-72.9592861115425, 41.2661805462225], [-72.9593140248203, 41.2661790900176], [-72.9593303601431, 41.2660498675001], [-72.959339539183, 41.2660105299333], [-72.9593579990948, 41.2659641578706], [-72.959376493478, 41.2659262084633], [-72.9593856409015, 41.2658770402258], [-72.9594133546713, 41.2658138001698], [-72.9594299567681, 41.2657674286811], [-72.9594615430775, 41.2657505163376], [-72.9595006055842, 41.265744829739], [-72.9595508078116, 41.2657292920201], [-72.9595954744746, 41.2657292102827], [-72.9596568822364, 41.265724882305], [-72.9596996656906, 41.2657191888264], [-72.9597275245543, 41.2657008808526], [-72.9597349414153, 41.2656910393558], [-72.9597403909397, 41.2656503033929], [-72.9597421341025, 41.2656123817916], [-72.9597233644862, 41.2655646726522], [-72.9596952627214, 41.2655071498727], [-72.9596933182934, 41.2654804737509], [-72.9597099914473, 41.2654565718157], [-72.9597229444096, 41.2654340783701], [-72.9597601887356, 41.2654410305003], [-72.9598178994494, 41.2654465434449], [-72.9598569772956, 41.2654436635674], [-72.9599295071101, 41.2654252743812], [-72.9599685186991, 41.2654041390323], [-72.9599833393612, 41.2653830473247], [-72.9600000349955, 41.2653661656461], [-72.9599887128923, 41.2653170377001], [-72.9600128098386, 41.2652860982544], [-72.9600350578649, 41.265260780153], [-72.9600516593787, 41.2652144085718], [-72.9600441178198, 41.2651849330389], [-72.9600365682813, 41.265151244051], [-72.9600178972984, 41.2651330248445], [-72.9600010696147, 41.2651091779729], [-72.9600065434168, 41.2650754679116], [-72.9600027103277, 41.2650403676165], [-72.959995158965, 41.2650066786288], [-72.9599671213183, 41.2649702224383], [-72.9599409948274, 41.2649492058006], [-72.9598944266053, 41.2649366500491], [-72.9598385560743, 41.2649241141339], [-72.9597845667665, 41.2649185978964], [-72.9597398618634, 41.2649060407766], [-72.9596932800255, 41.2648906773941], [-72.9596727551106, 41.2648738610973], [-72.9596112299907, 41.2648402765095], [-72.9595832269992, 41.2648136431582], [-72.9595812689572, 41.2647841594837], [-72.9595793164948, 41.2647546729885], [-72.959601502233, 41.2647096936332], [-72.9596404487111, 41.2646660915957], [-72.9596589360345, 41.2646281393398], [-72.9596866941726, 41.2645789426199], [-72.9596976837061, 41.2645227506367], [-72.9597160543249, 41.2644496961771], [-72.9597270671796, 41.2644019268707], [-72.9597659682087, 41.2643442813796], [-72.9597751729407, 41.264313374878], [-72.9597881257811, 41.2642894741221], [-72.9597992470186, 41.2642754123642], [-72.9597936366908, 41.2642669942981], [-72.9598046846999, 41.2642304664579], [-72.9598213900515, 41.2642163923597], [-72.9598381413903, 41.2642177668598], [-72.9598548322411, 41.2641994800164], [-72.9598695198562, 41.2641362601941], [-72.9598862468375, 41.2641292063878], [-72.9598880195375, 41.2641025241559], [-72.9599045982578, 41.2640491315886], [-72.9599267529514, 41.2639929191152], [-72.959958110454, 41.2639043921201], [-72.9599710140818, 41.26386785805], [-72.9599969628279, 41.2638341083353], [-72.9600136680342, 41.263820033506], [-72.9600321169914, 41.2637694457658], [-72.9600376313708, 41.2637483718174], [-72.9600524923586, 41.2637399211344], [-72.9600804091021, 41.2637398699265], [-72.9600916124278, 41.2637524883778], [-72.9601196224658, 41.2637805183553], [-72.9601383483418, 41.2638155920269], [-72.9601533123676, 41.2638408418723], [-72.9601720591816, 41.2638815334593], [-72.9601795923843, 41.2639096009997], [-72.9602019622558, 41.2639207986714], [-72.9601849990223, 41.2638548272143], [-72.9601793705801, 41.2638407940509], [-72.9601494476026, 41.2637959158279], [-72.9601270226791, 41.2637664640943], [-72.9601064708646, 41.2637412251997], [-72.9600896497698, 41.2637201887115], [-72.9600803050315, 41.2637075703635], [-72.9600802462162, 41.2636893163187], [-72.9600912911576, 41.2636527835359], [-72.9601098613833, 41.2636387052707], [-72.9601097708919, 41.2636106240703], [-72.9601264026649, 41.2635740775206], [-72.9601429990376, 41.2635277087377], [-72.9601671088286, 41.2635009819966], [-72.960167068091, 41.26348834377], [-72.960174446418, 41.2634686687758], [-72.9601688361269, 41.2634602556455], [-72.9601724422088, 41.2634223334209], [-72.9601779129714, 41.2633886184332], [-72.9601778133895, 41.2633577261612], [-72.9601758877266, 41.2633380682417], [-72.9601888656759, 41.263321195462], [-72.9601868902166, 41.2632860910552], [-72.9602072925194, 41.2632649897716], [-72.9602016152569, 41.2632355101195], [-72.9601978092076, 41.2632102405022], [-72.9602219949044, 41.2632073885328], [-72.9602163157688, 41.2631779060742], [-72.9602143819949, 41.2631554455134], [-72.9602198511105, 41.2631189229511], [-72.9602327536299, 41.2630809836577], [-72.9602475193412, 41.2630430409422], [-72.960275389565, 41.2630289462772], [-72.9602790560435, 41.2630120877732], [-72.960266004122, 41.2630036862035], [-72.9602714015491, 41.262946102041], [-72.9602936252266, 41.2629123583923], [-72.960297227481, 41.2628744361686], [-72.9603046157042, 41.262857574342], [-72.9603119304973, 41.2628182372969], [-72.9603099949621, 41.2627943715476], [-72.9603191937378, 41.2627620548971], [-72.96034897233, 41.2627620002036], [-72.9603825198395, 41.2627759820733], [-72.9604197907185, 41.2627927646668], [-72.9604459127751, 41.2628137812062], [-72.9604534125085, 41.2628306156833], [-72.9604832301968, 41.2628417968031], [-72.9605186924658, 41.262874029268], [-72.9605447692367, 41.2628810016708], [-72.9605671432316, 41.2628950075416], [-72.9606099947486, 41.2629089666163], [-72.9606323643417, 41.2629201613946], [-72.9606621293949, 41.2629158938774], [-72.960680736402, 41.2629144544551], [-72.9606751132903, 41.2629032316902], [-72.9606620567995, 41.2628934249814], [-72.9606620205133, 41.2628821940464], [-72.9606471044262, 41.2628737931388], [-72.9606191444358, 41.2628612062628], [-72.9605893523092, 41.2628556430914], [-72.9605688278197, 41.2628388318703], [-72.9605576208364, 41.262826214174], [-72.9605296138021, 41.2627981807831], [-72.9604886246252, 41.2627842126345], [-72.9604494769371, 41.262763220745], [-72.9604214934337, 41.2627436100089], [-72.9603767716531, 41.2627268411038], [-72.9603357889492, 41.2627142780814], [-72.9603450422012, 41.2626974121237], [-72.9603393966414, 41.2626777638486], [-72.960322570414, 41.2626539198275], [-72.9603336006437, 41.2626117683816], [-72.9603334556961, 41.2625668355061], [-72.9603557462302, 41.2625541534507], [-72.9603444170297, 41.2625036231582], [-72.9603702643036, 41.2624403827619], [-72.9603924633661, 41.2623982143047], [-72.9604016403201, 41.2623588766413], [-72.9603997419353, 41.2623462411238], [-72.9604201021581, 41.2623125015744], [-72.9604255918887, 41.2622830014115], [-72.9604516085664, 41.2622717204931], [-72.9604515133829, 41.2622422305922], [-72.9604328159136, 41.2622155824503], [-72.9604382803019, 41.2621776575004], [-72.9604456584056, 41.262157984594], [-72.9604417971249, 41.2621144581178], [-72.9604528407928, 41.2620765222114], [-72.9604527184166, 41.2620386075271], [-72.9604600647689, 41.2620091039498], [-72.9604674139078, 41.2619796003668], [-72.9604599151998, 41.2619627658876], [-72.9604710614631, 41.2619543170566], [-72.9604821693584, 41.2619374448675], [-72.9604709254849, 41.261912191737], [-72.9604913289975, 41.2618924920767], [-72.960494962691, 41.2618658035984], [-72.9604910433973, 41.2618040230732], [-72.9605020135139, 41.2617436182642], [-72.9605056680132, 41.261723955008], [-72.9605185866061, 41.2616888239249], [-72.9605296264327, 41.2616508880165], [-72.9605462176008, 41.2616017059793], [-72.9605683890614, 41.2615511141068], [-72.9605682892882, 41.2615202190195], [-72.9605737416678, 41.2614794829944], [-72.9605717833955, 41.2614485941348], [-72.9605791431086, 41.2614247063763], [-72.9605846490916, 41.2613994189412], [-72.9605882909822, 41.2613741356363], [-72.9605975338444, 41.2613558616717], [-72.9605956172002, 41.2613390169348], [-72.960595512876, 41.2613067166626], [-72.9606103298553, 41.2612828179981], [-72.9606287202855, 41.2612167836735], [-72.9606305416741, 41.2612041392089], [-72.9606230411509, 41.2611873047427], [-72.9606339431201, 41.2611044331172], [-72.9606469139886, 41.2610875602941], [-72.9606393554113, 41.2610524640495], [-72.9606486166039, 41.2610370004321], [-72.960648548555, 41.2610159367166], [-72.9606707222812, 41.2609681495818], [-72.9606742888528, 41.2609189964008], [-72.9606704636731, 41.2608881088679], [-72.9606983683664, 41.2608838419507], [-72.9606945132713, 41.2608431230417], [-72.9606907381268, 41.2608262810225], [-72.9607092082766, 41.2607841165464], [-72.9607203305799, 41.2607700546911], [-72.9607035310122, 41.2607546397228], [-72.9607127629428, 41.2607321558099], [-72.9607256684207, 41.260694214338], [-72.9607348630906, 41.2606604945695], [-72.9607477867061, 41.2606281731304], [-72.9607756930411, 41.2606253141943], [-72.9608017708023, 41.2606322865366], [-72.9608371313178, 41.2606322214389], [-72.9608799286764, 41.2606307402532], [-72.9609078131016, 41.2606222605537], [-72.9609301037994, 41.2606095811928], [-72.9609300765505, 41.2606011578142], [-72.9609524090558, 41.260601116677], [-72.9609822402569, 41.2606179134959], [-72.9609878593912, 41.260630541448], [-72.9609971984944, 41.2606403493496], [-72.9610102101861, 41.2606347102237], [-72.9610288400877, 41.2606416990482], [-72.9610288946271, 41.2606585507235], [-72.9610215350393, 41.2606838380849], [-72.9609732638052, 41.2607190350674], [-72.9609212890644, 41.2607598568119], [-72.9608655870328, 41.2608006825856], [-72.9608414985457, 41.2608330245942], [-72.9608378669047, 41.2608597102723], [-72.9608435106064, 41.2608793620425], [-72.9608454545552, 41.2609046350724], [-72.9608548436449, 41.2609298950966], [-72.9608605227506, 41.2609607792097], [-72.9608848083175, 41.2609902245694], [-72.9608997540338, 41.2610070460102], [-72.9609240214783, 41.2610308783521], [-72.9609613252792, 41.2610560869486], [-72.9609911839433, 41.2610813057376], [-72.9610191595705, 41.261099513266], [-72.9610434307925, 41.2611233378469], [-72.9610434626113, 41.2611331685174], [-72.9610509813159, 41.2611570267793], [-72.9610529389917, 41.2611865132506], [-72.961045574698, 41.2612118006209], [-72.9610605205316, 41.2612286297689], [-72.9610531844414, 41.2612623433263], [-72.9610588537512, 41.2612890125711], [-72.9610626790337, 41.2613213059854], [-72.9610813464327, 41.2613395278435], [-72.9610851344216, 41.2613605847015], [-72.9610889552785, 41.2613900677373], [-72.9610759898352, 41.2614097502831], [-72.9610611750762, 41.2614308393209], [-72.9610482104494, 41.261451929865], [-72.961048255907, 41.2614659739806], [-72.9610166348878, 41.2614702422096], [-72.9609924426473, 41.2614702867853], [-72.9609701516674, 41.2614829661573], [-72.960949725478, 41.2614984503676], [-72.9609385933213, 41.2615068992197], [-72.9609330520564, 41.2615209529231], [-72.9609200920075, 41.2615420378233], [-72.9609034157644, 41.2615645382719], [-72.9609145799645, 41.2615631125177], [-72.9609480324957, 41.2615476022114], [-72.9609926516693, 41.2615348810048], [-72.9610131095685, 41.2615306333526], [-72.961031712448, 41.2615291938799], [-72.9610633290533, 41.2615221152694], [-72.9611024107912, 41.2615220432321], [-72.961130275639, 41.2615065459831], [-72.9611376490131, 41.2614840626536], [-72.9611357350007, 41.2614672123001], [-72.9611487020871, 41.2614503394276], [-72.961150436055, 41.2614110161255], [-72.9611392064784, 41.261391380291], [-72.9611391109852, 41.2613618903882], [-72.9611204308544, 41.261339455795], [-72.9611295981292, 41.2612973105109], [-72.9611387972163, 41.2612649930858], [-72.9611349938176, 41.2612383182969], [-72.9611498221421, 41.2612214391818], [-72.9611442029255, 41.2612088112383], [-72.9611328969055, 41.2611667065105], [-72.9611272076287, 41.261133014152], [-72.9611029036136, 41.2610993589201], [-72.961071115397, 41.2610530714448], [-72.9610599341478, 41.2610474761998], [-72.9610300853735, 41.2610264673683], [-72.9610095749725, 41.2610138668585], [-72.9609741271033, 41.2609858472831], [-72.9609535130465, 41.2609423516816], [-72.9609440886168, 41.2609044534259], [-72.9609569785183, 41.2608623041072], [-72.960962479654, 41.2608370173637], [-72.9609772980253, 41.2608159255204], [-72.9609939831297, 41.2607962305104], [-72.961027412427, 41.260775107179], [-72.9610571628389, 41.260766626815], [-72.9610906020076, 41.2607497141073], [-72.9611184529916, 41.2607285982212], [-72.961168555352, 41.2606849722641], [-72.9612019271537, 41.2606469958062], [-72.9612130221387, 41.2606231032234], [-72.961227795818, 41.2605879679315], [-72.961229567045, 41.2605598804789], [-72.9612071453412, 41.2605332421394], [-72.9611903011539, 41.2605037803133], [-72.9611678913825, 41.2604799530325], [-72.9611250478396, 41.2604659878281], [-72.9610859503035, 41.260461847135], [-72.9610728895842, 41.2604520404794], [-72.9610394232847, 41.2604605248856], [-72.9609799554699, 41.2604873169688], [-72.9609242029223, 41.2605112917922], [-72.960885197262, 41.2605338354746], [-72.9608461170473, 41.260533907436], [-72.960818201677, 41.2605339588305], [-72.9607958211137, 41.2605185513394], [-72.9607975669209, 41.2604848480869], [-72.9608104887207, 41.2604511214505], [-72.9608159998869, 41.2604286422702], [-72.9608326231429, 41.2603906988589], [-72.9608492355229, 41.2603485342655], [-72.960865815186, 41.2602965474312], [-72.9608749553481, 41.2602445735914], [-72.9608822876848, 41.2602108579413], [-72.9608785071546, 41.2601912027409], [-72.9608876852561, 41.2601532702203], [-72.9608857977861, 41.2601434429663], [-72.960889438448, 41.2601195648437], [-72.9608966336909, 41.2600423179719], [-72.9608947079093, 41.2600226600585], [-72.9609355674146, 41.2599959022957], [-72.9609513197945, 41.2599769172254], [-72.9609354992809, 41.2599748406863], [-72.9609335734985, 41.2599551855838], [-72.9609576815352, 41.2599298638606], [-72.9609855238346, 41.2599087487233], [-72.9610301466449, 41.2598946230009], [-72.9610747829639, 41.2598861144952], [-72.9611026934011, 41.2598860630467], [-72.9611454975984, 41.2598859841306], [-72.961167843504, 41.2598901563974], [-72.9611697420595, 41.2599013831988], [-72.9612199875619, 41.2599012905326], [-72.9612627717231, 41.2598955992689], [-72.9613018825826, 41.2599039526452], [-72.9613632445993, 41.2598883879011], [-72.9614097848752, 41.2598939227624], [-72.9614581417908, 41.2598854072383], [-72.9614767160321, 41.2598741370149], [-72.9615139027166, 41.2598642404151], [-72.9615492080474, 41.259848729317], [-72.9615918938292, 41.2598107320217], [-72.961608561206, 41.2597854239087], [-72.9616308021866, 41.2597587038129], [-72.9616399999808, 41.2597249839618], [-72.9616268727182, 41.2596955153283], [-72.961610005786, 41.2596590367722], [-72.9615949955574, 41.2596211488873], [-72.9615762738268, 41.2595860754334], [-72.9615762054774, 41.2595650110132], [-72.9615891484485, 41.2595397104861], [-72.9615704695268, 41.2595186832619], [-72.9615555149591, 41.2594976470464], [-72.9615508139676, 41.2594836143394], [-72.961609399674, 41.2594722701699], [-72.9616931098033, 41.2594608795274], [-72.9617544749602, 41.2594467253801], [-72.9617972131497, 41.2594269869881], [-72.9618157378673, 41.2594016761112], [-72.9618380134419, 41.2593833779345], [-72.9618565801248, 41.2593707052798], [-72.9618398043878, 41.259362310777], [-72.9618230952195, 41.259374979993], [-72.9618101185785, 41.2593904505811], [-72.9617785460981, 41.2594087652436], [-72.9617562513204, 41.2594214447795], [-72.9617320808762, 41.2594271074346], [-72.961698564017, 41.2594215514395], [-72.9616446072922, 41.2594258667549], [-72.9616278871812, 41.2594343203832], [-72.9615944031684, 41.2594385978382], [-72.9615758090697, 41.2594428428553], [-72.9615441990273, 41.259451329602], [-72.9615274998085, 41.2594668035216], [-72.9615163789368, 41.2594794623699], [-72.9615052588966, 41.2594935271111], [-72.9614941396645, 41.2595089907195], [-72.9614587926063, 41.2595118691928], [-72.9614308740488, 41.2595105155503], [-72.9614085282587, 41.2595063440373], [-72.961408491848, 41.2594951138016], [-72.9614289398592, 41.2594894580879], [-72.9614251711028, 41.259472610458], [-72.961404662768, 41.2594628175899], [-72.9613916569398, 41.2594684595613], [-72.961376798046, 41.2594769153378], [-72.9613469079847, 41.2594432655463], [-72.9612928630984, 41.259418087964], [-72.9612369569125, 41.2593943196852], [-72.9612071080085, 41.2593719050024], [-72.9611530958981, 41.2593579639201], [-72.961024586222, 41.2593273055323], [-72.9609426020217, 41.259296561306], [-72.9609090263662, 41.2592713465373], [-72.9608754688937, 41.2592517461744], [-72.960860491798, 41.259225094758], [-72.9608622594197, 41.2591970066118], [-72.9608769685684, 41.2591408076348], [-72.9608880705235, 41.259121127836], [-72.9608879842297, 41.2590944461886], [-72.9608841245865, 41.259052324905], [-72.960884070095, 41.2590354760375], [-72.9608895793648, 41.2590115916609], [-72.9609155747422, 41.2589932903257], [-72.9609341551187, 41.2589848298613], [-72.9609434221208, 41.2589735768669], [-72.9609731717217, 41.2589650965234], [-72.9610010673099, 41.2589594271642], [-72.9610270153217, 41.2589270816882], [-72.9610492326903, 41.2588919326957], [-72.9610621012644, 41.2588427630508], [-72.9610787004047, 41.258796388483], [-72.961082330908, 41.2587697049018], [-72.9611046108998, 41.2587542123267], [-72.9611287641102, 41.2587401242971], [-72.9611603374944, 41.2587204074279], [-72.9611844613284, 41.2587007063966], [-72.9611584407117, 41.2587105794917], [-72.961136163543, 41.2587260727748], [-72.9611064003183, 41.2587317427999], [-72.9610840693844, 41.2587317839655], [-72.9610672848142, 41.2587205789794], [-72.9610467478589, 41.2586995522832], [-72.961039220245, 41.2586742916499], [-72.9610187006731, 41.2586574783882], [-72.9609906824132, 41.2586266347367], [-72.9609608149591, 41.2585972003807], [-72.9609272413976, 41.2585733872928], [-72.9608881033233, 41.2585552059181], [-72.9608489006405, 41.2585187648665], [-72.960813422423, 41.2584809173725], [-72.9607947840856, 41.2584711209524], [-72.9607668041916, 41.2584515130999], [-72.9607388072052, 41.258424882819], [-72.9607200789443, 41.2583884040417], [-72.9606659452482, 41.2583365445185], [-72.9606229806455, 41.2582860724302], [-72.9605948502859, 41.2582201236487], [-72.9604994259073, 41.2580602117643], [-72.9604601296091, 41.2579928754705], [-72.9604506941674, 41.2579507672267], [-72.9604487323283, 41.257919876254], [-72.9604281241259, 41.2578777857307], [-72.9604354383041, 41.2578384542805], [-72.9604202216537, 41.2577359684782], [-72.9604033323109, 41.2576924666254], [-72.9603975910812, 41.2576433277299], [-72.960384345404, 41.2575745446706], [-72.9603674244186, 41.2575212142459], [-72.9603598137813, 41.257470671481], [-72.9603672160085, 41.2574566136783], [-72.9603894794848, 41.2574355117388], [-72.96041173828, 41.2574144062905], [-72.9604321461124, 41.2573933021315], [-72.9604488949004, 41.2573932713514], [-72.9604675238158, 41.2574002602692], [-72.960486162729, 41.2574100567418], [-72.9604862125895, 41.2574255032374], [-72.9604732478723, 41.2574437805285], [-72.9604900365387, 41.2574563879775], [-72.9605124214395, 41.2574731986082], [-72.9605347664845, 41.2574773731072], [-72.9605403082932, 41.2574647210967], [-72.960517885263, 41.257436678129], [-72.9605066112255, 41.2574029988069], [-72.9604897917582, 41.2573805578742], [-72.9604748351145, 41.2573609260096], [-72.9604580900589, 41.2573609567866], [-72.9604376217075, 41.2573609944038], [-72.9604394249132, 41.2573427376291], [-72.9604598433955, 41.2573272507056], [-72.9604951431957, 41.2573089323608], [-72.9605397279437, 41.2572849782685], [-72.9605842862561, 41.2572540017538], [-72.9606176639717, 41.2572174299315], [-72.9606324680241, 41.2571921253813], [-72.960656520843, 41.2571485503537], [-72.9606769275818, 41.2571274461523], [-72.9607048249734, 41.2571245872463], [-72.9607680866649, 41.257120255243], [-72.9608108726344, 41.2571159637125], [-72.9608406040572, 41.2571032699617], [-72.9607810385464, 41.257097764469], [-72.9607363814074, 41.2570992518556], [-72.9607047160612, 41.2570908817767], [-72.9607028024225, 41.2570726318365], [-72.9607025846187, 41.2570052265177], [-72.9606837804746, 41.2569462816388], [-72.9606668457973, 41.2568887385105], [-72.9606387932252, 41.2568452565237], [-72.9606107915179, 41.2568172231321], [-72.9605753070245, 41.2567779675682], [-72.9605379868869, 41.2567457413352], [-72.9605043899102, 41.2567149085209], [-72.9604297851056, 41.2566616806159], [-72.9603757190483, 41.256632290571], [-72.960340221208, 41.2565888221888], [-72.9603029267201, 41.2565636133677], [-72.9602618264536, 41.2565145400974], [-72.9602337841795, 41.2564752735719], [-72.9601964535816, 41.2564388295585], [-72.9601907616117, 41.2564037347626], [-72.9601664734022, 41.2563742864417], [-72.9601346880515, 41.2563294116087], [-72.9601159319744, 41.2562816968518], [-72.960119512012, 41.2562395618812], [-72.9601324940246, 41.256224094983], [-72.9601045533424, 41.2562157179032], [-72.9600970680217, 41.2562030926252], [-72.960102465026, 41.2561455056245], [-72.9601042185228, 41.2561118023555], [-72.9601320505481, 41.2560864746648], [-72.9601468717059, 41.2560667881067], [-72.9601934136623, 41.2560737230287], [-72.960214358886, 41.2560689561031], [-72.9601746717743, 41.2560630428303], [-72.9601151379865, 41.2560511777313], [-72.9601150222451, 41.2560152576862], [-72.9601466178877, 41.2559732940261], [-72.960162283879, 41.2559104018371], [-72.9601582193488, 41.2558804807838], [-72.9601819325691, 41.2558534940801], [-72.9601857646445, 41.255811583474], [-72.9601974288922, 41.2557397187356], [-72.9602209683656, 41.2556588579261], [-72.9602524043429, 41.2555660054453], [-72.960268098177, 41.2555120986979], [-72.9603234616322, 41.2554611107474], [-72.9603629833126, 41.2554161408091], [-72.9603826606409, 41.2553682100409], [-72.9604419850556, 41.2553142209896], [-72.9604774621583, 41.2552453090275], [-72.9604891743006, 41.2551884129914], [-72.9605087005889, 41.2550925906702], [-72.9604926523566, 41.2550357484749], [-72.9604569058111, 41.2550208453566], [-72.960432961178, 41.254975992023], [-72.9603613610588, 41.2549132629512], [-72.9602828708465, 41.2548408091989], [-72.9600147488092, 41.2545345327566], [-72.9598941333606, 41.254347769716], [-72.9599170518881, 41.2542542359527], [-72.9600920439382, 41.2541683436343], [-72.9601332880356, 41.2540756179114], [-72.9601498023878, 41.2539649700525], [-72.9599935140261, 41.2535746621084], [-72.9598605212012, 41.2531609147702], [-72.9598055149003, 41.2530342024526], [-72.9597831274329, 41.2529437124546], [-72.9598112300968, 41.2528483628252], [-72.9598707989833, 41.252719607457], [-72.9599840240016, 41.2525883683518], [-72.9600024874343, 41.2524406240215], [-72.9601628580177, 41.2522449776127], [-72.9604464164828, 41.2520729219614], [-72.9607673477237, 41.2517435598205], [-72.9609060404653, 41.2516789816789], [-72.9610416734138, 41.2516453745666], [-72.9612022830257, 41.2515259608266], [-72.9613817109648, 41.2513683906088], [-72.9615549497253, 41.2512489502423], [-72.961740881397, 41.2511509294015], [-72.9621721236595, 41.2507713293935], [-72.9623515375706, 41.2506113786694], [-72.9624706786666, 41.2503610049655], [-72.9624854210169, 41.2500417378433], [-72.962411691832, 41.2496964272984], [-72.9627833214769, 41.2494312895091], [-72.9629246896435, 41.2492213752057], [-72.9629801223798, 41.2490926750346], [-72.9630910791161, 41.2489423270688], [-72.9631347082186, 41.2487707130691], [-72.963071166256, 41.2486445640733], [-72.9629581142348, 41.2484781162296], [-72.9628618475735, 41.2483447715542], [-72.9622995755816, 41.2482243153831], [-72.9622995057709, 41.2482028701364], [-72.9629532046055, 41.2482874250079], [-72.9631832173878, 41.2481583450785], [-72.9633468552764, 41.248003185723], [-72.9634283026458, 41.2478124382477], [-72.963311094544, 41.2476863950236], [-72.9636829891561, 41.2475070198017], [-72.9639906303271, 41.2472977653796], [-72.964027005731, 41.2472313131784], [-72.964055397109, 41.2472262836039], [-72.9641142039979, 41.2471383489729], [-72.9641500890595, 41.2470612652424], [-72.9640773793149, 41.2469294913736], [-72.9638635117901, 41.2467252567711], [-72.9642041661918, 41.2466483853107], [-72.9645762875826, 41.2465404798574], [-72.9648126699285, 41.2464304447421], [-72.9651122769647, 41.246351262965], [-72.9654526936892, 41.2462029150973], [-72.965688784107, 41.2460071126423], [-72.9657545339587, 41.2458426062423], [-72.9655834520069, 41.2456523349007], [-72.9656117834942, 41.245630841084], [-72.9657258107141, 41.2457473649642], [-72.9659056645942, 41.2457279623562], [-72.9660664410797, 41.2456657180534], [-72.9663532877395, 41.245546055862], [-72.9666084836876, 41.2454002480556], [-72.9669992288194, 41.2452017704677], [-72.9673646331671, 41.2449771299535], [-72.9673959026853, 41.2448889219887], [-72.9672851122671, 41.2447938375977], [-72.9672881250787, 41.2447509509448], [-72.9674050249543, 41.2447840806223], [-72.9676409197464, 41.2447120363302], [-72.9677781066473, 41.2446231188812], [-72.9681852333499, 41.2443104971759], [-72.9685344492326, 41.24401393353], [-72.9688037141381, 41.2437286774806], [-72.968780519698, 41.2436259999206], [-72.968530654566, 41.2434740000945], [-72.9684989764996, 41.2434407089487], [-72.9686443455417, 41.2434928437956], [-72.9691522785785, 41.2432400018812], [-72.9696020845473, 41.242954969391], [-72.9699638235281, 41.2425850050181], [-72.9700168104264, 41.2423871633817], [-72.9699146979941, 41.2423633665674], [-72.9696535469146, 41.2423020969336], [-72.9696628753103, 41.2422615784894], [-72.9700102056923, 41.2422990274555], [-72.9702432745882, 41.2421508714781], [-72.9703657034835, 41.2419528960557], [-72.9704317973462, 41.2416368028476], [-72.9704401846164, 41.2415763358835], [-72.9703452936774, 41.2415169593434], [-72.9701463807104, 41.2414982791386], [-72.9704256326796, 41.2410069715836], [-72.9703964709527, 41.2407830802794], [-72.9698786634783, 41.2407316607806], [-72.9698943231849, 41.2406958972774], [-72.9702824676139, 41.2406713280825], [-72.9708013809028, 41.239978741618], [-72.9708509667917, 41.2398483035122], [-72.9706864321708, 41.2397271177401], [-72.9707905200564, 41.2397078590675], [-72.9712230067065, 41.2391991722628], [-72.9711769931402, 41.239192514827], [-72.9710472956227, 41.2391069992002], [-72.9713318013526, 41.2389140416196], [-72.9714777313, 41.2385900787992], [-72.9717098232759, 41.2378105248735], [-72.9718333089903, 41.2371680702302], [-72.9718622386899, 41.2371241017824], [-72.9720004908145, 41.236948699926], [-72.9722620694556, 41.236690377465], [-72.9725233331633, 41.2363392537332], [-72.973025105481, 41.235817160847], [-72.9736064187018, 41.2353669569097], [-72.9737662428862, 41.2351913378983], [-72.9741956808944, 41.2347851644551], [-72.9743263011075, 41.2347080618624], [-72.9743774494048, 41.2346475824236], [-72.9744641028949, 41.2344722786616], [-72.9745732451655, 41.2342964150054], [-72.9751326701848, 41.2338299486804], [-72.9754962459491, 41.233505892328], [-72.9756562368765, 41.233445025001], [-72.9758528639665, 41.2334012405152], [-72.976412233579, 41.2334505658767], [-72.9767032786745, 41.2334393553002], [-72.9776849088436, 41.2333130470377], [-72.9778591107494, 41.2332248727826], [-72.9780049552096, 41.2332139499473], [-72.9782518724216, 41.233257713124], [-72.9783177296155, 41.233246944442], [-72.9784996840383, 41.2332963281517], [-72.9787178543175, 41.2334995005553], [-72.9788700640965, 41.2336197825982], [-72.9791613747605, 41.2337516234262], [-72.9793145571547, 41.2338887154101], [-72.9794441377555, 41.2341041127267], [-72.9795470650373, 41.2344208604776], [-72.9796856458073, 41.2344763294663], [-72.9800270592246, 41.2345087510431], [-72.9808710089762, 41.2345139128805], [-72.9814887335836, 41.2344809303674], [-72.9816896408636, 41.2345593962012], [-72.9818291625766, 41.234744937669], [-72.9821214058103, 41.2350734959542], [-72.9822238952013, 41.2351395002582], [-72.9824051774795, 41.235188876322], [-72.9828417301348, 41.2351993108442], [-72.9829946834106, 41.2352706997974], [-72.9831034035667, 41.2352984369566], [-72.9835397387082, 41.2352486593818], [-72.9835688824072, 41.2353916616175], [-72.9837069431963, 41.2353635913592], [-72.9839182481768, 41.2353583567942], [-72.9840129549769, 41.2354077371679], [-72.9841519464371, 41.2356169347884], [-72.9842563868504, 41.2356977229826], [-72.9843290423904, 41.2357166294491], [-72.9844363188287, 41.2357092657768], [-72.9846255192861, 41.2356636125297], [-72.9851762915497, 41.2355058688951], [-72.9853579724934, 41.2355389455066], [-72.9858188490944, 41.2357588412715], [-72.9859041538134, 41.2357848696201], [-72.9859640722978, 41.2357728321608], [-72.9861847376978, 41.2357009073566], [-72.9863265127858, 41.2356191786622], [-72.9866892564539, 41.2354949123779], [-72.9867254437948, 41.235533312547], [-72.9867628322283, 41.2355595088942], [-72.9868341675835, 41.2354953510874], [-72.9869605192868, 41.2355684837494], [-72.9868996565529, 41.2356253958437], [-72.9869297044822, 41.2356398662033], [-72.9869956291809, 41.2356509909843], [-72.9870466089308, 41.2356537007394], [-72.9870888365972, 41.2356432914115], [-72.98729003157, 41.2355912637452], [-72.9873607994809, 41.2355667150765], [-72.9877284253234, 41.2354730532108], [-72.987881253209, 41.2354530271298], [-72.9880751140828, 41.2354347956656], [-72.9881682525401, 41.2354083282456], [-72.9884191099993, 41.2353393026739], [-72.9884488619468, 41.2353157781255], [-72.9884712357558, 41.2353166729995], [-72.9885208997712, 41.2352996769481], [-72.9885618800677, 41.2352883303004], [-72.9886091051593, 41.2352844778871], [-72.9886426560983, 41.2352797173984], [-72.9887332896932, 41.2352494979447], [-72.9889195351744, 41.235189053349], [-72.9891033887532, 41.2351548871206], [-72.9892772880898, 41.2351169895276], [-72.989313325258, 41.2351140981781], [-72.9893456128596, 41.2351037087962], [-72.9893765834508, 41.235074552237], [-72.9894684780541, 41.235049025029], [-72.9895865333066, 41.2350375146411], [-72.9896374239929, 41.2350158277983], [-72.989670905852, 41.2349951104347], [-72.9897205790117, 41.234979993996], [-72.9898644639946, 41.2348942966378], [-72.9899649302752, 41.2348330920789], [-72.9899811078723, 41.234837748713], [-72.9901140774086, 41.2348271472912], [-72.9901973462287, 41.2348213433741], [-72.9902383743111, 41.2348231318088], [-72.9902595543692, 41.2348352900896], [-72.9902384641711, 41.2348475307638], [-72.9902484279516, 41.2348531418832], [-72.9903216984366, 41.2348323436237], [-72.9903864306233, 41.2348566012274], [-72.990420185422, 41.234910023389], [-72.9904004344718, 41.2349457245623], [-72.9903498241625, 41.2350434210888], [-72.9903733874941, 41.2350274198114], [-72.9904525246146, 41.2349137045291], [-72.990610490372, 41.2349387132273], [-72.9907447940518, 41.2349506328795], [-72.9908579450158, 41.2349588365758], [-72.9908579796756, 41.234968223221], [-72.9908939977541, 41.2349596993829], [-72.9909088488079, 41.2349418368773], [-72.9909870511873, 41.2349107087456], [-72.9910701914546, 41.2348711193045], [-72.9911495501318, 41.2348174619073], [-72.991258596898, 41.2347233937524], [-72.9913229787042, 41.2346528773255], [-72.9914036039969, 41.2346048484085], [-72.9914880577435, 41.234583087144], [-72.9915203085659, 41.23456519066], [-72.9915638158096, 41.2345641601834], [-72.9915726381607, 41.2345704129613], [-72.9916272750893, 41.2345809188288], [-72.991678239111, 41.2345808112401], [-72.9917318291425, 41.2345680021247], [-72.9917860180853, 41.2345718917878], [-72.991827389237, 41.2345748649147], [-72.9918870827399, 41.2345813087915], [-72.991950436075, 41.2345689756795], [-72.9920460820642, 41.2345490648788], [-72.992118136505, 41.2345376547572], [-72.9921815064732, 41.2345290726565], [-72.9923229500598, 41.2344565159574], [-72.9925003350796, 41.2343547953591], [-72.9925710822482, 41.2343255536572], [-72.9925847764935, 41.2343311538581], [-72.9925848288422, 41.2343452303128], [-72.9925725073939, 41.2343734095556], [-72.9925552814426, 41.234422243648], [-72.9925292575488, 41.2344438819192], [-72.9924760462371, 41.2345096791975], [-72.9923930328166, 41.2345830517469], [-72.9923424548457, 41.2346873219068], [-72.9922904926593, 41.2347549966063], [-72.9923079877572, 41.234780294581], [-72.9923021411198, 41.2348788408047], [-72.9923271302725, 41.2349125702574], [-72.99234595813, 41.2349598813351], [-72.9924357967412, 41.2350521629264], [-72.9924919077873, 41.235098025647], [-72.9924994444007, 41.2351186541387], [-72.9924735625327, 41.2351778284294], [-72.9924563895396, 41.2352407368479], [-72.992462801978, 41.2352942114009], [-72.9924516884029, 41.2353148765869], [-72.9924395122742, 41.2353824698854], [-72.9924334745893, 41.2354120438092], [-72.9924434658993, 41.2354425168362], [-72.9924401816596, 41.2354871936103], [-72.9924550503568, 41.2355485298968], [-72.9925037175185, 41.2355991045463], [-72.9925934406396, 41.2356580338974], [-72.9926428410525, 41.235684488127], [-72.9926576414134, 41.2356968674567], [-72.9926794292995, 41.2357150944544], [-72.9927093158154, 41.2357291020345], [-72.9927802427483, 41.2357467828802], [-72.9929494129661, 41.2357755136578], [-72.9929593913306, 41.2357839398234], [-72.9930551409169, 41.2357921846065], [-72.9933064144748, 41.235836690894], [-72.9933719438319, 41.2358702299589], [-72.9934210001262, 41.2358946308888], [-72.993443442102, 41.2359114736363], [-72.9934534590568, 41.2359302166357], [-72.9934498343956, 41.2359593161448], [-72.9934201280536, 41.2359931616671], [-72.9933767671656, 41.2360326682439], [-72.993330806297, 41.2360421491564], [-72.9932891896527, 41.2360514838109], [-72.9932676512825, 41.2361079735502], [-72.9932404079559, 41.2361361817601], [-72.9932368104614, 41.2361718462857], [-72.9932158402959, 41.2362159957698], [-72.9932994253996, 41.2362955820647], [-72.9933410928069, 41.2364672240615], [-72.9933240122556, 41.2365545308478], [-72.9933017084331, 41.2365742784177], [-72.9931686472607, 41.2365623675508], [-72.9930156479981, 41.2365364131607], [-72.9928006295394, 41.2365490693464], [-72.9926665354093, 41.2365934635294], [-72.9926367444657, 41.2366250199582], [-72.9925945946604, 41.2366367787514], [-72.9924222296627, 41.2367535068775], [-72.9923503899363, 41.2368231010259], [-72.9923406415872, 41.2368766069811], [-72.9923469566731, 41.2369304161764], [-72.9924125891697, 41.2369800247024], [-72.9924778933058, 41.2370123843887], [-72.9925040152313, 41.2370160830385], [-72.9926048522623, 41.2370543450817], [-72.9926695069868, 41.2370579599167], [-72.9927216687294, 41.2370437755764], [-72.9929666035368, 41.2370545165199], [-72.9930163965932, 41.2370703647312], [-72.993004036116, 41.2370891552711], [-72.9929184067311, 41.2371306287314], [-72.9928244788496, 41.2372772207488], [-72.9928246290511, 41.2373175678558], [-72.9928408952822, 41.2373475610081], [-72.9928771121865, 41.2373906504242], [-72.9929008353335, 41.2374187532136], [-72.9929233009991, 41.2374431018719], [-72.9930165932541, 41.2374579190947], [-72.9930688715743, 41.2374747027867], [-72.993068931018, 41.2374906544584], [-72.9930267168737, 41.2375057593197], [-72.9929076213391, 41.2375726353007], [-72.9928170595784, 41.2376235023517], [-72.9927376362276, 41.2376593304791], [-72.9927261235911, 41.2376791456864], [-72.9926508540933, 41.2377252018063], [-72.9926036730808, 41.2377403170389], [-72.9923952898664, 41.2378674404987], [-72.9923507314748, 41.2379200871021], [-72.9923372212691, 41.2379642199202], [-72.9923480815238, 41.2380884332095], [-72.992435170253, 41.2381654419004], [-72.9925980340772, 41.2382292363892], [-72.9926452992128, 41.2382366392642], [-72.992752188453, 41.2382289096001], [-72.9929075115615, 41.2382107460652], [-72.9929552033979, 41.2383317004741], [-72.9930003978498, 41.2384498413382], [-72.9930311060297, 41.2385066507958], [-72.9930828539373, 41.2385594606436], [-72.9931139828206, 41.2385725303208], [-72.993067663667, 41.2384853582169], [-72.9931450655426, 41.2385724643061], [-72.9931875469576, 41.2386296161739], [-72.9931951541819, 41.2386690143839], [-72.9931952556396, 41.2386962258082], [-72.993189115644, 41.2387178219751], [-72.9931730198783, 41.2387356846039], [-72.993139610443, 41.2387770472813], [-72.993070179876, 41.2388278696412], [-72.9929733288788, 41.238859977432], [-72.9929347854848, 41.2388572460283], [-72.9929036625646, 41.2388460543355], [-72.9928811903529, 41.2388198255355], [-72.9928487791848, 41.2387973703943], [-72.9927923140084, 41.2386557929123], [-72.9927660647425, 41.2386183115541], [-72.9927174505484, 41.2385846322975], [-72.9926825539, 41.238560309954], [-72.9926099665709, 41.2385439829587], [-72.9925134314653, 41.2385465917971], [-72.9924439520466, 41.2385833345102], [-72.9923882058226, 41.2386369434892], [-72.9923436680502, 41.238694280589], [-72.9922519618209, 41.2387723612455], [-72.9922062104877, 41.2388390840614], [-72.9921557689475, 41.2389818238811], [-72.992152337253, 41.2390615978452], [-72.9921811124467, 41.239110334544], [-72.9921863442084, 41.2391807013572], [-72.9921631291507, 41.2392905427161], [-72.9921571555289, 41.2393553040139], [-72.9921734354575, 41.2393871773807], [-72.9921983598321, 41.2394040172256], [-72.9922133634783, 41.2394255657925], [-72.9922196534793, 41.2394452610724], [-72.9922136248342, 41.2394959459294], [-72.9922684627794, 41.2395333697235], [-72.992328191983, 41.2395491915855], [-72.992415204019, 41.2395461913501], [-72.9924661347138, 41.2395348229445], [-72.992429899005, 41.2394851683644], [-72.9924800456176, 41.2394772267802], [-72.9925818114473, 41.2395514704552], [-72.9926694470213, 41.2397145671895], [-72.9927433566321, 41.2398654909344], [-72.9927932081345, 41.2398982288828], [-72.9928442391948, 41.2399150111077], [-72.9928742204034, 41.2399534224963], [-72.9928743846229, 41.2399975242503], [-72.9928571008234, 41.2400304102038], [-72.9928273694905, 41.2400586235802], [-72.9927901271702, 41.2400727791298], [-72.9927181442556, 41.240105772625], [-72.9925839492275, 41.2401580549684], [-72.9925320538804, 41.2402112659054], [-72.9924829200078, 41.2403718399465], [-72.9925205421988, 41.2404590335091], [-72.992612698176, 41.240501062298], [-72.9927197331279, 41.2405327411077], [-72.9928266361355, 41.2405297011985], [-72.9928912001892, 41.24050703963], [-72.992980543319, 41.2404618099668], [-72.9929879208159, 41.2404392697063], [-72.9929741814444, 41.2404224091052], [-72.9929682862837, 41.2403553698423], [-72.9930396504581, 41.240309664689], [-72.9931080041462, 41.2403038854172], [-72.9931415930339, 41.2403094482197], [-72.9931566023371, 41.2403328739933], [-72.9931692861643, 41.2404004117242], [-72.9931620766464, 41.2404679917097], [-72.9931301990483, 41.2405881735275], [-72.9930625569553, 41.2407175432735], [-72.9929991547598, 41.2407855172561], [-72.9929708307899, 41.2408587712611], [-72.992978718028, 41.2409723007394], [-72.9930012408982, 41.2410116672961], [-72.9930572644587, 41.2410340694522], [-72.9932126960902, 41.2410412430958], [-72.9932996729689, 41.2410260486729], [-72.9933816565858, 41.2410080431643], [-72.9935136284082, 41.241014198322], [-72.9936115261604, 41.2409747105759], [-72.9938676023418, 41.2409675946665], [-72.9939173287031, 41.2409674887282], [-72.9939559220288, 41.2409814830516], [-72.9940589265729, 41.2409859322708], [-72.9941625284932, 41.2410420400744], [-72.9942427532689, 41.2412173478067], [-72.9942790079748, 41.241271697235], [-72.9942952894002, 41.2413035653767], [-72.9942918927596, 41.2413917838494], [-72.9943255945757, 41.2414283102767], [-72.9943841344659, 41.2414572771139], [-72.9945085042768, 41.2414701501428], [-72.9945593868454, 41.2414456423236], [-72.9946065454537, 41.2414239584527], [-72.9946538452177, 41.2414379290201], [-72.9946987597548, 41.2414800655113], [-72.9947039010214, 41.2415260332615], [-72.9946599826282, 41.2417494655803], [-72.9946514837171, 41.2418029774733], [-72.9946529173605, 41.2418536408838], [-72.9946406813293, 41.2419062220904], [-72.9945862172974, 41.2419701491467], [-72.9945390503153, 41.2419899549798], [-72.9944183582863, 41.2419639397574], [-72.994300247497, 41.2419632503797], [-72.994225720793, 41.241981240635], [-72.9941947964084, 41.2420235341663], [-72.9941739594362, 41.2421033424895], [-72.9941865277965, 41.2421399140286], [-72.9942351908615, 41.2421867276296], [-72.9943086124334, 41.2422044022124], [-72.99437827376, 41.2422164527471], [-72.9944021059327, 41.2422717673213], [-72.9943898236939, 41.2423130852438], [-72.9943527053227, 41.2423600818824], [-72.9943193974351, 41.2424295949755], [-72.9942823017053, 41.2424831650519], [-72.9942700485896, 41.2425310472742], [-72.9941924014999, 41.2427132596498], [-72.9941601607265, 41.24273397567], [-72.9941405308342, 41.2428053368787], [-72.994123191848, 41.2428222636131], [-72.9940909866142, 41.2428542372698], [-72.9940037143729, 41.2428726964853], [-72.9939319638257, 41.2428846066666], [-72.9938909953765, 41.2429006478498], [-72.9938773808351, 41.2429166258332], [-72.9938527412527, 41.2429776778992], [-72.9938577858749, 41.2429964314455], [-72.9938727385704, 41.2430067242758], [-72.9939312358918, 41.2430234865996], [-72.9939663778353, 41.2430416989447], [-72.9939836040811, 41.2430627893637], [-72.9939874091686, 41.2430843671805], [-72.9939750515653, 41.2431031606181], [-72.9939451245169, 41.2431270768989], [-72.9938788693095, 41.2432148699987], [-72.9937773874137, 41.2433634629367], [-72.993559186377, 41.2434783384478], [-72.9933195506974, 41.2435114422394], [-72.9932831035541, 41.2435501134157], [-72.9933342349748, 41.2436102110919], [-72.9933703923883, 41.2436760028165], [-72.9933199571384, 41.2437421514397], [-72.9932981975775, 41.2438188743326], [-72.9934076698129, 41.2440443758946], [-72.9934801030263, 41.2440877942008], [-72.993545406358, 41.2441699906728], [-72.9933497241227, 41.2444723047772], [-72.9933566439692, 41.2445602876762], [-72.9933346129324, 41.2446256866703], [-72.9932695342087, 41.2447247985668], [-72.9931892461061, 41.244768881523], [-72.9931316611972, 41.2447465340373], [-72.9931458258655, 41.244581829707], [-72.9930728940268, 41.244527096906], [-72.9929710417301, 41.2445163350125], [-72.9928402538896, 41.2445495439811], [-72.9926370350256, 41.2446590721814], [-72.9923677240085, 41.244659469787], [-72.9922368586476, 41.2446702119514], [-72.9921642563379, 41.2447032970196], [-72.992084521448, 41.2447744800488], [-72.9920594043942, 41.2448657887055], [-72.992033170942, 41.2449615598087], [-72.9919752334891, 41.2450270372486], [-72.9918223669957, 41.2450491463984], [-72.9916553702263, 41.2450000944198], [-72.9914221763406, 41.244994241234], [-72.9910806073967, 41.2450603138584], [-72.9909569728346, 41.2450604041042], [-72.9909210125549, 41.2452309827656], [-72.9909503213139, 41.2453513400685], [-72.9909351515777, 41.2454282158438], [-72.990768760689, 41.2456043882306], [-72.9907390012908, 41.2456703165646], [-72.9907613221046, 41.2458677052906], [-72.9906671191716, 41.2460214238264], [-72.9906599801457, 41.2461806236496], [-72.9905579245705, 41.246301597155], [-72.9905801045998, 41.2463998404934], [-72.9906385082865, 41.2465208168372], [-72.9906234943498, 41.2466416074175], [-72.9905076080109, 41.2468940041852], [-72.9905222287001, 41.2469764795468], [-72.9904858307816, 41.2472127574842], [-72.9904572792243, 41.2474212311788], [-72.9904570306832, 41.2477229567466], [-72.9904865720029, 41.2477836167225], [-72.9906393550158, 41.2478601451609], [-72.990704539202, 41.2479697862476], [-72.9907773853363, 41.2480025673518], [-72.990799600315, 41.2479867395808], [-72.9908287375843, 41.2479371072052], [-72.9909085569542, 41.2478878810875], [-72.9910610163612, 41.2478764085568], [-72.9911849618138, 41.2478982744419], [-72.9914832977966, 41.2478765479836], [-72.9915629097356, 41.2478322948337], [-72.9916428523156, 41.2477554523313], [-72.9917882288702, 41.247733702828], [-72.9918614295304, 41.2477992488514], [-72.9919269425864, 41.2478762978456], [-72.9919412980069, 41.247947451921], [-72.9922611618415, 41.248337011074], [-72.9923485951559, 41.2485018402849], [-72.9923638298332, 41.2486884355977], [-72.9922039457794, 41.2488421271572], [-72.9921021793428, 41.2489793981536], [-72.9919864105759, 41.2493252802747], [-72.9918917992891, 41.2493692225321], [-72.9915933375756, 41.2496654018667], [-72.9915423008509, 41.2496933008015], [-72.9915355817437, 41.2497205870118], [-72.9916662408126, 41.2498345523], [-72.9916224914877, 41.2499272723139], [-72.9916522108026, 41.2500977125077], [-72.9915057287795, 41.2503120918683], [-72.9913828246679, 41.2504500932206], [-72.9913921564842, 41.2505159420848], [-72.9914926446196, 41.2507081927808], [-72.9915342274068, 41.2508882110767], [-72.9916020150418, 41.2509650875224], [-72.9921056012983, 41.251308974687], [-72.9924371893503, 41.251608285099], [-72.992312854637, 41.2604153735745], [-72.9922714260381, 41.2629073122988], [-72.9922511680929, 41.2646746554782], [-72.9921793829894, 41.2665251289746], [-72.9921448375223, 41.2682430972572], [-72.990916263916, 41.2692316538957], [-72.9894252214913, 41.2704507741254], [-72.9864298532274, 41.272845585743], [-72.9861532244678, 41.2730540504234], [-72.9842047120316, 41.2749541690495], [-72.9823942654202, 41.2767724938782], [-72.9801546731977, 41.2789849832414], [-72.9810208228952, 41.2795721082403], [-72.9833652422242, 41.2812401343012], [-72.9834455362129, 41.2812454600769], [-72.9841799010591, 41.2808333130136], [-72.9848420172689, 41.2806304088324], [-72.9852642706694, 41.2805640169126], [-72.9860276714671, 41.2805144149476], [-72.9862026723599, 41.2805528234584], [-72.9866179676419, 41.2807610651595], [-72.9871052998085, 41.2811451431309], [-72.987251547769, 41.2813429610515], [-72.9872948703728, 41.2815622624189], [-72.9872730764485, 41.2817600826041], [-72.9872374294801, 41.2826493817549], [-72.987223229897, 41.2829953902732], [-72.987179832733, 41.283192742251], [-72.9869935217239, 41.2835492306349], [-72.9869471976499, 41.2836927219786], [-72.9861406230776, 41.2852683683263], [-72.986119066135, 41.2855318860038], [-72.9861699221312, 41.2856966254882], [-72.986505578753, 41.2862614723458], [-72.9872921696971, 41.2881273136405], [-72.9872922808998, 41.2882207972078], [-72.9870510443244, 41.2889242402214], [-72.98689308579, 41.2892643679245], [-72.9862321026582, 41.2908069486554], [-72.9861300339433, 41.2910702893], [-72.985688159857, 41.2937163920599], [-72.9856886158088, 41.293842468231], [-72.9856741579925, 41.2939963634014], [-72.9853261565795, 41.2958789538107], [-72.9842745093781, 41.3019066786288], [-72.9842822888865, 41.3020442313495], [-72.988220242651, 41.3112698358879], [-72.9892048505632, 41.3136848328724], [-72.9844426866435, 41.3131821398731], [-72.9807657783769, 41.3128046852838], [-72.9796960711148, 41.3126788715822], [-72.9748974090584, 41.3121695074187], [-72.9730484144764, 41.3120108464507], [-72.9709370708565, 41.311769991811], [-72.9562957914303, 41.3105272632691], [-72.9561930951974, 41.3104977747769], [-72.9562885733773, 41.3101157739267], [-72.9564270690756, 41.3098851562718], [-72.9567031735214, 41.3095776198691], [-72.956804989311, 41.3094014422651], [-72.9568962964286, 41.3091415787174], [-72.9570084006012, 41.308480812367], [-72.9570508609997, 41.3082411050572], [-72.9572138871591, 41.3078570926974], [-72.9574295455796, 41.3076428043995], [-72.9574486983268, 41.3073720929175], [-72.9574605235318, 41.3070835551471], [-72.9574934602622, 41.3067834861238], [-72.9573975669706, 41.3065313353115], [-72.9572222632836, 41.3061992239797], [-72.9569716428889, 41.3060037882875], [-72.9567681685968, 41.3058998640688], [-72.9563676820869, 41.305789776488], [-72.9560594075398, 41.3057040520749], [-72.9558931366122, 41.3055655838523], [-72.955812075489, 41.3053969391677], [-72.9557497093037, 41.3050954988349], [-72.95570822769, 41.3048533732425], [-72.9557115622179, 41.3046850940543], [-72.9557950216852, 41.3046068959219], [-72.9558685234785, 41.3046136275324], [-72.956017763515, 41.3046914076036], [-72.9561955320528, 41.3046555795071], [-72.9563310669588, 41.3046428153368], [-72.9564223249003, 41.3045836408753], [-72.9564698465327, 41.3042893801352], [-72.9564300561336, 41.3039359237056], [-72.9567312013359, 41.3032815024305], [-72.9566941623911, 41.3030781333173], [-72.9565929247386, 41.302929942198], [-72.9564293581653, 41.30271153298], [-72.9562988625993, 41.3025181072334], [-72.9561630803307, 41.3021612254456], [-72.956116262213, 41.3015273258122], [-72.9560075439631, 41.3013151680399], [-72.9557620714412, 41.3010876420733], [-72.9553014851922, 41.3007335678272], [-72.9549924517209, 41.3005454395907], [-72.95424410158, 41.3002522515111], [-72.9535962365032, 41.2999419032784], [-72.9533048694734, 41.2997271494437], [-72.9532177480671, 41.2996502877833], [-72.9529649017744, 41.2993857183183], [-72.9529232961343, 41.2992473698187], [-72.9529751333152, 41.2990940936188], [-72.9531706813492, 41.2990000934267], [-72.9535850364402, 41.2986871731142], [-72.953701906993, 41.2985281244243], [-72.9537960785487, 41.2981656848884], [-72.9537598811716, 41.2980118840434], [-72.9536648294065, 41.2979460148421], [-72.9535053724692, 41.2979409760132], [-72.953257299502, 41.2980395356656], [-72.9529738696851, 41.2981769202148], [-72.9526825281296, 41.2982589122165], [-72.952245746608, 41.298308569066], [-72.9519041564093, 41.2982484519361], [-72.9516270585204, 41.2980818680097], [-72.9513875170427, 41.2978500356832], [-72.951257397578, 41.2976982897717], [-72.9511117631048, 41.2975283836026], [-72.9508813233598, 41.2972967035608], [-72.9505382007603, 41.296959903629], [-72.9501762833509, 41.2964984272116], [-72.9497846041004, 41.2961229435146], [-72.9496604466508, 41.2959845620632], [-72.9497269169044, 41.29585494131], [-72.9498214851959, 41.2958386525978], [-72.9503526651071, 41.2959432152475], [-72.9505912624914, 41.2959477735535], [-72.950810479157, 41.2958605946305], [-72.9509309142816, 41.2956025701858], [-72.9511823017088, 41.295254437826], [-72.951286631344, 41.2951592238444], [-72.9514957068867, 41.2950302071899], [-72.9517090870181, 41.2948227941667], [-72.9519163388154, 41.2945462633194], [-72.9518748879808, 41.2943067054442], [-72.9517277979315, 41.294107644221], [-72.9513352916841, 41.2939774547104], [-72.9507234085347, 41.2937308393318], [-72.9504947315852, 41.293402068811], [-72.9501781185619, 41.2930242207354], [-72.9498058470321, 41.2928152586459], [-72.9490697229113, 41.2926165339871], [-72.9483144041226, 41.2923147511211], [-72.9479648021313, 41.2922270157612], [-72.947813704528, 41.2924229934451], [-72.947615358186, 41.2927145988927], [-72.9473734266149, 41.2929597905406], [-72.9470929569516, 41.2930947540648], [-72.9468533988216, 41.2931473089241], [-72.9466699815933, 41.2931112618672], [-72.9465201185302, 41.2930435922315], [-72.9463912381864, 41.2929158532924], [-72.9463536601829, 41.2927497022301], [-72.9463862972723, 41.292559761833], [-72.9463475832387, 41.2922424945726], [-72.9462391604365, 41.2920363263568], [-72.9460613737905, 41.2918304467845], [-72.9450918687341, 41.2911554130573], [-72.9440563264146, 41.2903713834712], [-72.9438076718475, 41.2901150202751], [-72.9436270545354, 41.2899487666001], [-72.9434239030933, 41.2896969585586], [-72.9432011039357, 41.2894156792512], [-72.9428062542689, 41.2891710561614], [-72.9423950939488, 41.2890204563679], [-72.9419750451512, 41.2890213289243], [-72.9415598800153, 41.2889774252849], [-72.9412617152785, 41.2888954178116], [-72.9406944581736, 41.2886370106156], [-72.9403752261454, 41.2883476525809], [-72.9402293689951, 41.2880086022865], [-72.9400573368728, 41.287738040549], [-72.939879847592, 41.2875470781718], [-72.9398143093556, 41.2873765111786], [-72.9399127961304, 41.2872253976888], [-72.9400826707708, 41.2870673090686], [-72.9404764797453, 41.2868103837113], [-72.9406641162868, 41.2865068058798], [-72.9406717856195, 41.2860949442563], [-72.940448696223, 41.2854733380535], [-72.9402389504123, 41.2849021449684], [-72.9400031727179, 41.2842920533538], [-72.9397642185754, 41.2836842000343], [-72.9393625824027, 41.2828848399305], [-72.9391671770181, 41.2823124168134], [-72.938946495916, 41.2818065918186], [-72.9388123088199, 41.281641113155], [-72.938643516918, 41.2815396717004], [-72.9384635799691, 41.2814384232795], [-72.9383937496583, 41.2813514002492]]]}, "properties": {"FID": 7, "ID": 0, "TOWN_CODE": 12, "TOWN_NAME": "West Haven", "CIS_TOWN_C": 120, "SHAPE_AREA": 306314063.643, "SHAPE_LEN": 131922.965004, "GlobalID": "35be79e6-81b3-4b3c-8a77-c9bb5be7114e"}}, {"type": "Feature", "id": 9, "geometry": {"type": "Polygon", "coordinates": [[[-73.2745359314195, 41.2941269416669], [-73.2744083003187, 41.2939245988262], [-73.2743427549441, 41.2937216323656], [-73.2743361374883, 41.2934360565067], [-73.2744304393673, 41.2930575629407], [-73.2744527782343, 41.2930077127326], [-73.2745765078963, 41.2928100543155], [-73.2746419103948, 41.2926562328134], [-73.2748313773206, 41.2924040684821], [-73.2750644177958, 41.2921678261175], [-73.2752176512034, 41.2918221663825], [-73.2752465766522, 41.2916300876488], [-73.2752399765549, 41.2914875719505], [-73.2751451107203, 41.2911742689868], [-73.2751747443878, 41.2908724049366], [-73.2751386381779, 41.290625220355], [-73.2750584903678, 41.2904439283941], [-73.274985969346, 41.2901089149437], [-73.2750150382106, 41.2893132048232], [-73.2750167264373, 41.2867000372738], [-73.2749958000399, 41.2859369798374], [-73.2750106198895, 41.2851794123922], [-73.2749825250256, 41.2839220223459], [-73.2745966341268, 41.2834719654641], [-73.2744153613633, 41.2832136105024], [-73.2741094384832, 41.2829225431884], [-73.2727859963869, 41.2813686519001], [-73.2707636237137, 41.2790184066122], [-73.2704732916051, 41.2787106203403], [-73.2703277746469, 41.278512987793], [-73.2697749658464, 41.2778815053895], [-73.2693823760676, 41.2774095070738], [-73.2688515317589, 41.2768214934432], [-73.2677826337617, 41.2755365600932], [-73.2655429890527, 41.2729221798486], [-73.26420573043, 41.2713516142476], [-73.2622066107052, 41.2690179266766], [-73.2609052363484, 41.2674799275222], [-73.2603379666478, 41.2668651019643], [-73.2599677856759, 41.2663927987893], [-73.2596987919637, 41.2660960420634], [-73.2592329935648, 41.265546801577], [-73.2589938341946, 41.2652560857439], [-73.2550325288249, 41.260691928166], [-73.253767705228, 41.2591927989887], [-73.2529026289467, 41.2582039282173], [-73.2510425799102, 41.2559960235345], [-73.2502865770767, 41.2551394265953], [-73.2497707451916, 41.2545076836264], [-73.2495600464968, 41.2542715422281], [-73.249423361469, 41.2539940819596], [-73.2490808472501, 41.25358234931], [-73.2460844299096, 41.250096406465], [-73.2425885396825, 41.2460075258899], [-73.236350467219, 41.2388019443064], [-73.2361173933282, 41.2385387730839], [-73.2357605884435, 41.2380773140495], [-73.2363133900246, 41.2377919344232], [-73.2468177793892, 41.2323306069923], [-73.248192394582, 41.2316032045589], [-73.2485225234703, 41.2319866459446], [-73.248644440449, 41.2319729023565], [-73.2487747785344, 41.2319613590469], [-73.2490377048067, 41.2319946928224], [-73.2493072480189, 41.2319722444965], [-73.2495597497477, 41.2318900077221], [-73.2496543452422, 41.2317813573905], [-73.2499733613696, 41.231365019615], [-73.2500749272545, 41.2311870388534], [-73.2501404554611, 41.2311093883894], [-73.2501618295993, 41.2310521729686], [-73.2503217490002, 41.230897951415], [-73.2505543867436, 41.2307748006607], [-73.2510125157553, 41.2305449981313], [-73.2511654628693, 41.2305189412232], [-73.2513101284413, 41.2305092173745], [-73.2513688719869, 41.2304662464284], [-73.2513906774917, 41.2302879273594], [-73.2513473397415, 41.2301778189703], [-73.2513325913123, 41.2300615829671], [-73.2512166583301, 41.229818680564], [-73.2512459966966, 41.2297037965192], [-73.2515664197491, 41.2292375297841], [-73.2517846899677, 41.2289902485303], [-73.251951802921, 41.2286498785214], [-73.252010399595, 41.2283811675982], [-73.25198161311, 41.2279473103404], [-73.2519385053759, 41.2276893400607], [-73.252251656186, 41.2270472810614], [-73.2525570170199, 41.2266629039243], [-73.2531832399186, 41.2261088410576], [-73.2534528944165, 41.2259277130084], [-73.2536296517155, 41.2257497354112], [-73.2539230012561, 41.2252832436464], [-73.2540203272926, 41.2249999547581], [-73.2541076907135, 41.2248388398749], [-73.254344974499, 41.2246149685359], [-73.2545087297402, 41.2240787164809], [-73.2546179265922, 41.2238917747109], [-73.2547784346937, 41.2235241520599], [-73.2548655412286, 41.2233594396364], [-73.2548803832723, 41.2233101444862], [-73.2552730133708, 41.2227282769391], [-73.2555792117707, 41.2223991191057], [-73.2556522578527, 41.2221795768611], [-73.2556669465165, 41.2219050533272], [-73.2557976351573, 41.2215315606128], [-73.256300247219, 41.2206040761781], [-73.2564170099728, 41.220280384086], [-73.2564320336399, 41.2201376029926], [-73.2564611202908, 41.2199343739422], [-73.2564469677793, 41.2195445378297], [-73.256505535627, 41.2193636505308], [-73.2566871776989, 41.2191163515783], [-73.2571746750794, 41.2185568749916], [-73.2573131524312, 41.2183979324853], [-73.2574002447758, 41.2183210420873], [-73.2574734107135, 41.2182056183626], [-73.257669333161, 41.2180138294408], [-73.2578584704987, 41.2178544886684], [-73.2579898119316, 41.2176842586589], [-73.258266195045, 41.217410292673], [-73.2583684072696, 41.2173499714475], [-73.2585575509083, 41.2171630134159], [-73.2587609299003, 41.2170259107519], [-73.2589645024869, 41.2168833173749], [-73.2590665759973, 41.2168341472438], [-73.2594952325943, 41.2167735773401], [-73.2599101981483, 41.2166475372822], [-73.2600408030288, 41.2164997775931], [-73.2602011118194, 41.2159674758563], [-73.260237709236, 41.2157089780093], [-73.2601944495209, 41.2154347141338], [-73.2601648589916, 41.215398483215], [-73.2606750838375, 41.2148476367563], [-73.2612930722382, 41.2143096834962], [-73.261409596557, 41.2141341997032], [-73.2618028489355, 41.2134149072513], [-73.2621887675752, 41.2127459073685], [-73.2624071423206, 41.2124660098804], [-73.2623992644272, 41.2128226686861], [-73.2624209836707, 41.2129266925414], [-73.2624650372208, 41.2129542862776], [-73.2625231959761, 41.2129547094432], [-73.2629447883802, 41.2125483393008], [-73.2631413847661, 41.2124167478871], [-73.2632790644732, 41.2123619282838], [-73.2633522022505, 41.2123619402593], [-73.2634469101676, 41.2124169224327], [-73.2635119575621, 41.2127735948684], [-73.2637150990347, 41.2131854001682], [-73.2640125719481, 41.2136909507744], [-73.2641866706327, 41.2139047582219], [-73.2645282697319, 41.2141576110032], [-73.264667049156, 41.2143280098159], [-73.2652554759575, 41.2149701648979], [-73.2654871575587, 41.2152831991979], [-73.2657418688565, 41.2156350741866], [-73.2666788311279, 41.216711521528], [-73.2671583133674, 41.2173040710897], [-73.2690980087971, 41.2196273104723], [-73.2695115469207, 41.2201493031079], [-73.2701435843975, 41.2208629372387], [-73.2703257210889, 41.2210825312322], [-73.2711099452983, 41.2219611714548], [-73.2718364522742, 41.2228069618612], [-73.2721566627832, 41.2231310758429], [-73.2724906585589, 41.223559419942], [-73.2729194080619, 41.2239603970541], [-73.2731299725212, 41.2241527542666], [-73.2735735044944, 41.2248939878166], [-73.2737984563863, 41.2251518096667], [-73.2739727725115, 41.2253278662784], [-73.274939285937, 41.2263439010091], [-73.2762623580865, 41.2276179928504], [-73.2763708472229, 41.2277440873219], [-73.2767778366595, 41.2283424189748], [-73.2768433444042, 41.2284632213232], [-73.2769163050405, 41.2285510545099], [-73.2772715785114, 41.2290178811168], [-73.2776138323, 41.2293912802527], [-73.2777079170945, 41.2295615285987], [-73.2778458251903, 41.2298693108018], [-73.2782091265284, 41.2302316356421], [-73.2788924102764, 41.2308245622374], [-73.2790164384032, 41.2310166248813], [-73.2792338062892, 41.2315384625675], [-73.2792773800906, 41.2315880037217], [-73.2795101905186, 41.2316320394046], [-73.2796192107978, 41.2316263891099], [-73.2799904942418, 41.2313188212169], [-73.2805364185413, 41.2307207210638], [-73.2811253466451, 41.2299634090277], [-73.2816421360587, 41.229584831268], [-73.2822894374546, 41.2291346308094], [-73.2825443309596, 41.2287397701575], [-73.282813793117, 41.2280424217237], [-73.2831409471771, 41.2274551058726], [-73.2833228753908, 41.2272523619759], [-73.283446533404, 41.2271476652592], [-73.2837228417509, 41.2268731223336], [-73.2837742031356, 41.2267636101258], [-73.2838686761919, 41.2262583443315], [-73.2838691815769, 41.226209450165], [-73.2839706521406, 41.2257261053647], [-73.2842840103713, 41.2252596114781], [-73.2844436946185, 41.2251444501152], [-73.2863489564478, 41.2244751282408], [-73.287214232489, 41.2242667692669], [-73.2874692964781, 41.2241185646218], [-73.2875274564949, 41.2240635729042], [-73.2883052579895, 41.2237177024815], [-73.2883489296708, 41.2236682672752], [-73.2889168454678, 41.2223948577319], [-73.289353386036, 41.2216373581235], [-73.2895283241604, 41.221390551051], [-73.2901611344101, 41.2207974835628], [-73.2907350929715, 41.2203420888795], [-73.2917608622055, 41.2196615566525], [-73.2928875681605, 41.2190465789074], [-73.2937311208202, 41.2187230042665], [-73.2942399844509, 41.2184485295854], [-73.2946986820242, 41.2181525048455], [-73.295076271554, 41.2178556680441], [-73.2954036980301, 41.2175376232647], [-73.2957895901216, 41.2171481122637], [-73.2961963799315, 41.2167583301546], [-73.2965599650658, 41.2164457710384], [-73.2970620138766, 41.2160668491397], [-73.297556583213, 41.2157979173228], [-73.2978549179738, 41.2155894467964], [-73.2988510284076, 41.2147494634558], [-73.2997229973136, 41.2139532951631], [-73.2998397914692, 41.2138492991011], [-73.3003193904468, 41.213667737098], [-73.3010615853686, 41.2131905560527], [-73.3014828437818, 41.2129873134518], [-73.3018609404356, 41.2128117263732], [-73.3050166911832, 41.2128721123851], [-73.3102946260661, 41.2129383342803], [-73.3128169298361, 41.2129827336448], [-73.3158267570422, 41.2130042554994], [-73.316910264996, 41.2129992362772], [-73.3206830656785, 41.2130921539402], [-73.3225518295716, 41.2131085463875], [-73.3291640703177, 41.2132428609845], [-73.3291531726166, 41.2132947226032], [-73.3291241236653, 41.2133494183824], [-73.3290442316004, 41.2133825848208], [-73.3290080471432, 41.2134265111923], [-73.3287680549371, 41.2135419680302], [-73.3284407475794, 41.2137504961391], [-73.3279827038868, 41.2139975945903], [-73.3277712656782, 41.2141569884197], [-73.3276167821134, 41.2142845323069], [-73.3273904437763, 41.2145832886954], [-73.3270123939738, 41.2150914034783], [-73.3266974097396, 41.2154878680702], [-73.3265073204379, 41.2156996427022], [-73.3262890674996, 41.215886001308], [-73.3260128087543, 41.2159355921296], [-73.3258703551603, 41.2159589549934], [-73.325769007284, 41.2160586127336], [-73.3257139821269, 41.2162069237252], [-73.3257704913916, 41.2163807475224], [-73.3259619524554, 41.2165557828828], [-73.3259656424283, 41.2171031353413], [-73.3258946118165, 41.2180124647598], [-73.3258534520316, 41.2182394400666], [-73.3257531006084, 41.2186838836534], [-73.3254991234701, 41.219045557763], [-73.3253665786421, 41.2194723200111], [-73.3253740228131, 41.2197237545855], [-73.3254405412447, 41.2200793593492], [-73.3253710822341, 41.2202402639384], [-73.3252486033637, 41.2203666170443], [-73.324770170643, 41.2205748638159], [-73.3245740340014, 41.2206952379938], [-73.3241473122305, 41.2210493693634], [-73.3237745984585, 41.2213709847729], [-73.3237018562905, 41.2214696385698], [-73.3236143957241, 41.2218320177973], [-73.3236729992509, 41.2221667358582], [-73.3238106199443, 41.2224962546789], [-73.324036606046, 41.222875072278], [-73.3241523613338, 41.2230175525875], [-73.3242547758246, 41.2232700536004], [-73.3243950585333, 41.2239520637696], [-73.3245440166592, 41.2242521900409], [-73.3247708205944, 41.2244395740164], [-73.3249310675968, 41.2244998303466], [-73.325323462174, 41.2245275382523], [-73.3256216426696, 41.2246152376738], [-73.3257017757234, 41.2246590907536], [-73.3259005716885, 41.2249153920889], [-73.326145350542, 41.2251311548644], [-73.3264252754054, 41.2255434932909], [-73.3265080775182, 41.2257868278357], [-73.3266652021771, 41.2259551683596], [-73.3267420088318, 41.2260592485248], [-73.326719951959, 41.2261084188571], [-73.3266772583391, 41.2262136112519], [-73.3267751516211, 41.2262870517331], [-73.3268572609033, 41.226399681182], [-73.3269050065301, 41.2265577671368], [-73.3267898865514, 41.2267201076113], [-73.3265346474686, 41.2267876063555], [-73.3260106888705, 41.2268116846739], [-73.32586697722, 41.2269014365076], [-73.3257880357442, 41.2270448981171], [-73.325788917607, 41.2272473035474], [-73.325903055984, 41.2273851600153], [-73.3264280757658, 41.2280463589355], [-73.3274331769325, 41.229166054262], [-73.3275056435567, 41.2292156064204], [-73.3278914988043, 41.2295284290831], [-73.3282476593023, 41.2299508407215], [-73.3287863811815, 41.2306922387225], [-73.3292953957753, 41.2312078758488], [-73.3295423428583, 41.2314333965935], [-73.3300079044842, 41.2320700120055], [-73.3300733208065, 41.2321689982199], [-73.3303353665675, 41.2323280551648], [-73.3304080622538, 41.2323776022325], [-73.3307431718506, 41.2328057717435], [-73.3309098044052, 41.2329922488679], [-73.3311279503488, 41.2332993879639], [-73.3419913497323, 41.2453867688896], [-73.3428570968508, 41.2463693047229], [-73.3462398631957, 41.2500963737098], [-73.3489091312448, 41.2532117761218], [-73.3516824211056, 41.2563404608634], [-73.3524394928365, 41.257141670436], [-73.3537067022985, 41.2586072918378], [-73.355017203423, 41.260028238849], [-73.3559859570232, 41.2611427365008], [-73.3570848368243, 41.2623608241918], [-73.3583299146075, 41.2637714477725], [-73.3594590911002, 41.265011308526], [-73.3615925110121, 41.2674151623811], [-73.3675936277338, 41.2740608563936], [-73.3680160982515, 41.2745654675014], [-73.3683222584324, 41.2748895605447], [-73.3685910799956, 41.2752075063422], [-73.3653978656319, 41.2763237423001], [-73.3573580763082, 41.2791985359252], [-73.3461094885584, 41.2832266197645], [-73.3275156600695, 41.2898402065483], [-73.3257834595189, 41.2904714282568], [-73.3199312979229, 41.2925856971377], [-73.3183014639528, 41.2931569442043], [-73.3174790350204, 41.2934697835735], [-73.3164375047049, 41.2938265812386], [-73.315418476156, 41.2941832611331], [-73.3134897826533, 41.2948694697741], [-73.3086632397685, 41.2965494459283], [-73.3053366397198, 41.2977351417839], [-73.3048923307559, 41.2979112301781], [-73.3053223875586, 41.2984107148275], [-73.3056713929022, 41.2987946300134], [-73.3058316863739, 41.2988938615236], [-73.3075274404325, 41.3005738678317], [-73.3079275869897, 41.3012158615899], [-73.3084080600298, 41.3019132094081], [-73.3093617633592, 41.3028847609941], [-73.3096965268334, 41.3032471227343], [-73.3099517648481, 41.3035656191896], [-73.3102716949388, 41.3038951142667], [-73.3109486992392, 41.304427507038], [-73.311196243555, 41.3046968060824], [-73.3114731803974, 41.3051304617527], [-73.3120701545748, 41.3057179575931], [-73.3124633471646, 41.3060198120461], [-73.312717886042, 41.3062285235969], [-73.3130379900633, 41.3068377878774], [-73.3134750732106, 41.3073209098845], [-73.3142761153025, 41.3081940209466], [-73.3144142371876, 41.3082760234356], [-73.3146616503261, 41.3082650285599], [-73.3150255377257, 41.3082539690255], [-73.3152804824266, 41.3082981724604], [-73.315513850237, 41.3084244703174], [-73.3156955123048, 41.3086218702332], [-73.315760820191, 41.3087809024052], [-73.3157613874964, 41.3088198366274], [-73.3157391722805, 41.3090389942757], [-73.3156519877251, 41.3092421791794], [-73.3155498390097, 41.3095828352725], [-73.3155285307598, 41.3097745488076], [-73.3155790355631, 41.3100106737822], [-73.3158924678663, 41.3106587271686], [-73.3161110203548, 41.3110429147122], [-73.3164528062524, 41.3113395256416], [-73.3167151249135, 41.3114711695453], [-73.3170714274072, 41.3115536291551], [-73.3173337264233, 41.3116305506894], [-73.3176909766488, 41.3117951706433], [-73.317945851704, 41.3119597832702], [-73.3181060508323, 41.3121463018986], [-73.3182298335568, 41.3124098519039], [-73.3183460106475, 41.3129480677625], [-73.3184185701966, 41.3130245554285], [-73.3190230208034, 41.3133323761282], [-73.3188049071005, 41.3136010505162], [-73.3187758692408, 41.3137931430368], [-73.3188196265341, 41.3139581127206], [-73.3191034688379, 41.3144683924747], [-73.3194820623829, 41.3149902082861], [-73.3198243392878, 41.3153909245209], [-73.3200061263564, 41.3154948296756], [-73.3201300379574, 41.3155118803697], [-73.323108481954, 41.3198318776507], [-73.3240046520879, 41.3210885154699], [-73.3246237765896, 41.3220165034078], [-73.324915153266, 41.3224176324752], [-73.3064315728445, 41.3320140767942], [-73.3059359724359, 41.3322605756039], [-73.295449930423, 41.3279337418098], [-73.2937240611963, 41.3272196097042], [-73.2922673485554, 41.3266317996883], [-73.2895514767494, 41.325505975339], [-73.287534445504, 41.3246766472139], [-73.2841345225648, 41.3232754992051], [-73.2837264182903, 41.323121820621], [-73.2825256017776, 41.3225838155799], [-73.2821396532114, 41.3224682732429], [-73.281527601432, 41.3221934006837], [-73.2795915390586, 41.3214191380739], [-73.2789795946963, 41.3211550568117], [-73.2787098951194, 41.3210619605209], [-73.2783823622202, 41.3209078878044], [-73.2780984583558, 41.3208035317036], [-73.2777275187333, 41.3206278735968], [-73.2773122481486, 41.3204848377666], [-73.2757759795714, 41.3198421242006], [-73.2755360097786, 41.3197101172624], [-73.273434097463, 41.318891739449], [-73.2731918262271, 41.3187273137052], [-73.2730757128579, 41.3186614617249], [-73.2730313991004, 41.3186393647323], [-73.2729295408469, 41.3185070620961], [-73.2726606538429, 41.3183149680079], [-73.2725805941699, 41.3182052084484], [-73.2725659730153, 41.3180845151952], [-73.272456641141, 41.3178705959973], [-73.2724571300498, 41.3177331969086], [-73.272632053177, 41.3175574343567], [-73.2726461818756, 41.3174753740292], [-73.2726318983722, 41.3172831535255], [-73.2726903467052, 41.3172226745978], [-73.272828971788, 41.3171460571898], [-73.2729675916696, 41.3168987583346], [-73.2730110467671, 41.3167563573601], [-73.2729675999, 41.3167011511272], [-73.2727049712968, 41.3166352779594], [-73.2726034745961, 41.3165475725209], [-73.2726540518379, 41.3164706674989], [-73.2728655736827, 41.3163770715112], [-73.2730914051253, 41.3162238922945], [-73.2731060661527, 41.3161795691], [-73.273091425267, 41.3161412098435], [-73.2729747381566, 41.3160312769418], [-73.2728514717729, 41.3160092000547], [-73.2727639431462, 41.3159600243319], [-73.2727206913922, 41.3158446047115], [-73.2727132171202, 41.3157346869987], [-73.2727785812333, 41.3156302693794], [-73.2728520006265, 41.315394416902], [-73.2727425121589, 41.3152463649015], [-73.2727060579691, 41.3150978125115], [-73.2726190233936, 41.3150542967068], [-73.2724442887189, 41.3150538940122], [-73.2723857403384, 41.3150159104557], [-73.272335150717, 41.314806866395], [-73.2724225154073, 41.3146369925282], [-73.2724296854517, 41.3145379862101], [-73.2722556688571, 41.3144279682081], [-73.2722404782852, 41.3144062539117], [-73.2722481774657, 41.3143731086425], [-73.2723133543787, 41.3143021423701], [-73.272386281676, 41.3141753905558], [-73.2723789318313, 41.3141100685863], [-73.2722558501425, 41.3139397816534], [-73.2721464947664, 41.3138075124578], [-73.2720155282957, 41.3137038188148], [-73.2717823852274, 41.313654104046], [-73.2717095129561, 41.3135882238486], [-73.2716225172338, 41.3133791779563], [-73.2717538330966, 41.3132420390636], [-73.2717759756396, 41.3131378159331], [-73.2717170219997, 41.3130777039797], [-73.2717028875608, 41.3130172158452], [-73.2717320250369, 41.3129620215735], [-73.2718197485864, 41.3128084440859], [-73.2718342421256, 41.3127428490739], [-73.271790794193, 41.3125450995937], [-73.271579327013, 41.3123033400696], [-73.2715580595972, 41.3120620897271], [-73.2715945044695, 41.3117270861862], [-73.2715871964828, 41.3116667426123], [-73.2715075006159, 41.3116007204982], [-73.271288819943, 41.3116228152845], [-73.2712232789398, 41.3116776607162], [-73.2711725456695, 41.3116773757297], [-73.2711212762982, 41.3116388420149], [-73.270961032299, 41.3114574016073], [-73.270917957996, 41.311249184806], [-73.2709397697628, 41.3111887032057], [-73.2710485603231, 41.3110518403043], [-73.2710635506203, 41.3109636038269], [-73.271027479989, 41.3109196815533], [-73.2709542311106, 41.3108922293831], [-73.2709179934691, 41.3107987335281], [-73.2709760453474, 41.3106892035374], [-73.2709694059998, 41.3105135828089], [-73.2710055306651, 41.3103653806971], [-73.27092551587, 41.3102882163349], [-73.2708383171224, 41.3102227435719], [-73.2707218637908, 41.3099699159906], [-73.2707220250351, 41.3099040461631], [-73.2708165110975, 41.30977205145], [-73.2709482130553, 41.3097121017987], [-73.2710134155621, 41.3095306629058], [-73.2712901403391, 41.3092292198468], [-73.2712906769161, 41.3090974792001], [-73.2711668741948, 41.3089493235508], [-73.2709919694692, 41.3088115189988], [-73.270890341652, 41.3085920744224], [-73.2708030101788, 41.3080543702723], [-73.2707013709522, 41.3078894701115], [-73.2707672816272, 41.3076258670115], [-73.2707601393596, 41.3074722020635], [-73.27063673121, 41.307230389054], [-73.2707092358621, 41.3071369154303], [-73.2707167793687, 41.3069996541821], [-73.2710440244948, 41.3067587045659], [-73.2711249551699, 41.3066377493503], [-73.2713650478035, 41.3064510574116], [-73.2713797123672, 41.306407420815], [-73.2713502522702, 41.3063360241418], [-73.2711833616115, 41.3062040157293], [-73.2711176259022, 41.30617652599], [-73.2711035397259, 41.3061216991099], [-73.271343805632, 41.3058145871077], [-73.2715401348775, 41.3054466126422], [-73.2715988889987, 41.3050567899106], [-73.2718396801654, 41.3043047194315], [-73.2720215932008, 41.3039263430045], [-73.2721969753751, 41.3037560680494], [-73.2724954741313, 41.3035641344141], [-73.2727939676695, 41.3032015219779], [-73.2729541884345, 41.3030975270269], [-73.2730929818856, 41.3029600093462], [-73.2734348622309, 41.3028452326163], [-73.2738931899834, 41.302757544013], [-73.2740102239149, 41.3026861638763], [-73.2742286461044, 41.3024664595387], [-73.2742867226531, 41.3023620713693], [-73.2745125008219, 41.302208372716], [-73.2750949678291, 41.3020003822504], [-73.2754595367364, 41.3019072797095], [-73.2757721046847, 41.301770163178], [-73.276107237276, 41.3016660446971], [-73.2761731213028, 41.3016000486555], [-73.275990925202, 41.3011771956148], [-73.2759544433821, 41.3009138863512], [-73.2760276994705, 41.3006610487333], [-73.2762173764273, 41.3003479880948], [-73.2763993452604, 41.300150914089], [-73.2775568994677, 41.2992230788027], [-73.2780235837619, 41.2988500718398], [-73.278074866825, 41.2987788204185], [-73.2781471837037, 41.2986086682121], [-73.2781691496158, 41.2984001539756], [-73.2780890852208, 41.2981473379289], [-73.2780165522327, 41.2980101042686], [-73.2779074415086, 41.2978783528943], [-73.2777039964957, 41.2976974608164], [-73.2774053230744, 41.297356795966], [-73.2772021780554, 41.297016034405], [-73.2771216788219, 41.2969337257351], [-73.2766851245794, 41.2966429247853], [-73.2765175664591, 41.2964833091455], [-73.2763291070601, 41.296241798089], [-73.2760527688748, 41.295764316354], [-73.2757254025127, 41.295445735278], [-73.2755435515525, 41.2951767446414], [-73.2754126106349, 41.2950723661546], [-73.2753465662439, 41.2950337292244], [-73.2749905736352, 41.294633113979], [-73.2748812469076, 41.294501533562], [-73.2746412136534, 41.2942648861584], [-73.2745539018136, 41.2941555038983], [-73.2745359314195, 41.2941269416669]]]}, "properties": {"FID": 9, "ID": 0, "TOWN_CODE": 45, "TOWN_NAME": "Easton", "CIS_TOWN_C": 250, "SHAPE_AREA": 797579866.308, "SHAPE_LEN": 148079.841725, "GlobalID": "66474363-1063-430c-822a-1e654ff6447a"}}, {"type": "Feature", "id": 10, "geometry": {"type": "Polygon", "coordinates": [[[-73.04106871542, 41.313786303074], [-73.0420011826177, 41.3135123944548], [-73.046865125576, 41.3119320970574], [-73.0475931155533, 41.3116797718649], [-73.0488162160243, 41.3112957884715], [-73.050657869657, 41.3113067528034], [-73.0518885155396, 41.3113783054162], [-73.0522961731111, 41.3114223451877], [-73.0532716746092, 41.3116144556393], [-73.0536067091067, 41.3116967600513], [-73.0537597724112, 41.3113455732974], [-73.0545309056889, 41.3115702922188], [-73.0553251845314, 41.311828564181], [-73.0556887374176, 41.3119275968262], [-73.0560160636018, 41.3119658325382], [-73.0561766817221, 41.3119657492266], [-73.0567878061626, 41.3120262067919], [-73.056956053354, 41.312004145866], [-73.0571455906941, 41.3120096403311], [-73.057909371599, 41.3118784264388], [-73.05871757424, 41.311614494014], [-73.0590556889508, 41.3114815060463], [-73.0590819050703, 41.3114447247417], [-73.0591621220674, 41.3113295841565], [-73.0594898171082, 41.3111098250804], [-73.0597662580227, 41.3109727086743], [-73.059824392343, 41.310950595422], [-73.0604213224628, 41.3106599471189], [-73.0610038488834, 41.3104019288771], [-73.0615426256246, 41.3100344188899], [-73.0618702824271, 41.3097156770065], [-73.0621761415196, 41.3092163695787], [-73.0626860229283, 41.3086619594949], [-73.0627219259553, 41.308606801217], [-73.0633775879645, 41.3076682744767], [-73.0636829942204, 41.3072674230578], [-73.0639962035479, 41.3069766784964], [-73.0640690406441, 41.3069378803949], [-73.0642581841828, 41.306723808574], [-73.0644403251073, 41.3065207280864], [-73.0647240491184, 41.306295927946], [-73.0649130712001, 41.3060103219582], [-73.0649570619708, 41.3058402114993], [-73.0649277761352, 41.3056646430109], [-73.0648042516165, 41.3054284408526], [-73.0647825858683, 41.3052749775387], [-73.0648477940912, 41.3051651906209], [-73.0651028747338, 41.3049454418618], [-73.0651976110834, 41.3048738263778], [-73.065451830986, 41.3047587161149], [-73.0658596617747, 41.3044239586734], [-73.0659326400233, 41.3042753832648], [-73.0660126062658, 41.3039243811502], [-73.0662310418255, 41.3033752182255], [-73.0662456222456, 41.3032381225627], [-73.0663985449963, 41.3027824532539], [-73.0664272878152, 41.3025189003226], [-73.0665439153698, 41.3023654016987], [-73.0666607275004, 41.3022498061023], [-73.0669368505071, 41.3018709883311], [-73.0671261990982, 41.3016569082187], [-73.0671843782642, 41.3015526259362], [-73.0674031321963, 41.3013991837316], [-73.0674395549188, 41.3014049150878], [-73.0678175171498, 41.3009213453239], [-73.0687714876181, 41.3014315766973], [-73.0695646797899, 41.3018986827462], [-73.0706786726204, 41.3025185733205], [-73.0737800818343, 41.3044620623126], [-73.0740857339924, 41.3046759594825], [-73.074537225544, 41.3049391817988], [-73.0757456233009, 41.3058121134053], [-73.0766127266116, 41.3066187614404], [-73.0774060418934, 41.3075410566137], [-73.077558863875, 41.3080294869901], [-73.0775884093267, 41.3082489666295], [-73.0777996466814, 41.3090890405816], [-73.0778648342415, 41.3092044669838], [-73.0779452572053, 41.3093634184333], [-73.0780257731727, 41.309676060328], [-73.0783168311258, 41.3104172778257], [-73.078506387072, 41.3108786668695], [-73.0788775257793, 41.3114820815183], [-73.0792996429698, 41.3119541281628], [-73.0796642626165, 41.3122558362026], [-73.0799191328018, 41.3124480749562], [-73.0800788876552, 41.3125030209642], [-73.0849651895465, 41.3136935134022], [-73.0851979824343, 41.3137480687704], [-73.0854527574225, 41.3138744271628], [-73.0857152991586, 41.3139621693486], [-73.0859986918098, 41.3141217225603], [-73.0865304292273, 41.3145273772023], [-73.0869672745884, 41.3148842559751], [-73.0875718004939, 41.3155044528361], [-73.0877399355318, 41.3156801193581], [-73.08790712963, 41.3159379541804], [-73.088308130112, 41.3163988818608], [-73.0889343302583, 41.3172001423485], [-73.0892549803177, 41.3176942356414], [-73.0895970135887, 41.3180566980003], [-73.0900560228673, 41.3184680460333], [-73.090769393125, 41.3189184291851], [-73.0923286046923, 41.3201692258867], [-73.0926856260771, 41.3204769168095], [-73.0930206034469, 41.3207459033647], [-73.093755862294, 41.3212394282368], [-73.0943750182288, 41.3215468438608], [-73.0962687510954, 41.3225233343332], [-73.0971214931538, 41.322808756087], [-73.0978205564939, 41.3230337453809], [-73.098009796228, 41.3231050416073], [-73.0986068608118, 41.3234447492251], [-73.1011707052607, 41.3247779619376], [-73.1015713147932, 41.3249702217491], [-73.101716830015, 41.3250745829447], [-73.1024164791788, 41.3254419143402], [-73.1028467026977, 41.3257220710227], [-73.1031520203859, 41.3258806586464], [-73.1119161331136, 41.3302637552823], [-73.1129217033252, 41.3307463578352], [-73.1134095794444, 41.3310262973484], [-73.1145094020827, 41.3315526673264], [-73.1148449173274, 41.331728278215], [-73.1157479533587, 41.3323425732828], [-73.1162872473697, 41.3328585350693], [-73.1164703556388, 41.333045090403], [-73.1166373907375, 41.3332865892246], [-73.1168196832024, 41.3334892732802], [-73.1172648121562, 41.3340928376218], [-73.1174254728555, 41.3343729520792], [-73.1183218910794, 41.3355364935677], [-73.1186571551839, 41.3359040396504], [-73.1187595661144, 41.336024468864], [-73.1190147974244, 41.3362442351649], [-73.1195832504452, 41.3369961159929], [-73.1200863980241, 41.3376269326514], [-73.1202688552369, 41.3379344153842], [-73.1208298272172, 41.3385267892063], [-73.1214496369227, 41.3392568813678], [-73.1221500548889, 41.3403103912934], [-73.1223106803279, 41.3406175980277], [-73.1223686045722, 41.3406781267811], [-73.1228867045513, 41.3416054626042], [-73.1229959851608, 41.341929302744], [-73.1231055604404, 41.3424618975209], [-73.1232376203197, 41.342906591806], [-73.1233838225631, 41.3435157433207], [-73.1234784968012, 41.3437516326156], [-73.1236975077245, 41.3440372074636], [-73.1240398784224, 41.3445201515511], [-73.1242519723453, 41.3447887647735], [-73.1244781581049, 41.3451346935856], [-73.1245545247735, 41.3452334193826], [-73.1245545382965, 41.3453939706677], [-73.12317446949, 41.34594771532], [-73.1225119133387, 41.346194647298], [-73.1212736099648, 41.3467058818846], [-73.1208367651292, 41.3468597886986], [-73.1202689460116, 41.3471184050384], [-73.1197661213723, 41.3472774937455], [-73.1194388557608, 41.3474094285842], [-73.1191549895312, 41.3474865033199], [-73.1103716659062, 41.3504219083672], [-73.1075020202735, 41.3514055313158], [-73.1047630702734, 41.3522847340404], [-73.1024687531475, 41.3530592388313], [-73.102460941653, 41.3530439919737], [-73.1022354623656, 41.3526040273383], [-73.0981224788505, 41.3447005689905], [-73.0979478594091, 41.3443108657067], [-73.0975976306581, 41.3436414116429], [-73.0975609445026, 41.3435917791985], [-73.0970140702733, 41.3425379988774], [-73.0965114653228, 41.3415883772692], [-73.0964527706033, 41.3411657299885], [-73.0963289356435, 41.3410341948678], [-73.0962563280182, 41.3409903291887], [-73.0961397213001, 41.3408915354042], [-73.0960665346372, 41.3407816331245], [-73.0960158611574, 41.3407543413275], [-73.0959717960451, 41.3406004410717], [-73.0960740732422, 41.3401445387259], [-73.0960952585539, 41.3398482406844], [-73.0960073611593, 41.3394972088584], [-73.0958833797295, 41.3392941488874], [-73.0957308132989, 41.3391513760669], [-73.095468522291, 41.3390468485089], [-73.0952204374729, 41.3390033407486], [-73.0943322776983, 41.3390310555136], [-73.0941647464792, 41.3391133805421], [-73.0940260341744, 41.3391791486413], [-73.0933854820672, 41.3393773013119], [-73.0931156136427, 41.3394319701081], [-73.0929921701963, 41.3394158755702], [-73.0926204113763, 41.3393550625542], [-73.0924677216377, 41.3393170931571], [-73.092307003978, 41.3392676587057], [-73.092074559782, 41.339124781548], [-73.0918341258626, 41.3390206912656], [-73.0916153146458, 41.3389161931904], [-73.0911346251897, 41.3386972072844], [-73.0905081802282, 41.3383292499076], [-73.0903548289927, 41.3382086011965], [-73.0901872058828, 41.3381427140668], [-73.0897866890516, 41.3378461226681], [-73.0897719221187, 41.3377643472306], [-73.0893350684807, 41.3370448643839], [-73.088649690648, 41.3358868199342], [-73.088511519061, 41.3357060935514], [-73.0884605677067, 41.3355796533464], [-73.0883657757126, 41.3354260678035], [-73.0881326418935, 41.3351018767097], [-73.0880814587641, 41.3350632613089], [-73.0875567421087, 41.3347725148459], [-73.086894000305, 41.3343720505367], [-73.0861878546815, 41.3340264298468], [-73.0860779082613, 41.3339773485779], [-73.0857213837451, 41.333729844784], [-73.0855905296388, 41.3336861429117], [-73.0853647724809, 41.3336423777878], [-73.0852330109545, 41.3335985109452], [-73.0852115909684, 41.3335930842078], [-73.0850800186214, 41.3335435516181], [-73.0846940106288, 41.3332252847004], [-73.0846140812863, 41.333126544954], [-73.0842791002787, 41.3328631935283], [-73.0839580886702, 41.3327040886278], [-73.0839260027045, 41.3328383200091], [-73.0834556329828, 41.3326213276951], [-73.0812782483054, 41.3316888477389], [-73.080010997891, 41.3311233598072], [-73.0797994330896, 41.3310026973306], [-73.0792311653089, 41.3307719033724], [-73.0791149401976, 41.33073896012], [-73.0792899959424, 41.3305252446046], [-73.0792678656138, 41.3305141572936], [-73.0784592936772, 41.3303277915954], [-73.0782623911756, 41.3303166918168], [-73.077410607594, 41.3301796711425], [-73.0774252069441, 41.3299598979601], [-73.0773741082833, 41.3298447748484], [-73.0771407973399, 41.3296522962699], [-73.0764710497421, 41.3290106150127], [-73.0762302357558, 41.3288179880266], [-73.0755679507793, 41.3282090478479], [-73.0750505664982, 41.3277696731534], [-73.0745553263109, 41.3275722751376], [-73.073958237808, 41.3273471960843], [-73.073543391086, 41.3271607145489], [-73.0726833859667, 41.326869992311], [-73.0725528389305, 41.3267928249007], [-73.0724794576429, 41.3267707317104], [-73.0718973721307, 41.3266776853982], [-73.0716934044948, 41.3266614420801], [-73.0700762481994, 41.3264417780549], [-73.0693116047722, 41.3262881601181], [-73.0691081071902, 41.3262278343341], [-73.0687657256921, 41.3261068291865], [-73.0680593311125, 41.3259039794484], [-73.0678337173373, 41.3258816226575], [-73.0676808856689, 41.3258983401766], [-73.067265658157, 41.3260027525743], [-73.0669745046469, 41.3260248276761], [-73.0665300739895, 41.3259257084002], [-73.0664212372225, 41.3258652864554], [-73.065889252047, 41.3254482189006], [-73.065649308556, 41.3253327487396], [-73.0649501430173, 41.3251627997021], [-73.0639739299792, 41.3250145295512], [-73.0633842856625, 41.3249049905552], [-73.0622922801056, 41.3247127675921], [-73.061825939235, 41.3245973952286], [-73.0608868274105, 41.3243997699103], [-73.0589935967799, 41.3240047038972], [-73.0568672917064, 41.3236855349188], [-73.0563278372565, 41.3236471849907], [-73.0561241609582, 41.3236420676088], [-73.0511287517734, 41.3250304680322], [-73.0500510127136, 41.325211514161], [-73.0477713041509, 41.3255296465654], [-73.0454632030714, 41.3258147026364], [-73.0425497543455, 41.3262420844524], [-73.0389319370513, 41.3267392938139], [-73.0388800037677, 41.3267464316663], [-73.0387558419629, 41.3262523905208], [-73.0386838343903, 41.32479197805], [-73.0386110516255, 41.3243364035313], [-73.0385754070845, 41.3234306327946], [-73.0385094287898, 41.3228158592472], [-73.0384809606686, 41.3222450705617], [-73.0384519607167, 41.322118555795], [-73.0392829222928, 41.3195060915726], [-73.0394727656883, 41.3188584218802], [-73.0396547664513, 41.318342510165], [-73.0397062269325, 41.3180952011272], [-73.0398228364323, 41.3178156553157], [-73.0398880227292, 41.3175353780657], [-73.0409305811053, 41.3142365799281], [-73.0409743392996, 41.3140498421547], [-73.04106871542, 41.313786303074]]]}, "properties": {"FID": 10, "ID": 0, "TOWN_CODE": 51, "TOWN_NAME": "Derby", "CIS_TOWN_C": 270, "SHAPE_AREA": 151248910.351, "SHAPE_LEN": 68531.9313846, "GlobalID": "45739cb5-2429-4048-b7ba-2593352e9449"}}, {"type": "Feature", "id": 11, "geometry": {"type": "Polygon", "coordinates": [[[-72.8176288553775, 41.3636281570424], [-72.8176216273045, 41.3588584294408], [-72.8175997598756, 41.3483254567327], [-72.8175777458943, 41.340712438691], [-72.8217279035738, 41.3259135143091], [-72.8239328387587, 41.3180865345253], [-72.825271983422, 41.3176525460129], [-72.833920320663, 41.3147094169687], [-72.8341904712115, 41.3146052733282], [-72.8349763953835, 41.3143413917451], [-72.8354350332694, 41.314154595788], [-72.8358494780757, 41.3139244369756], [-72.8363013072411, 41.3135837773199], [-72.8367379834092, 41.3131388396415], [-72.8371595482661, 41.3126283888257], [-72.8375814219881, 41.3120136407535], [-72.8378872522192, 41.3113933228665], [-72.8383093160923, 41.3102567770312], [-72.8385929972717, 41.3090822561019], [-72.8386504567334, 41.3086761960593], [-72.838766879517, 41.3079736901751], [-72.8388399590065, 41.3076823714493], [-72.8388538074039, 41.3074905883715], [-72.8389190961033, 41.3071608551066], [-72.8389338404803, 41.3069635826681], [-72.8390067679058, 41.3065630025056], [-72.8392392349339, 41.3053823441841], [-72.8392897321594, 41.3050534786085], [-72.839399061465, 41.3046580127139], [-72.8395225659718, 41.3041474419663], [-72.8397403602805, 41.3035656078457], [-72.8398934141767, 41.3030443762511], [-72.8402640281409, 41.3021054664657], [-72.840431290777, 41.3018310574655], [-72.8405108815914, 41.3016551738102], [-72.8407515231265, 41.3009909870168], [-72.8408897359707, 41.3007661716932], [-72.8410861073111, 41.3003323844091], [-72.8415221052916, 41.2996515716793], [-72.8416747500244, 41.299344235645], [-72.8421697775778, 41.2985975072211], [-72.8425257425893, 41.2981195068328], [-72.8433112891045, 41.2972740771213], [-72.8444757229927, 41.2962583435542], [-72.8447449560549, 41.2960608600069], [-72.8451084343449, 41.2957641499004], [-72.8452761345288, 41.2956598955146], [-72.8455525896304, 41.2954239806739], [-72.845770753082, 41.2953032111843], [-72.8460909203912, 41.2950996796158], [-72.8475609468168, 41.2943915548189], [-72.8489801468892, 41.2939299476595], [-72.850733049587, 41.2933692278914], [-72.8511627843477, 41.2931497991503], [-72.852290347094, 41.2926772620871], [-72.8536800994163, 41.2920456340578], [-72.8540077612559, 41.2918642023423], [-72.8543058452563, 41.2916721565516], [-72.854618863951, 41.2914360163748], [-72.8551642233232, 41.2910077153521], [-72.8559131094736, 41.290431023015], [-72.8563932130825, 41.2900139321611], [-72.8567859775774, 41.2896018908553], [-72.8569678954071, 41.289448202482], [-72.8579641256634, 41.2884269954693], [-72.8589165609532, 41.2873452725329], [-72.8594982982439, 41.2865381768844], [-72.859651299022, 41.2862414540133], [-72.8597895527179, 41.2859615517942], [-72.8599128983244, 41.2857475353329], [-72.8600583665058, 41.2854343517372], [-72.8602613115553, 41.2848193874613], [-72.8604644235319, 41.283902867445], [-72.8604861676546, 41.2837163929472], [-72.86048603726, 41.283238333065], [-72.860391040565, 41.2827344649155], [-72.860252313647, 41.2821882716702], [-72.8601685165473, 41.281719558016], [-72.8600111924989, 41.2816015224413], [-72.8596367259564, 41.2813627663884], [-72.8593131320692, 41.2812193320271], [-72.8590507785481, 41.280845643524], [-72.8589630161885, 41.2805822544472], [-72.8590063644605, 41.2802588775238], [-72.8590648614193, 41.280022445462], [-72.8591005258951, 41.2797263532959], [-72.8592020129441, 41.2793639817356], [-72.8595219362813, 41.2786832058701], [-72.8598778972076, 41.2782051511129], [-72.8603941952284, 41.2776181863145], [-72.8606049502827, 41.2773327271045], [-72.8607284995247, 41.27711270711], [-72.8608446153714, 41.2769367735036], [-72.8609250046774, 41.2767396040526], [-72.860910159649, 41.2764377250796], [-72.8608590670735, 41.276338799436], [-72.8608954454562, 41.2762072007038], [-72.8611791408375, 41.2757678023824], [-72.8613172449496, 41.2755993112839], [-72.8614285515501, 41.2755071140673], [-72.8614974121992, 41.275426965398], [-72.8615557964464, 41.2754269085507], [-72.8616354923394, 41.2754748784953], [-72.8617363609822, 41.2754907971762], [-72.8618477248969, 41.2754346292159], [-72.8619270663231, 41.2752743904989], [-72.8620487135342, 41.2750260141937], [-72.8620695945039, 41.2748217862233], [-72.8621753867158, 41.274613467522], [-72.8623236961689, 41.2744371418068], [-72.8624611503439, 41.2741246842016], [-72.8625828455118, 41.2739043400517], [-72.8627150374289, 41.2736199172874], [-72.8627571039461, 41.2733916424032], [-72.8627619371901, 41.2731153537477], [-72.862729666796, 41.2728711377942], [-72.8626484451339, 41.2719382604607], [-72.8626267031483, 41.2716419767823], [-72.8626634734279, 41.2714217152655], [-72.8627745119056, 41.2711813573953], [-72.8628538273589, 41.27101310982], [-72.8629596335661, 41.270816806064], [-72.8630071952042, 41.2707006357666], [-72.8631236347025, 41.2705163343177], [-72.8632190006753, 41.2704201413431], [-72.8636111127553, 41.270063383863], [-72.8639607538947, 41.2697026688267], [-72.8641939756465, 41.2695857454399], [-72.8644329404708, 41.2692067670963], [-72.8643243467648, 41.268993147027], [-72.8641930663972, 41.2688066541615], [-72.8639603225463, 41.2685816630134], [-72.8636878961205, 41.2684456501114], [-72.8634809289374, 41.2684498594567], [-72.863369575118, 41.2685020221492], [-72.8633060315429, 41.2685861715345], [-72.8632747548161, 41.2689105376257], [-72.8632910307936, 41.2691147263769], [-72.8633656188245, 41.2692788207793], [-72.8633717132236, 41.2694927357674], [-72.8632124836369, 41.2697234320522], [-72.8630639849991, 41.2697836393204], [-72.8627562374719, 41.2698199808828], [-72.8625067568221, 41.2697961982], [-72.8623739804497, 41.2697402748718], [-72.8622995599131, 41.269672275607], [-72.8622675003568, 41.2695441742012], [-72.8623570208346, 41.2691356675998], [-72.8626289773844, 41.2685872644237], [-72.8626262412976, 41.2683025491481], [-72.8624667800209, 41.2681585587605], [-72.8622703012845, 41.2680866779883], [-72.8621535468688, 41.2680867923809], [-72.8620103354662, 41.2681349829677], [-72.8617663900347, 41.2682393261137], [-72.8614215844318, 41.2683277526712], [-72.8612517888143, 41.2683439347792], [-72.8610500537702, 41.2683040883017], [-72.8607898322763, 41.2682002355002], [-72.8604764236939, 41.268028361157], [-72.8603222551428, 41.2678683456336], [-72.8602636803456, 41.2677522821483], [-72.8602315930657, 41.2676081631348], [-72.8602632537228, 41.2675000265533], [-72.8603427279643, 41.2674238695672], [-72.8604700126926, 41.2673756957231], [-72.8607088169625, 41.267367459066], [-72.8610644985975, 41.2674391882397], [-72.8612026034129, 41.2675111277757], [-72.8613406302046, 41.2675350195942], [-72.861536773445, 41.2675119747478], [-72.8616671939827, 41.2674682790718], [-72.861761628323, 41.2673856784747], [-72.8618055815904, 41.2672979812891], [-72.8617765139568, 41.2671827406015], [-72.8616449863182, 41.2669797776251], [-72.8613156815681, 41.2667503139261], [-72.8612787624861, 41.266686469206], [-72.8613615948988, 41.2666395614686], [-72.8615433988996, 41.2666007910252], [-72.8616666496936, 41.2666171327084], [-72.8618899937587, 41.2667719766374], [-72.8620116022124, 41.2668440739438], [-72.8622197321047, 41.2668587982214], [-72.8623144569973, 41.2668149660446], [-72.8624200318022, 41.2667353512404], [-72.8624673724592, 41.2666336779711], [-72.8625299670828, 41.2664463778432], [-72.8625480679613, 41.2662686008178], [-72.8626290485445, 41.2662685212068], [-72.8626635114025, 41.2663367324291], [-72.8626407632778, 41.2666573599487], [-72.8626742521412, 41.2668628661245], [-72.8627591630382, 41.2670016580953], [-72.8628844549888, 41.2670765282043], [-72.8630501151749, 41.2670791421562], [-72.8631678489788, 41.2670429160338], [-72.8632523538543, 41.2669456194118], [-72.8633291153909, 41.266634461307], [-72.8633622354777, 41.2666260964593], [-72.8634064431397, 41.2666454976997], [-72.8634506982217, 41.2666926703314], [-72.8635097642453, 41.2667870447297], [-72.8635727415014, 41.2667814767632], [-72.8636317100755, 41.2668304762331], [-72.8637626746519, 41.2668413242568], [-72.8639003402354, 41.2667813242622], [-72.8640673079319, 41.2665778946652], [-72.8642126910269, 41.2665118787197], [-72.8643515966994, 41.2664136073181], [-72.8644622394127, 41.2662389294332], [-72.8645394390791, 41.2661777454892], [-72.8646786155635, 41.2661822419302], [-72.8648021599675, 41.2662373512241], [-72.8648605496641, 41.2663470730857], [-72.8648387539542, 41.266489639443], [-72.8647442952007, 41.26668716601], [-72.8646547242818, 41.2668442364219], [-72.8646991374664, 41.2669775120795], [-72.8647655003187, 41.2670357714848], [-72.8649334304791, 41.2670662319888], [-72.8650134463582, 41.2670603222339], [-72.8650861420288, 41.2670274851142], [-72.8651884968841, 41.266928579853], [-72.8652067550856, 41.2667548014184], [-72.8651806310317, 41.2665548460897], [-72.8652313824768, 41.2663686566496], [-72.8653165552359, 41.2663963894512], [-72.8653427358121, 41.2666296736749], [-72.8654165688015, 41.2667462545839], [-72.8655308488849, 41.2668377977398], [-72.865689928019, 41.266879359329], [-72.8658136462578, 41.2669063389809], [-72.8659799958318, 41.2668595661374], [-72.8661897058407, 41.2667926921022], [-72.8662633325053, 41.2667926173826], [-72.8663150000952, 41.2668647789967], [-72.866197461417, 41.2670093306782], [-72.8661535517378, 41.2671593630007], [-72.8661868935338, 41.2672759844684], [-72.8662579965601, 41.2673565020162], [-72.8663230862505, 41.2673948587127], [-72.8663815846641, 41.2674330527451], [-72.8665490080736, 41.267487942716], [-72.8666547191141, 41.2674477127261], [-72.8667578247159, 41.2674642724992], [-72.8668389091263, 41.2675197418504], [-72.8668501324056, 41.2676197180349], [-72.8668503962486, 41.2677669302912], [-72.8669168303082, 41.2678612989241], [-72.867016342498, 41.2679278559489], [-72.8671084656056, 41.2679777584137], [-72.867241001714, 41.2679831775276], [-72.8673660844222, 41.2679358329544], [-72.8674248283537, 41.2678496690777], [-72.8674613784656, 41.2677024246924], [-72.8674686539964, 41.2676579781254], [-72.867560551686, 41.2675828867812], [-72.8676598613888, 41.2675355655265], [-72.8677260004763, 41.2674660587341], [-72.8677368990901, 41.2673855020898], [-72.867696305501, 41.2673299945795], [-72.8676152319045, 41.2672828585943], [-72.8674863750808, 41.2672746587839], [-72.8673281234771, 41.2672998179246], [-72.8673279485349, 41.2672026050112], [-72.8673057524123, 41.2671415238003], [-72.8673166005717, 41.2670331866559], [-72.8673568436869, 41.2668942705787], [-72.8674156645197, 41.266849771181], [-72.8675296931668, 41.2667996575871], [-72.8676989536195, 41.2667578220107], [-72.8677615234694, 41.2667522029775], [-72.8678425864707, 41.2667937834562], [-72.8679192487093, 41.2668837413445], [-72.8679423424164, 41.2669110442787], [-72.8679720441915, 41.2669482764944], [-72.8679819704463, 41.2669743500935], [-72.8680132793129, 41.2669929471315], [-72.8680479009186, 41.2670189924647], [-72.8680561739568, 41.2670438276819], [-72.8680660897904, 41.2670661768303], [-72.8680958061344, 41.2671108600141], [-72.8681205531021, 41.2671418856611], [-72.8681700526916, 41.2672039348253], [-72.8682145551353, 41.2672349428766], [-72.8682508124486, 41.2672560240342], [-72.8682854123899, 41.267274618302], [-72.8683200081397, 41.2672857608455], [-72.8683776599881, 41.2673043312678], [-72.8684270732882, 41.2673191857266], [-72.8684781324342, 41.2673352785409], [-72.8685209562021, 41.2673488961835], [-72.8685901287327, 41.267363730122], [-72.8686312922253, 41.2673686576449], [-72.8686510793083, 41.2673860242551], [-72.8686593336029, 41.2674009205447], [-72.8686709297085, 41.2674381713355], [-72.8686841280363, 41.2674567897644], [-72.8686989688818, 41.267469196256], [-72.8687203974546, 41.267482833186], [-72.8687500586847, 41.2674989515713], [-72.8687698307983, 41.2675101065377], [-72.8687912298561, 41.2675100843441], [-72.8687862655988, 41.2674927058982], [-72.8687845811608, 41.2674728340552], [-72.8687796103757, 41.2674554478871], [-72.8687614790495, 41.2674442877079], [-72.8687417182639, 41.2674393408539], [-72.8687268883316, 41.2674319052131], [-72.8687170006891, 41.2674257045268], [-72.8687120263383, 41.2674058367954], [-72.8687021214042, 41.2673921815973], [-72.8686988083282, 41.2673810095618], [-72.8687201984319, 41.2673735363751], [-72.8687333560361, 41.2673697926604], [-72.8687498075682, 41.2673610809956], [-72.8687695343991, 41.2673474013986], [-72.8687843186518, 41.2673287504471], [-72.8687974505541, 41.2673088639386], [-72.8688039898098, 41.2672840169238], [-72.8688039468002, 41.2672604140059], [-72.8687956838455, 41.2672417953894], [-72.8687890617896, 41.2672206857777], [-72.8687758568299, 41.2672045510393], [-72.8687659439375, 41.2671834504598], [-72.868734635558, 41.2671673344886], [-72.8687099272659, 41.267156181822], [-72.8686802564949, 41.2671388233564], [-72.8686522445976, 41.267122703244], [-72.8686374111542, 41.2671127811128], [-72.8686077646202, 41.2671041172115], [-72.8685962297602, 41.2670979238413], [-72.8685616462836, 41.2670929894941], [-72.8685336485208, 41.2670830802743], [-72.8685023673427, 41.2670818718635], [-72.8684891752345, 41.2670707044224], [-72.8684545969808, 41.2670645320658], [-72.8684381296895, 41.2670645490967], [-72.8684298858324, 41.2670558602033], [-72.8684364477681, 41.2670434350581], [-72.8684529045575, 41.267039690774], [-72.8684726553905, 41.2670371894828], [-72.8685072191557, 41.2670359101306], [-72.8685352062752, 41.2670358811674], [-72.8685664769339, 41.2670333651261], [-72.8685911692169, 41.2670296122958], [-72.8686191458289, 41.2670258567612], [-72.8686504079701, 41.2670171297696], [-72.8686849487187, 41.2670021912459], [-72.8687129077472, 41.2669872539134], [-72.8687375509081, 41.2669611445421], [-72.8687638550433, 41.2669400035974], [-72.8687835854584, 41.2669263183727], [-72.868808279297, 41.2669275363508], [-72.868842856713, 41.2669312270373], [-72.8688560247457, 41.2669312133723], [-72.8688683524199, 41.2669212658901], [-72.8688477627451, 41.2669125926502], [-72.8688329329192, 41.2669051563202], [-72.8688148026593, 41.2668939912297], [-72.8688032610251, 41.2668840706229], [-72.8688015969675, 41.2668753777408], [-72.8688015788546, 41.266865437451], [-72.8688213069831, 41.2668505142504], [-72.8688328310387, 41.2668492594037], [-72.8688575235132, 41.2668492337801], [-72.8688838351597, 41.2668343009257], [-72.8689101481298, 41.2668206109537], [-72.8689397675133, 41.2668118883987], [-72.8689660798103, 41.2668019235712], [-72.8690006179407, 41.2667795304256], [-72.8690203264019, 41.2667559133051], [-72.8690235764122, 41.2667335470432], [-72.8690317546653, 41.2667037309666], [-72.8690300620354, 41.2666788917902], [-72.8690250925882, 41.2666627513304], [-72.8690151778249, 41.2666416451527], [-72.8689970337335, 41.2666193074454], [-72.8689772558518, 41.2666069061206], [-72.8689508862049, 41.2665920279669], [-72.8689327724075, 41.2665883195146], [-72.8689113659245, 41.2665846151809], [-72.8688981838418, 41.2665784179304], [-72.8688866068175, 41.2665511081513], [-72.8688898605946, 41.2665287454019], [-72.8688964065328, 41.2665076249349], [-72.8688996725674, 41.2664914759194], [-72.8689013003811, 41.2664802931383], [-72.8689160874782, 41.2664653722401], [-72.868935808135, 41.2664479653548], [-72.8689506188109, 41.2664454663008], [-72.8689835614982, 41.2664541266893], [-72.8690198139597, 41.266475201989], [-72.8690675953828, 41.2664987524767], [-72.8691021998112, 41.2665173464942], [-72.869151630841, 41.2665421381211], [-72.8691977547717, 41.2665569928598], [-72.8692274028836, 41.2665681402792], [-72.869255394345, 41.2665705948073], [-72.8692899526005, 41.2665618670185], [-72.8693146158222, 41.2665469336736], [-72.8693359867678, 41.2665332515621], [-72.8693474753108, 41.2665121238111], [-72.8693589364535, 41.266478576322], [-72.8693523061306, 41.2664524994057], [-72.8693341467684, 41.2664264316924], [-72.8693093949498, 41.2663929226381], [-72.8692879544225, 41.2663705877078], [-72.8692582847914, 41.2663532322001], [-72.8692352148984, 41.2663371077856], [-72.8692187441756, 41.2663346384499], [-72.8692055490162, 41.2663197494499], [-72.8691791712845, 41.2662999040127], [-72.8691544359992, 41.2662738431135], [-72.8691494824453, 41.2662663993586], [-72.8691395512929, 41.2662378421916], [-72.8691427999067, 41.2662142386574], [-72.8691526212825, 41.2661806907862], [-72.8691723658255, 41.2661769429775], [-72.8692036443133, 41.2661769104256], [-72.8692431430045, 41.2661731448522], [-72.869300753229, 41.2661693611026], [-72.8693764907819, 41.266176730388], [-72.8694193353885, 41.2662015294678], [-72.8694259626101, 41.2662238791194], [-72.8694391897673, 41.2662536764169], [-72.8694589707278, 41.2662698014108], [-72.8694787508764, 41.2662834455404], [-72.8695182829394, 41.2662958261654], [-72.869564403986, 41.2663106807596], [-72.8696072022449, 41.2663106360704], [-72.8696417580335, 41.266300664585], [-72.8696532723475, 41.2662956852115], [-72.86968286942, 41.266277021475], [-72.8697025751938, 41.2662521578355], [-72.8697008979645, 41.2662322895089], [-72.8697156615035, 41.2662061902503], [-72.8697222067205, 41.2661838261434], [-72.8697254477625, 41.2661577368203], [-72.8697254067075, 41.2661353795983], [-72.8697516937052, 41.2661067846152], [-72.8697664814541, 41.2660918636057], [-72.869786206844, 41.2660756973503], [-72.8698092536247, 41.2660756732424], [-72.8698586677584, 41.2660892834912], [-72.8698850299596, 41.2661041614443], [-72.8699328014355, 41.2661202570528], [-72.8699739701668, 41.2661289085419], [-72.8700206928867, 41.2661499100257], [-72.8700649003395, 41.2661693058883], [-72.8700980453721, 41.2661776067184], [-72.8701532767125, 41.2661831034997], [-72.8701974553619, 41.266185831688], [-72.8702305696888, 41.2661774676689], [-72.8702636839954, 41.266169097317], [-72.8702967559088, 41.2661357364099], [-72.8703040372398, 41.266094061384], [-72.8702892355738, 41.2660524151748], [-72.8702670682761, 41.2660107766987], [-72.8702375665578, 41.2659774786916], [-72.8702191314846, 41.2659636077478], [-72.870193399673, 41.2659830769563], [-72.8701897345403, 41.2659941930403], [-72.8701676804143, 41.2660108810265], [-72.8701345629102, 41.2660164683767], [-72.8701161860059, 41.2660331546033], [-72.870101506333, 41.2660581669122], [-72.8700720944134, 41.2660776399524], [-72.870046317424, 41.2660721150719], [-72.8699947620399, 41.2660638363282], [-72.8699579486557, 41.2660638748938], [-72.8699358693783, 41.2660638980184], [-72.869924816716, 41.2660611322359], [-72.8699137431698, 41.2660444796904], [-72.8698842782615, 41.2660361749547], [-72.8698805689701, 41.2660222920536], [-72.8698363955444, 41.2660223382842], [-72.8698161437438, 41.2660195821167], [-72.8697701251966, 41.2660168500849], [-72.8697590874134, 41.2660196417948], [-72.8697296577576, 41.2660335593495], [-72.8697075951694, 41.2660446953526], [-72.8696708369363, 41.2660752825848], [-72.8696598436484, 41.2661002966055], [-72.8696526054113, 41.2661697373837], [-72.8696526767771, 41.2662086245187], [-72.8696195971099, 41.2662364361546], [-72.8695938353692, 41.2662392376057], [-72.8695643856999, 41.2662392683549], [-72.8695422748195, 41.2662281820097], [-72.8695201357591, 41.2661976555978], [-72.8694832751143, 41.2661699141697], [-72.8694500741956, 41.2661310644039], [-72.8694279633765, 41.2661199808469], [-72.8693727317165, 41.2661117035491], [-72.8693396011359, 41.2661117380772], [-72.8692843819496, 41.2661117956043], [-72.8692402209127, 41.2661201764726], [-72.8691776577996, 41.266128570854], [-72.8691335059524, 41.2661425042771], [-72.8690893628892, 41.266159217841], [-72.8690636227962, 41.2661759087442], [-72.8690600064123, 41.2662092421893], [-72.8690747810395, 41.2662370039085], [-72.8690858806969, 41.2662675418857], [-72.8691154055715, 41.2663091778546], [-72.8691633594166, 41.2663618998532], [-72.8692297043841, 41.2664090472705], [-72.8692555137869, 41.2664312399539], [-72.869277650094, 41.2664562138135], [-72.8692703236842, 41.2664756636427], [-72.8692482571419, 41.2664867988582], [-72.869200382095, 41.2664757364604], [-72.8691377429308, 41.2664452493111], [-72.8690787853268, 41.2664119816456], [-72.8689682404229, 41.266356544481], [-72.8689461623894, 41.2663593454726], [-72.8689056706487, 41.2663593875201], [-72.8688615071257, 41.2663649908878], [-72.8688246977013, 41.2663678064415], [-72.8688025956835, 41.2663594944907], [-72.868758372368, 41.2663317653855], [-72.868736290613, 41.2663345684482], [-72.8687363462534, 41.2663651207187], [-72.868765851105, 41.2663984191074], [-72.8688064386263, 41.2664483708344], [-72.8687954614523, 41.2664844892624], [-72.8687918678319, 41.2665344896242], [-72.8687846250255, 41.2665983784457], [-72.8688105080144, 41.2666594611703], [-72.868887845917, 41.2666760478629], [-72.8689173329922, 41.2667010120529], [-72.8689026421684, 41.2667176914453], [-72.8688511490389, 41.266742741806], [-72.868773890697, 41.2667678216775], [-72.8687187095515, 41.2667900984466], [-72.8686819500408, 41.2668179115161], [-72.8686599237165, 41.2668512633202], [-72.8686305293653, 41.2668818482061], [-72.8686048390051, 41.266923539377], [-72.8685643675125, 41.2669374687675], [-72.8685385985426, 41.266937495442], [-72.868505410138, 41.2669069725436], [-72.8684355282501, 41.2669376020765], [-72.8684097514373, 41.2669348485634], [-72.8683766213692, 41.2669348828119], [-72.8683324839323, 41.2669571507893], [-72.8683177988739, 41.2669766081591], [-72.8683031580741, 41.2670266199153], [-72.8683142754234, 41.2670654928261], [-72.8683401392974, 41.2671182372812], [-72.8684138438618, 41.2671598256608], [-72.8685132807784, 41.2671847197163], [-72.8685832382834, 41.2671929793718], [-72.8686384772738, 41.267201254935], [-72.8686606314304, 41.2672401156757], [-72.8686533502404, 41.2672845623269], [-72.8686165683527, 41.2673012680793], [-72.8685834353049, 41.2673013023906], [-72.868564958481, 41.2672624371257], [-72.868539184333, 41.2672596864492], [-72.8684655324504, 41.2672430978165], [-72.8683844978256, 41.267218184699], [-72.8682997859525, 41.2671932725121], [-72.8682113028557, 41.2671211505015], [-72.8681853946934, 41.2670434035319], [-72.868141070892, 41.2669629003056], [-72.868115244988, 41.2669381878852], [-72.8680914001847, 41.2669275913521], [-72.868059213838, 41.2669047136284], [-72.8680248287563, 41.266888410934], [-72.8679883561906, 41.2668650373601], [-72.8679503769848, 41.2668004904719], [-72.8678903551114, 41.2667465129108], [-72.8677062225743, 41.2667078179078], [-72.8675038122584, 41.2667385773833], [-72.8672830829359, 41.2668193525965], [-72.8672280607054, 41.2669277293437], [-72.8671804256386, 41.2670527682642], [-72.8671809348356, 41.2673360777633], [-72.8672472999281, 41.2673915562648], [-72.8673025623908, 41.2674165022067], [-72.8674056540336, 41.2674247286396], [-72.8675418463271, 41.2674190314207], [-72.867530864798, 41.2674495971231], [-72.8674058140882, 41.2675136094974], [-72.8673359613575, 41.2675636749022], [-72.8672809136165, 41.2676581705324], [-72.8672404599408, 41.2677953078185], [-72.8672149626781, 41.2678332192191], [-72.8671818583805, 41.2678499179349], [-72.86713866797, 41.2678281760666], [-72.8670492436919, 41.2678000569186], [-72.8669865369513, 41.2677279048094], [-72.8670561510915, 41.267547297094], [-72.8670366415101, 41.2674768102642], [-72.8669711611744, 41.2673668445296], [-72.866842252627, 41.2673308690792], [-72.8665331220926, 41.2673839559178], [-72.8664299521948, 41.267331288971], [-72.8663856154864, 41.2672424502033], [-72.866333876907, 41.2671286276479], [-72.8665918863789, 41.2669281890563], [-72.8665923413209, 41.2668019435872], [-72.8665845381168, 41.2667635259299], [-72.8665413079811, 41.2667414466302], [-72.8663441247921, 41.2666814354586], [-72.8661195867484, 41.266692769956], [-72.8659299888617, 41.2667470372274], [-72.8658427030226, 41.2667526142186], [-72.865663166672, 41.2667210088935], [-72.8655784379945, 41.2666877654525], [-72.8655445294007, 41.266423404187], [-72.8655006271369, 41.2662807339413], [-72.8654784800559, 41.2662256932321], [-72.8654302847423, 41.2661768510692], [-72.8652461973446, 41.266160372324], [-72.8651148930177, 41.266187466448], [-72.865065895124, 41.2662049927287], [-72.8650105965331, 41.2661606091655], [-72.8649183675505, 41.2660440429374], [-72.8647509199687, 41.2659296745643], [-72.8645984385989, 41.2659629342065], [-72.8644324747273, 41.2660584169531], [-72.8643186117247, 41.2662057411008], [-72.8642010019077, 41.266314183771], [-72.8640869907833, 41.2663726239952], [-72.8639361417931, 41.2664199934416], [-72.8637155078764, 41.2665563102157], [-72.8636382313902, 41.26657305176], [-72.863776544242, 41.2663201967843], [-72.863732693193, 41.2662046276967], [-72.8636960141969, 41.2661610955221], [-72.8636525229963, 41.2661225423581], [-72.8635415930862, 41.2660398614509], [-72.8633943461066, 41.2660400073387], [-72.8632692979381, 41.2661067953678], [-72.8631921596776, 41.2662013045636], [-72.8631077989169, 41.2667649537748], [-72.863070835723, 41.2668200533121], [-72.862972455821, 41.2668764570291], [-72.8628877666365, 41.2668626558643], [-72.8628287409735, 41.2667932752055], [-72.8628285390909, 41.2666766173069], [-72.8628834162448, 41.2664765844411], [-72.8629163027688, 41.2663376743667], [-72.8628350721399, 41.2661933220579], [-72.8627170768035, 41.2660823376703], [-72.8625918876835, 41.2660657959733], [-72.8624337279958, 41.2661409427878], [-72.8623603126833, 41.2662632304645], [-72.8623642329998, 41.2664021014624], [-72.8623020466905, 41.2666299211331], [-72.8621980592686, 41.2666828300606], [-72.8621217830875, 41.266696753602], [-72.8620260084744, 41.2666607409917], [-72.861955939882, 41.2665885954358], [-72.8618564290924, 41.2665164764885], [-72.8615863315858, 41.2664474002121], [-72.8613114930872, 41.2664503487674], [-72.8610096978366, 41.2664923006336], [-72.8608007447848, 41.2663764596537], [-72.8607353402067, 41.2662828691651], [-72.8606594532674, 41.2661760027043], [-72.8606921962775, 41.2659482151932], [-72.860736042294, 41.2657565239715], [-72.8607344705155, 41.2655032562954], [-72.8606838433508, 41.2654099922397], [-72.8606180391576, 41.2653496762419], [-72.8604217369342, 41.2652839946246], [-72.860267645996, 41.2652320246233], [-72.8600983669469, 41.2652655199805], [-72.8597745394464, 41.2653297121449], [-72.8596200489598, 41.2653992989551], [-72.8594213766951, 41.2654661476111], [-72.8591711569575, 41.2655274924662], [-72.8589303999823, 41.2655535287188], [-72.8583172919193, 41.2656227368675], [-72.8579860372287, 41.2656563814788], [-72.8578976596135, 41.2656370225796], [-72.8578239515622, 41.2655870953688], [-72.8576912467753, 41.2654761196541], [-72.8575364009749, 41.2653318355974], [-72.8573113833322, 41.2650487359314], [-72.8571933475627, 41.2649016423629], [-72.8569499795252, 41.2646491171011], [-72.8567324885945, 41.2644632223578], [-72.8567102296603, 41.2643576951174], [-72.8566094649047, 41.2642755713384], [-72.8563688429117, 41.2642148997989], [-72.8558455050794, 41.2642045822908], [-72.8554987173551, 41.2640921772919], [-72.8552041148819, 41.2640174575666], [-72.8549537082013, 41.2639593551079], [-72.854876332395, 41.2639149868811], [-72.8548025573651, 41.2638178413139], [-72.8546368255648, 41.2637652216785], [-72.8544969416527, 41.2637653494037], [-72.8542958746196, 41.2638423536922], [-72.8541474492339, 41.2638962098587], [-72.8540850947132, 41.2640351421086], [-72.8540705575083, 41.2641518134314], [-72.8539901948587, 41.2641774622818], [-72.8539173570784, 41.2641226410027], [-72.8535898102898, 41.2641447209952], [-72.8534484321408, 41.2641384896065], [-72.8532532308442, 41.2640720014807], [-72.8532086998088, 41.2638470630893], [-72.8530806603296, 41.2634751763184], [-72.853051102708, 41.2633271697346], [-72.8530383753927, 41.2632167199531], [-72.8530343515697, 41.2629973004403], [-72.8530583569958, 41.2627396654639], [-72.8529492114813, 41.2627234690576], [-72.8528690035711, 41.2626026126384], [-72.8526579286442, 41.2625312715797], [-72.8525623953231, 41.2625005505076], [-72.8524182423954, 41.2623337113943], [-72.852316141394, 41.2621689591805], [-72.852235545818, 41.2619439816294], [-72.8522285848436, 41.2618561634981], [-72.8522078040923, 41.2617231583737], [-72.8522770251577, 41.2612675839946], [-72.8523319715605, 41.2610981083846], [-72.8523905410053, 41.2608897366667], [-72.8523977621414, 41.2607980746061], [-72.8523939425379, 41.2607119771317], [-72.8523864407079, 41.2606230999706], [-72.8523933318938, 41.2603231188269], [-72.852336151115, 41.2601440082483], [-72.8523080953351, 41.2599565641397], [-72.8522964259838, 41.2595566083644], [-72.8523286889871, 41.2592983625551], [-72.8523924205989, 41.2592061911753], [-72.8524883571222, 41.2590676779894], [-72.8525977116604, 41.2589106048955], [-72.8526815991035, 41.2589494520612], [-72.8528810305248, 41.2586638305051], [-72.852868963505, 41.2585704292353], [-72.8529258991875, 41.2584951153968], [-72.8530589684528, 41.258376600026], [-72.8533186004056, 41.2581038933982], [-72.8535416844384, 41.2578279760471], [-72.8540876606369, 41.2571627460413], [-72.8541764671812, 41.2569532153622], [-72.8542406703668, 41.2567828598248], [-72.8542726662675, 41.2566287536923], [-72.8542207680776, 41.2564309325869], [-72.8541670416899, 41.2564342253556], [-72.8541819563694, 41.2563498757798], [-72.8542012436611, 41.256314176936], [-72.8542698480517, 41.2563056447017], [-72.8543020484018, 41.2561875793913], [-72.8543339063336, 41.2559475157586], [-72.8543789588807, 41.255897194882], [-72.8547779408975, 41.2558560722465], [-72.8548128665053, 41.25575732285], [-72.8548935128089, 41.2556750425557], [-72.8549394247143, 41.2556031299192], [-72.8549436196359, 41.2555398707267], [-72.8550251819889, 41.2554716793423], [-72.8550745566988, 41.2554359527478], [-72.8550787748225, 41.2553889136409], [-72.8550593613611, 41.2553435206183], [-72.855155892747, 41.2552298996493], [-72.8553875938833, 41.2549766785787], [-72.8556150877243, 41.2547786005879], [-72.8559671019221, 41.2545057997858], [-72.8562181949347, 41.2542833713814], [-72.8565636836995, 41.253961923569], [-72.8566753312506, 41.2538985663579], [-72.8568451139725, 41.2538967836566], [-72.857042901518, 41.2539403930988], [-72.8572599975664, 41.2539596511302], [-72.8574126486668, 41.25399843041], [-72.8576375963707, 41.254048221476], [-72.8577430832112, 41.2540585354313], [-72.8578210970377, 41.2540661680628], [-72.8578404282992, 41.2540564182104], [-72.8580016741444, 41.2540951886101], [-72.8582532439987, 41.2541679387594], [-72.8582917624661, 41.2540673433819], [-72.8581606398033, 41.2540512500104], [-72.8578467313074, 41.2539736950241], [-72.8571692675445, 41.253829267646], [-72.8569695820474, 41.2537880040531], [-72.856969526182, 41.2537539472019], [-72.8571797309318, 41.2535039836123], [-72.8573405524089, 41.2532848810649], [-72.857471210667, 41.253093679965], [-72.8573874585506, 41.2530561535314], [-72.8573379865197, 41.2530286279683], [-72.8573035243717, 41.2529848717146], [-72.8572862303887, 41.252921632555], [-72.8573161305419, 41.252808077767], [-72.8573417552838, 41.2527091163716], [-72.8573737106233, 41.2525371704482], [-72.857399424256, 41.252491735483], [-72.8574768020148, 41.2524981485366], [-72.8575003132466, 41.2524218997808], [-72.8575496093955, 41.2523407592219], [-72.8576354936458, 41.2522920237861], [-72.8576933433913, 41.2521849247607], [-72.8577620481287, 41.2521459349275], [-72.8578221356715, 41.2520923574502], [-72.8578672589123, 41.2520874487739], [-72.8579016053574, 41.2520647113376], [-72.8579444436658, 41.2519803349155], [-72.8580330743862, 41.2516825890294], [-72.8581798396159, 41.2513767806741], [-72.8583818745013, 41.2512162053268], [-72.8585038689043, 41.2509088777887], [-72.8585572409419, 41.2506122489771], [-72.8586850430015, 41.2501923381309], [-72.8588073524669, 41.2500803146494], [-72.8589727319569, 41.2500250141543], [-72.8592906472619, 41.2499419945573], [-72.8593613949039, 41.2498413736307], [-72.8593140168762, 41.2497814073735], [-72.859277412927, 41.2497392753371], [-72.859236492745, 41.2496857934619], [-72.8592320750193, 41.2496144322302], [-72.8592426389359, 41.2495057615241], [-72.8593305026615, 41.2493613293871], [-72.8593818504269, 41.2492234240551], [-72.8593987147319, 41.2490287833287], [-72.8594671510551, 41.2488324710072], [-72.8595270343057, 41.2486621193024], [-72.8595955989583, 41.2485404140048], [-72.8597414782645, 41.2483910633252], [-72.859876705836, 41.2483001069773], [-72.859925981257, 41.2482124797188], [-72.8599322630907, 41.2481119195949], [-72.8599364144715, 41.2480243328374], [-72.8599148301955, 41.2479692138486], [-72.859878192275, 41.2479059929175], [-72.8597986138734, 41.247863900168], [-72.8597421592635, 41.2478209779185], [-72.8596737271062, 41.2477180556034], [-72.8596370504602, 41.2476321295474], [-72.8596262222638, 41.247580238466], [-72.8596131980593, 41.2475056472121], [-72.859574466712, 41.2474732496563], [-72.8595592895758, 41.2473937907649], [-72.8595784594801, 41.2472932162122], [-72.8597353153234, 41.2472833364345], [-72.8599737423909, 41.2472247184437], [-72.8601923892768, 41.2471459053145], [-72.8603087215198, 41.2470735629328], [-72.8604322445215, 41.2469262858713], [-72.8604684354328, 41.2468217890152], [-72.8604735427022, 41.24669226828], [-72.8604404313734, 41.2466285804058], [-72.8604325098717, 41.2465739092305], [-72.8604657812277, 41.246517202945], [-72.8604777810186, 41.2464311725604], [-72.8604922631049, 41.2463273282715], [-72.860487800325, 41.2462284007621], [-72.8605994083558, 41.2461907645473], [-72.8608570261718, 41.2460058479125], [-72.8608580020957, 41.2459080189262], [-72.8611359339795, 41.2457444563575], [-72.8614773769499, 41.2456095084412], [-72.861812341489, 41.2454599679958], [-72.8620576739516, 41.2453375368723], [-72.8622709854074, 41.2452716710062], [-72.8624903856047, 41.2452280731578], [-72.8627254027235, 41.2451568524117], [-72.8627759021883, 41.2451476000772], [-72.8628107699902, 41.2451672854854], [-72.862829990863, 41.2452027609879], [-72.8628266692683, 41.2452473130582], [-72.8627970625335, 41.2452974492643], [-72.8627710807175, 41.245384242644], [-72.8627712921176, 41.2455065025544], [-72.8627784358022, 41.2456077241295], [-72.8627612466445, 41.2457378885182], [-72.8627374867565, 41.2457988923217], [-72.8627562141092, 41.2458535829129], [-72.8627319942845, 41.2459495771447], [-72.8627111852052, 41.2460008653506], [-72.862648587671, 41.2460627167522], [-72.8625615724416, 41.2461061876296], [-72.8625189160219, 41.2461786025539], [-72.8624540692461, 41.246267006453], [-72.8624225458534, 41.2463705417239], [-72.8623809720106, 41.2464258213272], [-72.8623736520111, 41.2464704897192], [-72.8623272023602, 41.2465573389082], [-72.8622507314471, 41.2467229742916], [-72.8623239679754, 41.2467019531651], [-72.8623830693896, 41.2466322173338], [-72.8624195273597, 41.2465625065178], [-72.8624663344912, 41.246433627657], [-72.862532264942, 41.2462836935583], [-72.8625861252569, 41.2462034484234], [-72.862631339928, 41.2461613332143], [-72.8627304349982, 41.2460508072879], [-72.8628224704843, 41.2458890127842], [-72.8628050237737, 41.2458745691472], [-72.8628377190433, 41.2456444747156], [-72.8628514656857, 41.2455353480236], [-72.8628339769875, 41.245490665407], [-72.8628442960487, 41.2454170358325], [-72.8628911333672, 41.2453065563355], [-72.8629165171298, 41.2451841419044], [-72.8629134608233, 41.2451238017651], [-72.8628245666078, 41.245087079699], [-72.8629133925391, 41.2450843602049], [-72.8630754837236, 41.2451433609134], [-72.8632534330029, 41.2453075158848], [-72.8633597227437, 41.2453310762307], [-72.8635372767504, 41.2453717414878], [-72.8636994703652, 41.2453846389747], [-72.8638056594499, 41.2453503507716], [-72.8638473554394, 41.2452872042586], [-72.8638332842018, 41.2452109732426], [-72.8638593861125, 41.2451964864576], [-72.8638871621886, 41.2451438709303], [-72.863921992222, 41.2451412099742], [-72.8639534106346, 41.2451753557835], [-72.8640161273945, 41.2451844959442], [-72.8641049727449, 41.2451922954753], [-72.8641520636704, 41.2452264284194], [-72.8644569480527, 41.2452668802095], [-72.8646328502665, 41.2452561842516], [-72.86482961149, 41.2452204926288], [-72.8649619481988, 41.2451966992001], [-72.8650060961418, 41.2451653893414], [-72.8650123138253, 41.245113824497], [-72.8650453139878, 41.2450612062496], [-72.8650801332723, 41.2450493395397], [-72.8650871579804, 41.2450848276261], [-72.8650906784632, 41.245105857702], [-72.8650976957838, 41.2451334605606], [-72.8653050329184, 41.2451687470793], [-72.8655280254246, 41.2451921857104], [-72.8657474194218, 41.2452225214169], [-72.8666778462267, 41.2453211643333], [-72.8669339148635, 41.2453340521649], [-72.8670488096171, 41.2452971250535], [-72.8670880161735, 41.2452589445416], [-72.8670904019482, 41.2451800813253], [-72.8671216988458, 41.2451471811707], [-72.8671669689718, 41.2451405613624], [-72.8672000996372, 41.2451589347636], [-72.8672175623083, 41.2451838948753], [-72.8672333126655, 41.2452272612391], [-72.8672890923409, 41.2452469238694], [-72.8677327747149, 41.245320674552], [-72.8681253495404, 41.2453538626982], [-72.868339556232, 41.2453378660994], [-72.8685397856444, 41.2452942764687], [-72.8685902393763, 41.2452587297722], [-72.8685830455469, 41.2451338451667], [-72.8686038616757, 41.2450891237448], [-72.8686613126331, 41.2450719735666], [-72.8686996473317, 41.2450811392408], [-72.8687345259273, 41.2451047665069], [-72.8687432774308, 41.2451284229712], [-72.8690185339601, 41.2451570588148], [-72.8694801518999, 41.2451762949514], [-72.8696264369545, 41.2451656222248], [-72.8697343934278, 41.2451431633066], [-72.8698249151231, 41.2451180913132], [-72.8699067088175, 41.2450798814132], [-72.8699449791569, 41.2450509168527], [-72.8699536174526, 41.2450127863481], [-72.8699500736359, 41.2449799191067], [-72.8699429267033, 41.2448839590047], [-72.8699707498367, 41.2448576401146], [-72.8700055707143, 41.2448497134675], [-72.8700386789511, 41.244857568912], [-72.8700630899712, 41.2448720013358], [-72.8700892730401, 41.2449008983476], [-72.8701050168527, 41.24493768873], [-72.8701555695138, 41.2449599894807], [-72.8703176087251, 41.2449874236], [-72.8704343132327, 41.2449912452675], [-72.87052834898, 41.2449780000349], [-72.8706171146299, 41.2449489736473], [-72.8706937053938, 41.2449160360276], [-72.8707180372226, 41.2448870908192], [-72.8707144494529, 41.2448331956504], [-72.8707893206766, 41.244817337781], [-72.8708467256887, 41.2447778390813], [-72.8708831894816, 41.2447146983284], [-72.8708865740693, 41.2446634221061], [-72.8709091619558, 41.2446318439625], [-72.8709509029694, 41.2445989373477], [-72.8710204246763, 41.2445186688641], [-72.8711578720881, 41.2445094803768], [-72.8711823055512, 41.2444632834172], [-72.871360028758, 41.2444959640115], [-72.8714766730943, 41.244466918641], [-72.8714956958892, 41.2443906442993], [-72.8715392301498, 41.2443866572302], [-72.8715443929689, 41.2443537892234], [-72.8716315099434, 41.2443668373572], [-72.8717481996276, 41.244362771762], [-72.8718719075336, 41.2443863035766], [-72.8719677144747, 41.2443914597785], [-72.8720112580105, 41.2443874697097], [-72.8720409037923, 41.2444084696225], [-72.8721297927602, 41.2444386138663], [-72.8721449380391, 41.2444679008832], [-72.8722556662282, 41.2444894915083], [-72.8724731679099, 41.2445670799869], [-72.8727780392023, 41.2446009361475], [-72.8729397212658, 41.2446047147457], [-72.8731369302156, 41.2446439360115], [-72.8733320411456, 41.2446594992753], [-72.8735062129076, 41.2446553671411], [-72.8735724044827, 41.2445932283788], [-72.873724919923, 41.2446042124534], [-72.8739225439867, 41.2446798980595], [-72.8740636755884, 41.2447034086458], [-72.8741803869579, 41.2447085375313], [-72.8743528199908, 41.2447083503696], [-72.8745600763456, 41.2446989224629], [-72.8748735163653, 41.2446565130764], [-72.8752008625086, 41.2445996267917], [-72.8753872167729, 41.2445889091989], [-72.8758729255166, 41.2444595376555], [-72.8763151210898, 41.2443473076339], [-72.876737986645, 41.2441470121212], [-72.8767866810246, 41.2441127776057], [-72.8767988184916, 41.2440825279384], [-72.8768004641868, 41.2440312527567], [-72.876812507284, 41.2439563089431], [-72.8768157233493, 41.2438169496483], [-72.8768365973373, 41.2438050976153], [-72.8768680411601, 41.2438510722847], [-72.8768924751778, 41.2438786544242], [-72.8770143841847, 41.24386800278], [-72.8771292743808, 41.2438363237735], [-72.8771849547038, 41.2438060228941], [-72.8771865774953, 41.243745548639], [-72.8771864698178, 41.2436903317253], [-72.8771950587123, 41.2436272234259], [-72.8772141636414, 41.2436009068338], [-72.8772474029194, 41.2436758059921], [-72.8772754021686, 41.2437415090638], [-72.8774148569187, 41.2438005118402], [-72.8775438045334, 41.243830604484], [-72.8777702159915, 41.2438198348627], [-72.8779112737841, 41.2438078463333], [-72.8780801612351, 41.2437747886619], [-72.8783065461428, 41.2437535043599], [-72.8786809668437, 41.2437215326394], [-72.8791006496828, 41.2436816192099], [-72.8794731970818, 41.2435865426289], [-72.8798525426196, 41.2434060066681], [-72.8799882722117, 41.243341436509], [-72.8801031403236, 41.2432966061532], [-72.880160546056, 41.2432623602974], [-72.8802162706373, 41.2432570415094], [-72.8803120452204, 41.2432450980032], [-72.880522482815, 41.2430884181994], [-72.8805188838035, 41.2430305789582], [-72.8805448881027, 41.242970073336], [-72.8805674258339, 41.2429174632223], [-72.8805632299362, 41.2428427946714], [-72.8805248713566, 41.2427823385489], [-72.8804677426646, 41.2427151216437], [-72.8804122936411, 41.2426871582555], [-72.8803457027074, 41.242656097133], [-72.8803212394076, 41.2426166917671], [-72.8802723320091, 41.2425483820014], [-72.8802164989072, 41.2424971749625], [-72.880151921699, 41.242430202443], [-72.8801256470895, 41.2423552962007], [-72.8801151073334, 41.2423106111118], [-72.8801359277682, 41.242272460356], [-72.8801776582942, 41.2422369184498], [-72.8802403039618, 41.2422079276325], [-72.8803238726295, 41.2421894252106], [-72.8804300766944, 41.2421695851939], [-72.8804997446018, 41.2421695058003], [-72.8805937996277, 41.2421693985478], [-72.8806460005253, 41.2421443609875], [-72.8807191463442, 41.2421416483759], [-72.8807574028792, 41.2421113712654], [-72.8808061856004, 41.242117888326], [-72.8808341243151, 41.242153351566], [-72.8808916563787, 41.2421808929193], [-72.8810083679745, 41.2421899613239], [-72.881121578037, 41.2421885143482], [-72.8812591733633, 41.2421870421147], [-72.8813271770868, 41.2422277175223], [-72.8813673153301, 41.2422671131206], [-72.8814056875276, 41.2422920470843], [-72.8814509774229, 41.2422946242062], [-72.8818006700466, 41.2420970258463], [-72.8818754552945, 41.2420456691618], [-72.8819120318471, 41.2420443124648], [-72.8819329938126, 41.2420771508478], [-72.8814146090482, 41.2423998383029], [-72.8813885752167, 41.2424419361376], [-72.8813922144041, 41.2425221241948], [-72.8814341564883, 41.2425904393725], [-72.8814760933535, 41.2426561219122], [-72.8815476147647, 41.2427112567953], [-72.881610402452, 41.2427545671422], [-72.8816958245387, 41.242791275821], [-72.8817777305466, 41.2428135325647], [-72.8818857432637, 41.2428265544641], [-72.881929308016, 41.2428357068753], [-72.8819397842108, 41.2428501556389], [-72.8819241459019, 41.2428685781702], [-72.8819486589521, 41.2429329695681], [-72.88202890609, 41.2429959786282], [-72.8821457012071, 41.2430431735704], [-72.8822258715025, 41.2430667409339], [-72.8823251676578, 41.2430758316234], [-72.8823896089707, 41.2430744397538], [-72.8824435728881, 41.2430599165008], [-72.8825096759393, 41.2430164603096], [-72.8825235222998, 41.2429770026349], [-72.8824450939948, 41.2429494862784], [-72.882462456727, 41.2429244881899], [-72.8825339099326, 41.242944128074], [-72.8825757758518, 41.2429756247678], [-72.8825810926456, 41.2430190039312], [-72.8825655148889, 41.2430689807813], [-72.8826754664696, 41.2431178124283], [-72.8839373548012, 41.2435971852177], [-72.8845369184316, 41.2437910465768], [-72.8848994247626, 41.2438957923437], [-72.8858614149781, 41.2441523270448], [-72.886297024783, 41.2442333153605], [-72.8866507821174, 41.2443183469331], [-72.8870062277939, 41.2443744509102], [-72.8876265052414, 41.2444696745678], [-72.8883128666068, 41.2445174916776], [-72.8884887349683, 41.2444909837064], [-72.8885689258015, 41.2444622720376], [-72.8887238216927, 41.244467035651], [-72.8888667194322, 41.2444997305689], [-72.8890200439758, 41.2445232079342], [-72.8892952759461, 41.2445360196719], [-72.8895269410753, 41.2445409958035], [-72.889739415027, 41.2445302202004], [-72.889965827851, 41.2445207382074], [-72.890289717303, 41.244480905752], [-72.89048462419, 41.2444004724104], [-72.8906689171883, 41.2442464323311], [-72.8906844294729, 41.2441688501502], [-72.8906094297635, 41.2439835011225], [-72.8905881321005, 41.2439375894222], [-72.890612415008, 41.2438889181538], [-72.8906576109981, 41.2438494244975], [-72.8907795130898, 41.2438400720566], [-72.8910372890745, 41.2438358111145], [-72.8911782638504, 41.2437869959107], [-72.8913469051969, 41.243643488382], [-72.8914580509276, 41.2434934837874], [-72.8916755174808, 41.2433748962445], [-72.8917946243222, 41.2433335344839], [-72.8918563452429, 41.2432300611288], [-72.8919050508275, 41.2432010819007], [-72.8919677399801, 41.2431957424352], [-72.8920739888956, 41.2431969279993], [-72.8924205329101, 41.2431880964733], [-72.8925998447672, 41.2431279115817], [-72.8927321219856, 41.243083048965], [-72.8928133490508, 41.2430292819482], [-72.8927509133757, 41.242913436326], [-72.8927699599303, 41.2428621370884], [-72.8928568248478, 41.242759488293], [-72.8928864728005, 41.2427791731753], [-72.8927857390792, 41.2429094464123], [-72.8928031957087, 41.242929147223], [-72.8928415506511, 41.2429448747715], [-72.8928955524561, 41.2429487510546], [-72.8929895884984, 41.2429407455933], [-72.8930714176994, 41.2429248651524], [-72.8931480000359, 41.2429011094869], [-72.893179420393, 41.2429326238009], [-72.8933238399954, 41.2428653943147], [-72.8934664406334, 41.2427639870135], [-72.8935376916561, 41.2426915935028], [-72.8935740880711, 41.2426100382449], [-72.8935703559659, 41.2424969825093], [-72.8935597838268, 41.2424417815219], [-72.8935231135979, 41.2423984477891], [-72.893474255126, 41.2423577500046], [-72.8934323630616, 41.2423157345342], [-72.8932549398927, 41.2424224443118], [-72.8932340185844, 41.2424145824387], [-72.8932183093535, 41.2423975121357], [-72.8933383194043, 41.2423211112545], [-72.8932929683738, 41.2422909338961], [-72.8932406366074, 41.2422555021041], [-72.8932352557999, 41.2421832074442], [-72.8932091009985, 41.2421700910718], [-72.89318640642, 41.2421477677572], [-72.8931793698134, 41.2421162257606], [-72.8932611651512, 41.2420845726357], [-72.8933064168837, 41.2420700523487], [-72.8933428392503, 41.2420003316625], [-72.8934020390886, 41.2419923694728], [-72.8934490101324, 41.2419673333217], [-72.8934960215303, 41.2419593863551], [-72.8935675262939, 41.2420026820395], [-72.8936738253116, 41.2420262121349], [-72.8937157501401, 41.2420826883177], [-72.893815081176, 41.2421075415871], [-72.8940067159939, 41.242128334323], [-72.894119926709, 41.2421281918605], [-72.8943406368291, 41.2421520381537], [-72.8944786181661, 41.2420804135527], [-72.8945064847253, 41.2420803783814], [-72.8945344104797, 41.2421066356945], [-72.8945396972817, 41.2421329236935], [-72.8945293098894, 41.2421618584895], [-72.8946390920308, 41.2421880095975], [-72.8948254246549, 41.2421733160004], [-72.8950048141492, 41.2421691424405], [-72.8950902266664, 41.2422005878332], [-72.895097277899, 41.2422387031875], [-72.8948726055237, 41.2422429313939], [-72.8947472696648, 41.2422746407294], [-72.8946254894044, 41.242345340243], [-72.8945873731493, 41.2424394182801], [-72.8947115470535, 41.2426788573211], [-72.8948708298815, 41.242786240954], [-72.8950308664554, 41.2430963063249], [-72.8951763260603, 41.2433050481457], [-72.8952849791888, 41.2435191558509], [-72.8952485831967, 41.243606856556], [-72.895241706937, 41.2436833681923], [-72.8953431019024, 41.2437988524541], [-72.8956992481327, 41.2441172773519], [-72.8959905107548, 41.2443810656881], [-72.8963699497626, 41.2446540724672], [-72.8963461278786, 41.2447155829125], [-72.8964844204879, 41.2448150974505], [-72.8966582424373, 41.2450081247461], [-72.8969989569601, 41.2452355271335], [-72.8974691304835, 41.2454989251624], [-72.8983182123408, 41.245924579025], [-72.8990285706375, 41.2461664064078], [-72.8996681722073, 41.2462827904271], [-72.8997804153983, 41.2462481588091], [-72.899789872566, 41.2461939038931], [-72.8998232799076, 41.2461359915375], [-72.8999190659654, 41.2461141685707], [-72.9000102084908, 41.2461574450495], [-72.9001110373714, 41.2462477257991], [-72.9002356131788, 41.2462439475386], [-72.9003267718354, 41.2462944562708], [-72.9003556783076, 41.2463631329349], [-72.9003655232043, 41.2464752304886], [-72.9003129173873, 41.2465187017502], [-72.9003274553891, 41.2465910114389], [-72.9002701376811, 41.2466706500931], [-72.9001649477081, 41.2467684356424], [-72.9000261085752, 41.246822863009], [-72.8998872443542, 41.246862829403], [-72.8996768235303, 41.2470439297779], [-72.8995429379452, 41.2471670618861], [-72.8994519692919, 41.2471997333578], [-72.8993800299243, 41.2471745112933], [-72.8993224161723, 41.2471239531473], [-72.8992506425646, 41.2471674432935], [-72.8992508329353, 41.2472506290357], [-72.8992366112666, 41.2473193565684], [-72.8992082764574, 41.2475002185833], [-72.8991510466392, 41.2476196410646], [-72.8991006136617, 41.2477579594208], [-72.8991147460784, 41.2478732103547], [-72.8991087045358, 41.2479632657625], [-72.8991222178877, 41.2480601713079], [-72.8991950217721, 41.2480930106576], [-72.8992745902504, 41.2481040578493], [-72.8993466781568, 41.2481132233548], [-72.8994109012496, 41.2481002954024], [-72.8994410038324, 41.2480735138989], [-72.8994758935517, 41.2480391591767], [-72.8994872435223, 41.2479555382206], [-72.8995443725795, 41.2477927191484], [-72.8996403187417, 41.2478432242768], [-72.8997027811597, 41.2479154741999], [-72.8997317799525, 41.2480239297805], [-72.8997177118025, 41.2481577604341], [-72.8996460857606, 41.2482663475723], [-72.8995799338033, 41.2483511790593], [-72.8994056277122, 41.2484555278882], [-72.8992203031552, 41.2485670734516], [-72.8990144195351, 41.2486396731664], [-72.8988851704859, 41.2486977071302], [-72.898770256387, 41.2487376381998], [-72.8986648573882, 41.2487486267007], [-72.8984971228456, 41.2487379927745], [-72.8983053565818, 41.2486984596349], [-72.8980607023004, 41.2485794304847], [-72.8978496468204, 41.2484856733739], [-72.8976195068936, 41.2484281080236], [-72.8973942497027, 41.2484103148113], [-72.8971115753189, 41.248428761784], [-72.8967811166792, 41.2485087464895], [-72.8964411582109, 41.2486249099311], [-72.8959863194013, 41.2487990811988], [-72.8958474736912, 41.2488498921429], [-72.8958044537976, 41.248900577415], [-72.8955602777074, 41.2489949179426], [-72.8951722275483, 41.2491236013847], [-72.8951434009313, 41.2491399325394], [-72.8950846226373, 41.2491782570689], [-72.895033717963, 41.2492826135168], [-72.8950194954674, 41.2493263730547], [-72.894968224717, 41.2495739604628], [-72.8949393445897, 41.2496693716272], [-72.8949342202401, 41.2497479459154], [-72.8948912009124, 41.2497986336483], [-72.894819429438, 41.2498457379604], [-72.8946230309494, 41.2498785360725], [-72.8941630539441, 41.2499008144281], [-72.893961838463, 41.2499227658749], [-72.8937988506211, 41.2498940405979], [-72.8936741071901, 41.2498254826061], [-72.8934770595025, 41.249693337425], [-72.8933317264092, 41.2496490936036], [-72.8930771933532, 41.2495557552061], [-72.8928662280859, 41.2495340625141], [-72.8928228665154, 41.2495562462785], [-72.8926190378881, 41.2496813727422], [-72.8925605189162, 41.2497361659041], [-72.8924427422011, 41.2498993505911], [-72.8924336932995, 41.2501452837904], [-72.8924195948451, 41.250271878207], [-72.89231920865, 41.2503841197804], [-72.8921055666896, 41.2506022798115], [-72.8920403586757, 41.2507174635028], [-72.8918466956624, 41.2509195952282], [-72.8915211367927, 41.251088613374], [-72.8912892269659, 41.2511594003613], [-72.8910866992056, 41.2511536478207], [-72.890705755425, 41.2510551629852], [-72.890509164213, 41.2510011569759], [-72.8900298781812, 41.2509619645644], [-72.8895937324251, 41.2509299472714], [-72.8893646884442, 41.2509053199658], [-72.8890663836268, 41.2510698350592], [-72.8890000350714, 41.2511693631514], [-72.8888612309023, 41.25124547516], [-72.8885842529776, 41.2516978756531], [-72.8884457017274, 41.2518969495448], [-72.888350065395, 41.2519947119069], [-72.8881920974411, 41.2520744639153], [-72.8879815431578, 41.252215763947], [-72.887879356951, 41.2522989303514], [-72.887894027918, 41.2523594623879], [-72.8879235922095, 41.2523650882964], [-72.8874428165541, 41.2527711688489], [-72.8872541424785, 41.2529792890315], [-72.8872389920225, 41.2531220247578], [-72.8873477723439, 41.2532923974426], [-72.8873482018099, 41.2533915423152], [-72.8872749837428, 41.2534847711222], [-72.8868115665111, 41.2539347396833], [-72.886956064516, 41.2544477884716], [-72.8870627347344, 41.2549118292256], [-72.8870558473162, 41.2549881681581], [-72.8871428201881, 41.2552741820261], [-72.8871717914237, 41.2553230332217], [-72.8871718136022, 41.2554384724583], [-72.8870113914136, 41.2557896222447], [-72.8869023614984, 41.2560420750832], [-72.8869313555234, 41.2562125462967], [-72.8871270283963, 41.2564104300219], [-72.8869762643823, 41.2568135377414], [-72.8868993224659, 41.259143719265], [-72.8870600796802, 41.2687880867632], [-72.8871232029749, 41.2719937697988], [-72.8871589299848, 41.2725482932712], [-72.8872270888604, 41.2781411746703], [-72.8873406261448, 41.2818469835298], [-72.8874037064935, 41.2855574780543], [-72.8867843633821, 41.2864793467464], [-72.8845984046272, 41.2899636836063], [-72.8835272490581, 41.2916323936402], [-72.8824339566551, 41.2934047239646], [-72.8820328116571, 41.2939918246354], [-72.8812749648844, 41.2952208607853], [-72.8806625138311, 41.2961536653921], [-72.8805972636208, 41.2962801572935], [-72.8751667134513, 41.3047739344713], [-72.8745452207999, 41.3057097974064], [-72.874013416208, 41.306566488037], [-72.8727556955202, 41.3085100884085], [-72.8675458306239, 41.320402480144], [-72.8670510871491, 41.321489293586], [-72.8664555837663, 41.3228619746382], [-72.8662305464392, 41.3233721657528], [-72.8608285673446, 41.3361033827932], [-72.8433013017971, 41.3397044876603], [-72.827796409389, 41.3428799372608], [-72.8279141163617, 41.3503282209316], [-72.8277989504541, 41.3577713347193], [-72.8277413077997, 41.3615476100895], [-72.8226490461298, 41.3616416891645], [-72.8226637720286, 41.3640237157484], [-72.8176288553775, 41.3636281570424]]]}, "properties": {"FID": 11, "ID": 0, "TOWN_CODE": 18, "TOWN_NAME": "East Haven", "CIS_TOWN_C": 180, "SHAPE_AREA": 351558991.731, "SHAPE_LEN": 140478.811479, "GlobalID": "e97db7cb-ad25-4570-9c68-026758dfe752"}}, {"type": "Feature", "id": 12, "geometry": {"type": "Polygon", "coordinates": [[[-73.1245545382965, 41.3453939706677], [-73.1245545247735, 41.3452334193826], [-73.1244781581049, 41.3451346935856], [-73.1242519723453, 41.3447887647735], [-73.1240398784224, 41.3445201515511], [-73.1236975077245, 41.3440372074636], [-73.1234784968012, 41.3437516326156], [-73.1233838225631, 41.3435157433207], [-73.1232376203197, 41.342906591806], [-73.1231055604404, 41.3424618975209], [-73.1229959851608, 41.341929302744], [-73.1228867045513, 41.3416054626042], [-73.1223686045722, 41.3406781267811], [-73.1223106803279, 41.3406175980277], [-73.1221500548889, 41.3403103912934], [-73.1214496369227, 41.3392568813678], [-73.1208298272172, 41.3385267892063], [-73.1202688552369, 41.3379344153842], [-73.1200863980241, 41.3376269326514], [-73.1195832504452, 41.3369961159929], [-73.1190147974244, 41.3362442351649], [-73.1187595661144, 41.336024468864], [-73.1186571551839, 41.3359040396504], [-73.1183218910794, 41.3355364935677], [-73.1174254728555, 41.3343729520792], [-73.1172648121562, 41.3340928376218], [-73.1168196832024, 41.3334892732802], [-73.1166373907375, 41.3332865892246], [-73.1164703556388, 41.333045090403], [-73.1162872473697, 41.3328585350693], [-73.1157479533587, 41.3323425732828], [-73.1148449173274, 41.331728278215], [-73.1145094020827, 41.3315526673264], [-73.1134095794444, 41.3310262973484], [-73.1129217033252, 41.3307463578352], [-73.1119161331136, 41.3302637552823], [-73.1031520203859, 41.3258806586464], [-73.1028467026977, 41.3257220710227], [-73.1024164791788, 41.3254419143402], [-73.101716830015, 41.3250745829447], [-73.1015713147932, 41.3249702217491], [-73.1011707052607, 41.3247779619376], [-73.0986068608118, 41.3234447492251], [-73.098009796228, 41.3231050416073], [-73.0978205564939, 41.3230337453809], [-73.0971214931538, 41.322808756087], [-73.0962687510954, 41.3225233343332], [-73.0943750182288, 41.3215468438608], [-73.093755862294, 41.3212394282368], [-73.0930206034469, 41.3207459033647], [-73.0926856260771, 41.3204769168095], [-73.0923286046923, 41.3201692258867], [-73.090769393125, 41.3189184291851], [-73.0900560228673, 41.3184680460333], [-73.0895970135887, 41.3180566980003], [-73.0892549803177, 41.3176942356414], [-73.0889343302583, 41.3172001423485], [-73.088308130112, 41.3163988818608], [-73.08790712963, 41.3159379541804], [-73.0877399355318, 41.3156801193581], [-73.0875718004939, 41.3155044528361], [-73.0869672745884, 41.3148842559751], [-73.0865304292273, 41.3145273772023], [-73.0859986918098, 41.3141217225603], [-73.0857152991586, 41.3139621693486], [-73.0854527574225, 41.3138744271628], [-73.0851979824343, 41.3137480687704], [-73.0849651895465, 41.3136935134022], [-73.0800788876552, 41.3125030209642], [-73.0799191328018, 41.3124480749562], [-73.0796642626165, 41.3122558362026], [-73.0792996429698, 41.3119541281628], [-73.0788775257793, 41.3114820815183], [-73.078506387072, 41.3108786668695], [-73.0783168311258, 41.3104172778257], [-73.0780257731727, 41.309676060328], [-73.0779452572053, 41.3093634184333], [-73.0778648342415, 41.3092044669838], [-73.0777996466814, 41.3090890405816], [-73.0775884093267, 41.3082489666295], [-73.077558863875, 41.3080294869901], [-73.0774060418934, 41.3075410566137], [-73.0766127266116, 41.3066187614404], [-73.0757456233009, 41.3058121134053], [-73.074537225544, 41.3049391817988], [-73.0740857339924, 41.3046759594825], [-73.0737800818343, 41.3044620623126], [-73.0706786726204, 41.3025185733205], [-73.0695646797899, 41.3018986827462], [-73.0687714876181, 41.3014315766973], [-73.0678175171498, 41.3009213453239], [-73.0671187156261, 41.300493078145], [-73.0667328133724, 41.3001859038244], [-73.0662674110987, 41.2997135866867], [-73.0656335490187, 41.2988355495933], [-73.0654733801097, 41.2985445529856], [-73.0652116236799, 41.2980836815506], [-73.0651533345491, 41.297929635312], [-73.0650220028355, 41.2976279270478], [-73.06494225787, 41.2972706750007], [-73.0649274629061, 41.2969856237751], [-73.0650075756552, 41.2965737283421], [-73.0650366931983, 41.2959151368163], [-73.0651679426778, 41.2952125227848], [-73.0653498766757, 41.2946909041108], [-73.0653790685991, 41.2946141500836], [-73.0655826749203, 41.2940597099565], [-73.0657500361034, 41.2937245900621], [-73.0658153159382, 41.2935382964623], [-73.0662376576413, 41.2927859922518], [-73.0668124252382, 41.2919517855452], [-73.0674967937938, 41.2908373315083], [-73.0676643793066, 41.2905519505047], [-73.0680787248438, 41.2899864587328], [-73.0682535329922, 41.2897832248116], [-73.0684139005011, 41.2895580710777], [-73.0689379811619, 41.2890202302181], [-73.0696581291638, 41.2884439320734], [-73.0704588697895, 41.2878893600933], [-73.070793401559, 41.2876585733314], [-73.0711939412622, 41.2874389130568], [-73.0714703617484, 41.2873237295819], [-73.0714845841021, 41.2873020735596], [-73.0723364501382, 41.2868349994865], [-73.0737260324454, 41.2863024180533], [-73.0754511751972, 41.2857091727714], [-73.0761205663714, 41.2855065735229], [-73.0773942122104, 41.2850396322849], [-73.0817525450573, 41.2829090110028], [-73.0828954648469, 41.2821073788143], [-73.0836081877041, 41.2815416516293], [-73.0839573420551, 41.2811629160507], [-73.0844663709943, 41.2804766723202], [-73.0846484966118, 41.2801637834574], [-73.0848224285589, 41.2799826469995], [-73.085084655327, 41.279592843779], [-73.0852665653823, 41.2793729223418], [-73.0858848587581, 41.2783626707526], [-73.0860735965893, 41.278055589593], [-73.0864956614408, 41.277402350279], [-73.086677736681, 41.2771717936124], [-73.0868008082746, 41.2769187597808], [-73.0868807660671, 41.2766830114809], [-73.0868736094213, 41.2759584776638], [-73.086895156112, 41.2758597841911], [-73.0869604693954, 41.275387360725], [-73.0870185144687, 41.2751350364], [-73.087244324759, 41.2746135978306], [-73.0876365609522, 41.2735206339058], [-73.0878471878668, 41.2730541321436], [-73.0879852587228, 41.2726701774478], [-73.088116523954, 41.271983830708], [-73.0883050744382, 41.2706827083159], [-73.088348693067, 41.2702379656252], [-73.0883407233744, 41.2691839204201], [-73.088238574399, 41.2682505668569], [-73.0882088483358, 41.2680424133608], [-73.0881363460952, 41.2675643934147], [-73.0880491241997, 41.2672296480455], [-73.087881114603, 41.2663074665138], [-73.0875964771369, 41.2648144229248], [-73.0875530302603, 41.2641066356579], [-73.0876110008317, 41.26296474054], [-73.087777656292, 41.2616964495594], [-73.0878427549051, 41.2607466469773], [-73.0878136233868, 41.2603897743156], [-73.0876677079403, 41.2593853633445], [-73.0875142729795, 41.2585068794634], [-73.0869684628008, 41.2562577875026], [-73.0868149363665, 41.2556251200173], [-73.088138703893, 41.2556140197212], [-73.0888594763439, 41.2555679736839], [-73.0890770934488, 41.2555843099186], [-73.0892254443771, 41.2556574594517], [-73.0893702509131, 41.2557903136061], [-73.0895455255062, 41.2559254752091], [-73.0901104652936, 41.2565080407825], [-73.0902821043644, 41.2567300105658], [-73.0904087668524, 41.2568704618437], [-73.0905296187532, 41.2569860589224], [-73.0906671845202, 41.2570823942549], [-73.0908856897689, 41.2571359481748], [-73.09115372318, 41.257143556552], [-73.0914422398566, 41.2570677327032], [-73.0917755044101, 41.2568989786678], [-73.0922078478038, 41.256596134973], [-73.092496312311, 41.2564254519702], [-73.0930492990379, 41.2561119517621], [-73.0934272448304, 41.2560135614262], [-73.0937109746993, 41.255980458659], [-73.0940309699981, 41.2560566902714], [-73.0941725903398, 41.2562308833282], [-73.0943379634261, 41.2565550998594], [-73.0944272110235, 41.257098078392], [-73.0946295818353, 41.2575408818709], [-73.0948935534717, 41.2578961901568], [-73.0950628819552, 41.2580639548685], [-73.0953128184955, 41.2582151773632], [-73.095700367747, 41.2584255075334], [-73.0960287168783, 41.2586174947615], [-73.0962812792631, 41.2587486416565], [-73.0965715717855, 41.2588781259835], [-73.0972775388321, 41.2589488896831], [-73.0977650645067, 41.2590643958744], [-73.0980763403252, 41.2591639662155], [-73.0983250366985, 41.2592505214168], [-73.0986747875057, 41.2593609568432], [-73.0989631633739, 41.2593871748951], [-73.0992430188608, 41.2593923296633], [-73.0994345931473, 41.2593819664474], [-73.0996131791997, 41.2593658130915], [-73.0998651203072, 41.2593792797107], [-73.1001592824014, 41.2594233224161], [-73.1005241222025, 41.2595064304219], [-73.1009631011509, 41.2595538013555], [-73.1014895157678, 41.2594588723288], [-73.1020800269352, 41.2594061113226], [-73.1024317573657, 41.2594180661034], [-73.1027573052608, 41.2594659492371], [-73.102948073853, 41.2595156219267], [-73.1030402529162, 41.2595794886977], [-73.1030943097203, 41.2596556581453], [-73.1031140054108, 41.2597667515879], [-73.1031058693212, 41.2598587154347], [-73.1030176943682, 41.2603248744916], [-73.1029926407874, 41.2609462449335], [-73.1029780390638, 41.2612723709037], [-73.1029419939922, 41.2614584265408], [-73.1029710892823, 41.2617111738537], [-73.1031208020172, 41.2619445137412], [-73.103528280334, 41.2623835837663], [-73.1036378136214, 41.2624602653022], [-73.1039872305684, 41.2629653789235], [-73.104018500836, 41.2630302917397], [-73.1040968428939, 41.2631398336057], [-73.1044677646633, 41.263459110391], [-73.1048536245821, 41.2636399106125], [-73.105382852701, 41.2637640047241], [-73.1058989508557, 41.2637325527295], [-73.1061678272114, 41.2637207386911], [-73.1064821803315, 41.2637533807148], [-73.1067296211404, 41.2638138495382], [-73.1069787045919, 41.2639669371863], [-73.1071422319679, 41.2641463667373], [-73.1072622628781, 41.2643528589044], [-73.1073201939525, 41.264594196956], [-73.1072870058086, 41.2648855668834], [-73.1071611831343, 41.2651156435348], [-73.1070012933142, 41.2654345077169], [-73.1069211807362, 41.2656261857181], [-73.1068585521451, 41.2657306727261], [-73.1067917829575, 41.2658682805154], [-73.1067050679512, 41.2660994341282], [-73.1066451891536, 41.2662910517068], [-73.1065292361515, 41.266413887858], [-73.1062678173307, 41.2665440373878], [-73.10612859187, 41.2666096527121], [-73.1059975719031, 41.2666807317729], [-73.105919510896, 41.2667487317261], [-73.1059484226947, 41.2668807222237], [-73.106012635053, 41.2669825858084], [-73.1063186834841, 41.2672404767501], [-73.1068806197157, 41.2676025473413], [-73.1072658226575, 41.2677824857432], [-73.1075866142581, 41.2679075598217], [-73.1078757341737, 41.2680193523658], [-73.1082199572352, 41.268229092028], [-73.1082863674107, 41.2683578802275], [-73.1082963005193, 41.2685935327702], [-73.1083204935208, 41.2689413290287], [-73.1136082437335, 41.2671884045437], [-73.1176017714946, 41.2659347843639], [-73.1191370010044, 41.2654510950365], [-73.1203948023396, 41.26503861436], [-73.1242426177577, 41.2637519554217], [-73.1245543540823, 41.2636426971112], [-73.1306757683963, 41.2614634223527], [-73.1328441348985, 41.2607505017671], [-73.1349041206867, 41.2600157842603], [-73.1379524364583, 41.2590124884829], [-73.1410088710598, 41.2579382407993], [-73.1428063110154, 41.2573457847663], [-73.1472012280117, 41.2558648699974], [-73.1477603936347, 41.256831751203], [-73.1504636102035, 41.2617621566173], [-73.1545273639085, 41.2691361700483], [-73.1611554559305, 41.2687863107195], [-73.1679010191881, 41.2685076823735], [-73.1694212051396, 41.2684201323467], [-73.1737431455987, 41.2682450401914], [-73.1738600188937, 41.268387666675], [-73.1787632441964, 41.2733236533454], [-73.1808876740235, 41.2754423565951], [-73.1862721106164, 41.2808722841837], [-73.1925968982006, 41.2871743593136], [-73.194190825559, 41.2888047915269], [-73.1974010257942, 41.2920049548974], [-73.1988497144748, 41.2934816817845], [-73.2044629735313, 41.29913525765], [-73.2045213543683, 41.2991569795669], [-73.2042305349101, 41.2995301932759], [-73.20138457034, 41.3035054058521], [-73.2006857820304, 41.304427915736], [-73.2000239082982, 41.305394191589], [-73.1988738172175, 41.306952967491], [-73.1981389254522, 41.3079958520106], [-73.1971922571712, 41.3092426476521], [-73.195051773087, 41.3122401210182], [-73.1944190518068, 41.3130690236462], [-73.192401878392, 41.3158357673364], [-73.1882076976029, 41.3216658231285], [-73.186474458179, 41.3239274056812], [-73.1857901667767, 41.3249046591826], [-73.1851568233557, 41.3257446612143], [-73.1843699148848, 41.3268643249799], [-73.1808011344752, 41.3317445199049], [-73.1791546653435, 41.3339567779176], [-73.1786954062112, 41.3346482250682], [-73.177420775448, 41.336459738354], [-73.1768739798418, 41.3371352123543], [-73.1766845570314, 41.3373326665137], [-73.176633747268, 41.3373932325975], [-73.1748332258426, 41.3436673691913], [-73.1740752239584, 41.3462803848691], [-73.1732215918548, 41.349425667658], [-73.1729593436741, 41.3501944190021], [-73.1716464302234, 41.3547779591308], [-73.1711655435745, 41.356419233081], [-73.1707789185317, 41.3578186388173], [-73.1707127126598, 41.3579667393954], [-73.1704654295565, 41.3583129444799], [-73.1703120725046, 41.3585382113598], [-73.1690509289053, 41.3601843873419], [-73.1689200635125, 41.3604040835292], [-73.1681541152737, 41.3613866692481], [-73.1676955115308, 41.3620509702924], [-73.1675201337877, 41.3622536702332], [-73.1673968279679, 41.3624458944201], [-73.1662444247359, 41.3639936972285], [-73.1655155325021, 41.3649102618677], [-73.1654063303055, 41.3651022598808], [-73.1644652083499, 41.3663043265099], [-73.1635830917078, 41.3675176689262], [-73.1632554058651, 41.3679785524937], [-73.1624747603264, 41.369005236658], [-73.1619794367527, 41.3696418547455], [-73.161687944628, 41.3700695051365], [-73.1613449639504, 41.3704925273325], [-73.1593662085545, 41.3731389655546], [-73.1594051682201, 41.3733956111431], [-73.1595654418848, 41.3738236977178], [-73.159614797156, 41.3741034586679], [-73.1594904155511, 41.3745303327499], [-73.159506938795, 41.3746952848826], [-73.1596053995851, 41.3749983736624], [-73.1596347119189, 41.3750967283411], [-73.1591537218451, 41.3755612368371], [-73.1588546926409, 41.3757753454425], [-73.1585700091815, 41.376060761762], [-73.1582926681785, 41.3762473434164], [-73.1577390378794, 41.3766426333365], [-73.1576004984272, 41.376702988704], [-73.1575421703394, 41.3768073195465], [-73.1573304780298, 41.3770046436211], [-73.1572285827074, 41.3769883686624], [-73.1566526101352, 41.3767629577507], [-73.1560116948761, 41.3762743076771], [-73.155647926886, 41.3758951346717], [-73.1553928168658, 41.375483504606], [-73.1550818401164, 41.3750967716195], [-73.1545069222215, 41.3744869454893], [-73.1535235639248, 41.3734488717055], [-73.1532033460532, 41.3730372900849], [-73.1524534072573, 41.3719937534997], [-73.1520526529213, 41.3715544928631], [-73.151863637434, 41.3713678451647], [-73.1512228563329, 41.3705547972671], [-73.1508076934419, 41.3701761342819], [-73.1505602001975, 41.3699948324323], [-73.1495694758896, 41.3693303432687], [-73.1488046289096, 41.368737104419], [-73.1484623162296, 41.3685007239497], [-73.1481559858189, 41.3682650712188], [-73.1476097867415, 41.3678638695952], [-73.1397737082023, 41.3619926471739], [-73.1396427777544, 41.3617618648872], [-73.1392355721438, 41.3607133031161], [-73.1391198428677, 41.3599773112563], [-73.1389451847412, 41.3592089257428], [-73.1386555241021, 41.3577867098213], [-73.1385392182599, 41.3569911967271], [-73.1383804121658, 41.3554810521483], [-73.1381401954233, 41.3543670813127], [-73.1380679526415, 41.3539717735323], [-73.1379008688924, 41.3534388749485], [-73.1372822654837, 41.3524673502034], [-73.1371294775112, 41.3522694055958], [-73.1367511613091, 41.3518907371995], [-73.1361106684605, 41.3513685238346], [-73.1357463158724, 41.3511543064026], [-73.1351126011399, 41.3508137127915], [-73.1340858673862, 41.3503742638074], [-73.1332047618683, 41.3500773708837], [-73.1321198342673, 41.3496871539523], [-73.13091815345, 41.349181189128], [-73.1271388468071, 41.3473070002453], [-73.1268113511726, 41.3471586764639], [-73.12621407649, 41.3468072795747], [-73.1258065704734, 41.3465597244906], [-73.1255007786065, 41.3463070291736], [-73.1250061446213, 41.3457911349084], [-73.1245545382965, 41.3453939706677]]]}, "properties": {"FID": 12, "ID": 0, "TOWN_CODE": 53, "TOWN_NAME": "Shelton", "CIS_TOWN_C": 290, "SHAPE_AREA": 888942359.404, "SHAPE_LEN": 136231.459454, "GlobalID": "307b4c43-8b62-4adb-9f19-6d45dc0f66e5"}}, {"type": "Feature", "id": 13, "geometry": {"type": "Polygon", "coordinates": [[[-72.8239328387587, 41.3180865345253], [-72.8217279035738, 41.3259135143091], [-72.8175777458943, 41.340712438691], [-72.8175997598756, 41.3483254567327], [-72.8176216273045, 41.3588584294408], [-72.8176288553775, 41.3636281570424], [-72.8176368595636, 41.3702317159874], [-72.8175997821109, 41.3750976919507], [-72.8174671657809, 41.3776535659915], [-72.8175108290952, 41.3782523490527], [-72.8174973714586, 41.3927261870333], [-72.8175261136598, 41.3943016651628], [-72.8175193341028, 41.397430533883], [-72.8175782948186, 41.3993624363814], [-72.8172713122862, 41.3994553907945], [-72.8121449284274, 41.4009830328712], [-72.8042306773856, 41.38388024126], [-72.804230716025, 41.3594722431854], [-72.7964172226742, 41.3594720518613], [-72.7964180309963, 41.3516595573363], [-72.7893428212205, 41.3516597192806], [-72.7860781632483, 41.3445951010075], [-72.7669706714565, 41.354160053558], [-72.7609942745329, 41.3566747414706], [-72.7471684335456, 41.3622195635475], [-72.7449249028775, 41.3597485656426], [-72.7446740728613, 41.3594722893552], [-72.7446724562769, 41.3592394252623], [-72.7446676712767, 41.3586960730629], [-72.7446378545939, 41.3586247176373], [-72.74452678744, 41.3555508935815], [-72.7445042947009, 41.3550078283474], [-72.7438729467214, 41.3485258383331], [-72.7432566699773, 41.3427519261879], [-72.7432485094863, 41.3424664963743], [-72.7429918019076, 41.340029552844], [-72.742874226229, 41.3391732636213], [-72.7423976635344, 41.3350899484461], [-72.7423099241278, 41.3342117063328], [-72.7421707643151, 41.3332018979413], [-72.7419288922835, 41.3310833056089], [-72.7414965456383, 41.3273624323361], [-72.7414667576395, 41.3271867799135], [-72.7414592915288, 41.3268409759901], [-72.7413337734044, 41.3244695562305], [-72.7413340346321, 41.3242223823396], [-72.7420739271907, 41.3210878771737], [-72.7423568672106, 41.3200998846617], [-72.7428655526888, 41.3186232042178], [-72.7432865932737, 41.3174316090835], [-72.743402898598, 41.317025773642], [-72.7443325244587, 41.3145554358549], [-72.7457417159431, 41.3110365354847], [-72.7459813171507, 41.3103008521058], [-72.7495413762415, 41.3096264617657], [-72.7509543209981, 41.3093195887605], [-72.7569906538712, 41.3080548526944], [-72.7660837243138, 41.306148743333], [-72.7713540685014, 41.3050643194918], [-72.7744685353389, 41.3077438679907], [-72.7777712808065, 41.3106709791799], [-72.780594716116, 41.3130756403117], [-72.7879965134757, 41.3172984019279], [-72.7919055920146, 41.3195446069575], [-72.7997379683699, 41.3240192885924], [-72.8055265820716, 41.3226198542909], [-72.8100706004001, 41.3215007242808], [-72.8145191785123, 41.3204195508803], [-72.8189307449713, 41.3193435447856], [-72.8224330326641, 41.3185091174319], [-72.8239328387587, 41.3180865345253]]]}, "properties": {"FID": 13, "ID": 0, "TOWN_CODE": 17, "TOWN_NAME": "North Branford", "CIS_TOWN_C": 170, "SHAPE_AREA": 361452485.089, "SHAPE_LEN": 113046.81236, "GlobalID": "87cad536-3c4d-47a1-af65-4bf138ed6405"}}, {"type": "Feature", "id": 14, "geometry": {"type": "Polygon", "coordinates": [[[-72.8175782948186, 41.3993624363814], [-72.8175193341028, 41.397430533883], [-72.8175261136598, 41.3943016651628], [-72.8174973714586, 41.3927261870333], [-72.8175108290952, 41.3782523490527], [-72.8174671657809, 41.3776535659915], [-72.8175997821109, 41.3750976919507], [-72.8176368595636, 41.3702317159874], [-72.8176288553775, 41.3636281570424], [-72.8226637720286, 41.3640237157484], [-72.8226490461298, 41.3616416891645], [-72.8277413077997, 41.3615476100895], [-72.8277989504541, 41.3577713347193], [-72.8279141163617, 41.3503282209316], [-72.827796409389, 41.3428799372608], [-72.8433013017971, 41.3397044876603], [-72.8608285673446, 41.3361033827932], [-72.8614612961141, 41.3360309949703], [-72.8664580770392, 41.3354591923271], [-72.8698223716404, 41.3350565752502], [-72.874545087667, 41.3345606236717], [-72.8748899977107, 41.3345086165474], [-72.8796308422778, 41.3338963080376], [-72.8890845462324, 41.3326930874244], [-72.8892955009626, 41.333330239262], [-72.8893752218024, 41.3341042623515], [-72.8893165438381, 41.3342304071163], [-72.8888062662669, 41.3349545433264], [-72.8886381837897, 41.3353223354026], [-72.8885867468081, 41.3356405885876], [-72.8885725177892, 41.33601419949], [-72.8887682156479, 41.3369633842826], [-72.888709586159, 41.3376440911083], [-72.8884091581163, 41.339032991164], [-72.8883297949369, 41.3392797478642], [-72.8881837366915, 41.3395214447578], [-72.8878776957485, 41.3400972944041], [-72.8874324536476, 41.3406076208252], [-72.8868785271821, 41.3411727894242], [-72.8864556942069, 41.3415240744992], [-72.8861426868435, 41.3418256515384], [-72.8856686032211, 41.3421603579047], [-72.885508448092, 41.3423082336622], [-72.8844370523439, 41.3430542808727], [-72.8841453494019, 41.3432081410576], [-72.8832709632368, 41.343586357608], [-72.8826957980104, 41.343701263555], [-72.8823827051442, 41.3437506837447], [-72.8819891674849, 41.3437507938584], [-72.8815963457125, 41.3436567309742], [-72.8805257934197, 41.3432666918996], [-72.8803070501824, 41.3432609412899], [-72.8800519749946, 41.3432996540784], [-72.8797242539764, 41.3435463404056], [-72.8795489381295, 41.3438588942568], [-72.8795147926131, 41.3442033686733], [-72.8795775946617, 41.3444204553371], [-72.8797300664179, 41.344636071199], [-72.8803237208619, 41.3451077900282], [-72.8810471519086, 41.3454831337549], [-72.8811759315655, 41.3455692623183], [-72.8812626616372, 41.3456839211323], [-72.8813267650224, 41.345867727898], [-72.8813614941775, 41.3460465932471], [-72.8813577135016, 41.3463169298912], [-72.8813021578565, 41.3465329517706], [-72.8812067257715, 41.3467304912817], [-72.8810761644831, 41.3468896505026], [-72.8806533754355, 41.3471858512302], [-72.8802523875134, 41.3473394830088], [-72.8798876615565, 41.3474160559371], [-72.8795236553765, 41.3473993146731], [-72.8791303428166, 41.3472946116388], [-72.8777985194773, 41.3467178731329], [-72.8774632701726, 41.3466187583031], [-72.8768729672875, 41.346579785544], [-72.8766406251919, 41.3466074904174], [-72.8760574251159, 41.3468264948083], [-72.8756783514979, 41.347018676885], [-72.8748477692647, 41.3475009010358], [-72.8745453640746, 41.3476751592258], [-72.8743564116309, 41.3477839444562], [-72.8743236939956, 41.3478139994387], [-72.8742073692281, 41.3479290507341], [-72.8740035210454, 41.3481044021128], [-72.8739015791052, 41.3482412234065], [-72.8737853571699, 41.3484111617824], [-72.8736979427798, 41.3485314999346], [-72.8735963273208, 41.3487177217072], [-72.8735453467387, 41.3488436798136], [-72.8734873851369, 41.3490078985495], [-72.8734364901506, 41.3491777654839], [-72.8734146585613, 41.3494295981149], [-72.8734002663841, 41.3495225801151], [-72.8733930946504, 41.3497032134996], [-72.8734004140266, 41.3498400846151], [-72.8734151590103, 41.3499332080911], [-72.8734588040465, 41.3500208118328], [-72.8735172960241, 41.3501356768605], [-72.8735829259832, 41.3502944431323], [-72.8737141997415, 41.3504970510439], [-72.8738527815205, 41.3507104553132], [-72.8740205015955, 41.3509238279015], [-72.8741225035529, 41.3510551121104], [-72.8742244576177, 41.3511591225004], [-72.8742755426575, 41.3512082975181], [-72.8743993461763, 41.3513122812604], [-72.8744317248238, 41.3513410627938], [-72.8745452942469, 41.3515661577184], [-72.8746462930052, 41.3517660524021], [-72.875279825397, 41.3523643459854], [-72.8758765847595, 41.3527767371287], [-72.8764808036163, 41.3531554980805], [-72.8770411145268, 41.3534305286955], [-72.8774784010566, 41.353534845013], [-72.8782727457103, 41.3535792459975], [-72.8785636083356, 41.3535463293309], [-72.8795252716797, 41.3533603400374], [-72.8800647753048, 41.3532401685736], [-72.8807859254749, 41.3531139637986], [-72.8816162206974, 41.3530378811974], [-72.8818060718283, 41.3530380060129], [-72.8825559865132, 41.3530652697729], [-72.8829055674415, 41.3531370835158], [-72.8832188453467, 41.3532687988954], [-72.8834590801544, 41.3534117457122], [-72.8840123726742, 41.3540215759292], [-72.8843102773826, 41.3544222676018], [-72.8844630003142, 41.3548507391116], [-72.8844922446619, 41.355119669628], [-72.8844994122901, 41.3555037134732], [-72.8843013477318, 41.3563816678263], [-72.8839579543352, 41.3573368064635], [-72.8838489221194, 41.3575672976049], [-72.8836448697586, 41.3577538204393], [-72.8833531879742, 41.3579510763898], [-72.8828573317833, 41.3581705220574], [-72.8823912671005, 41.3583736395779], [-72.882187031795, 41.358587258817], [-72.8819316583093, 41.3589551404981], [-72.8817492731237, 41.3592788567093], [-72.8816684770265, 41.3596302433791], [-72.8816611912835, 41.3598552990287], [-72.8819081082183, 41.3608157576163], [-72.8858633191863, 41.3616355140544], [-72.887902764973, 41.3620372028527], [-72.8911228781088, 41.3627137505333], [-72.8926747663375, 41.3630439100268], [-72.8939055932987, 41.3632478679969], [-72.8958288263136, 41.3636658581698], [-72.8997331393811, 41.3644740539056], [-72.8999450780851, 41.3644576505439], [-72.9010154598092, 41.3647710054904], [-72.908038489766, 41.3665902255071], [-72.9078999146354, 41.3669084355577], [-72.9075932761169, 41.3677810872524], [-72.9075347153579, 41.3678576668151], [-72.9071699764262, 41.3688130796235], [-72.9066371683591, 41.3702344180443], [-72.9063015134512, 41.371079662446], [-72.9059809657774, 41.3719633083018], [-72.9056518419288, 41.3728798964438], [-72.9056014826709, 41.3730557815191], [-72.9053091598959, 41.3738460742995], [-72.9052580363141, 41.373988856452], [-72.9048469172956, 41.3750976633621], [-72.9045552148971, 41.3759672056313], [-72.9038985330937, 41.3778276432396], [-72.9038275684694, 41.3780560459902], [-72.9036653665016, 41.3781293295436], [-72.9028411907336, 41.3786059171029], [-72.9023238780815, 41.378941428272], [-72.9019734497473, 41.379159736224], [-72.9017412343824, 41.3792883478012], [-72.9013904023827, 41.379434611997], [-72.9007349202713, 41.3797039178403], [-72.9003138713045, 41.3798168208338], [-72.8999185150404, 41.3800130547773], [-72.899774221475, 41.3801528717095], [-72.8996353605226, 41.3802803249884], [-72.8995096779371, 41.3807846161914], [-72.8993273762248, 41.3810373455024], [-72.8990282087165, 41.3812734170044], [-72.8987732860433, 41.3814375572023], [-72.8981100254843, 41.3817063451378], [-72.8976071078849, 41.3819809273445], [-72.8973369817725, 41.3821730447013], [-72.8965127308485, 41.3828638204233], [-72.896301214649, 41.3830947991661], [-72.8962214240405, 41.3831602547192], [-72.895813094715, 41.3833744981973], [-72.895652759594, 41.3834786487265], [-72.8953933431109, 41.3837789847159], [-72.8953794951242, 41.3842076533655], [-72.8953803413325, 41.3843814165061], [-72.8950031265669, 41.3846640586086], [-72.8945509726361, 41.3849433638703], [-72.894328157777, 41.3851172322131], [-72.8942594296292, 41.3852437348852], [-72.8942594899743, 41.3854763314089], [-72.8942087257503, 41.3855913171558], [-72.8940844574135, 41.3857336702827], [-72.893810622045, 41.3859088065908], [-72.8935059002886, 41.3861235975668], [-72.8932716427889, 41.3865871934952], [-72.893143162275, 41.3869904482346], [-72.8931432411464, 41.3871276722137], [-72.8932055247214, 41.3872816307378], [-72.8932430680326, 41.3873663198958], [-72.8932835616351, 41.3874486004066], [-72.8932011662522, 41.3875780366019], [-72.8930481235635, 41.3876878364508], [-72.8929822767141, 41.3877812302977], [-72.8929090826672, 41.3880550831811], [-72.8929454642245, 41.3886480142836], [-72.8929744724831, 41.3887908636216], [-72.8929280552876, 41.3890178536938], [-72.8928054470287, 41.3892989723155], [-72.8928129103085, 41.3895883318979], [-72.892385542022, 41.3898665710646], [-72.8921789015433, 41.3901573982663], [-72.89217904545, 41.3902232626382], [-72.8922431189277, 41.3903574950296], [-72.892279509959, 41.3904397809489], [-72.8922429368842, 41.3906924906645], [-72.8921931839078, 41.3908544764203], [-72.8921092858504, 41.3911331448106], [-72.8919716540573, 41.3914225167612], [-72.8915215894374, 41.3920620183006], [-72.8910911753164, 41.3925225883236], [-72.891003992757, 41.3926544301632], [-72.8909597006676, 41.3928189828975], [-72.8909958208986, 41.3928793165615], [-72.88853242031, 41.3932349815361], [-72.8861130600155, 41.4018079987249], [-72.8858693308915, 41.4049863820731], [-72.8857304131911, 41.4063251629053], [-72.8860565908993, 41.4078127909819], [-72.8863693085515, 41.4089602928791], [-72.8866308612032, 41.4105852192146], [-72.8866522730365, 41.4112330632165], [-72.8866593495179, 41.4117819422155], [-72.8866663744308, 41.4119797109832], [-72.8860392613691, 41.411946317426], [-72.8832883907648, 41.4231587919974], [-72.8830549943448, 41.4231420806282], [-72.8826752233346, 41.4230872901819], [-72.8820340492194, 41.4230266195027], [-72.88182969845, 41.423059274984], [-72.8806769634556, 41.4234760351703], [-72.8794083186057, 41.4238320209859], [-72.8781609611608, 41.4241226176428], [-72.8778543897269, 41.4242099257399], [-72.8773728031244, 41.4244183542837], [-72.8769567163109, 41.4246762783332], [-72.8761978857106, 41.425290501764], [-72.8756799175284, 41.4257842161832], [-72.8753728937766, 41.4259981008277], [-72.8752268290229, 41.426124507817], [-72.875154373532, 41.4262559751882], [-72.8747750805937, 41.4262174523692], [-72.8745459767737, 41.4261845975984], [-72.8744846161239, 41.426154645649], [-72.8742955310773, 41.4261927568933], [-72.8739453540081, 41.4262481974847], [-72.8737921522048, 41.426220577785], [-72.8733182427977, 41.4261656829216], [-72.8729751085944, 41.4260895517932], [-72.8723333545567, 41.4260952074611], [-72.871655027207, 41.4261614523942], [-72.8709116559258, 41.4261836797683], [-72.8698098585626, 41.4261126228172], [-72.869000805942, 41.426107802155], [-72.8681620174952, 41.4261687040877], [-72.8674400535554, 41.4263063273985], [-72.8658136805486, 41.4263892836404], [-72.8647635895456, 41.4264333880837], [-72.8644500507878, 41.4264613181369], [-72.8642604272253, 41.4264555048571], [-72.8638229120473, 41.426357309668], [-72.8633998711598, 41.4261923771724], [-72.8628960207523, 41.4259511885441], [-72.8625165694799, 41.4258196541979], [-72.862210398776, 41.425759405382], [-72.8620424554354, 41.4257703744015], [-72.8618972585858, 41.4257540517155], [-72.8615759123149, 41.4257487030626], [-72.8614736785576, 41.4258036915445], [-72.8612995770619, 41.4262096967545], [-72.8610878283236, 41.4264623920054], [-72.860950052423, 41.4266546348531], [-72.8603380263271, 41.4272584925695], [-72.8597404760838, 41.4280765704979], [-72.8595292629609, 41.4282470989331], [-72.8593539052065, 41.4284611633975], [-72.8591131603974, 41.4286864375999], [-72.8584940762231, 41.4293177333944], [-72.8582678904817, 41.4293946216791], [-72.8574367675459, 41.4294387980187], [-72.8570936061122, 41.4294830327371], [-72.8569258355855, 41.4296037723733], [-72.8568824593394, 41.42969695392], [-72.8567803369065, 41.4296860711134], [-72.856597777234, 41.4296860651066], [-72.856240938135, 41.4297299671116], [-72.855584710801, 41.4299667682224], [-72.8553364598722, 41.4300764288438], [-72.855220162809, 41.4301806544572], [-72.8550009005247, 41.4304551308176], [-72.8546220925943, 41.4308726311821], [-72.8543377883882, 41.4312404794624], [-72.8533031488283, 41.432310893911], [-72.8530045620749, 41.4325914370376], [-72.8524793079468, 41.4330960304006], [-72.8515322047959, 41.4342109509029], [-72.8503791500719, 41.4337886325641], [-72.8506122460518, 41.4332999123762], [-72.850794385504, 41.4328771068636], [-72.8508457354661, 41.4327727721174], [-72.8509253852301, 41.4323999725791], [-72.8509472140715, 41.4322184732965], [-72.850815808559, 41.4318451727442], [-72.8505602821643, 41.4313843282306], [-72.8503626905321, 41.4309507094906], [-72.8503047073953, 41.4308903768544], [-72.8501656639521, 41.4307313222378], [-72.8500049963622, 41.4302976678171], [-72.8499609500652, 41.4301110810277], [-72.8499904455285, 41.4298752045678], [-72.8499745801115, 41.4294889358922], [-72.8498606478859, 41.429207901497], [-72.8497495949829, 41.4290189707341], [-72.84968368248, 41.4288377234465], [-72.8495742437779, 41.4286621703535], [-72.8493476522125, 41.4284812356418], [-72.8490340750453, 41.4281955694227], [-72.8487932182156, 41.4280762201148], [-72.848498299897, 41.4279171253119], [-72.8482569950648, 41.4276482020718], [-72.8481953548288, 41.4274259567431], [-72.8481873605524, 41.427262835486], [-72.8483404685494, 41.4269333723445], [-72.8483177311946, 41.4265169178538], [-72.8482379049027, 41.4263243637108], [-72.8481575770275, 41.4262537569605], [-72.8479463796135, 41.4261484482733], [-72.8478811062438, 41.4262365022399], [-72.8478296032182, 41.4263902308604], [-72.8479028935936, 41.4264783338964], [-72.84794683233, 41.4265990553729], [-72.8478813859172, 41.4267250130332], [-72.8477208849032, 41.4271428202002], [-72.8476696660285, 41.4271812865403], [-72.8476188743483, 41.4272027718109], [-72.8475530124573, 41.427203174164], [-72.8473708009275, 41.4271261376581], [-72.8471880026075, 41.4271096561247], [-72.8471596446905, 41.4270438103346], [-72.8471953543166, 41.4270000388129], [-72.8472316648368, 41.426895551113], [-72.8471882666588, 41.4268297180645], [-72.8471009408502, 41.4268021777037], [-72.8468311513597, 41.4266818194483], [-72.846742984143, 41.426704019461], [-72.8466995090121, 41.4268905091818], [-72.8466264975814, 41.4269893711259], [-72.8465100980764, 41.4270277238707], [-72.8459701313582, 41.4271376091283], [-72.8458826807845, 41.4270279038943], [-72.8456054383657, 41.4269511202592], [-72.8455106505915, 41.4269673198761], [-72.845292330932, 41.427126509447], [-72.8452340770169, 41.4271874490822], [-72.8451686826719, 41.4271979654424], [-72.8448330132415, 41.4270610227797], [-72.8447090211458, 41.4268966284062], [-72.8445485296232, 41.426863316419], [-72.8442419325397, 41.4269735168231], [-72.844190858582, 41.4269567459695], [-72.8440961368667, 41.4268581967073], [-72.844088773444, 41.426808456485], [-72.8441763237796, 41.4266773392685], [-72.844183150602, 41.4265124961854], [-72.8443071331676, 41.4263588748038], [-72.8443360814376, 41.4262051613865], [-72.8443001400113, 41.4260952397655], [-72.8441981822461, 41.4260347757188], [-72.8440958789382, 41.4260514960312], [-72.8440228427406, 41.4261333735564], [-72.8439060094138, 41.4261887047059], [-72.8438770560225, 41.4261830662823], [-72.8438042705354, 41.4261225773268], [-72.8437673623186, 41.4261280967435], [-72.8436074916134, 41.4262105605846], [-72.8433594348278, 41.4261395770385], [-72.8432569466566, 41.4261832287979], [-72.843235346033, 41.4262216683989], [-72.8431256594459, 41.4263317085657], [-72.8429725342498, 41.4263479590139], [-72.8427028686495, 41.4264689311011], [-72.8422943847939, 41.4264083660898], [-72.8420172800409, 41.4264193956205], [-72.841864370432, 41.4264306666298], [-72.8417401041596, 41.4263866839443], [-72.8416232337388, 41.4262550433041], [-72.841463182914, 41.4262109167379], [-72.841229847465, 41.4262330552392], [-72.8411132521442, 41.4262988475986], [-72.8410618311308, 41.4263592661117], [-72.8410619773803, 41.4266283932136], [-72.8410183326143, 41.4267052726324], [-72.8409235515279, 41.4267214712671], [-72.8407194475175, 41.4266281514971], [-72.8404493859974, 41.4266287046231], [-72.8402159684046, 41.4264307716397], [-72.8401067634699, 41.4264032424479], [-72.840033670792, 41.4264475567813], [-72.8399030580574, 41.4265960274052], [-72.8397202213796, 41.4267164136757], [-72.8397496066928, 41.4268700803234], [-72.8397351554364, 41.4269688941921], [-72.8396698169093, 41.4270183458248], [-72.8395964399575, 41.4270237188388], [-72.8394874044418, 41.4269522783127], [-72.8393780074825, 41.4269525307427], [-72.8392029480702, 41.4270950386203], [-72.8389549368533, 41.427221475728], [-72.8387797491128, 41.4272711847445], [-72.838480949942, 41.4272599211815], [-72.8378905695143, 41.4271778712601], [-72.8376221875773, 41.4270749859796], [-72.8372482944238, 41.427144738422], [-72.8371242889605, 41.4271227069083], [-72.8368182358182, 41.4269695920042], [-72.8366936571377, 41.4268652242816], [-72.8365992734692, 41.426667694585], [-72.8365262721014, 41.4266128604781], [-72.8364311293228, 41.4265304280452], [-72.8361175277153, 41.4263546755672], [-72.8358409371809, 41.4262396151364], [-72.8357092325152, 41.4260807081837], [-72.8354688314663, 41.425937659209], [-72.8353741579392, 41.4258610576708], [-72.8350672045324, 41.4257070801943], [-72.8349142446001, 41.4256744327706], [-72.8346955490364, 41.4255701296265], [-72.8345565836874, 41.4254330116307], [-72.8345129186013, 41.4253285811995], [-72.834520269482, 41.4251970153494], [-72.834512543145, 41.4246862058347], [-72.8344102583628, 41.4243679267522], [-72.8343089471322, 41.4242692007006], [-72.8342067801501, 41.424214386518], [-72.8340531877311, 41.4242201604712], [-72.8338783928099, 41.4243959315278], [-72.8337977385056, 41.4244122867991], [-72.8336962604333, 41.4243631330607], [-72.8336231549171, 41.4242204745072], [-72.8335643133594, 41.4241872409934], [-72.8334701710783, 41.4241651809778], [-72.8332145283689, 41.4242094479159], [-72.8328794926259, 41.4240060871253], [-72.832784022898, 41.4240173038642], [-72.8326898727302, 41.4239952460247], [-72.8326089181254, 41.4239513929721], [-72.8325651768814, 41.4239624022712], [-72.8325219596372, 41.4240281303177], [-72.8325293164765, 41.4240776956538], [-72.832478334145, 41.4241267893288], [-72.832383541853, 41.4241380052476], [-72.8323614271553, 41.4241325325496], [-72.8322081162585, 41.4241763830363], [-72.8321134665879, 41.424121735146], [-72.8319453024946, 41.424138146053], [-72.8318874026432, 41.4241270423186], [-72.8318071139995, 41.4240668911508], [-72.8317197661576, 41.4240173806273], [-72.8316614029619, 41.4239954693005], [-72.8314501313421, 41.4239848143862], [-72.8310342263878, 41.4239847630319], [-72.8308955132475, 41.4240452385868], [-72.8308370905887, 41.4241600337461], [-72.8308882620211, 41.4242589710318], [-72.8309249501764, 41.4244404198109], [-72.8308155121579, 41.4245830386921], [-72.8306552501669, 41.4245445536873], [-72.8304948847132, 41.424599560315], [-72.8304512208782, 41.4246707715339], [-72.8303853367217, 41.42465418056], [-72.8303777054851, 41.4245663660583], [-72.8303414590215, 41.424555410787], [-72.8302465062076, 41.4246211713521], [-72.8301740608596, 41.4246378619004], [-72.8301152257901, 41.4246102852065], [-72.8297070241113, 41.4242040466879], [-72.8296411419922, 41.4241824796043], [-72.8293791292687, 41.424237210177], [-72.8292617820443, 41.4242535848155], [-72.8289846550089, 41.4242427979768], [-72.8287955520109, 41.4242864963903], [-72.8286860552106, 41.4243857148382], [-72.8286207161683, 41.4244403087124], [-72.8285255208815, 41.424489773756], [-72.8281752836176, 41.4245174548984], [-72.827906085794, 41.4244735537262], [-72.8278470531557, 41.4244679344779], [-72.8276506954475, 41.4243471384695], [-72.8275845602478, 41.424308590394], [-72.8274971770421, 41.4242230553445], [-72.8274968118396, 41.4223928480433], [-72.8275036168856, 41.4202578239015], [-72.8275395443104, 41.4171347743498], [-72.8275240949128, 41.4148788401446], [-72.8275455550328, 41.4130017815745], [-72.8275300809886, 41.4067113137318], [-72.8275948963533, 41.4027923440314], [-72.8276235740312, 41.3993341257551], [-72.8276738233964, 41.3975337209069], [-72.8276519980784, 41.3966174264928], [-72.8245758484447, 41.3974187929311], [-72.8212375571309, 41.398341509967], [-72.8175782948186, 41.3993624363814]]]}, "properties": {"FID": 14, "ID": 0, "TOWN_CODE": 16, "TOWN_NAME": "North Haven", "CIS_TOWN_C": 160, "SHAPE_AREA": 588488725.09, "SHAPE_LEN": 123712.590014, "GlobalID": "7f91d04b-90fa-4296-999f-e9cfc40c9164"}}, {"type": "Feature", "id": 15, "geometry": {"type": "Polygon", "coordinates": [[[-72.8515322047959, 41.4342109509029], [-72.8524793079468, 41.4330960304006], [-72.8530045620749, 41.4325914370376], [-72.8533031488283, 41.432310893911], [-72.8543377883882, 41.4312404794624], [-72.8546220925943, 41.4308726311821], [-72.8550009005247, 41.4304551308176], [-72.855220162809, 41.4301806544572], [-72.8553364598722, 41.4300764288438], [-72.855584710801, 41.4299667682224], [-72.856240938135, 41.4297299671116], [-72.856597777234, 41.4296860651066], [-72.8567803369065, 41.4296860711134], [-72.8568824593394, 41.42969695392], [-72.8569258355855, 41.4296037723733], [-72.8570936061122, 41.4294830327371], [-72.8574367675459, 41.4294387980187], [-72.8582678904817, 41.4293946216791], [-72.8584940762231, 41.4293177333944], [-72.8591131603974, 41.4286864375999], [-72.8593539052065, 41.4284611633975], [-72.8595292629609, 41.4282470989331], [-72.8597404760838, 41.4280765704979], [-72.8603380263271, 41.4272584925695], [-72.860950052423, 41.4266546348531], [-72.8610878283236, 41.4264623920054], [-72.8612995770619, 41.4262096967545], [-72.8614736785576, 41.4258036915445], [-72.8615759123149, 41.4257487030626], [-72.8618972585858, 41.4257540517155], [-72.8620424554354, 41.4257703744015], [-72.862210398776, 41.425759405382], [-72.8625165694799, 41.4258196541979], [-72.8628960207523, 41.4259511885441], [-72.8633998711598, 41.4261923771724], [-72.8638229120473, 41.426357309668], [-72.8642604272253, 41.4264555048571], [-72.8644500507878, 41.4264613181369], [-72.8647635895456, 41.4264333880837], [-72.8658136805486, 41.4263892836404], [-72.8674400535554, 41.4263063273985], [-72.8681620174952, 41.4261687040877], [-72.869000805942, 41.426107802155], [-72.8698098585626, 41.4261126228172], [-72.8709116559258, 41.4261836797683], [-72.871655027207, 41.4261614523942], [-72.8723333545567, 41.4260952074611], [-72.8729751085944, 41.4260895517932], [-72.8733182427977, 41.4261656829216], [-72.8737921522048, 41.426220577785], [-72.8739453540081, 41.4262481974847], [-72.8742955310773, 41.4261927568933], [-72.8744846161239, 41.426154645649], [-72.8745459767737, 41.4261845975984], [-72.8747750805937, 41.4262174523692], [-72.875154373532, 41.4262559751882], [-72.8752268290229, 41.426124507817], [-72.8753728937766, 41.4259981008277], [-72.8756799175284, 41.4257842161832], [-72.8761978857106, 41.425290501764], [-72.8769567163109, 41.4246762783332], [-72.8773728031244, 41.4244183542837], [-72.8778543897269, 41.4242099257399], [-72.8781609611608, 41.4241226176428], [-72.8794083186057, 41.4238320209859], [-72.8806769634556, 41.4234760351703], [-72.88182969845, 41.423059274984], [-72.8820340492194, 41.4230266195027], [-72.8826752233346, 41.4230872901819], [-72.8830549943448, 41.4231420806282], [-72.8832883907648, 41.4231587919974], [-72.8860392613691, 41.411946317426], [-72.8866663744308, 41.4119797109832], [-72.8866593495179, 41.4117819422155], [-72.8866522730365, 41.4112330632165], [-72.8866308612032, 41.4105852192146], [-72.8863693085515, 41.4089602928791], [-72.8860565908993, 41.4078127909819], [-72.8857304131911, 41.4063251629053], [-72.8858693308915, 41.4049863820731], [-72.8861130600155, 41.4018079987249], [-72.88853242031, 41.3932349815361], [-72.8909958208986, 41.3928793165615], [-72.8909597006676, 41.3928189828975], [-72.891003992757, 41.3926544301632], [-72.8910911753164, 41.3925225883236], [-72.8915215894374, 41.3920620183006], [-72.8919716540573, 41.3914225167612], [-72.8921092858504, 41.3911331448106], [-72.8921931839078, 41.3908544764203], [-72.8922429368842, 41.3906924906645], [-72.892279509959, 41.3904397809489], [-72.8922431189277, 41.3903574950296], [-72.89217904545, 41.3902232626382], [-72.8921789015433, 41.3901573982663], [-72.892385542022, 41.3898665710646], [-72.8928129103085, 41.3895883318979], [-72.8928054470287, 41.3892989723155], [-72.8929280552876, 41.3890178536938], [-72.8929744724831, 41.3887908636216], [-72.8929454642245, 41.3886480142836], [-72.8929090826672, 41.3880550831811], [-72.8929822767141, 41.3877812302977], [-72.8930481235635, 41.3876878364508], [-72.8932011662522, 41.3875780366019], [-72.8932835616351, 41.3874486004066], [-72.8932430680326, 41.3873663198958], [-72.8932055247214, 41.3872816307378], [-72.8931432411464, 41.3871276722137], [-72.893143162275, 41.3869904482346], [-72.8932716427889, 41.3865871934952], [-72.8935059002886, 41.3861235975668], [-72.893810622045, 41.3859088065908], [-72.8940844574135, 41.3857336702827], [-72.8942087257503, 41.3855913171558], [-72.8942594899743, 41.3854763314089], [-72.8942594296292, 41.3852437348852], [-72.894328157777, 41.3851172322131], [-72.8945509726361, 41.3849433638703], [-72.8950031265669, 41.3846640586086], [-72.8953803413325, 41.3843814165061], [-72.8953794951242, 41.3842076533655], [-72.8953933431109, 41.3837789847159], [-72.895652759594, 41.3834786487265], [-72.895813094715, 41.3833744981973], [-72.8962214240405, 41.3831602547192], [-72.896301214649, 41.3830947991661], [-72.8965127308485, 41.3828638204233], [-72.8973369817725, 41.3821730447013], [-72.8976071078849, 41.3819809273445], [-72.8981100254843, 41.3817063451378], [-72.8987732860433, 41.3814375572023], [-72.8990282087165, 41.3812734170044], [-72.8993273762248, 41.3810373455024], [-72.8995096779371, 41.3807846161914], [-72.8996353605226, 41.3802803249884], [-72.899774221475, 41.3801528717095], [-72.8999185150404, 41.3800130547773], [-72.9003138713045, 41.3798168208338], [-72.9007349202713, 41.3797039178403], [-72.9013904023827, 41.379434611997], [-72.9017412343824, 41.3792883478012], [-72.9019734497473, 41.379159736224], [-72.9023238780815, 41.378941428272], [-72.9028411907336, 41.3786059171029], [-72.9036653665016, 41.3781293295436], [-72.9038275684694, 41.3780560459902], [-72.9038985330937, 41.3778276432396], [-72.9045552148971, 41.3759672056313], [-72.9048469172956, 41.3750976633621], [-72.9052580363141, 41.373988856452], [-72.9053091598959, 41.3738460742995], [-72.9056014826709, 41.3730557815191], [-72.9056518419288, 41.3728798964438], [-72.9059809657774, 41.3719633083018], [-72.9063015134512, 41.371079662446], [-72.9066371683591, 41.3702344180443], [-72.9071699764262, 41.3688130796235], [-72.9075347153579, 41.3678576668151], [-72.9075932761169, 41.3677810872524], [-72.9078999146354, 41.3669084355577], [-72.908038489766, 41.3665902255071], [-72.9010154598092, 41.3647710054904], [-72.8999450780851, 41.3644576505439], [-72.8997331393811, 41.3644740539056], [-72.8958288263136, 41.3636658581698], [-72.8939055932987, 41.3632478679969], [-72.8926747663375, 41.3630439100268], [-72.8911228781088, 41.3627137505333], [-72.887902764973, 41.3620372028527], [-72.8858633191863, 41.3616355140544], [-72.8819081082183, 41.3608157576163], [-72.8816611912835, 41.3598552990287], [-72.8816684770265, 41.3596302433791], [-72.8817492731237, 41.3592788567093], [-72.8819316583093, 41.3589551404981], [-72.882187031795, 41.358587258817], [-72.8823912671005, 41.3583736395779], [-72.8828573317833, 41.3581705220574], [-72.8833531879742, 41.3579510763898], [-72.8836448697586, 41.3577538204393], [-72.8838489221194, 41.3575672976049], [-72.8839579543352, 41.3573368064635], [-72.8843013477318, 41.3563816678263], [-72.8844994122901, 41.3555037134732], [-72.8844922446619, 41.355119669628], [-72.8844630003142, 41.3548507391116], [-72.8843102773826, 41.3544222676018], [-72.8840123726742, 41.3540215759292], [-72.8834590801544, 41.3534117457122], [-72.8832188453467, 41.3532687988954], [-72.8829055674415, 41.3531370835158], [-72.8825559865132, 41.3530652697729], [-72.8818060718283, 41.3530380060129], [-72.8816162206974, 41.3530378811974], [-72.8807859254749, 41.3531139637986], [-72.8800647753048, 41.3532401685736], [-72.8795252716797, 41.3533603400374], [-72.8785636083356, 41.3535463293309], [-72.8782727457103, 41.3535792459975], [-72.8774784010566, 41.353534845013], [-72.8770411145268, 41.3534305286955], [-72.8764808036163, 41.3531554980805], [-72.8758765847595, 41.3527767371287], [-72.875279825397, 41.3523643459854], [-72.8746462930052, 41.3517660524021], [-72.8745452942469, 41.3515661577184], [-72.8744317248238, 41.3513410627938], [-72.8743993461763, 41.3513122812604], [-72.8742755426575, 41.3512082975181], [-72.8742244576177, 41.3511591225004], [-72.8741225035529, 41.3510551121104], [-72.8740205015955, 41.3509238279015], [-72.8738527815205, 41.3507104553132], [-72.8737141997415, 41.3504970510439], [-72.8735829259832, 41.3502944431323], [-72.8735172960241, 41.3501356768605], [-72.8734588040465, 41.3500208118328], [-72.8734151590103, 41.3499332080911], [-72.8734004140266, 41.3498400846151], [-72.8733930946504, 41.3497032134996], [-72.8734002663841, 41.3495225801151], [-72.8734146585613, 41.3494295981149], [-72.8734364901506, 41.3491777654839], [-72.8734873851369, 41.3490078985495], [-72.8735453467387, 41.3488436798136], [-72.8735963273208, 41.3487177217072], [-72.8736979427798, 41.3485314999346], [-72.8737853571699, 41.3484111617824], [-72.8739015791052, 41.3482412234065], [-72.8740035210454, 41.3481044021128], [-72.8742073692281, 41.3479290507341], [-72.8743236939956, 41.3478139994387], [-72.8743564116309, 41.3477839444562], [-72.8745453640746, 41.3476751592258], [-72.8748477692647, 41.3475009010358], [-72.8756783514979, 41.347018676885], [-72.8760574251159, 41.3468264948083], [-72.8766406251919, 41.3466074904174], [-72.8768729672875, 41.346579785544], [-72.8774632701726, 41.3466187583031], [-72.8777985194773, 41.3467178731329], [-72.8791303428166, 41.3472946116388], [-72.8795236553765, 41.3473993146731], [-72.8798876615565, 41.3474160559371], [-72.8802523875134, 41.3473394830088], [-72.8806533754355, 41.3471858512302], [-72.8810761644831, 41.3468896505026], [-72.8812067257715, 41.3467304912817], [-72.8813021578565, 41.3465329517706], [-72.8813577135016, 41.3463169298912], [-72.8813614941775, 41.3460465932471], [-72.8813267650224, 41.345867727898], [-72.8812626616372, 41.3456839211323], [-72.8811759315655, 41.3455692623183], [-72.8810471519086, 41.3454831337549], [-72.8803237208619, 41.3451077900282], [-72.8797300664179, 41.344636071199], [-72.8795775946617, 41.3444204553371], [-72.8795147926131, 41.3442033686733], [-72.8795489381295, 41.3438588942568], [-72.8797242539764, 41.3435463404056], [-72.8800519749946, 41.3432996540784], [-72.8803070501824, 41.3432609412899], [-72.8805257934197, 41.3432666918996], [-72.8815963457125, 41.3436567309742], [-72.8819891674849, 41.3437507938584], [-72.8823827051442, 41.3437506837447], [-72.8826957980104, 41.343701263555], [-72.8832709632368, 41.343586357608], [-72.8841453494019, 41.3432081410576], [-72.8844370523439, 41.3430542808727], [-72.885508448092, 41.3423082336622], [-72.8856686032211, 41.3421603579047], [-72.8861426868435, 41.3418256515384], [-72.8864556942069, 41.3415240744992], [-72.8868785271821, 41.3411727894242], [-72.8874324536476, 41.3406076208252], [-72.8878776957485, 41.3400972944041], [-72.8881837366915, 41.3395214447578], [-72.8883297949369, 41.3392797478642], [-72.8884091581163, 41.339032991164], [-72.888709586159, 41.3376440911083], [-72.8887682156479, 41.3369633842826], [-72.8885725177892, 41.33601419949], [-72.8885867468081, 41.3356405885876], [-72.8886381837897, 41.3353223354026], [-72.8888062662669, 41.3349545433264], [-72.8893165438381, 41.3342304071163], [-72.8893752218024, 41.3341042623515], [-72.8892955009626, 41.333330239262], [-72.8890845462324, 41.3326930874244], [-72.8890706238098, 41.332248669711], [-72.8891216383325, 41.3317328132152], [-72.8892023306725, 41.3314747325874], [-72.8893184230874, 41.3312771609126], [-72.8894794225295, 41.3312220724737], [-72.8902875271103, 41.3311236575432], [-72.8915034682819, 41.3309377655059], [-72.892100895836, 41.3307567495945], [-72.8924728305326, 41.3305924769305], [-72.8926841209382, 41.3304330338835], [-72.8928737635331, 41.3301590340771], [-72.8928809466342, 41.3299063616962], [-72.8928592068521, 41.3297472085148], [-72.8927207261932, 41.3294833932117], [-72.891789777411, 41.3285449026333], [-72.892313856583, 41.3281334380347], [-72.8925693062589, 41.3282979602908], [-72.8929108893496, 41.3281004477941], [-72.8933989645039, 41.3286001895025], [-72.8977470702633, 41.3276630876866], [-72.8981694532566, 41.3275814101651], [-72.8983729734867, 41.3275209377211], [-72.9026698206271, 41.3266164707027], [-72.9118788810427, 41.3324048416944], [-72.9132399080668, 41.3332835512618], [-72.9134293920379, 41.3333381711747], [-72.9145800868527, 41.3334591685173], [-72.9201949906662, 41.3339544144208], [-72.9210176678231, 41.3340367246651], [-72.9239887623828, 41.3343173414793], [-72.9271352166415, 41.334636370329], [-72.9315557175161, 41.3350430175418], [-72.9353719999817, 41.3354329742012], [-72.9404117138086, 41.3358665782755], [-72.9431640480849, 41.336075012918], [-72.9542778715579, 41.337292660449], [-72.9574908090552, 41.3402397973385], [-72.957308852449, 41.3402785518578], [-72.9568499054493, 41.3403171175976], [-72.9563549201043, 41.3406190421697], [-72.9561218542427, 41.3408331915374], [-72.9560196424034, 41.3409704295686], [-72.9558374767783, 41.341305582558], [-72.9556778923531, 41.3417991942189], [-72.9553059610356, 41.3422221703149], [-72.9552038840969, 41.3422602599033], [-72.9550370864305, 41.3422000090573], [-72.9542208377257, 41.3428368133037], [-72.9530555686762, 41.3438140338196], [-72.9509073011477, 41.3437922641444], [-72.9509586610625, 41.3454609984585], [-72.9511840293565, 41.3469433126051], [-72.9520953308642, 41.3474262828623], [-72.9522113121415, 41.3474643344151], [-72.9523282781631, 41.3474534901802], [-72.9524520578981, 41.3473656208102], [-72.9529397297826, 41.3472505169491], [-72.9532677807734, 41.3472669181993], [-72.953726317662, 41.3473709083909], [-72.9527145260013, 41.3491993339021], [-72.9527805909489, 41.3492156836912], [-72.9539749510466, 41.3497919696273], [-72.9543827206038, 41.3500334424202], [-72.9547835383569, 41.3502363329239], [-72.9549439653084, 41.3502911061707], [-72.95633537375, 41.3503951334635], [-72.9579303378317, 41.3503733837769], [-72.9584694320304, 41.3490392682269], [-72.9600355174674, 41.3491762096769], [-72.9613615550025, 41.34927463281], [-72.9619867980669, 41.3470902356979], [-72.9620455562697, 41.3470292321669], [-72.962117797399, 41.346985529537], [-72.9621542510914, 41.3469254292848], [-72.9620741137892, 41.3467826910664], [-72.9620674473225, 41.3467605767245], [-72.9626929270822, 41.3461952523961], [-72.9628023702491, 41.3461842442056], [-72.9629550040255, 41.346222381284], [-72.9633561602474, 41.346458690908], [-72.9641350919612, 41.3463924032139], [-72.9643453759535, 41.3439608995978], [-72.9646447995206, 41.3440648055397], [-72.9654745924145, 41.3445202048656], [-72.9657661032693, 41.3447071415323], [-72.9667497716123, 41.3455025584717], [-72.9670345563684, 41.3457879663315], [-72.9672753700835, 41.3461940381623], [-72.9679970717058, 41.3478680081443], [-72.968433563372, 41.34784093225], [-72.9689214830731, 41.3478079271303], [-72.973285175779, 41.3474389578778], [-72.9746199194413, 41.351516722876], [-72.9747520691514, 41.3535967891293], [-72.9747891378374, 41.3543766649194], [-72.9748475482317, 41.3548758774299], [-72.9750749910896, 41.3580430894725], [-72.9751113620081, 41.3584879686831], [-72.974341442806, 41.3620012242474], [-72.9742975726005, 41.3626162455163], [-72.9740150659276, 41.3648116995609], [-72.973992866401, 41.36497624215], [-72.972610198429, 41.3677271946427], [-72.9723187258517, 41.3682540177261], [-72.9719034250815, 41.3689949742649], [-72.9688632026911, 41.3750975152694], [-72.9655377154769, 41.3811277778661], [-72.9647146675005, 41.3823741159068], [-72.9606788798762, 41.3882484388839], [-72.9601256136336, 41.3890882320223], [-72.9574957448946, 41.3929364909763], [-72.9555128262534, 41.3942870810143], [-72.9552318881967, 41.3946199617017], [-72.9533488780507, 41.396851012844], [-72.9531236490121, 41.4000075595547], [-72.9493846585929, 41.402769051525], [-72.9447771569948, 41.4061562666403], [-72.9430934981027, 41.4066942834891], [-72.9384124864685, 41.4081978019394], [-72.9393678158694, 41.4120350533831], [-72.9466086106373, 41.4157069843041], [-72.9484900974487, 41.4166840345713], [-72.948752021767, 41.4167935300804], [-72.9498972188536, 41.4173644513873], [-72.952901726035, 41.4189175244036], [-72.9520573529592, 41.4246811888779], [-72.9515913922879, 41.4279417443325], [-72.9552674027238, 41.4291325004936], [-72.9615482730365, 41.4326717509082], [-72.9628773609159, 41.4370794728793], [-72.9629133793221, 41.4372878150481], [-72.9629062172115, 41.4373981175087], [-72.9627023178522, 41.4381280056727], [-72.9626950846035, 41.4382872001948], [-72.9627606989888, 41.4384846797385], [-72.9628336180144, 41.4386166222338], [-72.9628992990686, 41.4388362300778], [-72.9628046882235, 41.4391103321851], [-72.9624839418229, 41.4397306606906], [-72.9622359958761, 41.4400983662981], [-72.9615950510102, 41.4408120798009], [-72.9613320491187, 41.4411799755267], [-72.9608944166037, 41.4418939963565], [-72.9607559965336, 41.4420198094782], [-72.9599099140914, 41.4425419493416], [-72.9595748981333, 41.4428489090932], [-72.9592753358197, 41.4431949138279], [-72.9591080518351, 41.4434199236603], [-72.9584226886065, 41.4442379860618], [-72.9580501114436, 41.4446390119425], [-72.9577804627903, 41.4450062276927], [-72.9573212475784, 41.4458351973854], [-72.9571244485277, 41.4466041709175], [-72.9572341217253, 41.4468235295405], [-72.9575188388507, 41.4472461748547], [-72.9576133446556, 41.4474990124761], [-72.9576794920456, 41.447795118434], [-72.957708411843, 41.4480696845128], [-72.9577008826057, 41.4483549486479], [-72.9572932704085, 41.4500016744067], [-72.9572351888849, 41.4501611279601], [-72.957110878991, 41.4503586121619], [-72.9569870970161, 41.4505068605505], [-72.9568046904579, 41.4506442414773], [-72.9566731398224, 41.4507866770088], [-72.9561631833347, 41.4510887974022], [-72.9559148793201, 41.4512262923549], [-72.9549737295999, 41.4516542256025], [-72.9545722619176, 41.4518796433623], [-72.9539162214873, 41.4523514838381], [-72.9536240338279, 41.4525269608089], [-72.9527411397192, 41.452933499609], [-72.9522816416339, 41.4531972643767], [-72.951931956544, 41.453510061242], [-72.951836818114, 41.4536362972928], [-72.9514359576526, 41.4546519379836], [-72.9513849631539, 41.4547506576583], [-72.9511658829343, 41.4549808863098], [-72.9508010404024, 41.4551895845599], [-72.9506475203103, 41.4552392582467], [-72.9505455453012, 41.4552943225663], [-72.9498163982041, 41.4555909655447], [-72.949232681802, 41.4558045042232], [-72.9488892784206, 41.4560189961982], [-72.9487216718114, 41.45616131205], [-72.9483785748503, 41.4565514440189], [-72.9480290530406, 41.4570782981346], [-72.9477003906966, 41.4577203740838], [-72.9473798165026, 41.4583243672669], [-72.9471681247974, 41.4588182161857], [-72.9470220869656, 41.4591589485994], [-72.9469345799559, 41.4597023265517], [-72.9469421586137, 41.4597952816403], [-72.9471458729903, 41.4599762390602], [-72.9474018175825, 41.4601632813384], [-72.9475253805051, 41.4603056074758], [-72.9475403771641, 41.4606627026293], [-72.9476205001739, 41.4618919052102], [-72.9477963741691, 41.4643128920863], [-72.9406596327584, 41.4635448496753], [-72.9360916534444, 41.4630453062537], [-72.9359382794678, 41.4629958113429], [-72.9353980892365, 41.4627598030343], [-72.9338145048834, 41.4622218619017], [-72.9314145747842, 41.4615848515929], [-72.9306919324719, 41.4614091437907], [-72.9304219693485, 41.4613322099942], [-72.9293124228835, 41.4610905480836], [-72.9278898899741, 41.4608762911224], [-72.9269410705743, 41.4607832463703], [-72.9252631251652, 41.4607225234237], [-72.9237159180333, 41.4606066921876], [-72.9222491512021, 41.4604694475522], [-72.9213004888131, 41.4603430790554], [-72.9205418700553, 41.4600850272886], [-72.9201861031998, 41.4600629136297], [-72.9200237111083, 41.4600465170462], [-72.9186010454644, 41.4599364346649], [-72.9172442695859, 41.4598210930697], [-72.9169745926161, 41.4597605914962], [-72.9169084299347, 41.4597442213166], [-72.91645620714, 41.4595405859225], [-72.9152742051055, 41.4591071274118], [-72.9140336919775, 41.4586128442942], [-72.9138878091226, 41.4585410108092], [-72.9126331328794, 41.4580251221414], [-72.9123269919111, 41.4578741002833], [-72.9081540773061, 41.4560582935915], [-72.8994813999083, 41.4527568446349], [-72.886872365135, 41.4479387244223], [-72.8831143383234, 41.4464952082573], [-72.8773166840399, 41.4441789960783], [-72.8733122376554, 41.4427208630792], [-72.8683925086233, 41.4408047233946], [-72.8623671880465, 41.4384593080236], [-72.8592784308852, 41.437257879678], [-72.8555797119207, 41.4358275191641], [-72.8518471792389, 41.4343367577471], [-72.8515322047959, 41.4342109509029]]]}, "properties": {"FID": 15, "ID": 0, "TOWN_CODE": 15, "TOWN_NAME": "Hamden", "CIS_TOWN_C": 150, "SHAPE_AREA": 926878433.07, "SHAPE_LEN": 174503.320428, "GlobalID": "a3d8057d-a922-4c9e-9e7d-350aff26e2ae"}}, {"type": "Feature", "id": 16, "geometry": {"type": "Polygon", "coordinates": [[[-73.1301699921911, 41.1471131874725], [-73.1303050903881, 41.1471218016616], [-73.1304458030557, 41.1472814546177], [-73.1308560804894, 41.1473754176786], [-73.1311776492887, 41.1473886295717], [-73.1314735318854, 41.1473256880889], [-73.1315053238248, 41.1473732509278], [-73.1317705022858, 41.1474438024087], [-73.1321742528975, 41.1474996622165], [-73.1324705916699, 41.1475129269321], [-73.1327041185533, 41.1475598026187], [-73.1331780149562, 41.1477535938556], [-73.1334212268012, 41.1477624193496], [-73.1345362255572, 41.148254108469], [-73.1347318196742, 41.1482820116103], [-73.1348704620057, 41.1482767797722], [-73.1349332388043, 41.1482337095741], [-73.134908780767, 41.1483624444624], [-73.1353069870891, 41.148542176123], [-73.1357486704673, 41.1486169012259], [-73.1358933132642, 41.1485592455847], [-73.1358752767776, 41.1487022483928], [-73.1361310510005, 41.1488231082463], [-73.1363484011907, 41.1488503241424], [-73.1369535007516, 41.148751025702], [-73.13714204169, 41.1486551092902], [-73.1373400219569, 41.1480301958997], [-73.1374094308488, 41.1480394969799], [-73.1372609631938, 41.1485117364528], [-73.137595971632, 41.1486678453067], [-73.1381833505203, 41.1488612104977], [-73.1386575978275, 41.1491073684755], [-73.1392329056042, 41.1493865542606], [-73.1400545131848, 41.1497410968273], [-73.1401977874545, 41.1497469098508], [-73.1403252359354, 41.1496830194089], [-73.1406128020977, 41.1492817606441], [-73.1403888198141, 41.1497733326788], [-73.1408001148706, 41.150033966883], [-73.1411480015006, 41.1502281735695], [-73.141445217534, 41.150384384027], [-73.1418183692813, 41.1505879960842], [-73.1424756834181, 41.1508716145245], [-73.1427028589318, 41.1509137317847], [-73.1428857503091, 41.1509273657226], [-73.1430683960534, 41.1508981954334], [-73.1434190197378, 41.1504967327254], [-73.1431004336259, 41.1509838038539], [-73.1432652885167, 41.1511404881119], [-73.1436888652274, 41.1513391832935], [-73.1441411810091, 41.1515389347574], [-73.1448899759251, 41.1518972704481], [-73.1452501442093, 41.1520342417801], [-73.1456036804002, 41.1521235477799], [-73.1458875620662, 41.152151132212], [-73.1460511186107, 41.1520981299308], [-73.1465141720673, 41.1515295284852], [-73.1461710928277, 41.1521311044358], [-73.1466330935711, 41.1524249149984], [-73.1471073759688, 41.1526710595964], [-73.1476699459155, 41.1529168333684], [-73.1482509383436, 41.1530815979829], [-73.1486360208407, 41.1531660410083], [-73.1489259380625, 41.1531554724254], [-73.149146411302, 41.1531261445987], [-73.1495027196377, 41.1526341221126], [-73.1493219687772, 41.1529730584149], [-73.1495120887854, 41.1531343880973], [-73.1498281132951, 41.1532667066757], [-73.1506116477474, 41.1535641582877], [-73.1511803585212, 41.1537813409714], [-73.1520556895667, 41.1540170177168], [-73.1523673628617, 41.1540773635096], [-73.1526762289215, 41.1540667422313], [-73.1530575216511, 41.1535412245997], [-73.1527957118724, 41.1540234116257], [-73.1532006906495, 41.1542650058079], [-73.153592721054, 41.1544542328253], [-73.154180240304, 41.1546522310213], [-73.1550331134673, 41.1549399006734], [-73.1556835147873, 41.1551139074384], [-73.1562560153287, 41.1552978478863], [-73.1566306408746, 41.1553487867757], [-73.156756615557, 41.1553292883881], [-73.1568324459995, 41.1553575584062], [-73.1572259502025, 41.1547701207761], [-73.1568833622291, 41.1554384053067], [-73.1571052039957, 41.1556282101872], [-73.1577755015956, 41.1559498521137], [-73.1582810846665, 41.1561481628353], [-73.1587990897534, 41.1563178334827], [-73.1593359734974, 41.1564779396081], [-73.1598032378069, 41.1565953505181], [-73.1603017676991, 41.1566698022419], [-73.1606232312272, 41.1566591285436], [-73.1610170863346, 41.156128823207], [-73.1607056235821, 41.1567255485091], [-73.1611296213782, 41.1569812938099], [-73.1616543287392, 41.1572081348295], [-73.1622448306768, 41.1574174323578], [-73.1625324319294, 41.1574908791987], [-73.1631891144383, 41.1576457513684], [-73.1635238772434, 41.1577446136232], [-73.1641804895714, 41.1578946768355], [-73.1641865602177, 41.1578957864566], [-73.1631301624978, 41.1610114226499], [-73.163130022136, 41.1610113169768], [-73.1630860187233, 41.1609804604031], [-73.1629479729292, 41.1608267056844], [-73.1626719164316, 41.1606073271931], [-73.1623015368291, 41.160502974209], [-73.1620692030206, 41.1603382810853], [-73.1619816874613, 41.1602449178121], [-73.1620403586783, 41.1601187952846], [-73.1620476223996, 41.1600474648829], [-73.1619525974859, 41.1599541011955], [-73.1619750202776, 41.159871727577], [-73.162003794439, 41.1598277139206], [-73.1619752308202, 41.1597619311497], [-73.1619169455981, 41.1597339800568], [-73.1618225523124, 41.1598111757683], [-73.161713701765, 41.1600030286453], [-73.1616403276533, 41.1600691281983], [-73.1615461800007, 41.160074306258], [-73.1614373645439, 41.1600252731866], [-73.1611832044812, 41.1598162481733], [-73.1608561615731, 41.159420969272], [-73.1603188216533, 41.1588995631131], [-73.1601378602502, 41.1587073899754], [-73.160028378075, 41.158657880335], [-73.1595059515925, 41.1585589137807], [-73.1594841955193, 41.1585641447982], [-73.1594043998569, 41.1585426395011], [-73.1592952685861, 41.1584766440859], [-73.1593603964442, 41.1584052062197], [-73.1595348661157, 41.1582457388677], [-73.1595057761403, 41.1582075892316], [-73.1594618429085, 41.1581854497512], [-73.1589898413895, 41.1583063449614], [-73.1588663932188, 41.1582733735625], [-73.1587719648426, 41.1581632045855], [-73.1588305307883, 41.1580921362502], [-73.1590696019614, 41.1579602501243], [-73.1591423444451, 41.1578342817178], [-73.1591352912665, 41.1577958676463], [-73.1590555306946, 41.1577410733953], [-73.1589608917758, 41.1577461987997], [-73.1586196723296, 41.1579107399196], [-73.1585253843152, 41.1578940956054], [-73.1584383249316, 41.1578391957583], [-73.1583144556757, 41.1576637695671], [-73.1582055700379, 41.1575320939368], [-73.1581990081255, 41.157318041214], [-73.1582783476121, 41.1571915431766], [-73.1583875139734, 41.1570435919459], [-73.1582786283356, 41.1569443587548], [-73.1579444269776, 41.1568568558801], [-73.1575960841719, 41.1567904888876], [-73.1573052545987, 41.1567030386477], [-73.1567175248059, 41.1564611892496], [-73.1563033172429, 41.1562799997669], [-73.1560350157327, 41.1561260226592], [-73.1557735919488, 41.1560216625402], [-73.1556133339057, 41.1559120710262], [-73.1553372072272, 41.1557747907516], [-73.1545237406289, 41.1555105861807], [-73.1512705760445, 41.1545983852941], [-73.1477995349133, 41.1535870919676], [-73.1472911796976, 41.1534444697128], [-73.1467243638076, 41.1532354237132], [-73.1458745786031, 41.1528839649449], [-73.1445528620604, 41.1525542229349], [-73.1443648123883, 41.152488168647], [-73.1441464094848, 41.1523669456446], [-73.1440375589375, 41.152339889739], [-73.143079589904, 41.1519218957164], [-73.1429120330493, 41.1518725394827], [-73.1427380546439, 41.1518887625743], [-73.1425925696764, 41.1519220014042], [-73.1421929597367, 41.1521192674359], [-73.14190981497, 41.1522842454293], [-73.141713659406, 41.1523440643814], [-73.1416412678267, 41.1523496657999], [-73.1411482120432, 41.1511909017868], [-73.1410534678531, 41.1510594773771], [-73.1409810060929, 41.1510430955464], [-73.1409517406652, 41.1511579796534], [-73.1410392562246, 41.1514105231719], [-73.1412132697204, 41.1517071905446], [-73.1411984615544, 41.1517345109316], [-73.1411910925618, 41.1517568111231], [-73.1411401061514, 41.1517672742434], [-73.1410748379315, 41.1517071377005], [-73.1409880943619, 41.1515092891421], [-73.1407627786416, 41.1510975254842], [-73.1407410576588, 41.1509934744278], [-73.140697931507, 41.1509162683315], [-73.1404941964078, 41.1508505823066], [-73.1400446176805, 41.1505483094858], [-73.1397834746202, 41.1501747469711], [-73.1396817474323, 41.150130832494], [-73.1395657384351, 41.1501583649193], [-73.1394929257704, 41.1502021736873], [-73.1394055154824, 41.1503122503539], [-73.1393256847297, 41.1503233478472], [-73.1390568919532, 41.1502683359689], [-73.1389117929806, 41.1502901082068], [-73.1389917640951, 41.1503831157433], [-73.1387735717343, 41.1504382332155], [-73.1385630290896, 41.1504489079267], [-73.1383018509388, 41.1503388314895], [-73.1380834480354, 41.1502896325997], [-73.137989160021, 41.1502290719392], [-73.1378439206866, 41.1501523933962], [-73.1374082026833, 41.1501960436322], [-73.1373355303805, 41.1502618360033], [-73.137088388406, 41.1503383030376], [-73.1370740715062, 41.1503712784278], [-73.1371178292858, 41.1504047822528], [-73.1372043974033, 41.150420741482], [-73.1373284772019, 41.1504098553856], [-73.1375463537487, 41.1502619416938], [-73.1376841539097, 41.150267490445], [-73.1377928991857, 41.1502400109108], [-73.1378299196007, 41.1502783237197], [-73.1379820015711, 41.1503996034292], [-73.1379671934051, 41.1504269243611], [-73.137734964868, 41.1506078129519], [-73.1375606706486, 41.150607707262], [-73.1374732603606, 41.1506407882065], [-73.1374222037692, 41.150679206471], [-73.1373789021653, 41.1507613274176], [-73.1373134584932, 41.1507890181126], [-73.1369865559469, 41.1508050300931], [-73.1369354642651, 41.1508436596405], [-73.1368267189891, 41.15098602333], [-73.1367541519575, 41.1510737454198], [-73.1367614156788, 41.1511121634306], [-73.1366884626524, 41.1512112469172], [-73.1366526704028, 41.1512170069659], [-73.1364853591811, 41.1511724590528], [-73.1363903342675, 41.1511839263121], [-73.13634675194, 41.151221974347], [-73.1363757366441, 41.1512495063141], [-73.1365363105011, 41.1512712782261], [-73.136565119753, 41.1513044645246], [-73.1365507677627, 41.1514471971236], [-73.1366081406334, 41.1514418598495], [-73.1366378271463, 41.1513978405325], [-73.1367247461682, 41.1513210576676], [-73.1368120862753, 41.1513156146944], [-73.1369133221969, 41.1512385675109], [-73.1370152599274, 41.150980580329], [-73.1370739311444, 41.1509591253886], [-73.1371026702154, 41.1509477109347], [-73.1372698059849, 41.150964462702], [-73.1374587680085, 41.151024916994], [-73.1375531262038, 41.1509808445524], [-73.1375533367464, 41.1508655902216], [-73.1375823214505, 41.150816391727], [-73.1377928991857, 41.1507724776798], [-73.1378868713861, 41.1508162331926], [-73.1379016795521, 41.1507889124229], [-73.1380616217812, 41.1505861465096], [-73.1380616919621, 41.1505585085739], [-73.1381124327395, 41.1505036025831], [-73.1382430744505, 41.1504161968012], [-73.1383089392079, 41.1504267658258], [-73.1383668033447, 41.1504653427509], [-73.1385842237158, 41.1505421794631], [-73.1386205072316, 41.1505753132857], [-73.1386066815979, 41.1507288806724], [-73.1386208230456, 41.1507785548361], [-73.1387007941601, 41.1508716145245], [-73.1388242423308, 41.1509102968774], [-73.1390567866819, 41.1510091692904], [-73.1391436706133, 41.1511191917576], [-73.1391727956791, 41.1510914483575], [-73.1391873582121, 41.1510258681974], [-73.1391292835326, 41.1509157927289], [-73.1389617617683, 41.1508336719758], [-73.1387730102873, 41.1506904095921], [-73.1387514647566, 41.1506134673637], [-73.1387803441894, 41.1505864107345], [-73.138925758976, 41.1505037611183], [-73.1390569621341, 41.1504708914849], [-73.1393767062305, 41.1504660297371], [-73.1395285776583, 41.1504386031312], [-73.1396380598335, 41.1503395713222], [-73.1396521661907, 41.1502300759995], [-73.1396816070705, 41.1502186614187], [-73.1397176800437, 41.1502575026926], [-73.1398341803071, 41.1505375819457], [-73.139877481911, 41.1505646914401], [-73.1399572073925, 41.150690990886], [-73.1401457834213, 41.150767721644], [-73.1402407030636, 41.1508886833797], [-73.140269477225, 41.1510316282625], [-73.140203717739, 41.1511960277034], [-73.1403853458605, 41.1514326120963], [-73.1403992416751, 41.1515972747526], [-73.1403487465308, 41.1516521269834], [-73.1403050238415, 41.1516682444413], [-73.1398690952957, 41.1516736873852], [-73.1397093986997, 41.1516080021193], [-73.1395933897024, 41.1516022421049], [-73.139389479151, 41.1516957233769], [-73.1392664520656, 41.151651545698], [-73.1392157112882, 41.1516292454707], [-73.1389684991329, 41.1516568301109], [-73.1388598942187, 41.151519329548], [-73.1387949769032, 41.1513658168572], [-73.1386347539506, 41.1512123566514], [-73.1385261139459, 41.151151479776], [-73.1384029114083, 41.1511134845448], [-73.1382792176045, 41.1511130089437], [-73.1381990710378, 41.1511845076017], [-73.1381115905689, 41.1513214804228], [-73.1381337677275, 41.1513821457629], [-73.1380898344956, 41.1514372095509], [-73.1381775605976, 41.1514970821201], [-73.1382134581185, 41.1514643715176], [-73.1383295723871, 41.1514151206281], [-73.1383511530081, 41.1513822514516], [-73.1383080268564, 41.1512283685285], [-73.1383303443768, 41.151201206464], [-73.138467688362, 41.1512451730686], [-73.1385836973592, 41.1513274518394], [-73.1386856701802, 41.1514591927777], [-73.1387076017056, 41.1516345827296], [-73.1386633526598, 41.1517498357085], [-73.1385400799413, 41.1518159435844], [-73.1385184291394, 41.1518433167701], [-73.1382714275267, 41.1519422406199], [-73.1381403998208, 41.1518871244122], [-73.1381112747549, 41.1519143390364], [-73.13808221987, 41.1519914382696], [-73.1379517536111, 41.1520738746352], [-73.1379441740759, 41.152133957998], [-73.1377409302429, 41.1523423733871], [-73.1375951996423, 41.1524137121738], [-73.1374574696622, 41.1524138178608], [-73.1373263717754, 41.1523530477882], [-73.1372103627782, 41.1522707174609], [-73.1370653339864, 41.1520785777325], [-73.1371743950764, 41.1518315854062], [-73.1371457612767, 41.151787724883], [-73.1370802825142, 41.1517658474544], [-73.136992696774, 41.1518810473586], [-73.1370145581186, 41.1519304035859], [-73.1369490793561, 41.152029432992], [-73.1369707301581, 41.1520787362638], [-73.136971045972, 41.1521722168564], [-73.1369345168232, 41.1521773426962], [-73.1367387823445, 41.1520400546003], [-73.1364042651725, 41.1520400017565], [-73.1363681921993, 41.152083862111], [-73.1361287701219, 41.1521222266861], [-73.1358524329007, 41.1520180187245], [-73.1357730583236, 41.1520285874908], [-73.1357290549109, 41.1520340304048], [-73.1357221771845, 41.152061509187], [-73.1358599071646, 41.1521718469504], [-73.1359473174525, 41.1522154958419], [-73.1359973564211, 41.1523141020686], [-73.1360558170955, 41.1523310648611], [-73.1362081797893, 41.1522320887543], [-73.136258780205, 41.15223245866], [-73.1363029239795, 41.1522539131837], [-73.1363531734907, 41.1522654330974], [-73.1366149832694, 41.1521773955399], [-73.1367891722174, 41.1522325643473], [-73.1371229524902, 41.1524907579763], [-73.137384376274, 41.1525674337845], [-73.1375736541116, 41.1525676451581], [-73.1377840563946, 41.1525293865304], [-73.1378930473037, 41.1524636492783], [-73.1380025294789, 41.1523646205281], [-73.1381110642123, 41.152183472566], [-73.1381769640601, 41.1521230193424], [-73.1384379667586, 41.1520518387707], [-73.1385620114668, 41.1520685374121], [-73.1386056990656, 41.1520517859269], [-73.1386342977748, 41.1520134213106], [-73.138641631677, 41.1519149203195], [-73.1386632824789, 41.1518872301], [-73.1388302427962, 41.1518763970912], [-73.1389324963407, 41.1517446041472], [-73.1390992110248, 41.1518492352952], [-73.1391790768681, 41.1518437923659], [-73.1391934639488, 41.1518602268405], [-73.139469485356, 41.1518709541641], [-73.139491697605, 41.1519039816273], [-73.1395714230865, 41.1519536020568], [-73.1396511134775, 41.1519538662762], [-73.1396875022646, 41.1519319360592], [-73.1397456822154, 41.1517943303853], [-73.1399566459454, 41.1518162606484], [-73.1401162021797, 41.1518932543091], [-73.1401593985123, 41.1519428747467], [-73.1402104901941, 41.152063622939], [-73.1403124279246, 41.1521457949952], [-73.1405879580656, 41.1522228939563], [-73.1406681397228, 41.1522342553445], [-73.1407405663926, 41.1522775871327], [-73.1408998419033, 41.152651190509], [-73.1409141588032, 41.1526953675143], [-73.140725793317, 41.1528819569056], [-73.1405655352739, 41.1529914477993], [-73.1403043220327, 41.1532220016267], [-73.1402237543807, 41.1532217902553], [-73.1400427929776, 41.1531671507095], [-73.1396357438644, 41.1529196340533], [-73.139403410056, 41.1528921556308], [-73.1391279851863, 41.1529412997245], [-73.1390255912801, 41.1529745908638], [-73.1389242851775, 41.1530347790871], [-73.138844559696, 41.1531388269037], [-73.1385460102258, 41.1533472390982], [-73.1383937177128, 41.1533859728332], [-73.1382922712485, 41.1533859728332], [-73.1379721762477, 41.1533308049964], [-73.1379000303014, 41.1532981481516], [-73.1378853624972, 41.1532378016416], [-73.1377835651284, 41.1531002515517], [-73.1376530637792, 41.1530234706806], [-73.1375221062541, 41.1530177636336], [-73.1374496795843, 41.1530560748192], [-73.1373771476433, 41.1531437941392], [-73.1373984475408, 41.1531766624325], [-73.1373771125528, 41.1533307521537], [-73.1372675251062, 41.1535666418893], [-73.1372314872235, 41.1537642200268], [-73.1371296898548, 41.1537805483352], [-73.1371007051507, 41.153753017431], [-73.1370495783785, 41.1536655102963], [-73.1369843452491, 41.1535722432034], [-73.136911497494, 41.1535388995249], [-73.1368391760956, 41.1534344824444], [-73.1368101212106, 41.1534345881298], [-73.1365636108641, 41.1535445008414], [-73.1365415389768, 41.1535334567359], [-73.1365491536025, 41.1534783418659], [-73.1369850821483, 41.1532039822071], [-73.1370135755863, 41.1531436884534], [-73.1369779587889, 41.1530338279128], [-73.1368758105157, 41.1530671190051], [-73.1368252101001, 41.153143952668], [-73.136810472115, 41.1531876009123], [-73.1366434416169, 41.1533025341042], [-73.1365557155149, 41.1533191267415], [-73.1363671043957, 41.1533578604931], [-73.1361786336382, 41.1533022170474], [-73.1360988028854, 41.1532311434418], [-73.1360694672769, 41.1531874952265], [-73.1358444673706, 41.1529018259231], [-73.1357791640603, 41.1528685875899], [-73.1357069479332, 41.1528633561179], [-73.1356632603344, 41.1528797903369], [-73.1356414340802, 41.1529126059194], [-73.135699052584, 41.1531433185529], [-73.1357719354295, 41.15322538357], [-73.135684560232, 41.153340950809], [-73.1357857961536, 41.1534174670947], [-73.1359244735756, 41.1534945117175], [-73.1360400263971, 41.1535387409971], [-73.1362512006698, 41.1537143895979], [-73.1359601254634, 41.1537306122338], [-73.1357711283494, 41.1537799670686], [-73.1356989473127, 41.1537748941965], [-73.1355534272547, 41.1537307707611], [-73.1353062852803, 41.1537302423366], [-73.1350963040826, 41.1536479137388], [-73.1349579424746, 41.1534285112197], [-73.134958609193, 41.1533073956417], [-73.1349947172565, 41.153236586256], [-73.1350459843905, 41.1531923567725], [-73.1351400267718, 41.1531319573222], [-73.1351324121462, 41.1531098689703], [-73.1350889701805, 41.153093381966], [-73.1350024371535, 41.1530440794573], [-73.1350673895594, 41.1529342715929], [-73.1350387557597, 41.1528904646505], [-73.134951766557, 41.1529176788582], [-73.134747645463, 41.1529398201179], [-73.1347481016387, 41.152978078506], [-73.1347043789495, 41.1530713464442], [-73.1346100558446, 41.1530877806111], [-73.1345368220947, 41.1529837327134], [-73.134363054232, 41.1529944598532], [-73.1342244820813, 41.1529724242981], [-73.1342178148975, 41.1528405807143], [-73.1342978912834, 41.1527196754232], [-73.1343851612097, 41.1526648769289], [-73.1344721504123, 41.1526374512429], [-73.1345010298451, 41.1525665354468], [-73.1346103365682, 41.152439922553], [-73.1346467604457, 41.1524179924985], [-73.1347264157463, 41.1524178868115], [-73.1348644615403, 41.152467506852], [-73.1349515911048, 41.1524679295998], [-73.1349583986503, 41.1523526250397], [-73.1349657676429, 41.152330325051], [-73.1349954190653, 41.1523138906942], [-73.1349951383418, 41.15226997765], [-73.1348284236577, 41.1522424461115], [-73.1347987722352, 41.1522588276426], [-73.1347193625677, 41.1522261702638], [-73.1346609369838, 41.1522093659751], [-73.1345525075217, 41.152330325051], [-73.1344869234879, 41.1523303778946], [-73.1344938363048, 41.1523468122472], [-73.1344142511851, 41.1524784982936], [-73.1342758193962, 41.1525549098991], [-73.1341521957733, 41.1526047412094], [-73.1340798392844, 41.1526869654307], [-73.1339489519402, 41.1527359511484], [-73.1339561454806, 41.1527637466959], [-73.1340582235728, 41.1528735020027], [-73.1340653118419, 41.1529613272532], [-73.1341450022329, 41.1530437095562], [-73.1341159824384, 41.1531203318748], [-73.1340649609375, 41.1531314817357], [-73.1339633741114, 41.1530655865584], [-73.1339051239797, 41.1530438680853], [-73.1338764199991, 41.153060249416], [-73.1339121771583, 41.1531587486863], [-73.1339634092018, 41.153191669815], [-73.1341880932942, 41.1532301922704], [-73.1342754684918, 41.1531921982439], [-73.1344426042612, 41.1531319044792], [-73.134493380129, 41.1531592242725], [-73.1345881594096, 41.1532580404511], [-73.1347908417956, 41.1535710806665], [-73.1349654869194, 41.1537466763383], [-73.1350308253201, 41.1537799142262], [-73.1352414030553, 41.1538896678318], [-73.135792989694, 41.1539829873153], [-73.135756530726, 41.1541097029133], [-73.135589430047, 41.1543287861007], [-73.1356034662233, 41.154438697313], [-73.1355092834802, 41.1545537868369], [-73.1353713780479, 41.1546089536444], [-73.1352769145813, 41.1546034581025], [-73.1352043124593, 41.1545650949794], [-73.1351462026894, 41.1544881044566], [-73.1350007177219, 41.1544441928688], [-73.1348996572524, 41.154279325995], [-73.1348556187493, 41.154279114627], [-73.1347393641189, 41.1542299715361], [-73.1346742362608, 41.154081432357], [-73.1345724388921, 41.1540212450946], [-73.1343981446727, 41.1540211394102], [-73.1342893993967, 41.1540537430526], [-73.1341733202186, 41.1541526107249], [-73.1340280107033, 41.1541029919599], [-73.1338319253202, 41.1539496438458], [-73.1337374969441, 41.1539440954063], [-73.1337230396825, 41.1539551394426], [-73.1337879920884, 41.1541576835678], [-73.1339696553003, 41.1542130092349], [-73.1340422925127, 41.154251319722], [-73.1341728289524, 41.1543006213229], [-73.1344562193522, 41.1541307340856], [-73.1345000473128, 41.1541365995621], [-73.1345217332052, 41.1541583176732], [-73.1344197603843, 41.1543396187043], [-73.1344415866384, 41.1543832661525], [-73.134565666437, 41.1543723807142], [-73.1346231094886, 41.1544161338243], [-73.1347392237572, 41.1544766377752], [-73.1348773046417, 41.1544934943245], [-73.135087496382, 41.1546910696686], [-73.1352111550953, 41.1547239371861], [-73.1353781154125, 41.1547132631709], [-73.1355601646194, 41.1546800257562], [-73.1356474345456, 41.1546202089357], [-73.1358072715034, 41.1544004397773], [-73.1358361509361, 41.1542195616509], [-73.135952370476, 41.1541093858604], [-73.1360033919769, 41.1540983946922], [-73.1360545187491, 41.1541093858604], [-73.136156245937, 41.1541977378759], [-73.1362503234087, 41.154213854708], [-73.136329873438, 41.1543513496194], [-73.1363958434667, 41.1544171906624], [-73.1364968337552, 41.1544554481883], [-73.13661343929, 41.1545216061777], [-73.1366418976375, 41.1546148190781], [-73.136627370195, 41.1546534463807], [-73.1364166871885, 41.1547575973115], [-73.1362350941574, 41.1547518904155], [-73.1360100591607, 41.1546531293304], [-73.135879768354, 41.1546475809505], [-73.1357783218897, 41.1546858383419], [-73.1357927791513, 41.1547519960988], [-73.1358869618944, 41.1548672964387], [-73.1357925335182, 41.1549439166258], [-73.1357852347066, 41.155015305423], [-73.1358789963643, 41.1550978436689], [-73.1357340728439, 41.1551907915436], [-73.1355914302021, 41.1552257196193], [-73.1355241969176, 41.1552806216554], [-73.1354650344344, 41.1552510305733], [-73.1350725478542, 41.1552729596801], [-73.135021736896, 41.1552782966423], [-73.1349859095559, 41.1552838978101], [-73.1348476532192, 41.1554318530126], [-73.1347826306324, 41.1555128583445], [-73.1347252928522, 41.1556041675615], [-73.1346387949156, 41.1556591749624], [-73.1345130658663, 41.1556956351738], [-73.1344912747026, 41.1558106168094], [-73.1344743962006, 41.1559046733282], [-73.1345928264382, 41.1561080568784], [-73.1346410056134, 41.1563294055227], [-73.1346886233416, 41.156453263211], [-73.1349812425273, 41.1563725760831], [-73.1353482534475, 41.1562664197826], [-73.1358274485068, 41.1562066572501], [-73.1360455005059, 41.1561573570828], [-73.1363872112182, 41.1560642520569], [-73.1367599067898, 41.1558260991557], [-73.1373166166329, 41.1556475499632], [-73.1376598713247, 41.1553711385789], [-73.1377532118971, 41.1553205167538], [-73.1378784847708, 41.1552945188911], [-73.1379094345395, 41.1552364463923], [-73.1379984589878, 41.155188413686], [-73.138104432119, 41.1551588754036], [-73.138161910261, 41.1550893890518], [-73.1384818298096, 41.1550469045845], [-73.1385811357571, 41.1550077490995], [-73.1386241917279, 41.1549492536148], [-73.1387638867727, 41.1549159634783], [-73.1388459984041, 41.1549339295858], [-73.1389713414586, 41.1549152765388], [-73.1392032541818, 41.1549764669678], [-73.1394155162581, 41.1550116593649], [-73.1395465790544, 41.1549848159166], [-73.1397385588559, 41.1549455018701], [-73.1399507507514, 41.1549374699652], [-73.1401345544802, 41.1550170491898], [-73.140303550043, 41.1550419903346], [-73.1404474910311, 41.1551103142271], [-73.140637189954, 41.1551684925203], [-73.140673087475, 41.1553024979111], [-73.1406147671624, 41.1554529366018], [-73.1405712199253, 41.1556870749521], [-73.1406031522265, 41.1559342641152], [-73.1404734930478, 41.1560331817919], [-73.1399634184005, 41.1562463932636], [-73.139486679672, 41.156393870731], [-73.1393908125877, 41.1564999211446], [-73.1392128338721, 41.1565844126069], [-73.1389570947396, 41.1566692210009], [-73.1383020965719, 41.1569195240136], [-73.1377878812526, 41.1571870518048], [-73.1372856668641, 41.1575077349729], [-73.1369812572903, 41.1577278635883], [-73.1367262199667, 41.1580589533878], [-73.1365307311211, 41.1583038615393], [-73.1358766102144, 41.1582268225689], [-73.1356814722732, 41.1582188967438], [-73.1354918435312, 41.158138951534], [-73.1351285521977, 41.158015097031], [-73.1349613111569, 41.1579989282945], [-73.13465665595, 41.1579132761956], [-73.1345558762041, 41.1579637903403], [-73.1345624030261, 41.1580557830497], [-73.134983207592, 41.1581385816617], [-73.135245122642, 41.1582536646896], [-73.1356588389389, 41.1583201887168], [-73.1357022809046, 41.1583365158903], [-73.135825553623, 41.1584573579833], [-73.1359712140427, 41.1585232477407], [-73.1359926893925, 41.1585506181257], [-73.1358328524347, 41.1586161907583], [-73.1358329927965, 41.1586381187392], [-73.1356878236429, 41.1586931764325], [-73.1357311252469, 41.1588414409698], [-73.1356362757854, 41.1589569983078], [-73.1356435044162, 41.1589897580099], [-73.1357740759464, 41.1591157241957], [-73.1358689604983, 41.1591600025207], [-73.1359266842734, 41.159093954889], [-73.1358178688165, 41.1589622292936], [-73.1358256238039, 41.1589296280925], [-73.135926894816, 41.158819830087], [-73.13592721063, 41.1587591187913], [-73.1359995671189, 41.1586768493479], [-73.1361378234556, 41.1586053588613], [-73.1362034074894, 41.1586058344081], [-73.1364066513224, 41.1586604165822], [-73.1365159580455, 41.1586442480048], [-73.1366104215121, 41.1586495846926], [-73.1367188509741, 41.1587155799336], [-73.1367697321133, 41.1588363684894], [-73.1367768905632, 41.1589737480285], [-73.1367842244653, 41.1589846855409], [-73.1367182193462, 41.1593415539078], [-73.1366530213072, 41.1594074427763], [-73.1365877530873, 41.1595776862022], [-73.1364786919974, 41.1596709975882], [-73.136384088169, 41.1597972266526], [-73.1364489002131, 41.1598517549971], [-73.136485429362, 41.1599289505699], [-73.1364999568045, 41.1599675219035], [-73.1366041052327, 41.1601583704146], [-73.1365827000639, 41.1603278721701], [-73.136437425639, 41.1604045916484], [-73.1362359012376, 41.1604391470866], [-73.1360342715648, 41.1604652485829], [-73.1358658725395, 41.1604150005515], [-73.1361220678477, 41.1603182029733], [-73.1360715727034, 41.1601811432757], [-73.1356570493264, 41.1601700474511], [-73.1356282400745, 41.1601368656406], [-73.1355922372822, 41.1599561618555], [-73.1355195649794, 41.1599504025747], [-73.1353885723639, 41.1600987171053], [-73.1353596227503, 41.1601533508734], [-73.1352071898755, 41.1601699946139], [-73.1351052872354, 41.1602133739937], [-73.1350176313144, 41.160202383849], [-73.1349311333778, 41.1601256641339], [-73.1348293009187, 41.1601752255028], [-73.1348219319261, 41.1601970472877], [-73.1346549365184, 41.1602849155634], [-73.1346617791544, 41.1603289817499], [-73.1348870948746, 41.1603946054404], [-73.1349452748255, 41.1604437967467], [-73.1349235889331, 41.1604992756192], [-73.1347488736284, 41.1607019051973], [-73.1346540943478, 41.1607566441362], [-73.1345741583237, 41.1607896671226], [-73.1345239439029, 41.1607786770746], [-73.1343641069452, 41.1606912321556], [-73.1342767317476, 41.160696463003], [-73.1341964097287, 41.1607401590552], [-73.1342184465255, 41.1607788355849], [-73.1344003202801, 41.160827973766], [-73.1345304356345, 41.1609162110525], [-73.13460331848, 41.1609212833719], [-73.1346976415848, 41.1609053795357], [-73.1348069483079, 41.160965718987], [-73.1347992635014, 41.1610477213746], [-73.1347555408121, 41.1610645233975], [-73.1345889313993, 41.1610590812333], [-73.1343054006377, 41.1610533748859], [-73.1341598103989, 41.1611133443454], [-73.1341459847652, 41.1611576741573], [-73.1340944719982, 41.1612340228094], [-73.1339417233094, 41.1613165003884], [-73.1339055801554, 41.1613823344352], [-73.1339343894073, 41.1614155156152], [-73.1340290283261, 41.1614153571064], [-73.1342617832198, 41.161278405376], [-73.1342471855965, 41.1612674682463], [-73.1343123134546, 41.1612235083636], [-73.1344284628136, 41.1611740534604], [-73.1345671402356, 41.1611741062968], [-73.1346248289202, 41.1612949959944], [-73.134675920602, 41.1613003324663], [-73.1346972204995, 41.161256689624], [-73.1347413291836, 41.1612292675326], [-73.1348208441224, 41.1612068648908], [-73.1348644264499, 41.1612453297995], [-73.1348573732713, 41.1614703596305], [-73.1348932357018, 41.161547606133], [-73.1349881904346, 41.1616408090422], [-73.1351692921994, 41.1617124018898], [-73.1353434811475, 41.1616905277735], [-73.1354457697824, 41.1617125075619], [-73.1355980622954, 41.1616744127797], [-73.1357143871066, 41.1616908447897], [-73.1357430559967, 41.1617842060031], [-73.1356725943916, 41.1618556930223], [-73.1350606521948, 41.1618441747938], [-73.1348493024699, 41.1619099026389], [-73.1347989827778, 41.1619260175748], [-73.1347620325437, 41.1619698713146], [-73.134755049546, 41.1620582127352], [-73.1348059306851, 41.162101802208], [-73.1350747234615, 41.1622614715204], [-73.1351328332315, 41.1623434194512], [-73.1351031116281, 41.1624207177601], [-73.1350812151931, 41.162480633133], [-73.1348855158048, 41.162392979143], [-73.1348270551305, 41.1624094638083], [-73.1351614670312, 41.1626113477864], [-73.1353506746879, 41.1623819893639], [-73.1349567493996, 41.1621122108415], [-73.1349897695044, 41.1620104492068], [-73.1351240957117, 41.1619761587761], [-73.1354039068865, 41.1619074193533], [-73.1355276006903, 41.1619747850451], [-73.135818781168, 41.161931459667], [-73.1359077003449, 41.1618040723222], [-73.1358733117129, 41.1616771074183], [-73.1354466470434, 41.1615515160083], [-73.1352556497742, 41.161475907433], [-73.1350760919887, 41.1614426206111], [-73.1350289655267, 41.1612054911436], [-73.1350733549343, 41.1609767618402], [-73.1350272110047, 41.1607566441362], [-73.1350825837203, 41.1606378669211], [-73.1352839677599, 41.1605778970266], [-73.1354962298362, 41.1604585911173], [-73.1357434069011, 41.1605594040965], [-73.1358336244244, 41.1606522913898], [-73.136057852341, 41.1606600055732], [-73.1363824389183, 41.1605826523506], [-73.1366736544864, 41.1605477799663], [-73.136675058104, 41.1607849646504], [-73.1365859985653, 41.1608869395347], [-73.1364071074982, 41.1609637640319], [-73.1364525145285, 41.1610568092617], [-73.1365204145315, 41.1611667091927], [-73.13667712844, 41.1611322598111], [-73.1369819590991, 41.1615039634554], [-73.1369265863836, 41.1616142853253], [-73.1366485999117, 41.1619963948876], [-73.1365486974267, 41.1621577023623], [-73.1362912037723, 41.1622093756194], [-73.1361239627315, 41.1623624402329], [-73.1358565033918, 41.1626259303266], [-73.135610449221, 41.1627199242304], [-73.1354375235288, 41.1628156615587], [-73.1363012396383, 41.163173143084], [-73.1362799748312, 41.1631075221757], [-73.1363016256332, 41.1630796781794], [-73.1364034230019, 41.1630633521875], [-73.1364680595938, 41.1630907735114], [-73.1365701376861, 41.1631183533285], [-73.1366722859592, 41.1631183533285], [-73.1367374839982, 41.1630522568508], [-73.136700849578, 41.1629206448811], [-73.1366868835826, 41.1628658020794], [-73.1364689719453, 41.1627451266201], [-73.1363307156086, 41.1626297873023], [-73.1363021519898, 41.1625583539628], [-73.1363089595353, 41.1624813199932], [-73.1363454185033, 41.162426846672], [-73.1364040897203, 41.1624103091757], [-73.136469112307, 41.1624265824948], [-73.1365125191823, 41.1624704887351], [-73.1365418197003, 41.1625915345473], [-73.1366069826489, 41.1626353878418], [-73.1366071230106, 41.1626573144781], [-73.1366434065264, 41.1626899666602], [-73.1367814874109, 41.1625474698821], [-73.1368464047264, 41.1625474170467], [-73.1368682309805, 41.1625917987239], [-73.1369190419388, 41.1626629678506], [-73.1370061364128, 41.1626902836716], [-73.1370933361582, 41.1626629150153], [-73.1371155484072, 41.16261377821], [-73.137078913987, 41.1624871318871], [-73.1370214709355, 41.1624433841643], [-73.1369845207013, 41.1623774983478], [-73.137035682564, 41.1622786959167], [-73.1367818734058, 41.1621906718071], [-73.136766924878, 41.1621193964961], [-73.136818192012, 41.1620425205179], [-73.1371597272721, 41.1617954072263], [-73.1372540854674, 41.1616696575349], [-73.1372399791102, 41.1615872332365], [-73.1370073645783, 41.1613289697635], [-73.136862055063, 41.1610159137596], [-73.136855528241, 41.1607197112085], [-73.1367898389358, 41.1603571439376], [-73.1367756273073, 41.1603350580204], [-73.1367545028619, 41.160060462873], [-73.1366891644612, 41.1597588137316], [-73.1367328871504, 41.1596322147293], [-73.1368053840011, 41.1595721382391], [-73.137053122513, 41.1590890937806], [-73.1370676148651, 41.1589683056907], [-73.1370383494375, 41.1588970268752], [-73.1368350354235, 41.158715738449], [-73.1367550993994, 41.1585895601402], [-73.1368136302547, 41.1585454399456], [-73.1370678604982, 41.1585128913758], [-73.1378014963437, 41.1586779589557], [-73.1381134854527, 41.1587055406298], [-73.1384116489281, 41.1587272043888], [-73.1387164444967, 41.158799064611], [-73.1387890466187, 41.1587603869129], [-73.1388032933377, 41.1585956365719], [-73.1387671150932, 41.1585077660314], [-73.1386371401006, 41.1583655243536], [-73.1384772329619, 41.1582717355599], [-73.1382590055106, 41.1582496489399], [-73.1381286445231, 41.1582773364719], [-73.1379250497857, 41.1584638042977], [-73.1378013910723, 41.1585462325242], [-73.1377507555663, 41.1585459154928], [-73.1376050951466, 41.1584800257581], [-73.1369953285571, 41.1583373084715], [-73.1369736777551, 41.1582879570679], [-73.1369590450413, 41.1582274566349], [-73.1369955390997, 41.1580681473673], [-73.1370750540385, 41.1579692327615], [-73.1373659537926, 41.1576897136508], [-73.1376644681724, 41.1574648293574], [-73.1380785704641, 41.1572558490181], [-73.1382602687665, 41.1572013713536], [-73.1383468719744, 41.1572230356097], [-73.138412280556, 41.1573056767549], [-73.1382378459749, 41.1576294240229], [-73.1382453553292, 41.1576734919948], [-73.1383683122337, 41.1577779023232], [-73.1383829449475, 41.157871004915], [-73.1384407389035, 41.1579316641942], [-73.1384847423162, 41.1579311886426], [-73.138578819788, 41.1578713219497], [-73.1386880212397, 41.1576462797614], [-73.1388405593858, 41.1576515636911], [-73.1389203901386, 41.1575638504031], [-73.1386520535379, 41.157360788407], [-73.1386083308487, 41.1572233526475], [-73.1386885826867, 41.1570973299851], [-73.1388122414001, 41.1570149527762], [-73.1391314942304, 41.156921584769], [-73.1391612509241, 41.1569271329565], [-73.139458502048, 41.1568396300589], [-73.1395172434459, 41.1567955615264], [-73.1397967037163, 41.1566042805022], [-73.1400325465688, 41.1565123385959], [-73.1402154028558, 41.1564387849779], [-73.140369625343, 41.1564127347184], [-73.1405798521738, 41.1565394984598], [-73.1406696135213, 41.1565575698027], [-73.1406266628218, 41.1566342408542], [-73.1405448670043, 41.1566710175638], [-73.1404611412126, 41.1567904360477], [-73.1404681943912, 41.1568288507084], [-73.1405268305178, 41.1568399470986], [-73.1406799652013, 41.1566741879689], [-73.1407427770904, 41.1566922064346], [-73.1407375486147, 41.1566229330687], [-73.1407665333188, 41.1565819819598], [-73.1407662175048, 41.1564887190163], [-73.1406305227703, 41.1564738180692], [-73.1404369989893, 41.1563833026684], [-73.1405195317061, 41.1563072125675], [-73.1408409952341, 41.1561741075189], [-73.141181793595, 41.1558885569118], [-73.1413048557709, 41.1556650403021], [-73.141297065693, 41.1555444572662], [-73.1413551403725, 41.1554620781058], [-73.1414282688511, 41.1554346007489], [-73.1415519977453, 41.1554348649544], [-73.1417332047815, 41.1555283936022], [-73.1422991434105, 41.1557426106918], [-73.1425824987199, 41.1559457305415], [-73.1429020673641, 41.1560995495511], [-73.1430113039063, 41.156187529001], [-73.1429604227671, 41.1563301981281], [-73.1425893062654, 41.1567030386477], [-73.1425675501921, 41.1568187582756], [-73.142603763527, 41.1569561948834], [-73.1426109921578, 41.1570987038183], [-73.1425749191847, 41.1572190726366], [-73.142531161405, 41.157263457922], [-73.142341848477, 41.1573730471766], [-73.1423277421198, 41.1574003652024], [-73.142174993431, 41.1574772466259], [-73.1415354350573, 41.1577074148019], [-73.1413247169603, 41.1578063826419], [-73.1409980951375, 41.1580315299585], [-73.1407434788992, 41.1582672442622], [-73.1403071643584, 41.1587831602597], [-73.1401614688483, 41.1590138522319], [-73.1400308973181, 41.1593102210064], [-73.1399651729225, 41.1595517957035], [-73.1400742691029, 41.159617631523], [-73.1406841760543, 41.159809907667], [-73.1408000446897, 41.1598704066393], [-73.1408655936331, 41.1598977764618], [-73.1409312478478, 41.1600570812823], [-73.1409378097602, 41.1602435440448], [-73.14101023643, 41.1603645411331], [-73.1410247287821, 41.1606226498958], [-73.1409887610803, 41.1606828310968], [-73.1408501889296, 41.1608147117444], [-73.1405234618354, 41.1609079156959], [-73.1404070317529, 41.160913305036], [-73.1402112972742, 41.1608584077178], [-73.1399712435688, 41.1608358992756], [-73.1398480059407, 41.1608743644021], [-73.1398259691439, 41.1609128823427], [-73.1398262849579, 41.1611161446801], [-73.1398842192756, 41.161198094043], [-73.139942364136, 41.1613579769023], [-73.1398765344691, 41.1616597243557], [-73.1398911320925, 41.1617471679825], [-73.139927240156, 41.1617911275139], [-73.1400288269821, 41.1617746426931], [-73.1400795677595, 41.161796939469], [-73.1400579169575, 41.1619338901158], [-73.1401158161848, 41.1621263708072], [-73.1400573906009, 41.16218676197], [-73.1398758677507, 41.1622361104379], [-73.1397305582354, 41.1623401964849], [-73.139766982113, 41.1625102209513], [-73.13970146826, 41.1625265999164], [-73.1393164910342, 41.1623673539339], [-73.1391352138171, 41.1624223556591], [-73.1390112743802, 41.1625374840006], [-73.1389968872995, 41.1625979276198], [-73.1389313032657, 41.1627900893501], [-73.1389531997007, 41.1629603768243], [-73.138989202493, 41.1629823561868], [-73.1389166354614, 41.1630701150584], [-73.1387274278047, 41.1631244293403], [-73.138669493487, 41.1631140208676], [-73.1386111731744, 41.1631191986867], [-73.1384879706368, 41.1631628402887], [-73.1384732326516, 41.1632071158794], [-73.1385021471748, 41.1633718546286], [-73.1385672750329, 41.163487245475], [-73.1386033830965, 41.1635255505417], [-73.1386399122454, 41.1635256033762], [-73.138735252973, 41.1634871926404], [-73.1388074340097, 41.1634871398058], [-73.1388655437796, 41.1635641197586], [-73.139061488801, 41.1636135728583], [-73.1390762618765, 41.1636519306855], [-73.1389379002685, 41.1637455532771], [-73.138785642846, 41.1637560144838], [-73.1388143117361, 41.1637998141648], [-73.1388364888947, 41.1639042147337], [-73.1388728776818, 41.1639155740974], [-73.139003379031, 41.1638772164244], [-73.1391853229665, 41.1637455532771], [-73.1392071843111, 41.163679457432], [-73.1391708657049, 41.1635696145493], [-73.1390183977397, 41.1634270668492], [-73.1388434718924, 41.163361129187], [-73.1387563423279, 41.1633665711601], [-73.1386763010325, 41.1633443277529], [-73.1386624052179, 41.1632619055607], [-73.1387784493056, 41.1631906314148], [-73.1388873700338, 41.1631851365923], [-73.1390542952606, 41.1631246935147], [-73.1391203003797, 41.163004229872], [-73.1391421617243, 41.1628616281071], [-73.139171111338, 41.1626582655128], [-73.1392219222963, 41.1625762651403], [-73.1393457213714, 41.1625157686657], [-73.1394326403932, 41.1625487907658], [-73.139483416261, 41.162653034822], [-73.1395272442215, 41.1626584240185], [-73.1395707563681, 41.1626421507569], [-73.1397304880546, 41.1626695194218], [-73.1398538660444, 41.1626529819867], [-73.1398758326603, 41.1626093400451], [-73.1398469181371, 41.1624777271859], [-73.1398758326603, 41.1623401964849], [-73.1399779107525, 41.1622580372077], [-73.1400139837257, 41.1622524366359], [-73.1400503023319, 41.1622907424243], [-73.140050547965, 41.1623346487556], [-73.1399781212952, 41.162444335202], [-73.1400139135448, 41.162472020962], [-73.1401012887423, 41.1624667374209], [-73.1402177890058, 41.1624009572989], [-73.1403915217781, 41.1623406720045], [-73.1404354199195, 41.1622417110111], [-73.1404061895823, 41.1622143950032], [-73.1403342190883, 41.1621321298969], [-73.1401885235781, 41.1619506390757], [-73.1402319304534, 41.1618410574748], [-73.1403266395531, 41.1618132657764], [-73.1403336225508, 41.1618793106678], [-73.1403046378467, 41.1619289763822], [-73.1403337629125, 41.1619833972815], [-73.1403845738708, 41.1619780608652], [-73.1405232162024, 41.1619290820539], [-73.1406827373462, 41.1619232172747], [-73.1408063960595, 41.1620275679975], [-73.1408641900155, 41.1620882762656], [-73.1408131334241, 41.1621318657185], [-73.1407482161087, 41.1621320770612], [-73.1406755788962, 41.1620937183444], [-73.1406174340359, 41.1621208758955], [-73.140667999361, 41.1621537925232], [-73.1407190208619, 41.1622965014995], [-73.140755164016, 41.1623077026352], [-73.1408496976634, 41.1622856173753], [-73.1409292126022, 41.1622969770194], [-73.1410238164306, 41.1624781498691], [-73.1411401412418, 41.1624997067103], [-73.1411833375744, 41.162472285139], [-73.1412125679116, 41.1623900203565], [-73.1413582985122, 41.1624289600898], [-73.1414377783606, 41.1624341907985], [-73.1414666928838, 41.1624121584167], [-73.1414596747956, 41.1623737470283], [-73.1414739916954, 41.1623407776755], [-73.1414018808396, 41.1621982801382], [-73.1414165837343, 41.1621540038659], [-73.1414453228053, 41.162137571972], [-73.1414889753137, 41.1621490901488], [-73.1416631993522, 41.1622864099086], [-73.1416774109807, 41.1623079668129], [-73.1417141506722, 41.1624560646666], [-73.1416924296893, 41.1625441412551], [-73.1416920086041, 41.1625880474166], [-73.1417285728433, 41.162665134096], [-73.1417937708823, 41.1626758596515], [-73.1418370373958, 41.1625110663173], [-73.1418303351216, 41.1624894566445], [-73.1418664431852, 41.1624179703167], [-73.1419243424125, 41.1623795060962], [-73.141953993835, 41.1623298407232], [-73.1417796996156, 41.1622201540851], [-73.1417721200804, 41.1622037222078], [-73.1415542084431, 41.16197837788], [-73.1414672543308, 41.1619729886275], [-73.1413149969082, 41.1619841898185], [-73.1413361213536, 41.1620992132583], [-73.1413000483805, 41.162137571972], [-73.1412052690999, 41.1623077026352], [-73.1411108758142, 41.1622745747425], [-73.1410749432028, 41.1622256489885], [-73.1409803744649, 41.1621211929097], [-73.1409516353939, 41.1619512731056], [-73.1409298793206, 41.1618793106678], [-73.1408572070178, 41.1618354568673], [-73.1405301290192, 41.1618357210469], [-73.1404287527358, 41.1618082991979], [-73.1403411319051, 41.1616924827069], [-73.1402981461152, 41.1616046163183], [-73.1401745926731, 41.1614398202904], [-73.1400218439844, 41.1610997125259], [-73.1400147557154, 41.1610117396694], [-73.1402038931912, 41.1609843174756], [-73.1402330884379, 41.1610118453426], [-73.1404868975961, 41.1610941646916], [-73.1406827022557, 41.1611221152045], [-73.1408504696531, 41.1610887753664], [-73.1410684163808, 41.16094653929], [-73.1411776178326, 41.1607979624942], [-73.1413155583553, 41.160370036192], [-73.1412718707565, 41.1601228109197], [-73.1410906637203, 41.1597331874925], [-73.1410836807226, 41.1595906842855], [-73.1411350180375, 41.1594095562915], [-73.1412071990742, 41.1593324129448], [-73.1415490150578, 41.1591786015217], [-73.1416872713945, 41.1591077984781], [-73.1417739447833, 41.1589925584352], [-73.141825106646, 41.15897041922], [-73.1420430533737, 41.1589817266005], [-73.1422174177739, 41.1588002798935], [-73.1423263034117, 41.1587892895118], [-73.1423047227906, 41.158821943621], [-73.1421664313635, 41.1590749331587], [-73.142239314209, 41.1591570435882], [-73.1423044420671, 41.1593056769419], [-73.1423916769029, 41.1594316425206], [-73.1423989406241, 41.1595470403047], [-73.1425292314308, 41.1595469346292], [-73.1426820152099, 41.1594373490092], [-73.142805252838, 41.1593986716878], [-73.1428709070527, 41.1594483392821], [-73.1429873020448, 41.1594760791456], [-73.1429944955851, 41.1595420735544], [-73.1428997864855, 41.1596463752309], [-73.1429508430768, 41.1598712520394], [-73.1430012329498, 41.159909823407], [-73.1430885730569, 41.159898569024], [-73.1432044767828, 41.1599647215198], [-73.1432486205573, 41.1600911613678], [-73.1432994315156, 41.1601623332101], [-73.1431682283575, 41.1604259378234], [-73.1431829312522, 41.1604914029058], [-73.1431386120255, 41.1606342740127], [-73.1431463319224, 41.1607824813222], [-73.1431171717661, 41.1608427680499], [-73.1430588163631, 41.1610625156088], [-73.1431389278394, 41.1611010334388], [-73.1432693590078, 41.1610129020743], [-73.1433055723427, 41.161029968289], [-73.1432330404016, 41.1612763447575], [-73.1432471818492, 41.161436016081], [-73.1433487335849, 41.1615293248212], [-73.1435082898191, 41.1616006536101], [-73.1438429824433, 41.1618092502448], [-73.1439662551618, 41.1619249608578], [-73.1441042658654, 41.1620015199592], [-73.1446486589638, 41.1622432432433], [-73.1451503119053, 41.1623646593237], [-73.1454767582759, 41.1624853354836], [-73.1455491498552, 41.162479576425], [-73.1455929778158, 41.1624080372509], [-73.1455563083052, 41.1623862162022], [-73.1452225982133, 41.1622271812211], [-73.1445761972036, 41.1620129324884], [-73.1442272578604, 41.1618863378403], [-73.1441548662811, 41.1618146923467], [-73.1440678068975, 41.1616777942869], [-73.1439591318023, 41.1615735486795], [-73.1439010220324, 41.1614634380858], [-73.1439661498905, 41.1613484663664], [-73.1439302523696, 41.1613045065381], [-73.143857439705, 41.1612712724656], [-73.1435744002096, 41.1612712196292], [-73.1434290205134, 41.1612164811201], [-73.1434219673348, 41.1611781218673], [-73.1434875162782, 41.1611284555838], [-73.1436764783018, 41.1611890590119], [-73.1438651946924, 41.16120554398], [-73.1439372353673, 41.1611837225309], [-73.1440247509266, 41.1610904132986], [-73.1441411108283, 41.1611119705963], [-73.1441700955324, 41.1610629911377], [-73.1441629370824, 41.1608928572433], [-73.1441191442123, 41.1608600984924], [-73.1440175222958, 41.1608707186699], [-73.1439446745407, 41.1609472790029], [-73.1438648788784, 41.1610022819199], [-73.143814138101, 41.1609806717496], [-73.1437054630059, 41.1608758966663], [-73.143581839383, 41.1608485272523], [-73.1434802876474, 41.1607991249029], [-73.1434654443909, 41.1607443331626], [-73.1436398087912, 41.160716593836], [-73.1437490453334, 41.1606508647941], [-73.1437923118469, 41.160563049846], [-73.1436692145806, 41.1602065579907], [-73.1436838823848, 41.1601572608319], [-73.1437570459539, 41.1601295740941], [-73.1439018291126, 41.1601679867978], [-73.1441414968231, 41.1602011157553], [-73.1443814101668, 41.1601245017133], [-73.1445121922396, 41.1601351748473], [-73.1447518248597, 41.1602722874781], [-73.1447662470309, 41.160184736209], [-73.1446429743124, 41.1600640558129], [-73.1445193857799, 41.1600088935964], [-73.1444035522349, 41.1599211306255], [-73.1443888844307, 41.1598606317], [-73.1444468889293, 41.1598058920127], [-73.144773896747, 41.1597563832021], [-73.144788704913, 41.1597290661583], [-73.1446654321945, 41.1596138800455], [-73.1446290784978, 41.159531136135], [-73.1445927248012, 41.1595259580324], [-73.1445266144107, 41.1595918995533], [-73.1444178340443, 41.1596521345384], [-73.1443456530076, 41.159728696295], [-73.1442433994632, 41.1597839644225], [-73.1441126173903, 41.1597784164768], [-73.1439823265837, 41.1598495358211], [-73.1439383933518, 41.1598275554079], [-73.143843754433, 41.1597179174195], [-73.1437714330346, 41.15954217923], [-73.1433937546204, 41.1594319595477], [-73.1432345492906, 41.1592673165707], [-73.1431832821566, 41.1592292732053], [-73.143169070528, 41.1590973893675], [-73.1430603603425, 41.1590200871388], [-73.143023620651, 41.1589491782474], [-73.1430675187924, 41.1588169239775], [-73.1432564457256, 41.158718538886], [-73.1433142045911, 41.1586583030429], [-73.143336241388, 41.1584766969246], [-73.1434234060429, 41.1583232533646], [-73.14356169747, 41.1582241277885], [-73.1436340539589, 41.1581420690291], [-73.1437219555131, 41.1579280182983], [-73.1437870131903, 41.1578730656405], [-73.1439107771749, 41.1578126176637], [-73.1440196979031, 41.1577303998715], [-73.1441140911889, 41.1575765846889], [-73.1442300300052, 41.157532939367], [-73.1444050611238, 41.1574287400063], [-73.1445068234021, 41.1572530485185], [-73.1448264622273, 41.1568523116455], [-73.1450011775319, 41.1567317836337], [-73.1450877807398, 41.156643646394], [-73.1455459215347, 41.1562485597211], [-73.1456398937351, 41.156292839983], [-73.1458363651131, 41.1562764066196], [-73.1458944047021, 41.1563038307832], [-73.1458948608779, 41.1563425627712], [-73.1458509978269, 41.1563695113441], [-73.1455527641706, 41.1564794191348], [-73.14548026732, 41.1565397098205], [-73.1454439487138, 41.1566168564541], [-73.1454798462347, 41.1566606609063], [-73.1455743097013, 41.1566661562758], [-73.1456549475342, 41.1566387851039], [-73.1457345677444, 41.1565561959581], [-73.1460689094642, 41.1563752709397], [-73.146221587972, 41.1563258123781], [-73.1463010678204, 41.1563317304985], [-73.1463666167638, 41.1563642801514], [-73.1464322709785, 41.1564468695391], [-73.1464975391984, 41.1565842540865], [-73.1464394996093, 41.1566333425722], [-73.1461634431116, 41.1567320478339], [-73.1461121408872, 41.1568037517235], [-73.1461413010435, 41.1568582297184], [-73.1461995862657, 41.1568530514047], [-73.146388688651, 41.156748586763], [-73.1465769839563, 41.1566992341633], [-73.1466205662838, 41.1566609779469], [-73.1466283563616, 41.156595297678], [-73.1464828012132, 41.1563976752331], [-73.1464250072572, 41.1561889556938], [-73.1464759234868, 41.1560513589555], [-73.1465704571343, 41.155996457565], [-73.1467011690262, 41.1559580952571], [-73.1467589278918, 41.1559748985848], [-73.146868410067, 41.1560626668397], [-73.1469333624729, 41.1565568300402], [-73.1469693301747, 41.1566503570873], [-73.1471582571079, 41.1568476617307], [-73.1472887584572, 41.1569245438024], [-73.1473906260068, 41.1569578329189], [-73.147659559145, 41.1570624029066], [-73.1477102297415, 41.1571115967137], [-73.1477318805434, 41.1571664443306], [-73.1476738760448, 41.1572156908993], [-73.1474922830138, 41.1572869715432], [-73.147397644095, 41.157287130062], [-73.1467007128505, 41.1571492714304], [-73.146460413512, 41.1571607376443], [-73.1458219780323, 41.1570889813054], [-73.1454874257699, 41.157083116093], [-73.1453634512426, 41.1571159824112], [-73.1450734638399, 41.157236879594], [-73.1447822833623, 41.1573903785367], [-73.1444480469138, 41.1575932819231], [-73.1443466355399, 41.1577851941314], [-73.1440487878786, 41.1579612012271], [-73.1438737918504, 41.158224603338], [-73.1438306306082, 41.158410859959], [-73.1438815468378, 41.1584551387601], [-73.1440557708763, 41.1584054704132], [-73.1441864125873, 41.158427821174], [-73.1442157832863, 41.1585211870356], [-73.1441357419908, 41.1586420816265], [-73.1442010453011, 41.1586746301322], [-73.1443966745085, 41.1586310383799], [-73.1444840847965, 41.1587518799298], [-73.1445711441801, 41.1588067790125], [-73.1444693117209, 41.1590100478817], [-73.1445053846941, 41.1590809567072], [-73.1446362369477, 41.159064576881], [-73.1447597202089, 41.1589876444812], [-73.1447237525071, 41.1587850096031], [-73.1445129993197, 41.1585760863115], [-73.1444407130117, 41.1583345080181], [-73.1443393718187, 41.1582355409755], [-73.1442954736773, 41.1581475114356], [-73.1443242127483, 41.1580985297616], [-73.1445933564291, 41.1578293148377], [-73.1451748401234, 41.1573358481445], [-73.1453853125872, 41.1571652818575], [-73.1454801620487, 41.1571601564077], [-73.1455307273738, 41.1571929170078], [-73.1455379910951, 41.1574126239646], [-73.1455599928014, 41.1574513552974], [-73.145589012596, 41.1574455957965], [-73.1456473329086, 41.1572534183958], [-73.1456978982337, 41.1572096671794], [-73.1457564641794, 41.1572151625028], [-73.1458579808246, 41.1572590193948], [-73.1460611544767, 41.1572701685518], [-73.1461554424911, 41.1573578293933], [-73.1461342127745, 41.1573743681646], [-73.1458868251669, 41.1573743681646], [-73.145843207749, 41.1574457014754], [-73.1456902836081, 41.1575282366611], [-73.1456250153882, 41.1576212867682], [-73.1454798462347, 41.1577804386044], [-73.1454723017899, 41.1578135687687], [-73.1455090765719, 41.1578518771515], [-73.1458214165853, 41.1577420245013], [-73.1458645778275, 41.1577146009395], [-73.1458717713678, 41.1575886849002], [-73.1460098522523, 41.1575283423399], [-73.1461265981488, 41.1575392800935], [-73.1462351679726, 41.1575172460662], [-73.1464246563528, 41.1574022145848], [-73.1465110490181, 41.1574238787745], [-73.1468598479995, 41.1576051707739], [-73.1469837523459, 41.1575997283224], [-73.1469759973585, 41.1575557131403], [-73.1468239504785, 41.1574514081369], [-73.1468169323904, 41.1574129938411], [-73.1468966578719, 41.157385622981], [-73.1469837523459, 41.1574134693964], [-73.1472665111177, 41.1574461241911], [-73.1474414018746, 41.1574296911168], [-73.1475648500453, 41.1574627157795], [-73.1475866762995, 41.1575068895424], [-73.1475425676154, 41.1575671264437], [-73.1472372807806, 41.1577153406889], [-73.1469179577694, 41.15805525466], [-73.1467796663423, 41.15823083832], [-73.1466854485088, 41.1582970453377], [-73.1464963812138, 41.1583738728707], [-73.146401742295, 41.1583735029997], [-73.1463003309212, 41.1581922131255], [-73.1463147530923, 41.1581046590777], [-73.1463660553167, 41.1580278312292], [-73.1464895034874, 41.1579510561297], [-73.1466709561567, 41.1577811255138], [-73.1467145384842, 41.1577097925681], [-73.1466494106261, 41.1576709028701], [-73.1464891876735, 41.1576762396371], [-73.1464316393506, 41.157731668013], [-73.1464165855515, 41.1577915876727], [-73.1463655289601, 41.1578302131033], [-73.1462572749503, 41.1578685214764], [-73.1461774091071, 41.1579837106565], [-73.146031643416, 41.1580493895342], [-73.1459882365408, 41.1580824667236], [-73.1461624254889, 41.1583240987847], [-73.1461546003206, 41.1584174119553], [-73.146082033289, 41.1585051241011], [-73.1460531187658, 41.158527210635], [-73.1460022376267, 41.1585934173534], [-73.1459371097686, 41.1586317252805], [-73.1458354878521, 41.1585653600851], [-73.1457481828354, 41.1582802426053], [-73.1457043548748, 41.1582743774996], [-73.145675229809, 41.1583020650211], [-73.1456467012806, 41.158389988676], [-73.145566800347, 41.1584225373069], [-73.1454577041666, 41.1584338976206], [-73.1454069633892, 41.1584886384538], [-73.1454499140887, 41.15849947037], [-73.1456609129092, 41.1585985426912], [-73.1457989587032, 41.1587195428163], [-73.1459148975195, 41.158862153594], [-73.1458274521411, 41.1589276730767], [-73.1458060469722, 41.1590265333979], [-73.1457043899653, 41.1591419847333], [-73.1456237872228, 41.1591750613714], [-73.1452904631258, 41.1591909656275], [-73.1452248089111, 41.1592185999238], [-73.145202912476, 41.159279046604], [-73.1452246334589, 41.1593007630113], [-73.1453627143433, 41.15931761832], [-73.145522305668, 41.1593946031704], [-73.1455880651541, 41.1593888966781], [-73.1456748087237, 41.1593177239959], [-73.1458784034611, 41.1592077681264], [-73.1459803061012, 41.1590540620872], [-73.146045574321, 41.1590377350924], [-73.1461253348929, 41.1589825720121], [-73.1460967010933, 41.1589389276264], [-73.1461106319983, 41.158840067173], [-73.1461983230098, 41.1587411008937], [-73.1461695137579, 41.1586314610879], [-73.1462492392394, 41.1585275805051], [-73.146692396416, 41.1583956424167], [-73.1467793154379, 41.1585056524872], [-73.146794053423, 41.1586150283109], [-73.1468812882588, 41.1586705087314], [-73.1468010364207, 41.1587964755308], [-73.1468661993693, 41.1588346776625], [-73.1468664450023, 41.1588791146922], [-73.1468225468609, 41.1589010425852], [-73.1467354523869, 41.1588730382868], [-73.1466411994629, 41.1588625763006], [-73.1465901428716, 41.1589006727172], [-73.146597582045, 41.1589282542976], [-73.1466775180692, 41.1589724270727], [-73.1466846414286, 41.1590653694533], [-73.1466556216341, 41.1591421432476], [-73.1466772373456, 41.1591919695505], [-73.1468155287728, 41.1591259747891], [-73.1468736736331, 41.1592851229717], [-73.147120605065, 41.1594281552217], [-73.1473526230594, 41.1594391983341], [-73.1473961001156, 41.1594608618505], [-73.1473959948442, 41.1595159188527], [-73.1471711352997, 41.1595652164939], [-73.1470478274908, 41.1596308409491], [-73.1469962445428, 41.1597684301734], [-73.1470985331777, 41.1598668665264], [-73.1473667645071, 41.159971431873], [-73.1474030480228, 41.1600047722795], [-73.1473738878666, 41.1600594061259], [-73.1469968410803, 41.1600150755712], [-73.1468581987488, 41.1600207291716], [-73.146727662309, 41.160207297712], [-73.1465896516054, 41.160240532324], [-73.1465093997673, 41.1601800865306], [-73.1464514654496, 41.1601741159204], [-73.1463571423448, 41.1601905483065], [-73.1461102810939, 41.1602016969649], [-73.1459719194858, 41.1603279250072], [-73.1458266099705, 41.1603604726756], [-73.1456667730127, 41.1603167763703], [-73.1456163129589, 41.1603384395967], [-73.1455944516143, 41.160481205363], [-73.1455069009645, 41.1606019378279], [-73.1455506236537, 41.1606623303954], [-73.1457175137901, 41.1606351722398], [-73.1458338035109, 41.1606848388971], [-73.1458625074915, 41.1606684594718], [-73.1458702273884, 41.1606296772031], [-73.1459211085276, 41.160596706973], [-73.1461386692605, 41.1607287463043], [-73.1462552747952, 41.1606849445708], [-73.1464074269464, 41.1606574694034], [-73.1464947670535, 41.1607286934675], [-73.1465021009557, 41.1608111716824], [-73.1464587291709, 41.1608440889679], [-73.146247379446, 41.1609155241759], [-73.1461242119988, 41.1610030744688], [-73.146000588376, 41.1610523709914], [-73.1458629987576, 41.1609701572631], [-73.1458189602544, 41.1608934912835], [-73.1457606399419, 41.1608986692781], [-73.1456377181278, 41.1609538307457], [-73.1456155409692, 41.1609972624433], [-73.1456229450522, 41.1610581301755], [-73.1456812302744, 41.1611294594771], [-73.1456664571988, 41.1613104770453], [-73.1458042924502, 41.1613600903546], [-73.145811521081, 41.1613928488555], [-73.1457968532767, 41.1615193387846], [-73.1458039415458, 41.1616399108289], [-73.1457239002504, 41.1617274601541], [-73.1455568697522, 41.1617333777868], [-73.1452810939781, 41.1616562900115], [-73.1452518285505, 41.1616946489844], [-73.1453024289661, 41.1617714725347], [-73.1454261578603, 41.1618482431591], [-73.1454699858208, 41.1618541079451], [-73.1455861000894, 41.1619088987575], [-73.1454912857184, 41.1621065045858], [-73.1455132523343, 41.1621722850034], [-73.1455931181775, 41.162243930106], [-73.1456510174048, 41.1622493721718], [-73.1458039064553, 41.1619309841444], [-73.1459708667726, 41.1616890483644], [-73.1459638486844, 41.1616182480327], [-73.1460510484298, 41.1614040501457], [-73.1460150105471, 41.1612609165349], [-73.1460441707034, 41.1612004188461], [-73.1461387394413, 41.1611513866172], [-73.1464725548045, 41.1610637836859], [-73.1465675095373, 41.1610034443249], [-73.146661902823, 41.1607397891975], [-73.1466543934687, 41.1606631229484], [-73.1465308751171, 41.1605806973841], [-73.1463350704575, 41.1605532750099], [-73.1460587332363, 41.1605747796473], [-73.1459941668253, 41.1605203047414], [-73.14599374574, 41.1604487634286], [-73.1460082731825, 41.1604101395411], [-73.1462044638369, 41.1603495882299], [-73.1463133845651, 41.1603445687033], [-73.1464656068972, 41.1604100867041], [-73.1467781223629, 41.1606628587641], [-73.146937748778, 41.1607122612163], [-73.1470759349338, 41.1606688821667], [-73.1471266406208, 41.1605367898777], [-73.1471053758137, 41.1604711663296], [-73.146901921438, 41.1602348259054], [-73.1469457143081, 41.160191076679], [-73.1470111579801, 41.1601688850313], [-73.1472871092065, 41.1602348259054], [-73.14749038813, 41.1601857401168], [-73.1475778335084, 41.1601195878441], [-73.1475993088582, 41.1599937820998], [-73.1475849919583, 41.1599495571756], [-73.147251246776, 41.1597905162815], [-73.1472069626397, 41.1597466082458], [-73.1472218409866, 41.1596916571127], [-73.1472798103948, 41.1596694652959], [-73.1473234629031, 41.1596802970169], [-73.1475847814157, 41.1595819660592], [-73.1476868595079, 41.1596096001906], [-73.1478536794634, 41.1596860034839], [-73.147933896211, 41.1596974164163], [-73.1480643975603, 41.1596640230158], [-73.1482023731735, 41.1595819132215], [-73.1482748700242, 41.1595987684579], [-73.1481589662983, 41.1599059134338], [-73.1480641870177, 41.1599607587124], [-73.1478609080942, 41.1600154982703], [-73.1478243087645, 41.1600430793816], [-73.1478466613753, 41.1600979245454], [-73.1480282193159, 41.1600542280651], [-73.1481732481077, 41.1599771911521], [-73.1484274081703, 41.1597852325243], [-73.148536609622, 41.1596423067289], [-73.148536609622, 41.1595657977092], [-73.1483984936471, 41.1594391983341], [-73.1482607987574, 41.1594116698066], [-73.1479480025683, 41.1594831065758], [-73.1478537496443, 41.1594721163087], [-73.1477958855074, 41.1594390398205], [-73.1477957100552, 41.1592577528935], [-73.1478464859231, 41.1591759067804], [-73.1478467666466, 41.1591100176791], [-73.1476872455028, 41.1589617009112], [-73.1475860446715, 41.1587471244729], [-73.1474188738116, 41.1586487392767], [-73.1472300521498, 41.1585056524872], [-73.1471934879105, 41.158428930786], [-73.1472812491029, 41.15830254057], [-73.1474771941242, 41.1582754342754], [-73.14760741475, 41.1583794209353], [-73.1476804028668, 41.1582532948179], [-73.1477820598738, 41.1582093329135], [-73.1477967978589, 41.1580559415666], [-73.1481018390607, 41.1575727274159], [-73.1483129782429, 41.1573969834745], [-73.148414249255, 41.157370035324], [-73.1485885083839, 41.1573970891535], [-73.1488067007447, 41.1574850140224], [-73.1488719689646, 41.1575456736589], [-73.1489881885045, 41.1575459378558], [-73.1489808546023, 41.1574579602291], [-73.1489376582697, 41.1574081854476], [-73.1487341337132, 41.1573092698458], [-73.1486759537623, 41.1572598648286], [-73.1486910075614, 41.1571999446829], [-73.1488212281872, 41.1570736049368], [-73.1489012694826, 41.1568757197343], [-73.1490468948119, 41.1566780981349], [-73.1492645257257, 41.1565629595005], [-73.1494102212358, 41.1565247032046], [-73.1497003490002, 41.1565355354453], [-73.1498820473026, 41.1566673187578], [-73.1501142407493, 41.1567831441288], [-73.1501583143429, 41.1568272126697], [-73.150092484676, 41.1568981238567], [-73.1499470698894, 41.156980289853], [-73.1498309556208, 41.1571067882981], [-73.1498747835814, 41.1571891653916], [-73.1500634999719, 41.1573153992357], [-73.150528343041, 41.1573927034749], [-73.1506372637692, 41.1574636668896], [-73.150535185677, 41.1575460435345], [-73.1500193561974, 41.1576665172098], [-73.1499544739724, 41.157748946439], [-73.1500120924762, 41.157924900793], [-73.150048305811, 41.1581719230005], [-73.1499464382615, 41.1582160434465], [-73.1498958378458, 41.1582157264135], [-73.1498300432694, 41.158144235424], [-73.1497362816116, 41.1581445524574], [-73.1494378374127, 41.1583694344187], [-73.1493872369971, 41.1585561133367], [-73.1492925278974, 41.1585831666767], [-73.1494376619605, 41.1587481812412], [-73.149423134518, 41.1587863305626], [-73.1493580066599, 41.1588246383769], [-73.1490890384313, 41.1588575038218], [-73.1490017334146, 41.1589456380847], [-73.149060194089, 41.1590388975323], [-73.149103425512, 41.15906087821], [-73.1491690446363, 41.1590608253718], [-73.1492997565282, 41.1590224648574], [-73.14929989689, 41.1590443927024], [-73.1492194345092, 41.1591759067804], [-73.1492198205041, 41.1592368290421], [-73.1492559987485, 41.1592531559873], [-73.1494230292467, 41.1592146370713], [-73.1494809635644, 41.1592201322267], [-73.1494813495593, 41.1593192562965], [-73.149619290082, 41.1593136554736], [-73.1496844179401, 41.1592751365931], [-73.1496848390254, 41.1592312282121], [-73.1496045520969, 41.1590937963746], [-73.1495464423269, 41.1590168111709], [-73.1494957717304, 41.158934964757], [-73.1496989453826, 41.1587536235972], [-73.1496921027466, 41.1587095563515], [-73.14960479773, 41.1586107483908], [-73.1496708379395, 41.1585398390565], [-73.1496707677586, 41.1583804777094], [-73.1497432646093, 41.1583196603293], [-73.149888925029, 41.1583090397384], [-73.1500481303588, 41.158440555292], [-73.1501428043681, 41.1584409251626], [-73.1502078620453, 41.1583530544147], [-73.150229969023, 41.1582600053464], [-73.1502518654581, 41.1577930143306], [-73.1504048948703, 41.1577329361545], [-73.1508473151477, 41.1575953426574], [-73.1508691414019, 41.1575625294189], [-73.1507608172112, 41.1574419498736], [-73.1506229468693, 41.1573153463962], [-73.1502667087145, 41.1572167476922], [-73.1501432956343, 41.1571506452626], [-73.1500849753217, 41.1570793116307], [-73.150099888759, 41.1570300121198], [-73.1501727014236, 41.1569862079144], [-73.1502377591008, 41.1569753229083], [-73.1503396266504, 41.1570079250814], [-73.1507462195878, 41.157244224302], [-73.150862544399, 41.1572663112608], [-73.151015152726, 41.1571675011243], [-73.151167761053, 41.1571456783308], [-73.1511818674102, 41.1572224543737], [-73.1512477321675, 41.1572663112608], [-73.1513999895901, 41.1572282138942], [-73.1515158582256, 41.1572115165671], [-73.1516906437112, 41.1573601543327], [-73.1517048553397, 41.1575686587852], [-73.151602742157, 41.1577549701094], [-73.1517115927043, 41.1577770568961], [-73.1517413143076, 41.1578102399012], [-73.1518425151389, 41.1582109180788], [-73.151900238914, 41.1582985776622], [-73.152053092874, 41.1584249678858], [-73.1521257300865, 41.1585729159984], [-73.1520964295684, 41.1586063099548], [-73.1518274262493, 41.1586391226707], [-73.1515662130081, 41.1586062571163], [-73.1512105012099, 41.1585948439939], [-73.1509557446098, 41.1586166663049], [-73.1508032064637, 41.1586879982637], [-73.1506652308505, 41.1588799601051], [-73.1506721085769, 41.1592207662831], [-73.1507815556617, 41.1594126737262], [-73.1508607196961, 41.1594787738745], [-73.1509995374799, 41.1595007544047], [-73.1511007383111, 41.1595005958913], [-73.1514278163097, 41.1593910101938], [-73.1516965739957, 41.1592101458382], [-73.1516675892916, 41.1591826172145], [-73.1515806702697, 41.1591496462564], [-73.1515225254093, 41.1591769635418], [-73.1513768649896, 41.1592978569231], [-73.1511879731469, 41.159363534484], [-73.1511081774845, 41.159341342556], [-73.1509921684873, 41.1592263142759], [-73.1510215742767, 41.1590613537534], [-73.1509195663653, 41.1588970797135], [-73.150919776908, 41.1587867532697], [-73.1510141000128, 41.1587707960771], [-73.1514209034928, 41.1587101904128], [-73.1517402966849, 41.1587159498027], [-73.1518636746747, 41.1587766083], [-73.1519366277011, 41.1588643199651], [-73.1520745682238, 41.1588530125642], [-73.1521976654901, 41.1587930938749], [-73.1522778822377, 41.1586998340775], [-73.1525398674686, 41.1585239346424], [-73.1525398674686, 41.1584911747075], [-73.1525033032293, 41.1584473714786], [-73.1521909281254, 41.1582165718349], [-73.1519732270308, 41.1578758132745], [-73.1519155734366, 41.1573271296183], [-73.1518648326592, 41.1572284780924], [-73.151719768777, 41.1571128648672], [-73.1515161389491, 41.1570691663968], [-73.1513145443668, 41.1570306990371], [-73.1512964376994, 41.1569574102001], [-73.1514372205478, 41.1569002902926], [-73.1515649497523, 41.156869801663], [-73.1517634563758, 41.1568757725743], [-73.1519884562821, 41.1568850195596], [-73.1522353526235, 41.1568674767063], [-73.1523731878749, 41.1568937381447], [-73.1524820384222, 41.1569156667019], [-73.1526206105729, 41.1568937381447], [-73.1527290751253, 41.156932099905], [-73.1529108085182, 41.1570638824201], [-73.153222937989, 41.1572231941286], [-73.1535495598118, 41.1573386486405], [-73.1539781544555, 41.1575690815001], [-73.1539780491842, 41.1578106097754], [-73.1540582308414, 41.1578219701952], [-73.1540798465529, 41.1577176127763], [-73.1542400344151, 41.157635236347], [-73.1542467015989, 41.1575801249256], [-73.1541961713641, 41.1575197823575], [-73.1540221929587, 41.1574594925732], [-73.1538973762609, 41.1574582772658], [-73.1539205359518, 41.1573166145457], [-73.1538473723827, 41.1573441439532], [-73.1537896836981, 41.1573330476483], [-73.1537238891216, 41.1572289536491], [-73.1534777647699, 41.1571411341162], [-73.1530491350357, 41.1569378594511], [-73.152983796635, 41.156828110949], [-73.1531126487336, 41.1568010568846], [-73.1532812583015, 41.1567073186923], [-73.1536153543883, 41.1567785470491], [-73.1539276944017, 41.1568996033739], [-73.1545095290004, 41.1573094812041], [-73.1547311251339, 41.157485331059], [-73.1548908919108, 41.157644800261], [-73.1550749061823, 41.1578000419412], [-73.1551475433947, 41.158019694024], [-73.1551907748178, 41.1581841816184], [-73.1552707459323, 41.1583818515158], [-73.1552561833994, 41.1585579098479], [-73.1551546667542, 41.1586181457834], [-73.154980547987, 41.158612597739], [-73.1547623556262, 41.1587114585354], [-73.1546971926777, 41.1587060161758], [-73.1544938084829, 41.1587055406298], [-73.1543477269779, 41.1587549445574], [-73.1542755810316, 41.1588320885837], [-73.1542243489881, 41.1589910789653], [-73.1541519924992, 41.1590733480143], [-73.1539561176587, 41.1590735065287], [-73.1538977622557, 41.1591063190107], [-73.1538682161046, 41.1591722609538], [-73.1538759360015, 41.1592434337939], [-73.1539992789009, 41.1594413118482], [-73.1539412393118, 41.1594903981943], [-73.1537741386328, 41.1597428039381], [-73.1537881397187, 41.1598033029723], [-73.1538320378601, 41.1598529174225], [-73.1538756201876, 41.1598913302884], [-73.153933765048, 41.1598641718133], [-73.153991804637, 41.1597378900402], [-73.1539916993657, 41.1596883283406], [-73.1540208244315, 41.1596606414047], [-73.1542674049589, 41.1596004064274], [-73.1542964949344, 41.1595733535072], [-73.1542027332766, 41.1593865718107], [-73.1541733976681, 41.159265572917], [-73.1543334451685, 41.1591612177965], [-73.1543771327673, 41.1590679056847], [-73.1543770625864, 41.1589857423053], [-73.1544351021755, 41.1588266990725], [-73.1544791757691, 41.1587992759644], [-73.1545299867273, 41.1587934109052], [-73.1547910245164, 41.1588319300687], [-73.1550822400844, 41.1587605982665], [-73.1551111546076, 41.1588155501802], [-73.1552416208665, 41.1589145691854], [-73.1551544211211, 41.1589474874234], [-73.1549728631805, 41.1589146748619], [-73.1548420460173, 41.159007775839], [-73.1548201846726, 41.1590682227136], [-73.1549004014203, 41.1591612706345], [-73.1550449740363, 41.1592328133527], [-73.1551029434445, 41.1593204187314], [-73.1553139071745, 41.1593373268731], [-73.1554228629931, 41.1594139418352], [-73.1553787543091, 41.1594689988768], [-73.1552194787984, 41.1595182965533], [-73.1551104878893, 41.1597653655932], [-73.1550738534691, 41.1598254947438], [-73.1551684572974, 41.1598534986352], [-73.1552048109941, 41.159858676712], [-73.1553647532232, 41.1595954925189], [-73.1555099574672, 41.1595460892249], [-73.1555604877019, 41.1594966858937], [-73.1555972624839, 41.1593536537932], [-73.1554882013939, 41.1592602362794], [-73.1551828794686, 41.1591782844934], [-73.1550522377576, 41.1590849195678], [-73.1550961008085, 41.1590574965678], [-73.1552411646908, 41.1590626218692], [-73.1553724029393, 41.1590354102126], [-73.1554010016485, 41.1589970496833], [-73.1553143984407, 41.1587935694203], [-73.1553289258832, 41.158755420103], [-73.1554521284208, 41.1587169008946], [-73.1554886224792, 41.1586347899136], [-73.1554738143132, 41.158442563161], [-73.1554526898678, 41.1582175757728], [-73.1554448646995, 41.158201142892], [-73.1554744810315, 41.1581075652188], [-73.1555035359165, 41.1580748579147], [-73.1555978239309, 41.1580909737935], [-73.1556562144244, 41.158211869178], [-73.1557937338618, 41.1582776006659], [-73.1558301226489, 41.158327216271], [-73.1558155250255, 41.1584260774979], [-73.1558442640965, 41.1584868947793], [-73.1561061440561, 41.1585523089599], [-73.1562951762606, 41.1586183571374], [-73.1563605848423, 41.1587004681389], [-73.156382060192, 41.1588652710548], [-73.1564105185395, 41.1588821264755], [-73.1565486345144, 41.1588982949942], [-73.1566432032524, 41.1589257180608], [-73.1570064244049, 41.1592282164448], [-73.1573040615237, 41.1596400347082], [-73.1574999714546, 41.1598266571698], [-73.1576236301679, 41.1599305356936], [-73.1577325859866, 41.1600404375132], [-73.1577034609207, 41.1601722666162], [-73.157732621077, 41.1602272173464], [-73.1578850890422, 41.1602877687707], [-73.1580228541127, 41.1603648053186], [-73.158255573916, 41.1606994747028], [-73.1582621709189, 41.1608094280697], [-73.1582043418725, 41.161073082917], [-73.1582262383075, 41.1610891452221], [-73.1582844884392, 41.1610783137339], [-73.1584371669471, 41.1607379399093], [-73.158487627001, 41.1607161711414], [-73.1585677735677, 41.1607546363381], [-73.1586037412695, 41.1608807576421], [-73.1585748618367, 41.1609793508343], [-73.1585526144973, 41.1610511029141], [-73.1584654147519, 41.1611881079559], [-73.1581968676086, 41.1613640530773], [-73.1581025445038, 41.1613800096386], [-73.1580077301328, 41.1613581882476], [-73.1578555428911, 41.1612650906092], [-73.1577972225785, 41.1612702685744], [-73.1578122061967, 41.1614513914262], [-73.1580076950423, 41.161495615337], [-73.1580224330275, 41.1615284794425], [-73.1579281099226, 41.1617262449259], [-73.1579494800011, 41.1618414801621], [-73.1580299423818, 41.1620058524937], [-73.1581456706555, 41.1620720028625], [-73.1581968676086, 41.162055359605], [-73.1583130169676, 41.1619732528066], [-73.158378250097, 41.1618797333549], [-73.1585237350645, 41.1617700987994], [-73.1586981345552, 41.1617098129248], [-73.1587635431368, 41.161715413543], [-73.1588141435525, 41.1617483303743], [-73.158807020193, 41.1618416386699], [-73.1587777196749, 41.1618743440942], [-73.1587630167802, 41.1619236399615], [-73.1588579364226, 41.161962262957], [-73.1589013432978, 41.1620063280158], [-73.1589007818508, 41.1623193792887], [-73.1589008871221, 41.1624780441983], [-73.1589738752389, 41.1625333628427], [-73.1591478536443, 41.1626267756911], [-73.1593514132913, 41.1626923970808], [-73.1593875213549, 41.1626598505705], [-73.1593656600103, 41.162610026904], [-73.1592209470325, 41.1625170367147], [-73.1590752866128, 41.1624179174812], [-73.1590607942607, 41.1623522958167], [-73.1591477834635, 41.1621437009104], [-73.1590756726076, 41.1620118757729], [-73.1590753567937, 41.1618852811227], [-73.1589232046424, 41.1616548106016], [-73.1589451010775, 41.1615668913264], [-73.159061215346, 41.1615124172451], [-73.159156029717, 41.1614300984214], [-73.1591774348859, 41.1614079071932], [-73.1594175587722, 41.1613694952162], [-73.159555183481, 41.161380643674], [-73.1597366361503, 41.1614685103629], [-73.1597880787365, 41.1615233543339], [-73.1598091330009, 41.1615890296646], [-73.1598168879884, 41.1617428354309], [-73.1597511635928, 41.1619348411609], [-73.1597729547565, 41.1620833097079], [-73.1598237306243, 41.1621105729348], [-73.1599761985895, 41.162275737125], [-73.1600487305306, 41.1622977695527], [-73.1601069806623, 41.162286251402], [-73.1601432641781, 41.1622423978738], [-73.1599765845844, 41.1620504987164], [-73.1599182993622, 41.1619517486281], [-73.1599329671665, 41.1618252595336], [-73.1600777854156, 41.1617594259317], [-73.1599911471173, 41.1616607282409], [-73.1599841290291, 41.1616223164121], [-73.1600490463446, 41.1615895051897], [-73.1601221397327, 41.1615896108619], [-73.1602596591702, 41.1616222107399], [-73.1604997128756, 41.1617543008411], [-73.1606885345375, 41.1618198174326], [-73.1609057794564, 41.1618255765492], [-73.1613345144619, 41.1621055007074], [-73.1615973067729, 41.1622426092162], [-73.1616756286368, 41.1623142542419], [-73.1617120876048, 41.16237501508], [-73.1617558804749, 41.1624077730736], [-73.1620663606949, 41.1625058356148], [-73.1623657523357, 41.162622496033], [-73.1625441521367, 41.1627397374307], [-73.1619772309753, 41.1644116329442], [-73.1618709069398, 41.1644493562986], [-73.1616212033631, 41.1646596345426], [-73.1614185560676, 41.1647846388272], [-73.1611686068579, 41.1649556079529], [-73.1610312979631, 41.1651490836011], [-73.1607884721128, 41.1653281880747], [-73.1603683693558, 41.1657238540101], [-73.160040484277, 41.1658918092242], [-73.1596954048824, 41.1660795233659], [-73.1595444808965, 41.1661683347384], [-73.1595146189314, 41.1662371225242], [-73.1596056084444, 41.1662564591699], [-73.1597097568726, 41.1662953437734], [-73.1599161588453, 41.1664203977699], [-73.1601703539984, 41.1665189826281], [-73.1606857623927, 41.1666385416649], [-73.161129691559, 41.1667443641743], [-73.1611888891326, 41.1667361223874], [-73.1611889242231, 41.1667361223874], [-73.1590639524004, 41.1730018530007], [-73.1588750254672, 41.1735205584591], [-73.1588676915651, 41.1735201886736], [-73.1588289868089, 41.173559597231], [-73.1592285967486, 41.1737371467515], [-73.1576977060884, 41.1752858906538], [-73.1575660116641, 41.1754613224981], [-73.1573693297435, 41.1756697693603], [-73.1570494101949, 41.1760266525138], [-73.1569256813007, 41.176136210392], [-73.1567513519909, 41.1763231028201], [-73.1564970866569, 41.176542534346], [-73.1564317833466, 41.1765589098035], [-73.1562714200322, 41.176690335908], [-73.1560535434854, 41.1769209648413], [-73.156009890977, 41.1769868360343], [-73.1556974807827, 41.1774202002753], [-73.1554210031998, 41.1779748959811], [-73.1553263291905, 41.1783809444164], [-73.1552828521344, 41.1789466189888], [-73.15531832857, 41.1794295698912], [-73.1552894491373, 41.1798248865618], [-73.1549473173396, 41.1803080950931], [-73.1546491889547, 41.180812798055], [-73.15438769499, 41.1814492306044], [-73.1541981715193, 41.1820423977084], [-73.1540598099112, 41.1829100071639], [-73.1540888998867, 41.183096140801], [-73.1544520157679, 41.1838045424159], [-73.1544659817634, 41.1838593676911], [-73.1546764191367, 41.1844358225752], [-73.1547635487012, 41.1850508289529], [-73.1551242784325, 41.1862820391533], [-73.155204249547, 41.1866915219338], [-73.1551399287691, 41.1869012006327], [-73.1550672564662, 41.1870491372654], [-73.1550750114536, 41.1871973376412], [-73.155190634456, 41.1874609391201], [-73.1551545614829, 41.1876529751134], [-73.1550599225641, 41.1879492143516], [-73.1549579497432, 41.1881305275261], [-73.1548630651913, 41.1887235284834], [-73.1548198337682, 41.1888550886198], [-73.1548774873625, 41.1892928106872], [-73.1554009314676, 41.18969525045], [-73.1555166948318, 41.1898711718317], [-73.1555600666166, 41.1900192601937], [-73.1555018866658, 41.1901563631004], [-73.1553058363731, 41.1902932544681], [-73.1550959604468, 41.1903565771915], [-73.1550078834404, 41.1904692270558], [-73.1550223056116, 41.1907820895162], [-73.1550003389956, 41.190902766146], [-73.1550222705211, 41.1909966666695], [-73.1549637747563, 41.1913035588359], [-73.1548110260676, 41.1916440907416], [-73.154788848909, 41.1916604624233], [-73.1547493019823, 41.1916903011228], [-73.1546950170704, 41.1917973506461], [-73.1544983351498, 41.1919016537873], [-73.1541878549297, 41.1919687773918], [-73.1541492905353, 41.1920116604139], [-73.1539679431373, 41.1921321763428], [-73.1538945690256, 41.1922423938276], [-73.1538294411675, 41.1924671587607], [-73.15379301729, 41.1926758683647], [-73.153782911243, 41.192693243198], [-73.1554692174654, 41.1981712612231], [-73.1561363569256, 41.2001590305238], [-73.1591197462013, 41.2090800406538], [-73.1601648097087, 41.2122204849121], [-73.1616682245538, 41.2167388129651], [-73.1627572212931, 41.2202089789795], [-73.1626409315724, 41.2208234909011], [-73.1624877267079, 41.2212079472317], [-73.1623128008606, 41.221493318683], [-73.1620511314436, 41.2218611430156], [-73.1618907330388, 41.2221852574609], [-73.1617889707605, 41.2226243930206], [-73.1614685248553, 41.2235791424161], [-73.1612722289295, 41.2241168723385], [-73.1609811186327, 41.2245785342569], [-73.1606390921064, 41.2250998398639], [-73.1604794306008, 41.2252915015023], [-73.1603628601565, 41.2254344423969], [-73.1602676948811, 41.225582661429], [-73.1601301403533, 41.2256761427041], [-73.1595337081312, 41.2257803390667], [-73.1591043064073, 41.225856823525], [-73.159039318911, 41.2258894969828], [-73.158973559425, 41.2259447620671], [-73.1589009222125, 41.2260651099402], [-73.1588643228828, 41.2262796769802], [-73.1587550512502, 41.2267186794779], [-73.1586892215833, 41.2268008634583], [-73.1581079484316, 41.2270805099088], [-73.1579257237726, 41.2272564363663], [-73.1576200158525, 41.2280796898898], [-73.1574379315553, 41.2285350955412], [-73.1573797516045, 41.2286394456941], [-73.1572421268957, 41.228726008163], [-73.1572052468424, 41.2287491266566], [-73.156986843939, 41.2288481982821], [-73.1567471060475, 41.2289192426266], [-73.1550382015812, 41.2294623651159], [-73.154877768086, 41.2294951951159], [-73.1538238617874, 41.2298521015445], [-73.1537290825068, 41.2298793365602], [-73.153787051915, 41.2299943990982], [-73.1539612759535, 41.2302089004632], [-73.1541938904855, 41.2305324457283], [-73.1539244309907, 41.2307521177999], [-73.1536704112899, 41.2309000080965], [-73.1529210198364, 41.2311909847091], [-73.152019020056, 41.2314979522838], [-73.1513787949639, 41.2318051823146], [-73.1509790446624, 41.2320193082835], [-73.1505280623175, 41.2323262191899], [-73.1499382621887, 41.2328533214548], [-73.1498297274554, 41.2329792511356], [-73.1496909798525, 41.2334020585284], [-73.1496620302389, 41.2336105847975], [-73.1495159838243, 41.2338412770932], [-73.1494508910567, 41.2339015493457], [-73.1492470857766, 41.2340170270261], [-73.1489706081936, 41.2341375711514], [-73.1485778408899, 41.2344504359523], [-73.1483445596396, 41.2346858752276], [-73.1481990746721, 41.234867217252], [-73.148031973993, 41.2351859895563], [-73.1480171307366, 41.2352898013271], [-73.1478857521263, 41.2356907971527], [-73.147820133002, 41.2359593225952], [-73.1477183005429, 41.2361023984959], [-73.1474854052874, 41.2362174500811], [-73.1472123314772, 41.2362665844349], [-73.144648518602, 41.2371876752114], [-73.1437830479705, 41.2374678577586], [-73.1429797926905, 41.2376289265565], [-73.1425103176832, 41.2376646550663], [-73.1423356374689, 41.2376758960853], [-73.1415867021912, 41.2378400780719], [-73.1406049418389, 41.2379768696919], [-73.1406772983278, 41.2381085419106], [-73.1410262025806, 41.2385042430379], [-73.1413752471951, 41.2388775129244], [-73.141541786427, 41.2391026981801], [-73.1418687591543, 41.239777774335], [-73.1419996464984, 41.2399263830337], [-73.1421882927081, 41.2400802686737], [-73.1428642749594, 41.2405194951383], [-73.1430605357947, 41.2407282625634], [-73.1432933608693, 41.2412003615667], [-73.1434162826834, 41.2422543659597], [-73.1434084926055, 41.2427705701909], [-73.1432548315653, 41.2440442294327], [-73.1433058179758, 41.2445878067208], [-73.1434000358093, 41.2450267918157], [-73.1435881907528, 41.2455482509848], [-73.1439585001744, 41.2462730733729], [-73.1443874457226, 41.2469268630243], [-73.1445834960153, 41.2474040884023], [-73.1449604024397, 41.2487656179424], [-73.1452509863799, 41.2498327970746], [-73.1453164300519, 41.250096726649], [-73.1454146832861, 41.2508197046005], [-73.1455741693395, 41.2511437282485], [-73.1457046355984, 41.2515939079235], [-73.1466270580153, 41.2542952901577], [-73.1472012428979, 41.2558648675521], [-73.1428063055512, 41.2573457724284], [-73.1410088679028, 41.2579382515978], [-73.1379524203295, 41.25901250867], [-73.1349041137384, 41.2600157903628], [-73.1328441294121, 41.2607504759049], [-73.1306757858046, 41.2614634179112], [-73.1245543636808, 41.2636427121331], [-73.1242426202049, 41.2637519650804], [-73.1203948130109, 41.265038614478], [-73.119136996161, 41.2654510860136], [-73.1176017542861, 41.2659347700599], [-73.1136082515821, 41.2671884071461], [-73.1083205081505, 41.268941348651], [-73.1082962957463, 41.2685935176526], [-73.1082863651516, 41.2683578840444], [-73.1082199740376, 41.2682290685358], [-73.1078757368135, 41.2680193339779], [-73.1075866266719, 41.2679075561554], [-73.1072658298622, 41.267782485038], [-73.1068806070033, 41.2676025531198], [-73.1063186686845, 41.26724047226], [-73.1060126449504, 41.2669825728241], [-73.1059484294438, 41.2668807104427], [-73.1059195149206, 41.2667487269447], [-73.1059975560609, 41.266680730546], [-73.1061285837668, 41.2666096744976], [-73.1062678226358, 41.2665440517679], [-73.1065292464197, 41.2664139138927], [-73.106645185236, 41.2662910554822], [-73.1067050846185, 41.2660994085608], [-73.1067917930976, 41.2658683026206], [-73.106858535116, 41.2657306726045], [-73.1069211715528, 41.2656261706623], [-73.1070012830291, 41.2654345217893], [-73.1071611901678, 41.2651156332769], [-73.107286989398, 41.26488557891], [-73.107320184955, 41.2645941720315], [-73.1072622506373, 41.2643528793995], [-73.1071422413298, 41.2641463503454], [-73.1069787198757, 41.2639669359422], [-73.1067296128366, 41.2638138451089], [-73.1064821901386, 41.2637533894295], [-73.1061678148796, 41.2637207348988], [-73.1058989519223, 41.263732551726], [-73.1053828417192, 41.2637639929166], [-73.1048536076913, 41.2636399161837], [-73.1044677532044, 41.2634591287875], [-73.1040968472453, 41.2631398085949], [-73.104018490291, 41.2630302908522], [-73.1039872247083, 41.2629654030857], [-73.1036378291894, 41.2624602786334], [-73.1035282768332, 41.2623835732312], [-73.1031208066348, 41.261944493738], [-73.102971075724, 41.2617111573693], [-73.1029419857486, 41.2614584061365], [-73.1029780236313, 41.2612723898892], [-73.1029926563451, 41.2609462534882], [-73.1030177109198, 41.260324891082], [-73.103105858107, 41.2598587335058], [-73.1031139990893, 41.2597667255511], [-73.103094313352, 41.2596556721993], [-73.1030402389828, 41.2595794910735], [-73.1029480563948, 41.259515602263], [-73.1027573047587, 41.259465957818], [-73.1024317707395, 41.259418054322], [-73.1020800241611, 41.2594061311997], [-73.1014895222236, 41.2594588883615], [-73.1009630954309, 41.2595537983884], [-73.1005241140167, 41.2595064225279], [-73.1001592787038, 41.2594233300391], [-73.0998651155387, 41.259379277788], [-73.0996131661739, 41.2593658246993], [-73.0994345909207, 41.2593819684053], [-73.0992430322044, 41.2593923088163], [-73.0989631508487, 41.2593871913682], [-73.0986747776064, 41.2593609710353], [-73.0983250311831, 41.2592504973239], [-73.0980763452292, 41.2591639752801], [-73.097765057929, 41.2590644220305], [-73.0972775464352, 41.2589488830927], [-73.096571561857, 41.2588781351765], [-73.0962812937308, 41.258748667874], [-73.096028712738, 41.2586175120648], [-73.0957003714836, 41.258425526075], [-73.0953128326556, 41.2582151796889], [-73.0950628834458, 41.2580639746698], [-73.0948935369786, 41.2578962031643], [-73.094629586683, 41.2575408743548], [-73.094427220111, 41.25709806917], [-73.0943379500296, 41.2565551235555], [-73.0941726038727, 41.2562308629492], [-73.0940309788536, 41.256056702789], [-73.0937109891241, 41.2559804647054], [-73.0934272478199, 41.2560135451858], [-73.0930492886822, 41.256111942369], [-73.0924962984259, 41.25642544061], [-73.0922078550026, 41.2565961176633], [-73.0917755056817, 41.2568989562212], [-73.0914422517655, 41.2570677327106], [-73.0911537381614, 41.2571435474531], [-73.0908856822842, 41.2571359501551], [-73.0906671741095, 41.257082399731], [-73.0905296195816, 41.2569860616161], [-73.0904087681035, 41.2568704662425], [-73.0902820916123, 41.2567300210176], [-73.0901104642664, 41.2565080620769], [-73.0895455081697, 41.2559254888141], [-73.0893702665084, 41.255790317568], [-73.0892254482593, 41.2556574674915], [-73.0890770858757, 41.2555842890376], [-73.0888594900524, 41.2555679861121], [-73.0881386973082, 41.2556140458233], [-73.08681494552, 41.255625125474], [-73.0867347287723, 41.2554109185596], [-73.0867128674277, 41.2548291796856], [-73.0867706262933, 41.2535172672272], [-73.086814068259, 41.2533028951142], [-73.0868796522928, 41.2531053007026], [-73.0869161814416, 41.2528751512645], [-73.0870974937492, 41.2522876386486], [-73.0874103250288, 41.2516398649099], [-73.0882602155046, 41.2502944356896], [-73.0883762595923, 41.2500971487666], [-73.088845208243, 41.2496269608149], [-73.0895138565921, 41.248666259908], [-73.0901096220958, 41.2478042711716], [-73.0906989309584, 41.2470630551865], [-73.0917527319856, 41.2460912353144], [-73.0926113950716, 41.2454485186786], [-73.0933744367065, 41.2450366068112], [-73.093534484207, 41.2449160827863], [-73.0937747133646, 41.2446582007307], [-73.0955122516305, 41.2433838146738], [-73.0964932049027, 41.2426315722333], [-73.0973003552216, 41.2419344143878], [-73.0979550726658, 41.241550079924], [-73.1010524006027, 41.2400395280663], [-73.1016410778373, 41.2397205683396], [-73.1027537957146, 41.2390234849879], [-73.1028627515333, 41.2389188347672], [-73.1031459313904, 41.2387157083689], [-73.1033643693843, 41.2385127924356], [-73.1037781207716, 41.238084424013], [-73.103952730805, 41.2378478359377], [-73.1047739173002, 41.2367112724064], [-73.1051879143206, 41.2360364284589], [-73.1061612880576, 41.2342683011095], [-73.1063938324087, 41.2339113132342], [-73.1071349776085, 41.232939456116], [-73.1088859906037, 41.2309186395056], [-73.109191628343, 41.2305070583029], [-73.109707177099, 41.2295184189002], [-73.1102953630675, 41.2282283251845], [-73.1104688852972, 41.2275584608221], [-73.1105052039034, 41.2266087311911], [-73.1104608495862, 41.2259004761054], [-73.1104755173905, 41.2255932183272], [-73.1104016169222, 41.224511708025], [-73.110226620894, 41.2235179104964], [-73.110081100836, 41.2230020292961], [-73.1097090018019, 41.2220637411259], [-73.1087186442916, 41.2197416905576], [-73.1086384977249, 41.2195004434208], [-73.1085152250064, 41.2192259907273], [-73.1084855384935, 41.219116293791], [-73.1084930478478, 41.2190336250447], [-73.1084129012811, 41.2186331605326], [-73.1084054971981, 41.2184023089951], [-73.108608179584, 41.2175791447994], [-73.1087827545269, 41.2171834225968], [-73.1095527089787, 41.2160032101987], [-73.1097193183915, 41.2156519297714], [-73.1103360328883, 41.2138346279097], [-73.110401687103, 41.2133404216148], [-73.1104373389909, 41.2132142429324], [-73.1105389959978, 41.2126596873777], [-73.1106115981198, 41.2124402185013], [-73.1106181249418, 41.2118527119532], [-73.1106614616362, 41.2114355727657], [-73.1106546190002, 41.2111827326444], [-73.1107482753867, 41.2100026231682], [-73.1108203862425, 41.2094864241737], [-73.1108130874308, 41.2092780321604], [-73.1108344925997, 41.2090801990472], [-73.1108485638665, 41.2086684803915], [-73.1107320986935, 41.2081029569939], [-73.1104988525336, 41.2074499934069], [-73.1095525686169, 41.2051777433788], [-73.1093336042664, 41.2046015239229], [-73.1092174549074, 41.2041294774464], [-73.1091950672062, 41.2038988387351], [-73.1092675289664, 41.2031958291865], [-73.1094706675281, 41.2022239907971], [-73.1095506035522, 41.2020592441464], [-73.1102614657017, 41.2006155810765], [-73.1103485952661, 41.2005168891206], [-73.1105557692285, 41.2001674265204], [-73.111242594426, 41.2003046137836], [-73.1117778289193, 41.2004101178805], [-73.1118339034437, 41.2002812740155], [-73.111791093106, 41.2002361786028], [-73.1118237973968, 41.2001634133398], [-73.1118092699543, 41.2001026875504], [-73.1118705729543, 41.2000703180414], [-73.111932086497, 41.2000665688802], [-73.1120730097072, 41.1998838630211], [-73.1122988517841, 41.1996580146399], [-73.1124362659503, 41.1995244167972], [-73.1124960951518, 41.1993893401241], [-73.1126263157775, 41.1993294057017], [-73.1126845659093, 41.1992494050436], [-73.1129246897955, 41.19903422127], [-73.1130330139863, 41.1989480947565], [-73.1131458648438, 41.198819089595], [-73.1133629343105, 41.1987147974755], [-73.1134668371057, 41.1986822688615], [-73.1138175660614, 41.1987883564409], [-73.1140022821417, 41.1988271161209], [-73.1138787637901, 41.1987345469833], [-73.1135015064612, 41.1985448669724], [-73.1135520366959, 41.1984406272224], [-73.1134131136408, 41.1983786852862], [-73.1134823470805, 41.1983358592414], [-73.1136024265689, 41.1983923621552], [-73.1136903281231, 41.1983526517013], [-73.1137560174282, 41.1983250339113], [-73.1140463908257, 41.1985115989851], [-73.1143418172467, 41.1986223337916], [-73.1144829159091, 41.1986815823808], [-73.1145626413906, 41.198681635187], [-73.1145267087792, 41.1986322085602], [-73.1144469482073, 41.1985830459275], [-73.1141753481956, 41.1984656046447], [-73.1138098812548, 41.1982630918657], [-73.1142098420989, 41.1978651405482], [-73.1144922148759, 41.1975961946371], [-73.1146636316791, 41.1974464335841], [-73.1149213007858, 41.1973375450433], [-73.1149391618202, 41.1971409432086], [-73.1150991040493, 41.1969796162552], [-73.1153389472121, 41.1967215451106], [-73.1155175224652, 41.1965065642581], [-73.1158052289892, 41.1963412223262], [-73.1161643796507, 41.1962686111574], [-73.1163207426548, 41.1963074251377], [-73.1164950017838, 41.1961674834681], [-73.1166175726934, 41.1959799611618], [-73.1167338975046, 41.1957932832549], [-73.1169224033525, 41.195430910081], [-73.1169587219587, 41.1953865506505], [-73.1171110144718, 41.1951671822633], [-73.1171838973173, 41.1951233507449], [-73.1173071700357, 41.1948759397563], [-73.1176051580589, 41.1944423741678], [-73.1179749060335, 41.1939648677936], [-73.1182073100228, 41.19373936866], [-73.1184110100316, 41.1934979200146], [-73.1185271593906, 41.1933161992197], [-73.1187086120599, 41.1930749602564], [-73.1187664761967, 41.1930252125313], [-73.1190058631838, 41.1927120967353], [-73.1193762076958, 41.1924264941096], [-73.1195292371081, 41.19226182842], [-73.1200588571309, 41.191827823024], [-73.1205819152412, 41.1912842823956], [-73.1209419080732, 41.1910928908008], [-73.1210505831684, 41.1910711321183], [-73.1210453897831, 41.1909889560579], [-73.1211727329927, 41.1909206167621], [-73.121144099193, 41.1908778386504], [-73.1212290180597, 41.1908382292627], [-73.1213272362035, 41.1906413966569], [-73.1212085954232, 41.1905738491895], [-73.121339377496, 41.1902768296316], [-73.1212427033316, 41.1902023104664], [-73.1212767410592, 41.1900769321756], [-73.1213139369264, 41.189966024473], [-73.1215715007618, 41.1895041710915], [-73.1217562168421, 41.1895480063723], [-73.1217868157065, 41.1894939780642], [-73.1217792712617, 41.1894356189912], [-73.1216704207144, 41.1893895654597], [-73.1217077920338, 41.1893464694652], [-73.1218106772062, 41.1891353198074], [-73.1219148958153, 41.1891599838971], [-73.1220272554067, 41.1889559107212], [-73.1221926366542, 41.1886652215379], [-73.1221636870405, 41.188642669834], [-73.1222376927801, 41.188526425448], [-73.1223128565043, 41.1884332607842], [-73.1224873612663, 41.1883433176752], [-73.1226432330043, 41.1882963655275], [-73.1229652579794, 41.1883560987939], [-73.1232777032642, 41.1883979278923], [-73.1234339960874, 41.188426025201], [-73.1235717962484, 41.188536354554], [-73.1236385031763, 41.1886183224354], [-73.1236532762519, 41.188721891242], [-73.1235803934064, 41.189208150144], [-73.123516037538, 41.1895407180987], [-73.1234871230148, 41.189685585587], [-73.1235362145414, 41.189755088067], [-73.1238298162595, 41.1898077430121], [-73.1239097522836, 41.1897252484854], [-73.1239425969362, 41.1896751285206], [-73.1239280694937, 41.1896179843199], [-73.1239228761084, 41.1895358064356], [-73.1239978994708, 41.1894212008592], [-73.1240793794744, 41.1887777158699], [-73.1240169535802, 41.188617107706], [-73.1240448153902, 41.1885241016144], [-73.12412520759, 41.1885202461632], [-73.1241747903829, 41.1880948247677], [-73.1237487924317, 41.188049773774], [-73.1234173632185, 41.1880008144527], [-73.1231296566945, 41.1879288278112], [-73.1230619672342, 41.1878947622049], [-73.1231183224821, 41.1878266837542], [-73.1230844251163, 41.187780048126], [-73.1231460439303, 41.1877086422075], [-73.1232210672927, 41.1875940334328], [-73.123277211998, 41.1874830687091], [-73.1232743696723, 41.1873449567127], [-73.1233472174273, 41.1873184962167], [-73.1233469016134, 41.1872612971438], [-73.1234174333994, 41.1871860351297], [-73.1234595770187, 41.1871108258446], [-73.123440172005, 41.1870251061678], [-73.1233545513295, 41.1869105490124], [-73.1232774225406, 41.1866897261939], [-73.1233336374268, 41.1866111361185], [-73.1233234261085, 41.1864644660817], [-73.1232707904473, 41.1863609993366], [-73.1231866084799, 41.1862155435136], [-73.1230758630487, 41.1861900860705], [-73.1228535651064, 41.1861943641892], [-73.1226548479402, 41.1861914592938], [-73.1226530583277, 41.1858769904011], [-73.122713905152, 41.1858651066797], [-73.1229029022661, 41.1858756171712], [-73.1229796099697, 41.1859009162869], [-73.1230601074408, 41.1859149654786], [-73.123135586979, 41.1858789974294], [-73.1231968197981, 41.1858358991242], [-73.1231682210889, 41.1857967092191], [-73.1232246114272, 41.1857286285869], [-73.1232242254324, 41.1856642978702], [-73.1232805806803, 41.1855926255606], [-73.1233747634234, 41.1855172559948], [-73.123430697586, 41.1853705835078], [-73.1234158192391, 41.1852526959844], [-73.1233253911732, 41.1851565160871], [-73.1232825808354, 41.1851137342093], [-73.1233856063696, 41.1849276063068], [-73.1234992993977, 41.1849558107392], [-73.1237443710362, 41.1844865275448], [-73.1238924176058, 41.1842219105523], [-73.1237075962542, 41.1841582121705], [-73.1237261941878, 41.1841045491407], [-73.1236028863789, 41.1840477698044], [-73.123649626846, 41.1839511127745], [-73.1238202365691, 41.1840077337404], [-73.1238906981742, 41.1839217459109], [-73.1239564927507, 41.1838464800583], [-73.124003163037, 41.1837319701602], [-73.124040183452, 41.1835924769741], [-73.1241055920336, 41.183449339015], [-73.1240717648487, 41.1833207786773], [-73.1243218544202, 41.1822413161238], [-73.1243718582983, 41.1820950060363], [-73.1244152651736, 41.1820574513005], [-73.1245535916911, 41.1820680152227], [-73.1248589837973, 41.1819913739283], [-73.1249599740859, 41.1819861976005], [-73.1252271176116, 41.1819642246129], [-73.1253723218556, 41.1819862504202], [-73.1254988228946, 41.1822404181928], [-73.1255977428471, 41.1820580323163], [-73.1256049363875, 41.1819312651177], [-73.1256240606777, 41.1818147447178], [-73.1256377459496, 41.181721834604], [-73.1256507645032, 41.1815216469297], [-73.1256876445564, 41.18134998155], [-73.1256776437808, 41.1812571235972], [-73.1255970059479, 41.1812216283722], [-73.1254551352958, 41.1812256955344], [-73.1253079308967, 41.1811260763987], [-73.1250619118163, 41.1810365986365], [-73.124843754546, 41.1810417750393], [-73.1248225950102, 41.1810308940289], [-73.1247397464795, 41.1810278832636], [-73.1246918129374, 41.1809172771566], [-73.1245780848188, 41.1808818873886], [-73.124534713034, 41.1807426522351], [-73.1244878672955, 41.180546211847], [-73.1245022543763, 41.1804449542294], [-73.124468637734, 41.1799459531354], [-73.1244016149921, 41.1798032297776], [-73.1244007728215, 41.1796567029572], [-73.1243286268753, 41.1794496949691], [-73.1244937273991, 41.179370515165], [-73.1244973066241, 41.1791703731254], [-73.1244367405233, 41.1789960076565], [-73.1244236166985, 41.178691751743], [-73.1242430412902, 41.1785458563053], [-73.1242046523479, 41.1784495080901], [-73.1241899494533, 41.178360185139], [-73.1241886160165, 41.1781279237669], [-73.1241546484698, 41.1779743677521], [-73.1241730709512, 41.1778885304696], [-73.124224794261, 41.1778382957986], [-73.1242949400521, 41.1776951452629], [-73.1242752192244, 41.177559442492], [-73.1242419183961, 41.1774075754921], [-73.1242270751396, 41.1773141308918], [-73.1232371387146, 41.1767854189381], [-73.1210547589308, 41.1756331617865], [-73.1209016944281, 41.175462220522], [-73.1209090985111, 41.1754336950513], [-73.1209303984086, 41.1754164741129], [-73.120963067609, 41.1754087616666], [-73.1209957718998, 41.1754048526182], [-73.1210172121592, 41.1754105048909], [-73.1211354669446, 41.1755489061819], [-73.1232127859487, 41.1766565285751], [-73.1242061261465, 41.1771812798033], [-73.1241824050085, 41.1770451005549], [-73.124271289095, 41.1768732649705], [-73.1243701388667, 41.1767872149495], [-73.124506851224, 41.1767117296018], [-73.1246938130925, 41.1763215709172], [-73.1250688948141, 41.1758369067098], [-73.1254149216507, 41.1751406743574], [-73.1255241231024, 41.1749048094431], [-73.1257060319474, 41.1746410517705], [-73.125997528239, 41.1739330264735], [-73.1260452161481, 41.1736261585477], [-73.1261521718116, 41.1733113651845], [-73.1260857456072, 41.1732414754644], [-73.1259766143363, 41.1732118924916], [-73.1258346033225, 41.1731944596621], [-73.1250829309904, 41.1732469694436], [-73.1248462459673, 41.1732119981451], [-73.1247182360393, 41.1731588015873], [-73.1246091749493, 41.1731127366087], [-73.1245533109676, 41.1730375639879], [-73.1241964060944, 41.1727510831391], [-73.1238580640643, 41.1724397721776], [-73.1237345457127, 41.1723436791181], [-73.122935290743, 41.172113192552], [-73.1226724633415, 41.1720682890468], [-73.1217902194792, 41.1718699736689], [-73.1215999240189, 41.1718466765913], [-73.1214479122294, 41.1718710830534], [-73.1213404302092, 41.1719193676724], [-73.1212739338239, 41.1720675494594], [-73.1210916038936, 41.1723217028955], [-73.1204343950282, 41.173110148094], [-73.1201319154286, 41.1734272667934], [-73.1199868515464, 41.1735570615605], [-73.1198479635817, 41.1736628728958], [-73.1196767924116, 41.1736586467849], [-73.1194983575202, 41.1735697927387], [-73.1194186320387, 41.1734378321076], [-73.1194327033055, 41.1733609165812], [-73.1195055510605, 41.1733171232912], [-73.1196145068792, 41.1733116293179], [-73.119658194478, 41.1732898647268], [-73.1197017768054, 41.1732511427544], [-73.1208467427978, 41.1720502748085], [-73.1209597691076, 41.1718631060505], [-73.1208761836776, 41.1716526396112], [-73.1204443607133, 41.1715151281663], [-73.1200828239019, 41.1714779899893], [-73.119455196278, 41.1714656282017], [-73.119074745719, 41.1714429120902], [-73.1186818380535, 41.1714633565909], [-73.1185364583574, 41.1715356783007], [-73.1183397413463, 41.1714979590259], [-73.1181686754475, 41.1715129093853], [-73.1179851173517, 41.1715614055806], [-73.1177257639039, 41.1716580280676], [-73.1174854294749, 41.1717545975842], [-73.1171567724065, 41.1719280842574], [-73.116764496369, 41.17205867441], [-73.1164604026091, 41.1720931708753], [-73.1161433253862, 41.1720654363525], [-73.1158894811376, 41.1720183668785], [-73.1157244507945, 41.1719805422262], [-73.1156293907904, 41.1719808591926], [-73.1154390251492, 41.1719479475013], [-73.1152395359933, 41.1718756790745], [-73.1150944721111, 41.1718372204055], [-73.1149560403222, 41.171760144516], [-73.1147383392276, 41.1715572321622], [-73.1145782215463, 41.1713434893884], [-73.1143311848431, 41.171255583112], [-73.1139967027616, 41.1709922862034], [-73.1139599981605, 41.1709264089823], [-73.1137233833183, 41.1705945917558], [-73.1131873066544, 41.17045142539], [-73.1125628020797, 41.1702118983796], [-73.1120498149259, 41.1699176920817], [-73.1117688457665, 41.1696710839534], [-73.1116476784745, 41.1694359917929], [-73.1117268074184, 41.1692968907983], [-73.1122526727641, 41.1690356463926], [-73.1139721745435, 41.1703528464485], [-73.1140474435389, 41.1702088871169], [-73.1137753522611, 41.1698820322234], [-73.1136831345827, 41.1695099006327], [-73.1133161236625, 41.1691952988104], [-73.1133552144136, 41.1690381822382], [-73.1128253487577, 41.168575018987], [-73.1127514833798, 41.1685557358561], [-73.1124328621775, 41.1686652533984], [-73.1119990741485, 41.1688981822851], [-73.1116515033325, 41.1690860991345], [-73.1112511214031, 41.1689005596453], [-73.1109521859381, 41.1687147026484], [-73.1107932613318, 41.1686290117235], [-73.1106914288726, 41.1685574792627], [-73.1105832801341, 41.1684859467237], [-73.1105127834386, 41.1683472663575], [-73.1103157155231, 41.1682425030519], [-73.1101313503472, 41.1681425471851], [-73.1098959636704, 41.1679899715511], [-73.109495020294, 41.1676942760023], [-73.1091377645164, 41.1672787044799], [-73.109054705443, 41.1671591994428], [-73.1090605655466, 41.1670729781667], [-73.1091108150579, 41.1669865982817], [-73.1092245431764, 41.1669239926058], [-73.1096491024195, 41.1668986861596], [-73.1097946926583, 41.1668647152779], [-73.1098488372085, 41.1666989286695], [-73.1098964900271, 41.1665531121854], [-73.1099757242423, 41.1665144390634], [-73.1114547161406, 41.1663275186521], [-73.1115271779008, 41.1664299075698], [-73.1114316266306, 41.16648453606], [-73.1113362859029, 41.1665814301946], [-73.1113420758257, 41.1666948606053], [-73.1114170290072, 41.1667381300023], [-73.1116242029696, 41.1666409191071], [-73.1117850926406, 41.1665958533551], [-73.1119431399859, 41.1665251639888], [-73.1119186819487, 41.1664407381735], [-73.1117592660762, 41.1665016008498], [-73.1115759185231, 41.166574614854], [-73.1116791896903, 41.1664656221391], [-73.1116972963577, 41.16636027467], [-73.1121626657834, 41.1662389188249], [-73.1122862192255, 41.1662937588036], [-73.1120937832482, 41.1663194353097], [-73.1120064080506, 41.1664102539819], [-73.1120609736861, 41.166486068193], [-73.1121990545705, 41.1665796339033], [-73.1122644631522, 41.1665847586165], [-73.1122857981402, 41.1665460855133], [-73.112220424649, 41.1665078350444], [-73.112222179171, 41.1664216657433], [-73.1122778326101, 41.1663731657435], [-73.1123894553022, 41.1663305829254], [-73.1124821642468, 41.1662660218259], [-73.1126531950552, 41.1663478590845], [-73.1126065598594, 41.1665834378142], [-73.1133022980288, 41.166708015773], [-73.1137333490035, 41.1666402322904], [-73.1139885617793, 41.166567007031], [-73.1143318515615, 41.1665236318567], [-73.1146271376207, 41.1664683694129], [-73.1149882182564, 41.1665558594554], [-73.1155701932168, 41.1665256923102], [-73.1158658301805, 41.1665368398909], [-73.1162011895231, 41.1665055632617], [-73.1162245246662, 41.1663908117171], [-73.1162017158797, 41.1661440318168], [-73.1162377186719, 41.1660067201404], [-73.1161720644572, 41.1658750084389], [-73.1160196666729, 41.1657379075299], [-73.1159250628445, 41.1657104344808], [-73.1156630074327, 41.1656498880667], [-73.1153436142407, 41.1656447104476], [-73.1152490805932, 41.1655896057611], [-73.115096612628, 41.1654801359111], [-73.1148350835728, 41.1654308955521], [-73.1146606840821, 41.1654583687183], [-73.1127214108721, 41.1654863173698], [-73.1122011249065, 41.1655040692482], [-73.1118258326423, 41.165541474976], [-73.1111089700275, 41.165930165718], [-73.110541873414, 41.1659500307803], [-73.110431619249, 41.1662401868018], [-73.1102590795517, 41.1663221297573], [-73.1101646511755, 41.1663661390521], [-73.1099251589172, 41.1664042839392], [-73.1097867973092, 41.1663772866599], [-73.10968496485, 41.1663937174907], [-73.1093553603397, 41.1665068312334], [-73.1091270970224, 41.1664932005359], [-73.1089620666794, 41.1664458100653], [-73.1088286177331, 41.1663887512593], [-73.108752190753, 41.1663171635204], [-73.1086689913179, 41.1661737236459], [-73.1085215061953, 41.1658628569249], [-73.108420621178, 41.1655707444149], [-73.1084135679994, 41.1655266817529], [-73.1083337021562, 41.1653295089024], [-73.1082676268562, 41.1651151118123], [-73.1082633809129, 41.1650302086801], [-73.1082617316622, 41.1647284767458], [-73.1082789259781, 41.1643931410959], [-73.1083716700131, 41.1639713670361], [-73.1086081094031, 41.1633421086952], [-73.1089788399101, 41.1625803862955], [-73.1093231473151, 41.1618033854549], [-73.1096615946164, 41.1611126046343], [-73.1098186945198, 41.1603878951305], [-73.1099350544215, 41.1600418641222], [-73.110034606002, 41.1597942149114], [-73.1101345786678, 41.1595352574817], [-73.1102281999638, 41.159271490772], [-73.1103005213623, 41.1585959536031], [-73.1102083036839, 41.1579639488574], [-73.1093839239585, 41.1578755490789], [-73.1102079527795, 41.1579017044353], [-73.1102250769146, 41.1575567699277], [-73.1100632398017, 41.1569442002352], [-73.1098786640831, 41.1568010568846], [-73.1094536135739, 41.1567372261572], [-73.1091551342846, 41.1566496701659], [-73.1088935350485, 41.1565017705524], [-73.1086855189155, 41.1564887190163], [-73.1080448025572, 41.1563757465026], [-73.1077969236835, 41.1562424302315], [-73.1074772848584, 41.1560411607219], [-73.1073460466098, 41.1560761940256], [-73.1072507760631, 41.1560333931543], [-73.1071744543544, 41.1559857309164], [-73.1071613305296, 41.1559043034432], [-73.1074196663546, 41.1556304823469], [-73.1072480039183, 41.1555304544015], [-73.1070265481465, 41.1555034526425], [-73.1068447796632, 41.1554266217451], [-73.1064818743246, 41.1553830278327], [-73.1062856134893, 41.1553115865948], [-73.1060022932704, 41.1552512419383], [-73.105833332798, 41.1552666187343], [-73.1055078689597, 41.1550646064492], [-73.1052868342732, 41.1549905227923], [-73.1049440006667, 41.1548814051282], [-73.1046335204467, 41.1548871648545], [-73.1043552181608, 41.1549886205005], [-73.1041276215618, 41.1550899174654], [-73.1038744440316, 41.1551482014593], [-73.10358294774, 41.1551490997616], [-73.1033616674204, 41.1552503436373], [-73.1032100416257, 41.1553370560392], [-73.1030456078202, 41.1553950227666], [-73.1028364337027, 41.1553860926178], [-73.1025638160682, 41.1553677567462], [-73.1022781798802, 41.1552824182564], [-73.1019059053939, 41.1551999330841], [-73.1018328120058, 41.1551595094993], [-73.1016151109111, 41.155060696187], [-73.1012881030935, 41.1547750350463], [-73.1011637776618, 41.154615875913], [-73.1011201953343, 41.1545285284555], [-73.1010911053589, 41.1541440503017], [-73.1011343718724, 41.1539573059758], [-73.1012366955977, 41.1538255700575], [-73.1019552425537, 41.1532379073273], [-73.1021872605481, 41.1529140326835], [-73.1024466841769, 41.1524560926607], [-73.1025357086252, 41.1522988831108], [-73.1025570436132, 41.1522552342748], [-73.1028258012991, 41.1516399728322], [-73.1030215708683, 41.1514095191297], [-73.1035594722351, 41.1513817758525], [-73.1040237538571, 41.151244644624], [-73.1041978375339, 41.1512497705363], [-73.1043000208974, 41.151299391461], [-73.1045760773951, 41.1514858262926], [-73.1046126416344, 41.1515352885059], [-73.1046556976052, 41.1516453100902], [-73.1048009720301, 41.1518834781801], [-73.1049222796839, 41.1520507290507], [-73.105188896853, 41.1521361245914], [-73.1058424914031, 41.1522969278972], [-73.1064506789228, 41.1524510725297], [-73.1072568116189, 41.1525080377838], [-73.108040802247, 41.1523517266991], [-73.108360195439, 41.1522478361641], [-73.1088394606793, 41.151951118394], [-73.1090139303508, 41.1517697579132], [-73.1091471336641, 41.151697467232], [-73.1094949150227, 41.1515574302325], [-73.1096528220062, 41.151465956846], [-73.1098293971043, 41.1513073181228], [-73.1100630643495, 41.1511628941945], [-73.1104110211603, 41.1510612212491], [-73.1106326172939, 41.1510222219175], [-73.1108986379254, 41.1510021937964], [-73.1111899236744, 41.1509629830508], [-73.1114750685962, 41.1509572758245], [-73.1116968050916, 41.1509470239536], [-73.1120960641268, 41.1509553205709], [-73.1124002280676, 41.1509543693664], [-73.1127933111852, 41.150986657466], [-73.1131356535255, 41.1510142952212], [-73.1134274305407, 41.1510660301082], [-73.1138361289045, 41.1511361548593], [-73.1141993500571, 41.1511967146819], [-73.1147911854314, 41.1512963793292], [-73.1155204700623, 41.1513946698723], [-73.1163002498374, 41.1514544367918], [-73.1166425219968, 41.1514677007073], [-73.116984618704, 41.1514522173315], [-73.1173456642493, 41.1514223602998], [-73.1176116147, 41.151387958641], [-73.1178772844272, 41.1513008711046], [-73.1182060818574, 41.1511705038057], [-73.1189627721225, 41.1507824653538], [-73.1191226090803, 41.1507164092807], [-73.1195369219146, 41.1505790652805], [-73.1197233925169, 41.1505429192934], [-73.119944707927, 41.1504607980733], [-73.120191498997, 41.1503977010041], [-73.1205647560157, 41.1502863561954], [-73.1212161047775, 41.1500495034391], [-73.121940582018, 41.1496835478661], [-73.1231691685308, 41.1491714180168], [-73.123782970521, 41.1490209120647], [-73.1240610973547, 41.1489002639612], [-73.1244876918433, 41.1486507758732], [-73.1248951620417, 41.1484856301965], [-73.1255261232575, 41.1483614932203], [-73.1261240292781, 41.1484049332617], [-73.1265294993213, 41.1483940468307], [-73.1268395935466, 41.1483211711124], [-73.1269341973749, 41.1482442261036], [-73.1271053334546, 41.1482532100722], [-73.1280124915298, 41.1477649560183], [-73.1287166514051, 41.1475680996646], [-73.129071696485, 41.1475043127944], [-73.1292802389745, 41.1474078132358], [-73.1294708502489, 41.1474981824871], [-73.1296797436429, 41.1474591810361], [-73.129863091196, 41.1473867270592], [-73.1300649314114, 41.1472327819106], [-73.1301699921911, 41.1471131874725]], [[-73.1303590594861, 41.1547984967186], [-73.1304024663613, 41.1549247880082], [-73.1306352563455, 41.15514460825], [-73.1307435103553, 41.155342340155], [-73.1308740117046, 41.1554959492163], [-73.1310845543493, 41.1556388312124], [-73.131143120295, 41.1557214743549], [-73.1311354354885, 41.1557595725972], [-73.1311428395715, 41.1557873668626], [-73.1310850456155, 41.1558033247815], [-73.1309395957384, 41.1558087673821], [-73.1308737660715, 41.155842109906], [-73.1310627280952, 41.1559076852482], [-73.1313314857811, 41.1559136562471], [-73.1315346945237, 41.1560014774246], [-73.1316731614031, 41.1560835388637], [-73.1316656520487, 41.1561605803532], [-73.1315351506994, 41.1562756140136], [-73.1316658275009, 41.1563418758466], [-73.1317453073493, 41.1563527609579], [-73.1319631137153, 41.1563366446517], [-73.132013959764, 41.1563036722621], [-73.1321088092254, 41.1562978598198], [-73.1322175895919, 41.1563474240832], [-73.1323333880465, 41.1563583620339], [-73.1324283778697, 41.1562985467449], [-73.1324937513608, 41.1563034609005], [-73.1326023562751, 41.1564353503601], [-73.1327109611893, 41.1564962223289], [-73.1326905736432, 41.1566173320153], [-73.1326428857342, 41.1567086396937], [-73.1325610899167, 41.1567490623233], [-73.1325374740501, 41.1568366181817], [-73.1326537286804, 41.1569164593002], [-73.132798827653, 41.1569779649002], [-73.1328996424894, 41.1569355873366], [-73.1329436108117, 41.1569884271872], [-73.1330449870951, 41.1569989951523], [-73.1332089998154, 41.1569948208063], [-73.1332385108761, 41.1570895097028], [-73.1332049995051, 41.157137012619], [-73.1331522234822, 41.15718462118], [-73.1330322492651, 41.1572907231539], [-73.1327150316804, 41.1574960046227], [-73.1324893299653, 41.1576717482986], [-73.1324173594712, 41.1577412847522], [-73.1323696364718, 41.157832590865], [-73.1323905503745, 41.157939537215], [-73.1325209464524, 41.1581538521026], [-73.1325572299682, 41.1581865065284], [-73.1328116707544, 41.1582256601146], [-73.1330365653894, 41.158225237404], [-73.1333492212168, 41.1582804539605], [-73.1334359296959, 41.1583245743334], [-73.1334576155884, 41.1583795794514], [-73.1333415715007, 41.1584509645069], [-73.1332178776969, 41.1584505417977], [-73.1330000011501, 41.1584121280874], [-73.1328690787155, 41.1584556671466], [-73.132738401914, 41.1585435905955], [-73.1324917862962, 41.1585987540453], [-73.1323823743018, 41.1586751056784], [-73.1323609691329, 41.1588566584087], [-73.1318879499911, 41.1590100478817], [-73.1317357627494, 41.1590699135345], [-73.1315902076011, 41.1592129462542], [-73.1315686620704, 41.1593718828739], [-73.1316485980945, 41.1594930400849], [-73.1317859420797, 41.1596135101815], [-73.1318583687495, 41.1597345612706], [-73.1317934163436, 41.1598444105812], [-73.1316768458993, 41.1598605788625], [-73.1313212744629, 41.1597619311497], [-73.1312268460867, 41.1597558548262], [-73.131008583545, 41.1598880015265], [-73.1309573865919, 41.1599868075618], [-73.1309502983229, 41.1600525372696], [-73.1311312948165, 41.1604203899321], [-73.1311169779166, 41.1605355217905], [-73.1310878528508, 41.1605632611938], [-73.1309934946555, 41.1605300795824], [-73.1309642643183, 41.16050260435], [-73.1308991715506, 41.1602774126846], [-73.1308265343382, 41.1601620161864], [-73.1307106657027, 41.1601015174833], [-73.1306014291606, 41.1600907386692], [-73.1305800590821, 41.1601620161864], [-73.130506965694, 41.1602391057194], [-73.1305000528772, 41.1602991287611], [-73.1306160969648, 41.1603100660524], [-73.130688874539, 41.1603376470397], [-73.1308050589885, 41.160524214678], [-73.1309138744453, 41.1606560956447], [-73.1310300588948, 41.1607334487806], [-73.13112441709, 41.1607168051833], [-73.131262533065, 41.160546881738], [-73.1312555500673, 41.1603214788762], [-73.1312113361119, 41.1602504657183], [-73.1311609111485, 41.1600087879216], [-73.1312117571972, 41.1598986218615], [-73.1313213797342, 41.1598936551379], [-73.1314588640812, 41.1599595962889], [-73.1314440559152, 41.1601073295882], [-73.1315171493033, 41.1601844191855], [-73.1314806201545, 41.1602667395738], [-73.1314731108001, 41.1603436176351], [-73.1315235006731, 41.1604586967913], [-73.1315818560761, 41.160503079883], [-73.131785485904, 41.1604703209373], [-73.1316834779927, 41.1603329445351], [-73.1317419035766, 41.1602725516641], [-73.1317416930339, 41.1601188481219], [-73.1317563959286, 41.1600747289567], [-73.1317787485394, 41.1600530128058], [-73.1319963443627, 41.1598883185515], [-73.1320404881372, 41.1598281366209], [-73.1320546997657, 41.1597731855561], [-73.1319970110811, 41.1595752556661], [-73.1318368583093, 41.1593942861431], [-73.1317866087981, 41.1593004988215], [-73.1318230677661, 41.1592516236852], [-73.1319246896826, 41.1591581531879], [-73.1320045204354, 41.1591525523511], [-73.1320626302054, 41.1591523938369], [-73.1321133008018, 41.1594712709034], [-73.1321925350171, 41.1596686198932], [-73.132280015486, 41.1597623010128], [-73.1324976463998, 41.1597567530653], [-73.1327090663055, 41.1595812791686], [-73.1327809315282, 41.1595648994674], [-73.1329122399576, 41.1595867742932], [-73.1330713400162, 41.1597790505277], [-73.1331446088565, 41.1597735025816], [-73.1332021571794, 41.1597130563575], [-73.1331300112332, 41.1596032068267], [-73.1330716558302, 41.1594823140085], [-73.1329339258501, 41.1594547854991], [-73.1326434120908, 41.1595317701883], [-73.132635867646, 41.1595592458277], [-73.1324689424192, 41.1596194808428], [-73.1323890414855, 41.1596193751674], [-73.1323525825176, 41.159597394677], [-73.1323165446349, 41.159525799519], [-73.1322947534711, 41.1593723584151], [-73.1323166148157, 41.1591525523511], [-73.1323459855147, 41.1590922640687], [-73.1324332905314, 41.1590374180634], [-73.1325129107415, 41.1589880671869], [-73.1326365694548, 41.1588290239597], [-73.1328543758208, 41.1586591484586], [-73.1329203458495, 41.1586479466994], [-73.1330940084409, 41.1586922781788], [-73.1331671018291, 41.1587688938949], [-73.1330143180499, 41.1590321870836], [-73.133166540382, 41.1590217251227], [-73.1332394934084, 41.1589999029465], [-73.1334644231339, 41.1588457737132], [-73.133617522727, 41.1587526196675], [-73.1336679476904, 41.1586814462944], [-73.1337119511032, 41.158522296646], [-73.1336828611278, 41.1583956424167], [-73.1335088125415, 41.1581709719007], [-73.1335088125415, 41.1580939856131], [-73.133574291304, 41.1579952824024], [-73.1336037321838, 41.1579512674859], [-73.1335966790052, 41.1577534906115], [-73.1336622279486, 41.1577040859291], [-73.1337851497626, 41.1577262784113], [-73.1339809895127, 41.1578031594525], [-73.1341917427, 41.1579405411572], [-73.1342517122633, 41.1579283881719], [-73.1342562038398, 41.1578700009717], [-73.1342508700928, 41.1577861980759], [-73.1339704623804, 41.1576850109562], [-73.1335789232421, 41.1575550790678], [-73.1330473732451, 41.1574037469302], [-73.1330737261661, 41.1573634832229], [-73.1331133081834, 41.1573103266372], [-73.1332201585756, 41.1572499838207], [-73.1333062705172, 41.1571493242701], [-73.1337846584965, 41.1572627181675], [-73.1338670508514, 41.1573243819613], [-73.1339059661503, 41.1573826111289], [-73.1339016851165, 41.1574701133017], [-73.1339405302344, 41.1575137586655], [-73.1342837498358, 41.1576329114174], [-73.1343366662205, 41.1576072315078], [-73.134369826687, 41.1575013942433], [-73.1343463511821, 41.1573449365463], [-73.1342866272519, 41.1573011325514], [-73.1342744859594, 41.1571915960162], [-73.1342755737631, 41.1570605006749], [-73.134362422604, 41.1570638824201], [-73.1344052329418, 41.1569616373883], [-73.1344334807466, 41.1568412152574], [-73.1343829856023, 41.1564585472368], [-73.1342942418776, 41.1561379646167], [-73.1342452556222, 41.1560105131708], [-73.1341352470904, 41.1559366947863], [-73.1339247044456, 41.1559091119471], [-73.1336199790579, 41.1559638020481], [-73.1335976264471, 41.1558266804042], [-73.1335539739387, 41.1558158480463], [-73.1334966010681, 41.1558209736012], [-73.1332710397147, 41.1559474742836], [-73.1330962893196, 41.1559856252352], [-73.1329515061609, 41.1559473686023], [-73.1328932209388, 41.1557988333146], [-73.132813635819, 41.155738383425], [-73.1326244281623, 41.1557112232291], [-73.1325161039716, 41.1556999152843], [-73.1324944882601, 41.155650561895], [-73.1323776721827, 41.1555079441296], [-73.1322905777087, 41.1554800969047], [-73.1320731222471, 41.1555902703914], [-73.131927426737, 41.155628315869], [-73.1318987578469, 41.1556942613112], [-73.1319273565561, 41.1557380663799], [-73.1320074680324, 41.1557709333725], [-73.1322322924865, 41.1557549226049], [-73.1322978063395, 41.1557824526682], [-73.1323774616401, 41.1559357436542], [-73.1325230167885, 41.1560292187468], [-73.1325662482115, 41.1560839615882], [-73.1325371231457, 41.1561882159271], [-73.1325148056253, 41.1562569613483], [-73.1323604076859, 41.1562574897525], [-73.1322485042702, 41.1560901439332], [-73.1321521108293, 41.1560565373326], [-73.1318907923168, 41.1560015302652], [-73.1314189311596, 41.1558474996626], [-73.1313465746707, 41.1557760589309], [-73.1312593398349, 41.155721104469], [-73.1312227755956, 41.1556771408662], [-73.1308742573377, 41.1553804914587], [-73.1306202025464, 41.1550183702253], [-73.1304609270357, 41.15483162839], [-73.1304101862583, 41.1548094877693], [-73.1303590594861, 41.1547984967186]]]}, "properties": {"FID": 16, "ID": 0, "TOWN_CODE": 42, "TOWN_NAME": "Stratford", "CIS_TOWN_C": 220, "SHAPE_AREA": 503316531.116, "SHAPE_LEN": 256654.914181, "GlobalID": "5792711a-b791-465b-9443-cfff42c455f5"}}, {"type": "Feature", "id": 17, "geometry": {"type": "MultiPolygon", "coordinates": [[[[-73.1573797343815, 41.2286394247584], [-73.1574379302861, 41.228535098006], [-73.1576200308976, 41.2280797136967], [-73.1579257068596, 41.2272564597377], [-73.1581079636419, 41.2270805018361], [-73.1586892239204, 41.2268008857595], [-73.1587550489505, 41.2267186595882], [-73.1588643187597, 41.2262796552201], [-73.1589009156455, 41.2260651065058], [-73.1589735455835, 41.2259447726264], [-73.1590393167538, 41.2258894765956], [-73.1591043177776, 41.2258568204884], [-73.1595337041602, 41.2257803282329], [-73.160130135352, 41.2256761287179], [-73.1602676866229, 41.2255826636085], [-73.1603628582326, 41.2254344600223], [-73.1604794273526, 41.2252914927088], [-73.1606390754654, 41.2250998341023], [-73.1609811340791, 41.2245785139108], [-73.1612722143148, 41.2241168977003], [-73.1614685302495, 41.2235791190587], [-73.161788984332, 41.2226244091184], [-73.1618907199999, 41.2221852579933], [-73.1620511149318, 41.2218611613869], [-73.1623127836529, 41.2214933110771], [-73.1624877268489, 41.2212079339526], [-73.1626409156444, 41.2208234848104], [-73.1627572102429, 41.2202089748098], [-73.1616682404395, 41.2167388098606], [-73.1601648210788, 41.212220502764], [-73.1591197503825, 41.2090800197588], [-73.1561363488068, 41.2001590158847], [-73.1554692272188, 41.1981712376136], [-73.1537829187591, 41.1926932407701], [-73.1537930281028, 41.1926758809326], [-73.1538294337925, 41.1924671634803], [-73.1538945770802, 41.192242393289], [-73.1539679286162, 41.1921321820728], [-73.1541493044495, 41.1920116403123], [-73.1541878686324, 41.1919687905359], [-73.1544983313182, 41.1919016538145], [-73.1546950231991, 41.191797348347], [-73.1547493126457, 41.1916902941163], [-73.1547888630197, 41.1916604774991], [-73.154811019535, 41.1916441021483], [-73.1549637776534, 41.1913035823656], [-73.1550222766556, 41.1909966680517], [-73.1550003485169, 41.1909027475406], [-73.1550223077673, 41.1907820794091], [-73.1550078752223, 41.1904692487908], [-73.1550959620569, 41.190356583144], [-73.1553058507335, 41.1902932332484], [-73.15550187178, 41.1901563404609], [-73.1555600606643, 41.190019246831], [-73.1555166795479, 41.1898711942992], [-73.1554009149494, 41.1896952673588], [-73.1548775015079, 41.1892928120933], [-73.1548198347776, 41.1888550895201], [-73.15486307086, 41.1887235435303], [-73.1549579416917, 41.1881305516804], [-73.1550599068113, 41.1879492224861], [-73.1551545751017, 41.187652988827], [-73.1551906184232, 41.1874609147595], [-73.1550749939841, 41.1871973312341], [-73.1550672664004, 41.1870491550572], [-73.1551399145913, 41.1869012050181], [-73.1552042365965, 41.1866915344699], [-73.1551242637183, 41.1862820177231], [-73.1547635468723, 41.1850508186229], [-73.1546764049478, 41.184435836329], [-73.1544659816218, 41.183859364902], [-73.1544520188928, 41.1838045231535], [-73.1540888852275, 41.1830961657743], [-73.1540598037155, 41.1829099843732], [-73.1541981618276, 41.182042385745], [-73.1543877053189, 41.1814492323146], [-73.1546491767577, 41.1808127718656], [-73.1549473340747, 41.1803080938652], [-73.1552894435425, 41.1798248637638], [-73.1553183215861, 41.1794295473242], [-73.1552828542098, 41.1789466309607], [-73.155326338061, 41.1783809255897], [-73.1554209874748, 41.177974911345], [-73.1556974815549, 41.177420219185], [-73.1560099061612, 41.1769868401308], [-73.1560535405546, 41.176920985866], [-73.1562714174213, 41.1766903557017], [-73.1564317922706, 41.1765589056948], [-73.1564970747756, 41.1765425467439], [-73.1567513446977, 41.1763231073936], [-73.1569256750318, 41.1761362029887], [-73.1570494003268, 41.1760266668237], [-73.1573693286467, 41.1756697641142], [-73.1575659959034, 41.1754613334762], [-73.157697709941, 41.1752859008382], [-73.1592286058884, 41.1737371294472], [-73.1592527985651, 41.173743665648], [-73.1593323024271, 41.1737650656695], [-73.1593174027313, 41.1738148614682], [-73.1592730264839, 41.1739602927208], [-73.1593079844069, 41.174012503401], [-73.159420546867, 41.1740153718167], [-73.1594593821565, 41.1739956068564], [-73.1598929665774, 41.1741085315099], [-73.1599317616271, 41.1740822231539], [-73.1600290627328, 41.1740233029057], [-73.1601456543859, 41.1739355725483], [-73.1602326918171, 41.1739134739261], [-73.1603253004776, 41.1740219382824], [-73.1603861928807, 41.1740675100942], [-73.1604727685408, 41.1740671993865], [-73.1605419217889, 41.1740505993842], [-73.1606325182849, 41.1740012096648], [-73.1607058989016, 41.1739682390965], [-73.1607444840832, 41.1739092269654], [-73.1611350993818, 41.1733845019152], [-73.1611041580534, 41.1732832206172], [-73.1613103090344, 41.1730240878593], [-73.1614953860294, 41.1728566132853], [-73.1617723250283, 41.1724912647532], [-73.162221946487, 41.1720657395132], [-73.1626613862099, 41.171737080437], [-73.1627145431063, 41.1716307562695], [-73.1628161577084, 41.1715697102293], [-73.1627895710834, 41.1714716849884], [-73.162871644836, 41.1714452193921], [-73.1630654762567, 41.1712940680226], [-73.1631694208025, 41.171303504432], [-73.163372465857, 41.1712406257434], [-73.1634741921682, 41.1712026987046], [-73.16373502117, 41.1710757771489], [-73.1638904112569, 41.1710065265557], [-73.1642583768682, 41.1710117347607], [-73.1645617437987, 41.1710695117973], [-73.1645583075003, 41.1712101665722], [-73.1645770961301, 41.1714423207245], [-73.1645515557434, 41.1715111016104], [-73.1645518879885, 41.1715634313025], [-73.1645478974859, 41.1716157787723], [-73.1645917254887, 41.1717006571542], [-73.1645489150119, 41.1717760433269], [-73.1645366982756, 41.1718971068037], [-73.1644935138367, 41.1719136151144], [-73.1645070217278, 41.17199533489], [-73.1645633537268, 41.1720049454151], [-73.1645783469312, 41.1723778329091], [-73.1647106996316, 41.1727141682031], [-73.1648721533706, 41.172916369815], [-73.1649700838001, 41.1729706063871], [-73.1650354678886, 41.1729705391452], [-73.1652187109019, 41.1729576303392], [-73.165287737866, 41.1729214012837], [-73.1652830511495, 41.172865816772], [-73.165255877842, 41.1726762114739], [-73.165217797462, 41.172476375056], [-73.1651489985444, 41.1722056081117], [-73.1651344500319, 41.1719603519005], [-73.1651523812336, 41.1716144782282], [-73.165166655842, 41.1713952044804], [-73.1651164999422, 41.1712193918442], [-73.165188991176, 41.1709451855756], [-73.1652105554491, 41.1707310340523], [-73.1651382471187, 41.1704619843455], [-73.165080117644, 41.1702808811906], [-73.1651094320703, 41.1700003163871], [-73.1651736209143, 41.1699519547545], [-73.165342209347, 41.1696219243575], [-73.165821828367, 41.1689026483725], [-73.1658485548876, 41.1685430718895], [-73.1659334642299, 41.1684773327554], [-73.1659343523453, 41.1684217434336], [-73.1658303494897, 41.168402495741], [-73.1658035647193, 41.1682750312294], [-73.1657546823166, 41.1680756958278], [-73.1656631836409, 41.1679811736312], [-73.1655681491048, 41.1680109604019], [-73.1654953986509, 41.1679748043997], [-73.1654418841021, 41.1678936720109], [-73.1653424118515, 41.1679071137978], [-73.1651159522187, 41.167688793529], [-73.1649148967287, 41.1673820727095], [-73.1644346886978, 41.1667339948961], [-73.164442240873, 41.1665641451733], [-73.1646314297784, 41.1663658895946], [-73.1647819404786, 41.1662116153099], [-73.164919837865, 41.1661162630002], [-73.1650839350832, 41.1660567938466], [-73.1652121942054, 41.1660973541539], [-73.1655611713038, 41.1662183865384], [-73.1658512553033, 41.1663226570533], [-73.1659862540988, 41.1663773235319], [-73.1660334007867, 41.1663051951516], [-73.166415305291, 41.1664640740496], [-73.1670056671661, 41.1667333954889], [-73.1670755078142, 41.1668247235728], [-73.1674142574232, 41.1670033796723], [-73.1676121574453, 41.1668162194561], [-73.1677033625413, 41.1668649508305], [-73.167553086334, 41.1670552009264], [-73.1683291595163, 41.16725842591], [-73.1690839512533, 41.1675173230924], [-73.1692501712796, 41.1671144104569], [-73.169249814275, 41.1670588073914], [-73.1690069722262, 41.1669877406191], [-73.1690240963803, 41.1669582393101], [-73.1692668963655, 41.1670227691378], [-73.169531294003, 41.1670806673981], [-73.1695015394237, 41.1671658194951], [-73.1693802710837, 41.1671531810546], [-73.1692898376992, 41.1672254695507], [-73.1691454522722, 41.1675729606127], [-73.169309713168, 41.1676244307704], [-73.1701602819669, 41.167968012566], [-73.1702644556621, 41.1680134201039], [-73.17026906021, 41.1680559221894], [-73.170020012156, 41.1683675598605], [-73.1699381565666, 41.1685087305197], [-73.1699305317874, 41.1685870311229], [-73.1699958984533, 41.1686554786905], [-73.1700741234407, 41.1687042530465], [-73.1701522853974, 41.168743213557], [-73.1701910493167, 41.1687136353763], [-73.1702864607976, 41.168742720494], [-73.1702392740245, 41.1688083102], [-73.1704131610413, 41.168925418255], [-73.1704568053087, 41.1689808572441], [-73.1705695777011, 41.1690164237858], [-73.170877709043, 41.1691428520607], [-73.171211857496, 41.1692757207418], [-73.1715457952505, 41.169375885649], [-73.1716670094063, 41.1693787072808], [-73.1718173597364, 41.1692015291464], [-73.1719020748242, 41.1692443778178], [-73.171938301067, 41.1691948417002], [-73.1725322507546, 41.1686395923253], [-73.1728364611615, 41.1688281719655], [-73.17293669221, 41.168932468081], [-73.1730788866682, 41.1688338179886], [-73.1741615522934, 41.1695853551613], [-73.1740021631179, 41.1697036934837], [-73.1743499412901, 41.1699346265839], [-73.1744964067364, 41.1698261469686], [-73.175118244786, 41.1702653936408], [-73.175557399856, 41.1705679423398], [-73.1754196114391, 41.1706796616692], [-73.1754329121944, 41.1707286717773], [-73.175411659949, 41.1707876244537], [-73.1753169027284, 41.1708599366007], [-73.1752262364788, 41.1708962522092], [-73.175092159408, 41.1709130996665], [-73.1743853353655, 41.1713834480841], [-73.1740229917556, 41.1715777676053], [-73.1740592053759, 41.1716325681126], [-73.1741669160338, 41.171744042768], [-73.1742623808753, 41.1717796670708], [-73.1743359221626, 41.1717728536378], [-73.1750735887768, 41.1713841632154], [-73.1758907770085, 41.1709135478067], [-73.1760504741181, 41.1709301092229], [-73.1767117195056, 41.1714794740481], [-73.1777503733165, 41.1723063501954], [-73.1778769373453, 41.1724628765479], [-73.1775059376093, 41.1726572401967], [-73.1776628630196, 41.1728234595773], [-73.1776120116648, 41.1729904586554], [-73.1776546859526, 41.173022948562], [-73.1776573099643, 41.1730936358467], [-73.1775746380215, 41.1732326383422], [-73.1773084652716, 41.1735705230831], [-73.177227250721, 41.1737278206962], [-73.176936508039, 41.1741250753423], [-73.1765750889379, 41.174616638313], [-73.1765757727475, 41.1747212997127], [-73.1765288796712, 41.174832681949], [-73.1764643544934, 41.1748950619064], [-73.1764053054621, 41.1749805252559], [-73.1763703437738, 41.1750818507781], [-73.176358212407, 41.1752127264646], [-73.1763284843497, 41.1753011459337], [-73.1763376568945, 41.1753796119815], [-73.1763597929417, 41.1754547576563], [-73.1762357714114, 41.1756874430065], [-73.1762279274588, 41.1758117649297], [-73.1761762355988, 41.1758512045261], [-73.1761896744731, 41.1759198427692], [-73.1762361473027, 41.175967652756], [-73.1761648945636, 41.1761030985839], [-73.1760695290751, 41.1760838279706], [-73.1760061242623, 41.1761015443416], [-73.1759323106455, 41.1762838550533], [-73.1759200251007, 41.1763918360833], [-73.1758990237847, 41.1764900404648], [-73.1761026081975, 41.1765089031561], [-73.1767395888852, 41.1766046515042], [-73.1774328060441, 41.1766936462757], [-73.1778397806674, 41.1760412407616], [-73.1783382989427, 41.1761473072077], [-73.1784716169015, 41.1760127088115], [-73.1785906751574, 41.1756851847654], [-73.178854471351, 41.1757615515692], [-73.1788723241224, 41.175726647927], [-73.1787679836214, 41.1756583508253], [-73.1788013871213, 41.1754717928465], [-73.1788998751133, 41.1753078859625], [-73.1790879102642, 41.175304474878], [-73.1791501252103, 41.1751826572729], [-73.1795694306885, 41.1750927736995], [-73.1798165399364, 41.175147447521], [-73.1800092783682, 41.1746801422315], [-73.1802032364946, 41.1747077117125], [-73.1801907844553, 41.1748007388593], [-73.1800374524986, 41.1751695122243], [-73.1802716385726, 41.1752340455761], [-73.1803909882588, 41.17495231448], [-73.1806995474548, 41.1749381103369], [-73.1810018807036, 41.1750317826389], [-73.1814585497356, 41.1740455588131], [-73.181744804031, 41.1741295158273], [-73.1816124517432, 41.1744080310286], [-73.1814390450174, 41.1743694355623], [-73.1811533202438, 41.1750213970808], [-73.1812876662257, 41.1750437885045], [-73.1812327267996, 41.1752467802418], [-73.1815447235036, 41.1752946650704], [-73.1816314316851, 41.1746598091871], [-73.1816877289407, 41.1746628652268], [-73.1816462589737, 41.1749377660211], [-73.1818282135115, 41.1749599771096], [-73.1818530861942, 41.1747930742458], [-73.1821384851941, 41.175015016567], [-73.1825962750766, 41.1750311257479], [-73.1839412874094, 41.1757009862385], [-73.1842746892217, 41.1757128039694], [-73.1842819529684, 41.1761543296285], [-73.1839875954478, 41.1761554470161], [-73.1840354490219, 41.1774930118167], [-73.1840215223389, 41.1780033061964], [-73.1844618138208, 41.1778119275515], [-73.1847634006486, 41.1775949108487], [-73.1849658779132, 41.1774469558585], [-73.185267134311, 41.1771808794696], [-73.1856625982161, 41.1767607156392], [-73.1860103080405, 41.1763211058274], [-73.1855809350679, 41.1755508392888], [-73.1854419535362, 41.1754826829925], [-73.1853064777979, 41.1752902232369], [-73.1854966112765, 41.1752371606956], [-73.1853782760938, 41.1750217426743], [-73.1854387033202, 41.1749953488973], [-73.1853638700574, 41.1748833949814], [-73.1850806425019, 41.1744551217279], [-73.185029772574, 41.1743506786442], [-73.184993595412, 41.1742026102267], [-73.1847102626684, 41.1737578687303], [-73.1848479275435, 41.1737031377411], [-73.1847832675657, 41.1735383697637], [-73.1847900201792, 41.1732913302861], [-73.1847763516814, 41.1730386738046], [-73.1846628280502, 41.172891923006], [-73.1844412793589, 41.1727750175851], [-73.1840018791148, 41.1724430651895], [-73.1839104811185, 41.1723681830675], [-73.1837924319987, 41.1721920107085], [-73.1836487211518, 41.1720617224005], [-73.1835771223755, 41.1721051382321], [-73.1834245686566, 41.1719683180007], [-73.1834831529037, 41.1718988124693], [-73.1828393421615, 41.1714204472438], [-73.1823712505125, 41.1710132509289], [-73.1822334849609, 41.1708810033917], [-73.1820982419345, 41.1708662573562], [-73.1818979302417, 41.1707717228458], [-73.1814328357158, 41.1703684607528], [-73.1807674359238, 41.1698706602756], [-73.1798798977711, 41.169151329134], [-73.178865269092, 41.1682815806697], [-73.1777557247342, 41.1673565865975], [-73.1774886414107, 41.1666905054115], [-73.1774877055962, 41.1665475611919], [-73.177855249312, 41.1665064807688], [-73.1789481139014, 41.1664944469373], [-73.1795095120638, 41.1663848679818], [-73.1806063716172, 41.1660774682515], [-73.1815644687422, 41.1658387818257], [-73.1816512242982, 41.1658678978666], [-73.1817722036123, 41.1660629200862], [-73.181815445279, 41.1662454103554], [-73.1823084628313, 41.1661085420242], [-73.1821795728461, 41.1656881317453], [-73.1830116126819, 41.1654146554391], [-73.1842879675701, 41.1646935134389], [-73.1844731587927, 41.1645554366286], [-73.1845245338799, 41.1644702061149], [-73.1845366431464, 41.1643393266764], [-73.1844880991384, 41.1641988693083], [-73.1844829290787, 41.1640713268753], [-73.1845376248321, 41.1638356243462], [-73.1843709139943, 41.1628484836862], [-73.1843500597204, 41.1623154228608], [-73.1844561420048, 41.1619977562464], [-73.1845959360474, 41.1615425880683], [-73.1846048146525, 41.1614090263717], [-73.1846431372416, 41.1613121188526], [-73.1846935403381, 41.1612511199821], [-73.1848521214237, 41.1609284840575], [-73.1849670037709, 41.16062514056], [-73.1851320678186, 41.1603342269326], [-73.1851532689685, 41.1601742788892], [-73.1851681182764, 41.1598965584569], [-73.1851279192235, 41.1597116014651], [-73.1850429919939, 41.159497366217], [-73.1849076583285, 41.1592370446269], [-73.1847336966592, 41.159027354299], [-73.1841585317489, 41.158756082377], [-73.1830585095383, 41.1582427891988], [-73.1819695543549, 41.1577168220128], [-73.1817069893918, 41.1575747745526], [-73.1814564935953, 41.157389006796], [-73.1812760186113, 41.1572188027551], [-73.1810346682678, 41.1569168063834], [-73.1808653471405, 41.1565640535427], [-73.1807903222203, 41.1561604606488], [-73.180794001691, 41.1558743684294], [-73.1808589913715, 41.1556006661292], [-73.1809410961148, 41.1553900054795], [-73.1810360267893, 41.1554359249393], [-73.1809432058269, 41.155709732254], [-73.1808953867025, 41.156054889127], [-73.1809763673181, 41.1565173577836], [-73.1811288504535, 41.1568491385576], [-73.1813254767965, 41.1571218543272], [-73.1815606797906, 41.1573355258792], [-73.1818011718297, 41.1575071061758], [-73.1820358211515, 41.1576366379505], [-73.1830912110486, 41.158137489032], [-73.1841912037762, 41.158646575487], [-73.1855874158422, 41.1593312188318], [-73.1856602297741, 41.1593982541336], [-73.185610411495, 41.1594405140489], [-73.1853109333384, 41.1593214059719], [-73.1852360386754, 41.1595292276481], [-73.1852989055262, 41.1598057044265], [-73.1852867238311, 41.1602669431321], [-73.1853952822565, 41.1605317153806], [-73.1855723270591, 41.160542736688], [-73.1858090345736, 41.1604357204196], [-73.1861627135243, 41.1602544821908], [-73.1862875187942, 41.1601493363038], [-73.1863559314272, 41.1600247907811], [-73.186488361752, 41.1597658896995], [-73.1867159881453, 41.1596714695464], [-73.1868684798917, 41.1596565024845], [-73.18708033802, 41.1596262541963], [-73.1874262293572, 41.1595758696517], [-73.1876599224082, 41.1595285757738], [-73.1879511175263, 41.159561422058], [-73.1883730567282, 41.1594316007684], [-73.1888098441602, 41.159384135541], [-73.1891735030104, 41.1594023652531], [-73.1894120103133, 41.1594734030545], [-73.1895256964897, 41.1596463186613], [-73.1895922865489, 41.1598946407552], [-73.1896540623431, 41.160071027149], [-73.1897582829091, 41.1601229594665], [-73.190024322721, 41.1604261163801], [-73.1901415719663, 41.1604845416056], [-73.1903409815072, 41.1605328355812], [-73.1906823513397, 41.1605821988581], [-73.1918038792131, 41.1605435412968], [-73.1937842294409, 41.1602532040238], [-73.1957961476455, 41.1599565087743], [-73.1962175658548, 41.1599123268406], [-73.1968447373883, 41.1597455112123], [-73.1992852691267, 41.1590621638893], [-73.2003646587564, 41.1588359777631], [-73.2007147429378, 41.1586247955811], [-73.2009494431619, 41.1581430653983], [-73.2015674805796, 41.1580228785967], [-73.2019598882378, 41.1578185402448], [-73.2022881271178, 41.157722392777], [-73.202885517175, 41.1577461917876], [-73.2036696828977, 41.1576113577037], [-73.20413715427, 41.1572571508683], [-73.204498847069, 41.1569940491643], [-73.2046397202358, 41.1567154755809], [-73.2051561031618, 41.1562947591111], [-73.2059043575844, 41.1556147255489], [-73.2071234877183, 41.1548183262226], [-73.2086093850417, 41.1538082496426], [-73.2103180234886, 41.1524799876933], [-73.2107960825315, 41.152157523379], [-73.2115186594057, 41.1521447967008], [-73.2119418884343, 41.1520253376312], [-73.21211812762, 41.1518578179956], [-73.2123458000419, 41.1516214001073], [-73.2124914887272, 41.1514180220631], [-73.2127568330213, 41.1510015602342], [-73.2131474008225, 41.1505486091431], [-73.2134491377692, 41.1503838488607], [-73.2136845048516, 41.1500132968527], [-73.2137617182646, 41.1499181256359], [-73.2140701310954, 41.149475321433], [-73.2143871701139, 41.1490292050562], [-73.214759359443, 41.1484291422513], [-73.2149129914321, 41.1481276056724], [-73.2154377064136, 41.1476806443161], [-73.2156404205895, 41.1475882321021], [-73.2157559849054, 41.147411139796], [-73.2158324197195, 41.1472080402082], [-73.2159228168235, 41.147142258064], [-73.2157520268362, 41.1466405819102], [-73.2155144518699, 41.1463065990324], [-73.2153885586375, 41.1462482406027], [-73.2151925430132, 41.1460658742129], [-73.2150517145601, 41.1457328273765], [-73.2149988098538, 41.1455956688882], [-73.2150036392491, 41.1452406391126], [-73.2151621206568, 41.1439781738911], [-73.2151473410623, 41.1435607161144], [-73.2151985691695, 41.1432975471887], [-73.2152771623125, 41.1427587668948], [-73.2154063777615, 41.1426764689246], [-73.2155482420483, 41.1425483294513], [-73.2156419838562, 41.1423451566145], [-73.2158964121359, 41.1422263749771], [-73.2161338383084, 41.1421501777807], [-73.216427642231, 41.142093377482], [-73.2165955856907, 41.1419814870494], [-73.2166079106068, 41.1418898528339], [-73.2165721756261, 41.1417330010351], [-73.2166364437329, 41.1416444296493], [-73.2166359063283, 41.1415691997969], [-73.2166876102185, 41.1415395535351], [-73.2168002173553, 41.1415554483937], [-73.2168913807972, 41.1415975952552], [-73.2171313501478, 41.1418779036366], [-73.2173656874929, 41.14197506673], [-73.2175704377283, 41.1421704769965], [-73.2176100343909, 41.142261896117], [-73.2176366717012, 41.1423566395981], [-73.2176287654042, 41.1424613391661], [-73.2175734811866, 41.1425956649077], [-73.217536038985, 41.1428051496906], [-73.2176199042432, 41.1430370328363], [-73.2175782103502, 41.1432563441688], [-73.2175449987605, 41.1434527304336], [-73.2174768745786, 41.1436067353619], [-73.2173740905037, 41.1437543420659], [-73.21727097372, 41.1438561531669], [-73.2171547611612, 41.1439416714557], [-73.2170253807725, 41.1440010739872], [-73.216883115085, 41.1440736123136], [-73.2167839551979, 41.1441230798779], [-73.2166759991328, 41.1441529558382], [-73.2165377294312, 41.1441796896868], [-73.2163604789127, 41.1442000340773], [-73.216239539311, 41.1442299682144], [-73.2161705914801, 41.1442694972441], [-73.2160891335765, 41.1443744959111], [-73.2159947826357, 41.1444926282831], [-73.2158796440418, 41.1447285958088], [-73.2157862717581, 41.1449840956251], [-73.2157142573786, 41.1452002577097], [-73.2156770679315, 41.1454457193716], [-73.2156619757377, 41.1457565075586], [-73.2156937087069, 41.1459591664443], [-73.215856222684, 41.1462986661351], [-73.2159970209317, 41.1466251687026], [-73.2161141696725, 41.1466704816219], [-73.2162624738549, 41.1468366920133], [-73.2164043888759, 41.1473201871447], [-73.2164702061797, 41.147447480341], [-73.2163324879388, 41.1475527037897], [-73.2161299399639, 41.147892281577], [-73.2160978216081, 41.1480181137669], [-73.2160900372106, 41.1481391652411], [-73.2162340160046, 41.1483053904937], [-73.2163255826702, 41.1484031379648], [-73.2165076161328, 41.1484449144373], [-73.2168814462655, 41.1480770647403], [-73.216929181912, 41.148096492981], [-73.216564500137, 41.1484608093074], [-73.2165520652495, 41.1487538978063], [-73.2165061322517, 41.1494490520076], [-73.2165591087035, 41.1495960242659], [-73.2166072004815, 41.1496645109633], [-73.2168278325845, 41.1496570675046], [-73.2168281131082, 41.1496963162861], [-73.216568672666, 41.1497235420483], [-73.2165650018207, 41.149815138083], [-73.2166376482116, 41.1502923777668], [-73.2166643494295, 41.150567146122], [-73.2167538511559, 41.1509146965383], [-73.2169716502625, 41.1510105860551], [-73.2168333932238, 41.1510405858733], [-73.2168039751746, 41.1511093397909], [-73.2170261245172, 41.1519719764617], [-73.2172706477169, 41.1522784297438], [-73.2173488181734, 41.152317360136], [-73.2174010067066, 41.1523531225382], [-73.2173710169809, 41.1523957671227], [-73.2173237648751, 41.1524450249717], [-73.2172375971688, 41.1524977075867], [-73.2171476150668, 41.1526223635597], [-73.2168854970209, 41.1528818269889], [-73.2166838936651, 41.1531312315451], [-73.2165541522902, 41.1532717976384], [-73.2164882622449, 41.1534199301416], [-73.216365355275, 41.1535300472109], [-73.2159945947332, 41.1538265977262], [-73.2154719592886, 41.1541506979208], [-73.2152253945862, 41.1542331818191], [-73.215108606175, 41.1543099892727], [-73.2149347464883, 41.154403152912], [-73.2148111904527, 41.1544962347372], [-73.2136873176947, 41.155285787453], [-73.2126237728637, 41.1560423713588], [-73.212133059615, 41.1564139561605], [-73.2114142022514, 41.1569598126205], [-73.2104461527146, 41.1577650551961], [-73.2100069747256, 41.1580840871792], [-73.2089442878218, 41.1589747386327], [-73.2077663006806, 41.1600915241491], [-73.2070016414329, 41.1609057408329], [-73.2067189077443, 41.1613222582099], [-73.2066416550256, 41.1614537566041], [-73.2066275098125, 41.1615087044625], [-73.2050409498454, 41.1633699183267], [-73.2051148221955, 41.1634121406169], [-73.2043586784165, 41.1642164933398], [-73.2014049444832, 41.1661044654931], [-73.2007434785195, 41.1665497789282], [-73.2007312593457, 41.1666610339419], [-73.2007659253363, 41.1667250272288], [-73.2009186203255, 41.1667798322458], [-73.2010695551598, 41.1667610984027], [-73.2012239252402, 41.1666477451999], [-73.2029890037419, 41.1656597541395], [-73.203440703948, 41.1654041539867], [-73.2036617088852, 41.1654425307512], [-73.2036828731547, 41.1653737611114], [-73.2037897110142, 41.1651770864733], [-73.2039254688838, 41.1650556686313], [-73.2044108575192, 41.1648737083503], [-73.2044589241648, 41.1649389365684], [-73.2043784438981, 41.1651911038767], [-73.2038454541685, 41.1663478077246], [-73.2047450072024, 41.1662428382434], [-73.2052485457733, 41.1652105382655], [-73.2054876203423, 41.1645996882892], [-73.2056283830895, 41.1644403897685], [-73.2057670645182, 41.1644660064704], [-73.2058139613466, 41.1643644266844], [-73.2057270838716, 41.1643189832187], [-73.205850769485, 41.1640568258283], [-73.2062937929378, 41.1632545534288], [-73.2067727191363, 41.1627330615551], [-73.2071504513793, 41.1623802690122], [-73.2075643822391, 41.161980455751], [-73.2075207217027, 41.1619368873985], [-73.2078333816753, 41.1615961686944], [-73.2081600049438, 41.1613066808532], [-73.2088305201648, 41.1612614730004], [-73.2089362702813, 41.1615292536446], [-73.2091672600496, 41.1617572807396], [-73.2093374225526, 41.1619528452703], [-73.2093644230647, 41.1620999194564], [-73.2095077297095, 41.1621680293411], [-73.2098326217072, 41.1622092444512], [-73.2099097132776, 41.1620944589133], [-73.2097768600844, 41.1616665193788], [-73.2096545535432, 41.1615067416531], [-73.2095735425955, 41.1613943068803], [-73.2095231568808, 41.1612848559136], [-73.2094105874649, 41.1612787676746], [-73.2094119239137, 41.1602386555137], [-73.2098815743163, 41.1599423964992], [-73.2100066440451, 41.1598797475518], [-73.2110088527482, 41.1596173206586], [-73.2109605978941, 41.1595259349486], [-73.2112667305744, 41.1593644308203], [-73.2112788879556, 41.1592466342081], [-73.2112649055481, 41.1591060457017], [-73.2112772476833, 41.1590144121263], [-73.2115218160839, 41.1587157877075], [-73.211732787649, 41.1585323009125], [-73.2122335702518, 41.1582247714228], [-73.2128228330171, 41.1578732066455], [-73.2132678786252, 41.1577732805362], [-73.2133972228839, 41.1577040706283], [-73.2131698688122, 41.1573779107858], [-73.2130083114338, 41.1571757799752], [-73.2129608206865, 41.1571923241289], [-73.2129346478017, 41.1571629942626], [-73.2130598252273, 41.1571166947424], [-73.2132431104835, 41.1573318235583], [-73.2134546981981, 41.1572655516748], [-73.21328422746, 41.1570274760214], [-73.2133791583423, 41.1569878386009], [-73.2135496024252, 41.1572226484912], [-73.21357186798, 41.157310867156], [-73.2133993696715, 41.1573966068344], [-73.2135393326961, 41.1576053708657], [-73.2137469401057, 41.1575881743237], [-73.213754808013, 41.1574769347083], [-73.2141227905878, 41.1574950682182], [-73.214106642262, 41.1576586746763], [-73.2143233025925, 41.157697042084], [-73.2144789551768, 41.1576767831427], [-73.214782743091, 41.157796570363], [-73.2149825864385, 41.1579036913396], [-73.2152260700747, 41.1580629697165], [-73.2156281979804, 41.1586206405359], [-73.2159762985649, 41.1588841506094], [-73.216267162778, 41.1590105264752], [-73.2164709127645, 41.1590587572415], [-73.2165659811625, 41.1590387433317], [-73.2166052090357, 41.1590778331533], [-73.2167351133625, 41.1590871176975], [-73.2169727373839, 41.159030542171], [-73.2171976088081, 41.1590067282709], [-73.2173550567654, 41.1589482459371], [-73.2173983980434, 41.1589151311099], [-73.2174206088032, 41.1587838166365], [-73.2173915813374, 41.1585969616237], [-73.2173691661337, 41.1585093998338], [-73.2173861521033, 41.1581392003145], [-73.2175014568085, 41.1579228547526], [-73.2176898292269, 41.1576375300603], [-73.2177966113429, 41.1574408457609], [-73.2178611781178, 41.1573915190001], [-73.2179647803066, 41.1573551136325], [-73.2182112112329, 41.1573213982173], [-73.2184056269759, 41.1572748113745], [-73.2185473124357, 41.1571172360822], [-73.2186592587694, 41.1570382767261], [-73.2187969679228, 41.1569297792838], [-73.2189250327683, 41.156683944065], [-73.2191135907412, 41.1564247771949], [-73.2192205790123, 41.1562575286447], [-73.2192455558747, 41.1561200552873], [-73.2191008427558, 41.1558557130736], [-73.2189792758716, 41.155800609334], [-73.218690838347, 41.1560111229205], [-73.2184319900498, 41.1561233915076], [-73.2182507969445, 41.1562026307652], [-73.2181210931543, 41.1562195172659], [-73.2179435255069, 41.1562006146465], [-73.217692130616, 41.1561460415435], [-73.2176404381123, 41.1561789594958], [-73.2173989640362, 41.1563009687259], [-73.2173815134084, 41.1562814140547], [-73.2176056267774, 41.1561529380789], [-73.2176570653462, 41.156084039107], [-73.2175009727009, 41.156042159026], [-73.2173276403616, 41.1560101604504], [-73.2170558084937, 41.1559508552027], [-73.2169178869627, 41.1559291184056], [-73.216539033971, 41.1558727382987], [-73.216598870962, 41.1557678269749], [-73.2166671762818, 41.1556367172548], [-73.2168170493075, 41.1554136913407], [-73.2170302656371, 41.1549712651661], [-73.2168577743501, 41.1550570128998], [-73.2166267645437, 41.1548257271546], [-73.2168078118219, 41.1547268671485], [-73.2169101738927, 41.1545171176734], [-73.2171161331158, 41.1542709691195], [-73.2172072873905, 41.1543098444556], [-73.2172843135731, 41.1541885099551], [-73.2173744417233, 41.1540834779046], [-73.2173049450099, 41.1540477834254], [-73.2174461326582, 41.153821522897], [-73.2176219841435, 41.1536016603053], [-73.2178346086689, 41.1536825595057], [-73.2178828366001, 41.153573246056], [-73.2178508835449, 41.153538578639], [-73.2178975502781, 41.1534075566956], [-73.2180314800473, 41.1533775698153], [-73.2180787754904, 41.1533348577202], [-73.2182255090064, 41.1532786515743], [-73.2184849995899, 41.1532579653175], [-73.2186929674244, 41.1532930914821], [-73.2189011975002, 41.1533641947633], [-73.2192090006903, 41.1534414317556], [-73.2192216765761, 41.153398858453], [-73.2197675012485, 41.1534783881493], [-73.219931657005, 41.1534384635849], [-73.2201688846942, 41.1533295496944], [-73.2203013597165, 41.1532435800247], [-73.220359301961, 41.1530018221197], [-73.2201264064082, 41.1528391076676], [-73.2202077732746, 41.1527210253646], [-73.219995175269, 41.1526434018192], [-73.2199949869961, 41.152617238785], [-73.2202248036406, 41.1526817053903], [-73.2204048529204, 41.1524454693326], [-73.220639013511, 41.1525131913959], [-73.2207598721701, 41.1524701746149], [-73.2209199797964, 41.152469515216], [-73.2211829013472, 41.1523245147764], [-73.2212595203405, 41.1521475774347], [-73.2212019308336, 41.1520847498975], [-73.2211236997248, 41.1519159132064], [-73.2209972444434, 41.1517823319031], [-73.2211902930227, 41.1515493102645], [-73.2211554401875, 41.1515167466846], [-73.2212196362492, 41.1514183583155], [-73.2210590159546, 41.1513470623971], [-73.2209862299741, 41.1514552959134], [-73.2209384925605, 41.1514358742811], [-73.2211354379753, 41.1511439621244], [-73.2211745250312, 41.1511634221372], [-73.2210717327683, 41.1513110314185], [-73.2212539745304, 41.1513789661363], [-73.2213954685614, 41.1511984898887], [-73.2216910148658, 41.151377163749], [-73.2219504333346, 41.1513466579291], [-73.2221457795105, 41.1513597222614], [-73.2225549817633, 41.1511708075866], [-73.2230898445379, 41.150933097219], [-73.2233220352245, 41.1507293507336], [-73.2235802436564, 41.1505320337834], [-73.2237260344684, 41.1503482647504], [-73.2238240870962, 41.1501450701826], [-73.2238077365938, 41.1498332089958], [-73.2235336392941, 41.1494757637888], [-73.2230763412512, 41.1490688086241], [-73.2226814448382, 41.1489134416483], [-73.2226074373665, 41.1488516024149], [-73.2224213276484, 41.1488458338787], [-73.2224124620336, 41.1488164325318], [-73.2225897932157, 41.1488058848109], [-73.2226177161394, 41.1484786900237], [-73.2225807609162, 41.1481550383142], [-73.2226623569564, 41.1480696576653], [-73.222141116953, 41.1477937977072], [-73.2221409041629, 41.1477643598982], [-73.2227053698324, 41.1480335040332], [-73.2228345389945, 41.1479446551753], [-73.222964075648, 41.1478408818987], [-73.2231316636996, 41.1477307511538], [-73.2234713896482, 41.1474546736401], [-73.2237073004668, 41.1471691389091], [-73.2236764242629, 41.1470874948946], [-73.2237269451273, 41.1468943113654], [-73.2240356321348, 41.1465005357226], [-73.2237447849093, 41.146370913187], [-73.2237575513578, 41.1463414222881], [-73.2240352286269, 41.1464449355808], [-73.2241110491511, 41.1463801341096], [-73.2243942991301, 41.1461988467875], [-73.2244380034944, 41.1461549250676], [-73.2245176083934, 41.1460233680095], [-73.2246336752194, 41.1459131031925], [-73.2248443698224, 41.1458031288582], [-73.2249237581582, 41.1457048536849], [-73.2251047820675, 41.1453644052096], [-73.2252401000525, 41.1449320995025], [-73.2256205106734, 41.1445022344581], [-73.2258458065884, 41.1443310260631], [-73.2262024636096, 41.1439926500524], [-73.2268514493515, 41.1433946601212], [-73.2272902790179, 41.1430526685798], [-73.2274582982097, 41.1429538402151], [-73.2276094647001, 41.1429172328956], [-73.2281026522102, 41.1429086277275], [-73.2288038692798, 41.1429482118766], [-73.2293067647833, 41.1430834809292], [-73.2298359592211, 41.1432644258577], [-73.230425555787, 41.1434222156936], [-73.231067065823, 41.1435500635738], [-73.2313062007503, 41.14354476748], [-73.2314445461032, 41.1434731656276], [-73.2316041766743, 41.1434570582154], [-73.2316838389261, 41.1434898274926], [-73.2320057895785, 41.143552934961], [-73.2325127328971, 41.1436489200935], [-73.2326766609543, 41.1435828113776], [-73.2328277803989, 41.143539653931], [-73.2328978537753, 41.1436538344012], [-73.2330459286682, 41.143784042732], [-73.2331764032076, 41.1438750717756], [-73.2333020694879, 41.1439007050688], [-73.2334016028785, 41.1439035555531], [-73.2335614519052, 41.1438701721901], [-73.2337298270458, 41.1438203978361], [-73.2340536484058, 41.1437274458482], [-73.2341487590515, 41.1437172310817], [-73.2342486120474, 41.1437625987087], [-73.2343399595839, 41.143827626226], [-73.2343837337152, 41.1438961266321], [-73.2344450098556, 41.1439907251255], [-73.2346062892555, 41.1441503106915], [-73.2347454663954, 41.1442478416703], [-73.2348240054951, 41.1443358184163], [-73.2350061617886, 41.1443939167992], [-73.2350325122941, 41.144446141116], [-73.2350545568746, 41.1445016529494], [-73.2350376178399, 41.1445507839688], [-73.2349904818497, 41.1446131292463], [-73.2349345516438, 41.1446558857659], [-73.2348481862404, 41.1446791502258], [-73.23474441563, 41.1446893994816], [-73.2346620611794, 41.1446701275577], [-73.2344512949988, 41.1446193649959], [-73.2341379516699, 41.1445938478554], [-73.2339349821376, 41.1446470385137], [-73.2336505317992, 41.1447987024016], [-73.2334692936017, 41.1448648836065], [-73.2332312030815, 41.1448495377711], [-73.2326513999368, 41.1448487159773], [-73.2312927732971, 41.1449558754839], [-73.2310967172463, 41.1450491630258], [-73.230918815007, 41.145186366453], [-73.2308066098944, 41.1453126634829], [-73.2307995691591, 41.1454452589742], [-73.2307484314103, 41.1454552775849], [-73.2308438268548, 41.1455791753031], [-73.2309230050771, 41.1457554667369], [-73.2309109199419, 41.145876536742], [-73.2310909175876, 41.1462290255742], [-73.2314760281836, 41.147036010611], [-73.2316502314106, 41.1477334284781], [-73.2316564839714, 41.148404988098], [-73.2317175701409, 41.1484734137549], [-73.2316895765289, 41.1485517934613], [-73.2316977675315, 41.1487220789147], [-73.2317851673909, 41.1488558243174], [-73.2318083540513, 41.1490486924213], [-73.2317717464718, 41.1492121539049], [-73.231837063286, 41.1500069133058], [-73.2319341855428, 41.150268166119], [-73.2323382685438, 41.1504921455328], [-73.2325474469578, 41.1506907825524], [-73.2326129263436, 41.150769001155], [-73.2326181289393, 41.1508867325959], [-73.2325758697442, 41.1510242819968], [-73.2324729659306, 41.1511522760747], [-73.2323655089838, 41.151250853378], [-73.2321146318027, 41.1512649949666], [-73.2320634778229, 41.1513698779461], [-73.2318978283259, 41.1517925054908], [-73.2318423152025, 41.1519000850928], [-73.231788538659, 41.1522279835126], [-73.2317028702269, 41.1522994866833], [-73.2316377806195, 41.1523234712307], [-73.2316728571419, 41.1523854693923], [-73.2315955911722, 41.1526028764055], [-73.2316187510694, 41.1526767918812], [-73.2316752692372, 41.1527125351814], [-73.2318010001958, 41.1527447126218], [-73.2319088670038, 41.1527017387777], [-73.2319604325724, 41.152652456672], [-73.2320722650036, 41.152560404736], [-73.2321802037652, 41.1525272422926], [-73.2323317315966, 41.1525364122509], [-73.2324226295651, 41.152539300074], [-73.2324872213691, 41.152496511094], [-73.2325979616169, 41.1524106434147], [-73.2327201199672, 41.1523908606792], [-73.2327076194801, 41.1524563279532], [-73.2326647142993, 41.152505571026], [-73.2325616800768, 41.1526172138478], [-73.2326381058303, 41.1526329739958], [-73.2326487754273, 41.1526920775581], [-73.2325755795928, 41.1527414456611], [-73.2325932476228, 41.1527904358135], [-73.2326894622143, 41.1529274013216], [-73.2327254382092, 41.153110413789], [-73.2327570826339, 41.1532934424271], [-73.2327951556428, 41.1534206734571], [-73.2327975005279, 41.153492790789], [-73.232863281586, 41.1536102607429], [-73.2331139257025, 41.1535634141011], [-73.233187685993, 41.153589266915], [-73.2332892680176, 41.1537937336677], [-73.2331465150255, 41.1538739955579], [-73.2330082110292, 41.153897480151], [-73.2330200794526, 41.1539748134747], [-73.2332682596994, 41.1539519809128], [-73.2333975210439, 41.1539471478106], [-73.2336966924176, 41.1539534404431], [-73.2337174978996, 41.1538209130496], [-73.2337976067679, 41.1537277746192], [-73.2338703318422, 41.1537108269057], [-73.2339977630534, 41.1537035873994], [-73.234097652676, 41.1537522271009], [-73.2341805024314, 41.1538369139728], [-73.2342630371631, 41.15387908572], [-73.2343927843689, 41.1538647121911], [-73.2345959955351, 41.153754580946], [-73.2346907555205, 41.153556745534], [-73.2351241820797, 41.153293236532], [-73.2353655829806, 41.1531679214221], [-73.235602659577, 41.1530426234628], [-73.2356798933087, 41.1529539834835], [-73.2357789063391, 41.1528848769472], [-73.2359821648932, 41.1528676612267], [-73.2359607747099, 41.1529004594045], [-73.2359101065468, 41.1529690282957], [-73.2359625512368, 41.1531392187979], [-73.2360200447894, 41.1533057841193], [-73.2360686915204, 41.1534462203807], [-73.2360486732213, 41.1536878631991], [-73.2361145197381, 41.1537894590428], [-73.2361926095433, 41.1538152915146], [-73.2362791083576, 41.1538083858335], [-73.2363694452524, 41.1537360415273], [-73.2364467311904, 41.1536539407151], [-73.2365459394234, 41.1536110028458], [-73.2367105174458, 41.1536299227359], [-73.2369311812932, 41.1537207181311], [-73.2370734453836, 41.1538198744752], [-73.2371538081304, 41.1537624090792], [-73.2372943408563, 41.1538909754003], [-73.2375028848551, 41.1541913034754], [-73.2375223839314, 41.154462249778], [-73.2374194620792, 41.1547515524415], [-73.2370964296413, 41.1552891507557], [-73.2367762404006, 41.1556915655842], [-73.2362899855451, 41.1561036055978], [-73.2359704694329, 41.1563233335741], [-73.2355422819892, 41.1565486596952], [-73.2351211428831, 41.1568068948003], [-73.2337854714126, 41.1577573770331], [-73.2331462643234, 41.158147401911], [-73.2326742756477, 41.1584986478075], [-73.2324420774528, 41.1587130156267], [-73.2322893936431, 41.1588447107394], [-73.2318028884292, 41.1593224349602], [-73.2315202314504, 41.1595584564652], [-73.2313388594073, 41.1597398459038], [-73.2310703845881, 41.1600531710285], [-73.2308421100414, 41.1602771307372], [-73.2304609718542, 41.1604555849691], [-73.2301660241643, 41.160595425171], [-73.2297683758589, 41.1608756682557], [-73.2293568045549, 41.1611460193451], [-73.2291535117743, 41.1612796402453], [-73.2288625310549, 41.161466631586], [-73.2284264468767, 41.1618000365426], [-73.228042102103, 41.1621622125105], [-73.2275193633566, 41.1628760996608], [-73.2274668404708, 41.1630195531426], [-73.2274401113602, 41.163244203562], [-73.2274109887292, 41.1633590782904], [-73.2274740510354, 41.1638185336095], [-73.2274623412253, 41.1640180795697], [-73.2272121014834, 41.1642222200393], [-73.2267607066893, 41.1644206856474], [-73.2263818664033, 41.1646073503969], [-73.2261330190573, 41.1647541918364], [-73.2257074210328, 41.1647242305419], [-73.2255806559644, 41.1648036644852], [-73.2254646125319, 41.1649521807095], [-73.2253778812959, 41.1651681632421], [-73.2253783184581, 41.1654462222037], [-73.2253273618923, 41.1656491862448], [-73.2251675307804, 41.1657700987426], [-73.2248519294405, 41.1658535765205], [-73.2246547950227, 41.1659008768667], [-73.2245212746355, 41.1659571845457], [-73.2244395274303, 41.1660156731678], [-73.2244595470597, 41.1662092519237], [-73.2246522478974, 41.1664563231944], [-73.2246738903521, 41.1665606967187], [-73.2246886903908, 41.1667855203867], [-73.2245286926672, 41.166977961171], [-73.2242889931993, 41.1671041740847], [-73.2241948673094, 41.1671152019685], [-73.2239626369948, 41.1670823713315], [-73.2234173158386, 41.1668847925698], [-73.2230979184754, 41.1668523203259], [-73.2229378047884, 41.1669348065035], [-73.222901620386, 41.167110435803], [-73.2229456164288, 41.1671984257751], [-73.2231194866675, 41.1672911922927], [-73.2234976665706, 41.1673848278013], [-73.2236061642055, 41.167477691415], [-73.2236283980054, 41.1675381523626], [-73.2236280849623, 41.167713808963], [-73.2235852807513, 41.1677908342105], [-73.2233091880509, 41.1680326401954], [-73.2229173000306, 41.1683346224016], [-73.2227043118321, 41.1685145828501], [-73.2224278922841, 41.1687442138998], [-73.2223142443106, 41.1688812257507], [-73.222275854866, 41.169065786369], [-73.2224668564515, 41.1692351575391], [-73.2228539398635, 41.1693970296163], [-73.2231277293874, 41.1696502862012], [-73.2232826253452, 41.1698803619342], [-73.2232779514122, 41.1700809075353], [-73.2232708329457, 41.1704147427155], [-73.2233453541892, 41.1706737963733], [-73.2234561224377, 41.1708597957171], [-73.2235377934183, 41.1710086960965], [-73.2236614343961, 41.1711541596672], [-73.2237730218172, 41.1711710209695], [-73.2238773082449, 41.1711832822189], [-73.2240880869403, 41.1710734850943], [-73.2241278213095, 41.1709806910894], [-73.224097120606, 41.1708478768602], [-73.2240312562958, 41.1707186420431], [-73.223917612956, 41.1705434634114], [-73.2236862784007, 41.1702598424104], [-73.2237455752887, 41.1700789712344], [-73.2239133815669, 41.1699919926254], [-73.2241566035568, 41.1699108756268], [-73.2244141088747, 41.1697341551462], [-73.2245660424882, 41.1696184259809], [-73.2247844953707, 41.1695655422236], [-73.2250098309201, 41.1695857065135], [-73.2252063910268, 41.1696128460099], [-73.2252935038494, 41.1696677217628], [-73.2252792037595, 41.1697609261994], [-73.2252133976124, 41.1698268937139], [-73.2247563051147, 41.1701531704393], [-73.2245802752902, 41.1703583711291], [-73.2245064647191, 41.1704790956235], [-73.2245168198379, 41.1706234853586], [-73.224696247831, 41.1707911864866], [-73.2249378942514, 41.1708371835343], [-73.2251338612083, 41.1708142428961], [-73.225289291523, 41.1707106758895], [-73.22542359068, 41.1706042813932], [-73.225613269712, 41.170340529653], [-73.2257497720987, 41.1701015276464], [-73.2257871350945, 41.1698696233287], [-73.2258198574598, 41.1695631274469], [-73.2259616344651, 41.1694865452445], [-73.2263377375335, 41.1693873740377], [-73.226753677306, 41.1691466928543], [-73.227172007522, 41.1690169823459], [-73.2274141093417, 41.168970516488], [-73.2276392242907, 41.1689917030267], [-73.2277380495336, 41.1690948949788], [-73.2278071607345, 41.1692333829638], [-73.2277930344032, 41.1692878204953], [-73.2276326748708, 41.1694305188101], [-73.2272552187161, 41.169562634776], [-73.2271753053399, 41.1696233463574], [-73.2270957526242, 41.1696727373298], [-73.2271176156371, 41.1697440074042], [-73.2271757046671, 41.169771378303], [-73.2273935359972, 41.1698203902788], [-73.2275606850495, 41.1698920801675], [-73.2276694995496, 41.1699962625954], [-73.227684442964, 41.1700838535883], [-73.2276552957205, 41.1702268630349], [-73.2275750059616, 41.1702982139792], [-73.227473542008, 41.1703310568013], [-73.2270527390363, 41.1704957742835], [-73.2270016335568, 41.1706165785278], [-73.2270669235189, 41.1708528524706], [-73.2271905053253, 41.1710506323577], [-73.2272340849614, 41.1711435955038], [-73.2272493354838, 41.1712423335766], [-73.2272198698979, 41.1713416067535], [-73.2271326163228, 41.1714236190312], [-73.2268132061124, 41.1716105534052], [-73.2266678142814, 41.1718139144799], [-73.2265157798149, 41.1719781929649], [-73.2260147665641, 41.1722912750321], [-73.2257750348331, 41.1724778740762], [-73.2257534562894, 41.1725383440313], [-73.2257531489188, 41.1727139977707], [-73.2257022404974, 41.1728624166593], [-73.2256731361489, 41.1731366518093], [-73.2257608491954, 41.1733345816972], [-73.225797344661, 41.1733896669392], [-73.2258116847533, 41.1735818947177], [-73.2257243738663, 41.1737189731701], [-73.2254921263616, 41.1739057111794], [-73.225244948974, 41.1740376214739], [-73.2248747833492, 41.174114634888], [-73.2246787157068, 41.1741257406955], [-73.2240177345228, 41.1740159551406], [-73.2238644181082, 41.1740050965265], [-73.2236906864374, 41.1741533390013], [-73.2234142028185, 41.1743454018862], [-73.2233420686521, 41.1745103717968], [-73.223327661961, 41.1746526382116], [-73.2232038419547, 41.1750156072474], [-73.223065930271, 41.1751580360891], [-73.222892055339, 41.1754436746222], [-73.2229137930042, 41.1754986489516], [-73.2229359844757, 41.1757730112407], [-73.223015597959, 41.1761075218169], [-73.2230738076017, 41.1762451955749], [-73.2230811860342, 41.1763546021128], [-73.2230381356941, 41.1764918354188], [-73.2229071887235, 41.1766237761879], [-73.2222029147396, 41.1771236257375], [-73.2221012120827, 41.1772497796777], [-73.2216066176883, 41.1777057059549], [-73.2213310557678, 41.1778708302573], [-73.2209094049156, 41.1780849252344], [-73.2192749809214, 41.1790347451259], [-73.2192458638516, 41.1790901016245], [-73.219268303166, 41.1793696100972], [-73.2191960096446, 41.1796719815916], [-73.2191882953523, 41.179957275391], [-73.2191234318348, 41.1803143355471], [-73.2191812703419, 41.1806214898152], [-73.2193048090538, 41.1808468936015], [-73.2194649139907, 41.1811043990378], [-73.2196469660424, 41.1814775985023], [-73.2196324362019, 41.1816040786292], [-73.2195527780677, 41.1817356312909], [-73.2195235391019, 41.1817746913276], [-73.2194509329258, 41.1818129000419], [-73.2191598776636, 41.1818787589296], [-73.2188988466081, 41.18188995185], [-73.2186302795232, 41.181988827644], [-73.2184409303805, 41.182180694003], [-73.2179981033521, 41.1827080906775], [-73.2177914405087, 41.1827965921912], [-73.2179398218996, 41.183097887892], [-73.2180128521101, 41.1832132034012], [-73.2183107891126, 41.1837891996918], [-73.2183618721148, 41.1838829918814], [-73.2184491367354, 41.1840200325135], [-73.2186967352218, 41.1845411725929], [-73.2190095033187, 41.1851562184195], [-73.2190971103871, 41.1853095548708], [-73.219190885151, 41.1855294212906], [-73.2193438122203, 41.185798107409], [-73.2194461731775, 41.1860124467951], [-73.2194604076582, 41.1860346877759], [-73.2197872018158, 41.186704049511], [-73.2199843129757, 41.1870222930887], [-73.2201005157013, 41.1873298934201], [-73.2201298685264, 41.1874011339573], [-73.2200863451913, 41.1887353422239], [-73.2199783313984, 41.1897233160816], [-73.2198911266699, 41.1905743192364], [-73.2198259240374, 41.1913591901974], [-73.2198185361935, 41.1914362355859], [-73.2197895806062, 41.1915461371112], [-73.2197465686406, 41.1920070606176], [-73.2196884573686, 41.1925781687472], [-73.219543674994, 41.1940441874989], [-73.2194351449248, 41.195246236084], [-73.2191825294005, 41.1976674646662], [-73.2192698685914, 41.1979695245299], [-73.2193572396877, 41.1981503069704], [-73.2194880292504, 41.1983370899111], [-73.2199534399788, 41.1987873433278], [-73.2202008173371, 41.1989847940644], [-73.2202367918733, 41.1990287299593], [-73.2205934418155, 41.1993247049885], [-73.2211025009569, 41.1998735813152], [-73.2218874654592, 41.2008561606026], [-73.2220259136079, 41.2010317551619], [-73.2228841831245, 41.2020967053159], [-73.2231459012457, 41.202420335106], [-73.2236621327443, 41.2030132563043], [-73.2241423348112, 41.2035841972595], [-73.224397011125, 41.2038747514016], [-73.2256550956962, 41.205312823179], [-73.2261571090541, 41.2059111082222], [-73.2266881618417, 41.2065036105858], [-73.2271684606537, 41.2070198179726], [-73.2271977074241, 41.2070744144251], [-73.2274156984247, 41.2072831212028], [-73.2287102125157, 41.2088692164404], [-73.2288996440726, 41.209115950517], [-73.229292254573, 41.2095937460892], [-73.229350324816, 41.2096756665363], [-73.2298525877063, 41.2102689641548], [-73.2302891295644, 41.2107570346243], [-73.2312714394063, 41.2117888039754], [-73.2315694632577, 41.2120961461718], [-73.2319258269323, 41.2124586432639], [-73.2325882194992, 41.2131663507814], [-73.2331849842857, 41.2138739852307], [-73.234610794301, 41.2155757630186], [-73.2356145410658, 41.2168432672341], [-73.2360953586024, 41.2174084940626], [-73.2369681839759, 41.2183856213112], [-73.23767381437, 41.2191480089182], [-73.2389476914667, 41.2205529325834], [-73.2399956988425, 41.2217330727159], [-73.2408033272244, 41.2227260605364], [-73.2423174586938, 41.2246086754949], [-73.2424048675729, 41.2246906338754], [-73.2431977845058, 41.2255910426645], [-73.2433506289341, 41.2257334412237], [-73.2442091367173, 41.2267197063488], [-73.2442390030181, 41.2267540164128], [-73.2441724951272, 41.2267574758632], [-73.2382762406284, 41.2270640145756], [-73.2374544315589, 41.2271251531403], [-73.2352364941049, 41.2272246322454], [-73.2334915123041, 41.2273131518258], [-73.2322990752987, 41.2273686138368], [-73.2303211230282, 41.2273855110739], [-73.2276456931697, 41.2274411332686], [-73.2273040198485, 41.2274471916163], [-73.2268160156005, 41.2274526564821], [-73.2246856151099, 41.22750250748], [-73.2191230112864, 41.2275866842121], [-73.2189049672865, 41.227597353774], [-73.2178140202212, 41.2277076558314], [-73.212418970494, 41.2284501959993], [-73.2108553298176, 41.2281979954295], [-73.209568525065, 41.2279892672813], [-73.2084486582365, 41.2277699093612], [-73.2076264961166, 41.2277536445924], [-73.207262924833, 41.2277152964306], [-73.2072268725916, 41.227726078617], [-73.2068705012191, 41.2277757039793], [-73.2059761113988, 41.2279569807444], [-73.2054237029134, 41.2281437512181], [-73.205292763082, 41.2282645168585], [-73.2050603098636, 41.228555337246], [-73.2050240420038, 41.2286323261596], [-73.2049073376451, 41.2288079286607], [-73.2047471290728, 41.2289675762708], [-73.2045950467274, 41.2290220421731], [-73.2041075276034, 41.2290661752238], [-73.2038097259572, 41.2290773052443], [-73.2031257080973, 41.2291927146109], [-73.2017662961259, 41.2295222888527], [-73.201417401219, 41.2296046301747], [-73.2013443121396, 41.2295167491033], [-73.2010603151418, 41.2285339436031], [-73.2010388784018, 41.2283911412288], [-73.1980790141684, 41.2279964020812], [-73.1971630552033, 41.2279195337684], [-73.196581476279, 41.2278317472266], [-73.1963342799654, 41.2277658156643], [-73.1963191700351, 41.2277492340719], [-73.1957960668141, 41.2275733926055], [-73.1951195048112, 41.2272499345019], [-73.1944506505316, 41.2267890500494], [-73.1942395429196, 41.2267176523004], [-73.1936941745934, 41.2266736234388], [-73.1935487660845, 41.2266403959188], [-73.1932581435956, 41.2264703305302], [-73.1928143042918, 41.2261519653171], [-73.1921602269811, 41.2257567061109], [-73.1915204675509, 41.2254600197345], [-73.1911421292315, 41.2252515231846], [-73.1908581988456, 41.2250268749314], [-73.1907497305535, 41.2248782306851], [-73.1907348193479, 41.2248233942292], [-73.1907278694035, 41.2247028334846], [-73.1907490554604, 41.2245765020915], [-73.190633268967, 41.2237477502498], [-73.1904586140707, 41.2233194128928], [-73.1903859174268, 41.2232534832957], [-73.1893896205427, 41.2221998003503], [-73.1892586316482, 41.2220788563648], [-73.1886402726491, 41.2215462106126], [-73.1882407236354, 41.2213540771416], [-73.1873394503449, 41.2210792985554], [-73.1872517248496, 41.2210739714564], [-73.1872884046481, 41.2207170424949], [-73.187288242641, 41.2205909633219], [-73.1862707526069, 41.2206018782867], [-73.1855361186254, 41.2206129102552], [-73.1853473605258, 41.2206184314629], [-73.1846201398633, 41.220651387884], [-73.1844822717285, 41.2206565443593], [-73.1837332718667, 41.2206954052341], [-73.1835223647372, 41.2207167885952], [-73.183267945566, 41.2207554897179], [-73.1831155301308, 41.2207936307416], [-73.1826644416279, 41.2209802515399], [-73.1826057123561, 41.2209967704897], [-73.1823536150127, 41.2211112789586], [-73.1802792662951, 41.2215728069651], [-73.1798357643942, 41.2216717323851], [-73.179065458186, 41.221891439894], [-73.1789922888286, 41.2219241352076], [-73.1774361675421, 41.2223244901462], [-73.1766362444739, 41.2223962585442], [-73.1758873512355, 41.2224891049408], [-73.1752111487148, 41.2225109985177], [-73.173902150064, 41.2224177398199], [-73.1735459238086, 41.2223844083193], [-73.1731976341434, 41.2223129637628], [-73.1725572015181, 41.2222803397012], [-73.1723758083127, 41.2222307512484], [-73.1721650707867, 41.2222802418121], [-73.1670890373369, 41.2246013602394], [-73.1646092792162, 41.2256550146958], [-73.158002520939, 41.228409090551], [-73.1573797343815, 41.2286394247584]]], [[[-73.1768574661224, 41.1547556664208], [-73.1765793497189, 41.1556096192118], [-73.1763369348667, 41.1561394232128], [-73.1761370958741, 41.1564308254082], [-73.1759122851225, 41.1567604374808], [-73.175574178914, 41.1571190607058], [-73.1752671854895, 41.1574156252341], [-73.1749284213013, 41.1576741876919], [-73.1745580104573, 41.1579138055894], [-73.1741683403237, 41.1581010861721], [-73.1721816348981, 41.1589613509522], [-73.1720504757869, 41.1591524281856], [-73.1719508944927, 41.1593529160986], [-73.1718391318481, 41.159620165722], [-73.1715830740456, 41.159997532449], [-73.1713382389783, 41.1601604409101], [-73.1709483963329, 41.160323882795], [-73.1703422820392, 41.1604934240205], [-73.1701465861086, 41.1605922610979], [-73.1699426436689, 41.1607945386764], [-73.1698427777175, 41.1609521441738], [-73.1696763151853, 41.1615388343346], [-73.1695836738047, 41.1618393607719], [-73.1693970021435, 41.1622260001152], [-73.1692535210636, 41.1624647680045], [-73.169128524595, 41.1626367609518], [-73.1689322014232, 41.162952578277], [-73.1687287593854, 41.1633310489759], [-73.1686417997843, 41.1636187564853], [-73.1685945949654, 41.1638646853652], [-73.1685389819294, 41.1640676432914], [-73.1684182567056, 41.1642585466419], [-73.1697393460387, 41.1644785287669], [-73.1698261482707, 41.1642494915695], [-73.1699587039676, 41.1642728281289], [-73.1698044457283, 41.164797531598], [-73.1696592494262, 41.164769476866], [-73.1697334396797, 41.1645404867348], [-73.1683416468379, 41.1643145690446], [-73.1682240429932, 41.1644005663388], [-73.1680053912879, 41.1645365356538], [-73.1676974765739, 41.1646974057649], [-73.1675510177694, 41.164679510572], [-73.167282768447, 41.1646866348193], [-73.1671748471365, 41.1647499780443], [-73.1677414556041, 41.1656008176274], [-73.1677611055632, 41.1657151036765], [-73.1676350018763, 41.1657155643188], [-73.1676472758144, 41.1656631063595], [-73.1670488024458, 41.1647599665978], [-73.16697417498, 41.1647430529743], [-73.1668462227206, 41.164632054292], [-73.1667263315884, 41.1646181974404], [-73.1665809167747, 41.1645567825978], [-73.1665710721, 41.1644396698673], [-73.1666239288442, 41.1643803261532], [-73.1665679685215, 41.1642577661964], [-73.1665522596658, 41.1640184562097], [-73.1664626238951, 41.1638043665036], [-73.1663653043782, 41.1636086357424], [-73.166299712442, 41.1635228571099], [-73.1661791632486, 41.1634573414471], [-73.1662302648957, 41.1632487394948], [-73.166201257222, 41.1630071501202], [-73.1661216011931, 41.1629029798256], [-73.1660562844041, 41.1627325414358], [-73.1658604487184, 41.1624910431727], [-73.1657146031778, 41.1622936222083], [-73.1651849685924, 41.1620294943215], [-73.164429385329, 41.1618210800231], [-73.1642401938855, 41.1617661851055], [-73.1640367502747, 41.1616118571463], [-73.1640078019579, 41.1615575836405], [-73.1637903970209, 41.1614199407375], [-73.1635871452187, 41.1613318180164], [-73.1631301644754, 41.1610114256136], [-73.1641865729025, 41.1578957872867], [-73.1649173523033, 41.1580275247395], [-73.1653171789714, 41.1581211007965], [-73.165898055431, 41.1582035572974], [-73.1667740927201, 41.158271221101], [-73.1674747181227, 41.1583973195746], [-73.1680867709557, 41.1584760832899], [-73.1692544806541, 41.1586862286049], [-73.1702766464173, 41.1588111248145], [-73.1712042442421, 41.1589363652386], [-73.1719733404115, 41.1589239977711], [-73.1742241172523, 41.1579531642666], [-73.1745820486422, 41.1577326548618], [-73.1749023371534, 41.1575408684409], [-73.1751343871704, 41.1573541771538], [-73.1754416602827, 41.1571004984552], [-73.1757546445132, 41.1567562602327], [-73.1760048298584, 41.1564503737598], [-73.1762234259242, 41.1561350792312], [-73.1764661226324, 41.1556481581323], [-73.1766516999794, 41.1551042755965], [-73.1767817202857, 41.1547416581438], [-73.1768574661224, 41.1547556664208]]], [[[-73.1634134142948, 41.1681365150467], [-73.1633800463186, 41.1682367762062], [-73.1634145325262, 41.168313133866], [-73.1634107202164, 41.1683949135879], [-73.1633291455376, 41.1684998751959], [-73.1633389009955, 41.1686731921538], [-73.1632614028047, 41.1687388885149], [-73.1632353614772, 41.168869316296], [-73.1630684020377, 41.1691385410707], [-73.1626470149631, 41.1694510561204], [-73.162406841218, 41.1698147840925], [-73.1621962347412, 41.1700510398315], [-73.1620284185799, 41.1702086422066], [-73.16186837376, 41.1702255705239], [-73.1615310824985, 41.1702791185348], [-73.161429836025, 41.1703419404157], [-73.1612589092146, 41.1703618657082], [-73.1611871148219, 41.170429722427], [-73.1610561943131, 41.1704770731639], [-73.1610695254175, 41.1705326246627], [-73.1610919315038, 41.1706535682151], [-73.1611318529649, 41.1708071446203], [-73.1611151604277, 41.170905330757], [-73.16106822312, 41.1710134347121], [-73.1609821465383, 41.1710922442875], [-73.1608619586991, 41.1712529443779], [-73.1605961226012, 41.1716562021977], [-73.1605666459294, 41.1717871412113], [-73.1604199679016, 41.1718661650974], [-73.1601580869951, 41.1722105341106], [-73.1601630121452, 41.172305368408], [-73.1600901056071, 41.1724135650812], [-73.1599871838188, 41.1725676596276], [-73.1598843222274, 41.1727315685808], [-73.1597036099878, 41.172905564765], [-73.1596872030108, 41.1730495399554], [-73.1596103721295, 41.173223164493], [-73.1592957364986, 41.1734401585865], [-73.1591201656037, 41.1735098095256], [-73.1589889316032, 41.1735262990747], [-73.1588750213938, 41.1735205620956], [-73.1590639467485, 41.1730018381468], [-73.1611889198164, 41.1667361007642], [-73.1612088374674, 41.1667332875664], [-73.1614303568397, 41.1666587366442], [-73.1616374912583, 41.1665598671361], [-73.161883659591, 41.1664739434231], [-73.1619696089157, 41.1663755104547], [-73.1619948339799, 41.1662576723979], [-73.1619723840829, 41.1661464637723], [-73.1621244520509, 41.1662212240821], [-73.1622556393619, 41.1664333559986], [-73.1624768920907, 41.1665143240583], [-73.1625727703641, 41.1666186420904], [-73.1626125556632, 41.1667493317775], [-73.1627000508873, 41.1668961982429], [-73.1628044809125, 41.166984132731], [-73.1628743338343, 41.1670787325472], [-73.162944165341, 41.167170061058], [-73.1631273381138, 41.1673885448084], [-73.1632060287539, 41.1675125475304], [-73.1632281686579, 41.167590967749], [-73.1632804179211, 41.1676398405978], [-73.1633246114743, 41.1677835917365], [-73.1633383608676, 41.1679045633606], [-73.1633346152795, 41.1679961603745], [-73.1634134142948, 41.1681365150467]]], [[[-73.163849879813, 41.1632451333113], [-73.1638112331954, 41.1632943348694], [-73.1637725948691, 41.1633435335736], [-73.1636882053799, 41.1633466493523], [-73.1635653910417, 41.1634293261195], [-73.1635251219147, 41.1635032237829], [-73.1633244084016, 41.1636431782192], [-73.1631575669312, 41.1638571680408], [-73.1631427580563, 41.1638844974788], [-73.16278164713, 41.1640568753644], [-73.162600702638, 41.1641883616882], [-73.1623763230516, 41.1642971007741], [-73.1621862409465, 41.1643533940078], [-73.1619918081295, 41.1644064277464], [-73.1619772168742, 41.1644116107589], [-73.1625441440929, 41.1627397214165], [-73.1625442253141, 41.1627397745216], [-73.1625985067066, 41.162780917286], [-73.1627580741014, 41.1628527296442], [-73.1631944090224, 41.162940052551], [-73.1634331485341, 41.163050393403], [-73.1636497555182, 41.1630823170941], [-73.1638017495212, 41.1631635387243], [-73.163849879813, 41.1632451333113]]]]}, "properties": {"FID": 17, "ID": 0, "TOWN_CODE": 41, "TOWN_NAME": "Bridgeport", "CIS_TOWN_C": 210, "SHAPE_AREA": 457533614.566, "SHAPE_LEN": 196750.254747, "GlobalID": "06945a3e-6dfb-4cd9-a804-e5888ec7fccf"}}]}